key,fare_amount
2015-01-27 13:08:24.0000002,10.507306704631501
2015-01-27 13:08:24.0000003,10.507306704631501
2011-10-08 11:53:44.0000002,5.052405264689283
2012-12-01 21:12:12.0000002,8.466582369539033
2012-12-01 21:12:12.0000003,14.344328796296654
2012-12-01 21:12:12.0000005,9.693674655176947
2011-10-06 12:10:20.0000001,5.534579359485187
2011-10-06 12:10:20.0000003,47.50633727040975
2011-10-06 12:10:20.0000002,11.498768521602972
2014-02-18 15:22:20.0000002,6.211662381518246
2014-02-18 15:22:20.0000003,10.507306704631501
2014-02-18 15:22:20.0000001,16.99173145678536
2010-03-29 20:20:32.0000002,5.052405264689283
2010-03-29 20:20:32.0000001,6.9372231882969775
2011-10-06 03:59:12.0000002,8.113225239754131
2011-10-06 03:59:12.0000001,12.24764815039532
2012-07-15 16:45:04.0000006,5.052405264689283
2012-07-15 16:45:04.0000002,8.918621364117755
2012-07-15 16:45:04.0000003,5.0622216014544446
2012-07-15 16:45:04.0000004,5.052405264689283
2014-10-29 02:09:56.0000001,8.084825206416737
2014-06-14 13:39:00.00000010,8.694963128019218
2014-06-14 13:39:00.00000060,7.478463748155743
2014-06-14 13:39:00.00000087,9.32799362013829
2014-06-14 13:39:00.00000050,19.03263453851582
2014-06-14 13:39:00.0000003,6.549757274926395
2014-06-14 13:39:00.000000158,39.756004899397716
2014-06-14 13:39:00.00000015,23.962328464487456
2014-06-14 13:39:00.00000073,5.866390355002339
2014-06-14 13:39:00.00000077,15.7597046792633
2014-06-14 13:39:00.000000145,10.796172995096752
2014-06-14 13:39:00.00000079,6.810670814204915
2014-06-14 13:39:00.000000121,5.561963418235598
2014-06-14 13:39:00.00000021,11.569706632755118
2014-06-14 13:39:00.0000005,9.500313099326267
2014-06-14 13:39:00.000000165,8.156489745620922
2014-06-14 13:39:00.000000184,6.453457826282479
2014-06-14 13:39:00.00000059,6.426262996657282
2014-06-14 13:39:00.00000070,8.173080772483608
2014-06-14 13:39:00.00000068,4.748583128326871
2014-06-14 13:39:00.000000133,19.83627249285489
2014-06-14 13:39:00.000000128,11.102668863758074
2014-06-14 13:39:00.000000136,19.375305532391806
2014-06-14 13:39:00.00000017,10.437876932107665
2014-06-14 13:39:00.000000111,5.0983787651022565
2014-06-14 13:39:00.000000115,12.223934976645994
2014-06-14 13:39:00.000000168,5.28489283099795
2014-06-14 13:39:00.00000031,6.847381624484047
2014-06-14 13:39:00.000000116,6.426262996657282
2014-06-14 13:39:00.00000051,5.0983787651022565
2014-06-14 13:39:00.000000193,12.449646789107573
2014-06-14 13:39:00.000000132,12.918833235566234
2014-06-14 13:39:00.000000167,20.34227372683699
2014-06-14 13:39:00.00000044,6.211662381518246
2014-06-14 13:39:00.000000138,7.478463748155743
2014-06-14 13:39:00.00000066,15.874269046355659
2014-06-14 13:39:00.00000063,12.898643084206329
2014-06-14 13:39:00.000000154,10.437876932107665
2014-06-14 13:39:00.00000097,13.262986224351138
2014-06-14 13:39:00.00000067,13.373066956652021
2014-06-14 13:39:00.000000179,7.478463748155743
2014-06-14 13:39:00.00000092,11.436138715591433
2014-06-14 13:39:00.00000029,5.108195101867418
2014-06-14 13:39:00.000000177,5.166124030113051
2014-06-14 13:39:00.000000192,7.888734974796551
2014-06-14 13:39:00.000000181,7.161097005974215
2014-06-14 13:39:00.000000120,11.608459860146338
2014-06-14 13:39:00.0000008,5.778453656931436
2014-06-14 13:39:00.000000103,5.0983787651022565
2014-06-14 13:39:00.00000049,18.656222825332893
2014-06-14 13:39:00.000000108,7.393280157509258
2014-06-14 13:39:00.00000072,5.0983787651022565
2014-06-14 13:39:00.000000182,11.937573323076345
2014-06-14 13:39:00.00000061,7.478463748155743
2014-06-14 13:39:00.00000093,10.437876932107665
2014-06-14 13:39:00.000000170,11.971272718846755
2014-06-14 13:39:00.000000147,46.28932112885651
2014-06-14 13:39:00.000000140,5.0983787651022565
2014-06-14 13:39:00.000000159,4.748583128326871
2014-06-14 13:39:00.00000012,4.777907233777605
2014-06-14 13:39:00.00000025,6.426262996657282
2014-06-14 13:39:00.000000156,5.561963418235598
2014-06-14 13:39:00.000000152,7.874034520581384
2014-06-14 13:39:00.000000129,10.437876932107665
2014-06-14 13:39:00.000000119,19.25991594518872
2014-06-14 13:39:00.000000118,6.438547672767459
2014-06-14 13:39:00.00000076,5.0983787651022565
2014-06-14 13:39:00.000000135,7.478463748155743
2014-06-14 13:39:00.00000023,17.830417586681495
2014-06-14 13:39:00.00000082,10.79189853976082
2014-06-14 13:39:00.000000125,11.608459860146338
2014-06-14 13:39:00.00000075,9.517322461775018
2014-06-14 13:39:00.000000124,7.393280157509258
2014-06-14 13:39:00.000000172,7.363677869114112
2014-06-14 13:39:00.00000024,14.606365787457092
2014-06-14 13:39:00.000000169,15.122305580840823
2014-06-14 13:39:00.00000052,12.208910566672314
2014-06-14 13:39:00.000000161,13.645665458183002
2014-06-14 13:39:00.00000038,7.478463748155743
2014-06-14 13:39:00.00000035,11.608459860146338
2014-06-14 13:39:00.00000053,11.608459860146338
2014-06-14 13:39:00.000000183,7.407463855274759
2014-06-14 13:39:00.000000131,55.82312833959339
2014-06-14 13:39:00.000000180,7.429640877661175
2014-06-14 13:39:00.000000130,10.209773998307114
2014-06-14 13:39:00.00000032,4.748583128326871
2014-06-14 13:39:00.000000148,11.382315060470928
2014-06-14 13:39:00.0000007,10.437876932107665
2014-06-14 13:39:00.00000095,12.223934976645994
2014-06-14 13:39:00.000000144,37.77138769390573
2014-06-14 13:39:00.000000141,31.77916364664753
2014-06-14 13:39:00.000000162,19.415813519273332
2014-06-14 13:39:00.00000018,11.608459860146338
2014-06-14 13:39:00.00000054,10.437876932107665
2014-06-14 13:39:00.00000040,6.644706116257915
2014-06-14 13:39:00.00000096,7.8055629820108114
2014-06-14 13:39:00.00000055,27.323881086382826
2014-06-14 13:39:00.000000109,10.845723003399428
2014-06-14 13:39:00.000000151,7.478463748155743
2014-06-14 13:39:00.00000016,11.272252062214012
2014-06-14 13:39:00.00000062,10.649322497561066
2014-06-14 13:39:00.000000191,9.45530523225937
2014-06-14 13:39:00.00000034,8.515568534201755
2014-06-14 13:39:00.000000160,6.549757274926395
2014-06-14 13:39:00.00000013,7.331526126051492
2014-06-14 13:39:00.000000188,5.0983787651022565
2014-06-14 13:39:00.00000086,8.241678775702121
2014-06-14 13:39:00.000000185,12.223934976645994
2014-06-14 13:39:00.00000074,8.33339837794112
2014-06-14 13:39:00.00000022,18.886919217865497
2014-06-14 13:39:00.00000036,5.5307856357743415
2014-06-14 13:39:00.000000126,4.748583128326871
2014-06-14 13:39:00.000000190,6.89749477681333
2014-06-14 13:39:00.00000042,7.478463748155743
2014-06-14 13:39:00.000000178,7.478463748155743
2014-06-14 13:39:00.000000163,5.0983787651022565
2014-06-14 13:39:00.00000020,12.910926164795585
2014-06-14 13:39:00.00000098,6.452258437130418
2014-06-14 13:39:00.000000114,20.999734229929715
2014-06-14 13:39:00.00000045,9.390630397079619
2014-06-14 13:39:00.00000094,4.945729809781546
2014-06-14 13:39:00.000000146,10.295131997092705
2014-06-14 13:39:00.00000033,9.483931303601018
2014-06-14 13:39:00.000000143,5.166124030113051
2014-06-14 13:39:00.000000107,6.549757274926395
2014-06-14 13:39:00.00000048,10.437876932107665
2014-06-14 13:39:00.00000043,11.608459860146338
2014-06-14 13:39:00.000000123,10.437876932107665
2014-06-14 13:39:00.000000134,8.453305751643919
2014-06-14 13:39:00.000000142,6.549757274926395
2014-06-14 13:39:00.000000122,12.082642105745663
2014-06-14 13:39:00.000000176,10.325654086281832
2011-12-12 09:42:12.0000004,6.3175246399856215
2011-12-12 09:42:12.0000002,4.8748315200960795
2011-12-12 09:42:12.0000001,11.546936289641344
2011-12-12 09:42:12.0000003,7.780171416897765
2011-12-12 09:42:12.0000005,7.780171416897765
2013-06-27 00:20:40.0000001,20.144984039371895
2013-06-27 00:20:40.0000003,11.26993476481445
2009-02-20 13:34:16.0000001,8.774843032604416
2009-02-20 13:34:16.0000002,12.611312854417184
2009-02-20 13:34:16.0000003,6.147581444938904
2010-08-22 21:14:08.0000001,30.191265807402033
2010-08-22 21:14:08.0000005,16.19356315832425
2010-08-22 21:14:08.0000003,5.052405264689283
2010-08-22 21:14:08.0000002,8.66038190995575
2012-08-06 08:58:08.0000002,5.052405264689283
2012-08-06 08:58:08.0000001,16.969483957055935
2013-11-04 08:34:12.0000003,5.535794819320968
2013-11-04 08:34:12.0000001,10.866745952001823
2013-11-04 08:34:12.0000002,10.507306704631501
2011-06-24 20:34:48.0000002,8.212617916446916
2011-06-24 20:34:48.0000001,18.661340194881912
2011-03-28 20:38:36.0000003,6.900968929530218
2011-03-28 20:38:36.0000004,4.865015183330918
2011-03-28 20:38:36.0000002,8.644111584134583
2011-08-14 20:36:28.0000004,6.747114574520297
2011-08-14 20:36:28.0000001,7.639311597175585
2011-08-14 20:36:28.0000003,20.458375904900144
2011-08-14 20:36:28.0000002,7.392586965307942
2015-02-21 15:52:44.0000004,19.25991594518872
2015-02-21 15:52:44.0000003,9.517322461775018
2015-02-21 15:52:44.0000002,17.39980919473582
2015-02-21 15:52:44.0000001,9.621453433428515
2013-01-29 11:29:52.0000001,10.507306704631501
2014-09-12 19:03:48.0000001,9.513169873256738
2013-11-09 18:52:40.0000004,8.33339837794112
2013-11-09 18:52:40.0000002,12.86024755257704
2013-04-25 16:10:04.0000001,55.782199514752556
2013-04-25 16:10:04.0000002,7.478463748155743
2013-09-07 14:37:52.0000001,8.415293181766133
2013-09-07 14:37:52.0000002,9.517322461775018
2013-09-07 14:37:52.0000003,6.2577631985640245
2011-05-21 13:16:20.0000004,5.664010116314249
2011-05-21 13:16:20.0000001,6.147581444938904
2011-05-21 13:16:20.0000003,9.272722395675965
2011-11-25 16:36:24.0000002,6.440126312515837
2011-11-25 16:36:24.0000001,11.498768521602972
2015-01-31 20:54:04.0000001,6.343190969243433
2010-11-01 23:31:28.0000002,7.804472200659226
2010-11-01 23:31:28.0000001,9.334392097317888
2010-11-01 23:31:28.0000003,10.263170427828939
2011-03-24 15:57:04.0000003,5.052405264689283
2011-03-24 15:57:04.0000001,6.630176455347916
2010-05-10 10:37:04.0000005,6.095141329933703
2010-05-10 10:37:04.0000002,5.083672507298521
2010-05-10 10:37:04.0000003,8.691469727928387
2010-05-10 10:37:04.0000006,9.491052028324017
2012-06-09 16:53:44.0000002,7.262098125908195
2012-08-22 22:39:20.0000003,18.00656547588932
2012-08-22 22:39:20.0000001,5.61661890987345
2012-12-23 02:29:16.0000001,12.395789769077647
2012-06-30 15:55:12.0000004,11.533097662969892
2012-06-30 15:55:12.0000002,6.9673921303803334
2012-06-30 15:55:12.0000003,11.533097662969892
2012-06-30 15:55:12.0000001,6.490491553960885
2011-10-02 23:36:00.00000056,13.048017034990748
2011-10-02 23:36:00.00000086,15.278140711720992
2011-10-02 23:36:00.00000081,14.957194853761708
2011-10-02 23:36:00.0000009,4.865015183330918
2011-10-02 23:36:00.00000041,12.575843345892835
2011-10-02 23:36:00.00000091,5.052405264689283
2011-10-02 23:36:00.0000008,12.735338324928074
2011-10-02 23:36:00.00000015,26.808655961584194
2011-10-02 23:36:00.00000014,10.339769094425327
2011-10-02 23:36:00.00000047,7.131065587496472
2011-10-02 23:36:00.00000076,7.131065587496472
2011-10-02 23:36:00.00000011,8.409203980983817
2011-10-02 23:36:00.00000075,6.372355519103035
2011-10-02 23:36:00.00000035,7.100896645413116
2011-10-02 23:36:00.00000099,6.060341094164515
2011-10-02 23:36:00.00000062,9.320165644677665
2011-10-02 23:36:00.00000085,8.369359321161182
2011-10-02 23:36:00.00000043,19.485461270815325
2011-10-02 23:36:00.00000071,10.468249298750585
2011-10-02 23:36:00.00000023,6.798375241894321
2011-10-02 23:36:00.00000092,5.704131739685734
2011-10-02 23:36:00.00000037,9.349033167177259
2011-10-02 23:36:00.00000083,11.453479263241727
2011-10-02 23:36:00.00000054,12.501535947731929
2011-10-02 23:36:00.00000073,10.446079768090136
2011-10-02 23:36:00.0000005,7.780171416897765
2011-10-02 23:36:00.00000095,5.570128176444648
2011-10-02 23:36:00.00000088,6.798375241894321
2011-10-02 23:36:00.00000030,8.740161835901546
2011-10-02 23:36:00.0000007,14.171500840933179
2011-10-02 23:36:00.00000013,10.285724174870413
2011-10-02 23:36:00.00000065,25.463812102038023
2011-10-02 23:36:00.00000089,47.50633727040975
2011-10-02 23:36:00.00000096,8.58664306404216
2011-10-02 23:36:00.00000039,8.757935969472708
2011-10-02 23:36:00.00000038,27.014326228243913
2011-10-02 23:36:00.00000067,18.37889025315494
2011-10-02 23:36:00.00000077,9.789833434108353
2011-10-02 23:36:00.00000020,17.92415764647365
2011-10-02 23:36:00.00000063,16.34770096378393
2011-10-02 23:36:00.00000012,8.58509479472715
2011-10-02 23:36:00.00000058,16.039699438033704
2011-10-02 23:36:00.00000026,9.548588404165024
2011-10-02 23:36:00.00000074,20.73400676092475
2011-10-02 23:36:00.00000059,10.224821911868471
2011-10-02 23:36:00.00000090,14.758211313408488
2011-10-02 23:36:00.0000004,34.19813377914345
2011-10-02 23:36:00.0000003,14.908827411100022
2011-10-02 23:36:00.00000021,17.68237765437871
2011-10-02 23:36:00.00000097,7.780171416897765
2011-10-02 23:36:00.00000036,16.114121183385937
2011-10-02 23:36:00.00000024,20.77047479972901
2011-10-02 23:36:00.00000082,47.50633727040975
2011-10-02 23:36:00.000000100,9.29468946724505
2011-10-02 23:36:00.00000040,5.052405264689283
2011-10-02 23:36:00.00000022,4.865015183330918
2013-03-21 12:47:28.0000006,12.924555010477018
2013-03-21 12:47:28.0000008,10.246120316515103
2013-03-21 12:47:28.0000003,13.941653476191682
2013-03-21 12:47:28.0000005,6.5243978633187325
2013-03-21 12:47:28.0000002,7.478463748155743
2013-06-07 03:02:56.0000002,18.703959611912193
2013-06-07 03:02:56.0000001,8.084825206416737
2010-09-05 22:31:32.0000002,26.14549881669028
2013-07-12 23:33:24.0000001,9.736290272724238
2009-12-03 02:32:08.0000001,20.79591378519739
2009-10-15 03:50:36.0000001,6.394531220748633
2011-09-25 22:36:32.0000002,21.538461382399706
2011-09-25 22:36:32.0000001,10.379052406124995
2015-06-08 20:02:56.0000001,10.026592032283338
2014-07-16 08:03:32.0000002,11.970699437826282
2014-07-16 08:03:32.0000001,14.049979780469704
2011-12-15 13:14:32.0000002,8.560576746415467
2011-12-15 13:14:32.0000001,5.610597660417491
2011-10-11 22:13:48.0000002,14.229990063089417
2011-10-11 22:13:48.0000005,9.002433238652156
2011-10-11 22:13:48.0000003,7.894836879600656
2013-09-14 16:53:20.0000001,9.976324037595637
2013-09-14 16:53:20.0000002,11.557689169075955
2014-02-06 09:09:56.0000004,5.703186893274177
2014-02-06 09:09:56.0000003,5.561963418235598
2014-02-06 09:09:56.0000001,5.108195101867418
2009-06-10 16:55:00.00000081,28.21147860708264
2009-06-10 16:55:00.00000029,5.0622216014544446
2009-06-10 16:55:00.000000109,8.186031380222003
2009-06-10 16:55:00.00000098,47.32745299154119
2009-06-10 16:55:00.00000054,10.903351383378121
2009-06-10 16:55:00.00000021,28.786653937518658
2009-06-10 16:55:00.00000012,7.0378277520990755
2009-06-10 16:55:00.00000033,5.475756538933939
2009-06-10 16:55:00.00000024,9.30796871172738
2009-06-10 16:55:00.00000099,9.814641545666374
2009-06-10 16:55:00.0000009,6.900968929530218
2009-06-10 16:55:00.000000158,5.301636225608965
2009-06-10 16:55:00.000000141,5.052405264689283
2009-06-10 16:55:00.00000093,6.9673921303803334
2009-06-10 16:55:00.000000161,9.814641545666374
2009-06-10 16:55:00.00000088,5.240847202855317
2009-06-10 16:55:00.0000003,7.665292746963088
2009-06-10 16:55:00.00000018,5.356915977237321
2009-06-10 16:55:00.00000047,6.837255738219469
2009-06-10 16:55:00.000000154,9.648847098973757
2009-06-10 16:55:00.000000131,9.131522037147475
2009-06-10 16:55:00.00000046,11.552019952038192
2009-06-10 16:55:00.0000004,6.107354010483727
2009-06-10 16:55:00.000000107,6.889994505335438
2009-06-10 16:55:00.000000114,6.898597328345719
2009-06-10 16:55:00.000000117,8.122467204423423
2009-06-10 16:55:00.000000162,9.814641545666374
2009-06-10 16:55:00.00000049,11.270617842518472
2009-06-10 16:55:00.00000069,8.115424005931807
2009-06-10 16:55:00.000000111,7.639311597175585
2009-06-10 16:55:00.00000083,4.73098230235812
2009-06-10 16:55:00.000000166,56.04708187433775
2009-06-10 16:55:00.000000135,9.396171083545866
2009-06-10 16:55:00.00000044,30.227971144293768
2009-06-10 16:55:00.00000085,6.907405650787798
2009-06-10 16:55:00.000000115,5.508278378502442
2009-06-10 16:55:00.000000108,5.708533338401249
2009-06-10 16:55:00.00000034,5.708533338401249
2009-06-10 16:55:00.00000060,14.191640462571147
2009-06-10 16:55:00.000000120,5.617830357495124
2009-06-10 16:55:00.000000174,30.714143886867273
2009-06-10 16:55:00.0000007,6.837255738219469
2009-06-10 16:55:00.000000159,8.379622947092594
2009-06-10 16:55:00.000000171,23.390738637008866
2009-06-10 16:55:00.000000145,10.861428955482898
2009-06-10 16:55:00.00000074,7.639311597175585
2009-06-10 16:55:00.000000138,11.17367611844352
2009-06-10 16:55:00.00000048,5.508278378502442
2009-06-10 16:55:00.000000101,5.402391072598632
2009-06-10 16:55:00.000000153,4.898913667468032
2009-06-10 16:55:00.0000002,7.262665454304019
2009-06-10 16:55:00.00000037,8.379622947092594
2009-06-10 16:55:00.000000151,9.30583896927314
2009-06-10 16:55:00.000000127,26.49561133261173
2009-06-10 16:55:00.000000144,37.29852920830268
2009-06-10 16:55:00.000000165,12.454583162208351
2009-06-10 16:55:00.0000008,5.0622216014544446
2009-06-10 16:55:00.000000122,7.653321396166879
2009-06-10 16:55:00.00000055,27.706951866900877
2009-06-10 16:55:00.00000079,4.752433208202197
2009-06-10 16:55:00.00000016,15.918720496528115
2009-06-10 16:55:00.000000160,17.77316829875796
2009-06-10 16:55:00.000000139,5.052405264689283
2009-06-10 16:55:00.00000075,5.508278378502442
2009-06-10 16:55:00.00000017,6.900968929530218
2009-06-10 16:55:00.00000070,5.508278378502442
2009-06-10 16:55:00.000000118,11.055018597149132
2009-06-10 16:55:00.00000066,11.012269913953745
2009-06-10 16:55:00.000000164,5.653321434866992
2009-06-10 16:55:00.000000100,9.922180631614214
2009-06-10 16:55:00.00000082,8.115424005931807
2009-06-10 16:55:00.00000090,12.354907237303399
2009-06-10 16:55:00.000000125,11.472017206412048
2009-06-10 16:55:00.000000149,6.8414958610404755
2009-06-10 16:55:00.00000068,11.472017206412048
2009-06-10 16:55:00.00000039,5.481792051774074
2009-06-10 16:55:00.000000124,4.826116886656086
2009-06-10 16:55:00.00000053,5.263913244105403
2009-06-10 16:55:00.00000045,7.639311597175585
2009-06-10 16:55:00.000000102,5.856890706581228
2009-06-10 16:55:00.000000140,6.3545479518800425
2009-06-10 16:55:00.000000148,6.9673921303803334
2009-06-10 16:55:00.000000147,5.508278378502442
2009-06-10 16:55:00.00000097,6.9673921303803334
2009-06-10 16:55:00.00000094,6.9673921303803334
2009-06-10 16:55:00.00000078,8.251963580972246
2009-06-10 16:55:00.00000035,6.095141329933703
2009-06-10 16:55:00.00000072,7.161963383972586
2009-06-10 16:55:00.00000031,5.476426229883409
2009-06-10 16:55:00.00000056,6.9372231882969775
2009-06-10 16:55:00.000000128,17.63574105228679
2009-06-10 16:55:00.00000057,6.147581444938904
2009-06-10 16:55:00.00000030,7.619098452790082
2009-06-10 16:55:00.00000043,10.624827451868573
2009-06-10 16:55:00.000000146,7.9561903414580275
2009-06-10 16:55:00.00000010,7.275147740524574
2009-06-10 16:55:00.00000067,10.437269934384966
2009-06-10 16:55:00.000000119,5.508278378502442
2009-06-10 16:55:00.00000076,15.574129876973391
2009-06-10 16:55:00.00000025,6.9673921303803334
2009-06-10 16:55:00.00000071,17.604133676151843
2009-06-10 16:55:00.000000143,8.379622947092594
2013-06-26 11:19:36.0000002,4.748583128326871
2014-09-05 10:02:48.0000004,5.0983787651022565
2014-09-05 10:02:48.0000002,8.314313145947938
2014-09-05 10:02:48.0000001,37.348841667773165
2014-09-05 10:02:48.0000003,9.008350784346327
2012-09-19 12:31:40.0000001,8.564366589514055
2012-09-19 12:31:40.0000002,6.05414787862544
2009-03-22 04:31:40.0000002,19.009259195282322
2009-08-27 02:31:44.0000001,20.0944429616221
2009-05-02 20:11:32.0000001,10.296954113138181
2009-05-02 20:11:32.0000004,8.644111584134583
2011-02-20 02:31:16.0000002,7.5928557016929075
2011-02-20 02:31:16.0000001,20.48827507417452
2011-06-24 12:03:00.00000010,5.508278378502442
2011-06-24 12:03:00.00000067,11.948075256392649
2011-06-24 12:03:00.00000071,11.472017206412048
2011-06-24 12:03:00.000000100,6.095141329933703
2011-06-24 12:03:00.000000145,9.024211348797664
2011-06-24 12:03:00.000000152,8.335931076449528
2011-06-24 12:03:00.00000026,12.539335675627017
2011-06-24 12:03:00.000000199,5.052405264689283
2011-06-24 12:03:00.000000195,5.457766026578058
2011-06-24 12:03:00.000000119,5.508278378502442
2011-06-24 12:03:00.00000086,9.131522037147475
2011-06-24 12:03:00.00000012,6.580688548465469
2011-06-24 12:03:00.00000097,17.01238342065595
2011-06-24 12:03:00.00000058,5.052405264689283
2011-06-24 12:03:00.000000176,5.013506968014451
2011-06-24 12:03:00.000000139,4.7016581969073865
2011-06-24 12:03:00.00000048,6.9673921303803334
2011-06-24 12:03:00.000000159,6.764542858839801
2011-06-24 12:03:00.00000079,6.147581444938904
2011-06-24 12:03:00.000000138,6.938971597115986
2011-06-24 12:03:00.000000135,11.029919631200826
2011-06-24 12:03:00.000000173,8.998154307991415
2011-06-24 12:03:00.000000162,11.423849438373674
2011-06-24 12:03:00.00000018,9.357196752041796
2011-06-24 12:03:00.000000136,5.740523216393541
2011-06-24 12:03:00.000000185,7.3263138699004715
2011-06-24 12:03:00.00000069,5.7355864757198765
2011-06-24 12:03:00.000000105,6.9372231882969775
2011-06-24 12:03:00.000000180,6.034867841525893
2011-06-24 12:03:00.00000053,9.386627486449182
2011-06-24 12:03:00.000000142,6.9372231882969775
2011-06-24 12:03:00.000000188,9.675454476369675
2011-06-24 12:03:00.00000089,4.7016581969073865
2011-06-24 12:03:00.000000109,6.848719327086415
2011-06-24 12:03:00.00000074,6.4476166029094575
2011-06-24 12:03:00.000000113,9.814641545666374
2011-06-24 12:03:00.00000044,5.476796510884993
2011-06-24 12:03:00.000000183,5.481792051774074
2011-06-24 12:03:00.00000047,9.131522037147475
2011-06-24 12:03:00.0000006,8.906873826800705
2011-06-24 12:03:00.0000005,8.251963580972246
2011-06-24 12:03:00.000000200,9.30583896927314
2011-06-24 12:03:00.000000127,8.335931076449528
2011-06-24 12:03:00.000000120,10.845388810176441
2011-06-24 12:03:00.000000133,5.481792051774074
2011-06-24 12:03:00.00000073,6.064350128231097
2011-06-24 12:03:00.000000101,5.052405264689283
2011-06-24 12:03:00.000000187,9.814641545666374
2011-06-24 12:03:00.000000122,8.379622947092594
2011-06-24 12:03:00.000000175,6.274620463614439
2011-06-24 12:03:00.000000154,10.861428955482898
2011-06-24 12:03:00.000000197,8.335931076449528
2011-06-24 12:03:00.00000017,8.335931076449528
2011-06-24 12:03:00.000000186,9.786255087527275
2011-06-24 12:03:00.00000020,8.682376355756904
2011-06-24 12:03:00.00000035,10.861428955482898
2011-06-24 12:03:00.000000193,8.335931076449528
2011-06-24 12:03:00.000000201,6.9673921303803334
2011-06-24 12:03:00.00000054,25.259809489575737
2011-06-24 12:03:00.00000075,6.9673921303803334
2011-06-24 12:03:00.000000114,8.251963580972246
2011-06-24 12:03:00.00000062,25.92790708698253
2011-06-24 12:03:00.00000055,27.1788435828479
2011-06-24 12:03:00.00000025,6.095141329933703
2011-06-24 12:03:00.00000022,5.653321434866992
2011-06-24 12:03:00.000000144,12.786054209944577
2011-06-24 12:03:00.000000177,5.508278378502442
2011-06-24 12:03:00.000000124,6.064350128231097
2011-06-24 12:03:00.00000094,4.865015183330918
2011-06-24 12:03:00.00000041,6.147581444938904
2011-06-24 12:03:00.000000141,6.107354010483727
2011-06-24 12:03:00.00000092,7.665292746963088
2011-06-24 12:03:00.000000189,17.77316829875796
2011-06-24 12:03:00.000000171,11.270617842518472
2011-06-24 12:03:00.000000157,6.147581444938904
2011-06-24 12:03:00.000000179,7.653321396166879
2011-06-24 12:03:00.000000107,10.958941751218438
2011-06-24 12:03:00.00000095,15.834613712875266
2011-06-24 12:03:00.00000076,12.144286838679639
2011-06-24 12:03:00.000000156,7.18007912555071
2011-06-24 12:03:00.000000111,30.09065678979844
2011-06-24 12:03:00.000000116,7.741690694100896
2011-06-24 12:03:00.00000033,10.169969065732182
2011-06-24 12:03:00.00000082,5.052405264689283
2011-06-24 12:03:00.00000078,5.708533338401249
2011-06-24 12:03:00.00000051,8.998154307991415
2011-06-24 12:03:00.000000143,10.861428955482898
2011-06-24 12:03:00.000000126,12.611312854417184
2011-06-24 12:03:00.00000088,9.30583896927314
2011-06-24 12:03:00.000000191,17.604133676151843
2011-06-24 12:03:00.00000063,12.631438331380172
2011-06-24 12:03:00.00000045,13.8943230639285
2011-06-24 12:03:00.00000060,6.9372231882969775
2011-06-24 12:03:00.00000040,30.58839599162293
2011-06-24 12:03:00.00000057,8.402846814304473
2011-06-24 12:03:00.00000013,5.240847202855317
2011-06-24 12:03:00.00000068,30.358729062497776
2011-06-24 12:03:00.000000165,4.7016581969073865
2011-06-24 12:03:00.00000056,5.240847202855317
2011-06-24 12:03:00.000000150,7.557601463941545
2011-06-24 12:03:00.00000052,5.0622216014544446
2011-06-24 12:03:00.00000085,47.36574927075931
2011-06-24 12:03:00.000000190,6.854830787781193
2011-06-24 12:03:00.00000072,6.816446964520677
2011-06-24 12:03:00.000000137,5.0622216014544446
2011-06-24 12:03:00.000000102,6.107354010483727
2011-06-24 12:03:00.000000106,7.0378277520990755
2011-06-24 12:03:00.000000118,5.052405264689283
2011-06-24 12:03:00.00000046,12.557530310640331
2011-06-24 12:03:00.000000110,11.423849438373674
2011-06-24 12:03:00.000000181,5.464130072765154
2011-06-24 12:03:00.000000194,5.5044118126284864
2011-06-24 12:03:00.00000061,11.439737698032543
2011-06-24 12:03:00.0000001,8.94897374967094
2011-06-24 12:03:00.00000087,9.279148214241383
2011-06-24 12:03:00.00000066,5.481792051774074
2011-06-24 12:03:00.000000146,6.592947027234311
2011-06-24 12:03:00.000000149,47.36574927075931
2011-06-24 12:03:00.00000038,9.947429330343255
2011-06-24 12:03:00.000000196,6.9673921303803334
2011-06-24 12:03:00.00000093,6.9673921303803334
2011-06-24 12:03:00.000000170,5.508278378502442
2011-06-24 12:03:00.000000168,8.427426257312133
2011-06-24 12:03:00.0000002,12.498706106317933
2011-06-24 12:03:00.00000042,12.611312854417184
2014-06-15 07:06:00.0000006,5.0983787651022565
2014-06-15 07:06:00.00000037,8.630501092665677
2014-06-15 07:06:00.00000025,6.960248243880635
2014-06-15 07:06:00.0000008,10.24686448347628
2014-06-15 07:06:00.00000036,41.993840081165146
2014-06-15 07:06:00.00000042,22.702359808280193
2014-06-15 07:06:00.00000033,5.0983787651022565
2014-06-15 07:06:00.00000013,10.480494442321975
2014-06-15 07:06:00.00000035,55.86209146560775
2014-06-15 07:06:00.00000030,10.317347803387882
2014-06-15 07:06:00.00000024,8.084825206416737
2014-06-15 07:06:00.00000031,10.301478304541419
2014-06-15 07:06:00.0000009,15.406921886635407
2014-06-15 07:06:00.00000039,55.86209146560775
2014-06-15 07:06:00.00000010,5.141139159020841
2014-06-15 07:06:00.00000019,15.812018966571772
2014-06-15 07:06:00.00000041,7.753544352200476
2014-06-15 07:06:00.00000028,17.229348689014458
2014-06-15 07:06:00.00000014,55.29525457823184
2014-06-15 07:06:00.0000003,14.240971539045258
2014-06-15 07:06:00.00000017,55.82312833959339
2014-06-15 07:06:00.00000015,17.893279602033278
2014-06-15 07:06:00.00000026,6.384613495773382
2014-06-15 07:06:00.0000002,14.21420856491433
2014-06-15 07:06:00.00000040,5.554317006311977
2014-06-15 07:06:00.00000016,6.384613495773382
2014-06-06 16:22:20.0000003,5.0983787651022565
2014-06-06 16:22:20.0000002,7.904935974680496
2015-05-30 21:29:04.0000004,12.848957446649486
2015-05-30 21:29:04.0000007,17.04090069497629
2015-05-30 21:29:04.0000003,11.124596722449962
2015-05-30 21:29:04.0000001,8.156489745620922
2009-10-26 12:01:36.0000001,9.943534342057296
2009-10-26 12:01:36.0000002,7.780171416897765
2009-10-26 12:01:36.0000005,6.394531220748633
2009-10-26 12:01:36.0000003,6.835629254710902
2013-02-02 15:45:08.0000003,8.285711914933819
2013-02-02 15:45:08.0000001,10.422405260511756
2013-02-02 15:45:08.0000002,10.344789382851559
2015-04-15 06:47:04.0000001,9.116762973109864
2015-04-15 06:47:04.0000002,11.524450162402886
2010-12-14 23:27:36.0000001,6.394531220748633
2009-03-05 11:03:04.0000002,5.052405264689283
2009-03-05 11:03:04.0000001,12.557530310640331
2013-07-18 12:23:40.0000003,4.777907233777605
2013-07-18 12:23:40.0000002,5.0983787651022565
2013-07-18 12:23:40.0000001,7.8055629820108114
2014-04-14 13:48:32.0000004,9.915673296840401
2014-04-14 13:48:32.0000003,5.0983787651022565
2014-08-18 05:33:08.0000001,8.945746706320776
2012-01-28 03:14:28.0000001,28.8834580937235
2009-09-14 02:19:00.00000014,10.65163455236433
2009-09-14 02:19:00.00000035,9.697297174234782
2009-09-14 02:19:00.00000040,7.757017272548629
2009-09-14 02:19:00.00000031,5.083672507298521
2009-09-14 02:19:00.0000003,5.052405264689283
2009-09-14 02:19:00.00000025,8.717680782640171
2009-09-14 02:19:00.0000008,7.814975410320049
2009-09-14 02:19:00.00000024,11.199361197475417
2009-09-14 02:19:00.00000021,8.631923903661646
2009-09-14 02:19:00.00000036,10.176052719032525
2009-09-14 02:19:00.0000009,50.01108917848169
2009-09-14 02:19:00.0000001,8.717680782640171
2009-09-14 02:19:00.00000018,5.0622216014544446
2009-09-14 02:19:00.00000039,7.302927623252295
2009-09-14 02:19:00.0000002,14.277311282644138
2009-09-14 02:19:00.00000038,9.68326869284589
2009-09-14 02:19:00.00000020,18.012652015787676
2009-09-14 02:19:00.00000028,7.518972088369593
2009-09-14 02:19:00.00000026,20.33534665344899
2009-09-14 02:19:00.00000017,8.066474523413747
2009-09-14 02:19:00.00000030,7.917532021692195
2009-09-14 02:19:00.00000016,6.333742035663106
2009-09-14 02:19:00.0000006,7.804952270936398
2009-09-14 02:19:00.0000007,8.764047980988813
2011-08-14 14:17:28.0000003,8.270809205198823
2011-08-14 14:17:28.0000001,5.519273865238373
2011-08-14 14:17:28.0000004,6.580688548465469
2011-08-14 14:17:28.0000002,5.937684540059894
2011-08-14 14:17:28.0000005,13.505485364925844
2014-03-17 16:07:56.0000002,55.82312833959339
2010-11-03 21:09:56.0000002,5.704131739685734
2010-11-03 21:09:56.0000001,11.386642299758313
2012-12-11 23:37:08.0000002,8.926904023660839
2012-12-11 23:37:08.0000005,8.90518662223019
2012-12-11 23:37:08.0000004,7.228959613091647
2012-12-11 23:37:08.0000006,8.92926332307131
2012-12-11 23:37:08.0000003,5.052405264689283
2012-12-11 23:37:08.0000001,14.482751085200064
2015-06-24 14:19:52.0000001,12.156482676586439
2015-06-24 14:19:52.0000002,55.81084090660682
2015-06-24 14:19:52.0000004,7.478463748155743
2010-08-21 22:21:32.0000004,13.777286274496465
2011-02-19 10:20:28.0000003,4.987377883584629
2011-02-19 10:20:28.0000002,12.408689781080252
2011-02-19 10:20:28.0000001,7.325187621897288
2011-02-19 10:20:28.0000004,8.355144710006345
2011-10-02 22:31:44.0000004,9.349033167177259
2011-10-02 22:31:44.0000002,20.02543337538092
2011-10-02 22:31:44.0000003,16.68122973082304
2012-01-26 11:17:36.0000002,5.052405264689283
2012-05-06 23:37:24.0000002,21.488014234077696
2012-05-06 23:37:24.0000001,22.09305452641884
2013-06-12 20:03:36.0000001,8.285711914933819
2013-06-12 20:03:36.0000002,55.70599392089093
2015-02-27 14:15:52.0000003,82.59191732015391
2013-12-21 17:20:32.0000001,10.437876932107665
2009-06-29 08:09:40.0000002,9.68949569764539
2009-06-29 08:09:40.0000001,12.557530310640331
2014-09-14 17:22:12.0000002,7.683663101774186
2014-09-14 17:22:12.0000001,11.608459860146338
2014-09-14 17:22:12.0000003,16.009136246878803
2014-09-14 17:22:12.0000005,7.934350013203267
2014-08-20 14:37:56.0000001,14.57701860841437
2011-07-20 16:34:48.0000001,4.976544769931425
2011-07-20 16:34:48.0000003,6.147581444938904
2009-10-05 10:11:32.0000001,7.131065587496472
2009-10-05 10:11:32.0000002,14.281006566575932
2011-02-16 08:44:04.0000001,14.25559386833503
2011-02-16 08:44:04.0000007,7.888137816680273
2011-02-16 08:44:04.0000004,8.379622947092594
2011-02-16 08:44:04.0000003,5.718924336829698
2011-02-16 08:44:04.0000002,5.334036816091774
2011-02-16 08:44:04.0000006,17.604133676151843
2011-02-16 08:44:04.0000005,6.854830787781193
2009-01-01 11:04:24.0000002,5.508278378502442
2014-04-28 19:46:36.0000003,8.33339837794112
2012-11-11 20:35:40.0000001,39.414959979117484
2012-11-11 20:35:40.0000002,9.163376924594177
2011-06-01 07:37:00.000000171,8.78350870797603
2011-06-01 07:37:00.000000199,6.87157846952056
2011-06-01 07:37:00.00000032,5.508278378502442
2011-06-01 07:37:00.000000175,7.64499486945237
2011-06-01 07:37:00.00000095,6.095141329933703
2011-06-01 07:37:00.000000106,5.481792051774074
2011-06-01 07:37:00.00000090,8.77024924736152
2011-06-01 07:37:00.000000169,14.757950222411905
2011-06-01 07:37:00.0000007,5.083672507298521
2011-06-01 07:37:00.000000151,14.310639924577647
2011-06-01 07:37:00.000000101,5.508278378502442
2011-06-01 07:37:00.00000099,27.26944370030212
2011-06-01 07:37:00.00000084,5.0622216014544446
2011-06-01 07:37:00.00000083,5.083672507298521
2011-06-01 07:37:00.00000043,6.743206174487576
2011-06-01 07:37:00.00000029,5.508278378502442
2011-06-01 07:37:00.000000132,18.685534511004434
2011-06-01 07:37:00.000000208,6.681523966346423
2011-06-01 07:37:00.000000221,5.349486783533295
2011-06-01 07:37:00.000000131,5.508278378502442
2011-06-01 07:37:00.000000220,6.87157846952056
2011-06-01 07:37:00.000000207,7.292049410292118
2011-06-01 07:37:00.000000205,4.73098230235812
2011-06-01 07:37:00.000000180,7.277264556894804
2011-06-01 07:37:00.000000103,10.581009651210428
2011-06-01 07:37:00.00000098,29.496157890540026
2011-06-01 07:37:00.000000189,7.493428468641144
2011-06-01 07:37:00.000000165,5.361009701767655
2011-06-01 07:37:00.000000184,35.66218235536323
2011-06-01 07:37:00.00000092,6.147581444938904
2011-06-01 07:37:00.00000020,8.702253167435941
2011-06-01 07:37:00.000000105,7.287471582276465
2011-06-01 07:37:00.00000088,9.63907407165072
2011-06-01 07:37:00.000000122,7.287471582276465
2011-06-01 07:37:00.000000219,12.352875215139957
2011-06-01 07:37:00.000000222,7.313157711080288
2011-06-01 07:37:00.00000049,7.313157711080288
2011-06-01 07:37:00.000000114,5.083672507298521
2011-06-01 07:37:00.000000181,5.083672507298521
2011-06-01 07:37:00.000000144,47.2379644767494
2011-06-01 07:37:00.000000155,7.287471582276465
2011-06-01 07:37:00.000000118,6.805155268670444
2011-06-01 07:37:00.000000142,6.095141329933703
2011-06-01 07:37:00.000000223,7.277264556894804
2011-06-01 07:37:00.00000057,6.574821415936214
2011-06-01 07:37:00.000000168,5.013506968014451
2011-06-01 07:37:00.000000226,7.287471582276465
2011-06-01 07:37:00.000000177,12.24488408964746
2011-06-01 07:37:00.000000185,27.420866206540968
2011-06-01 07:37:00.000000178,13.806440241041091
2011-06-01 07:37:00.000000140,8.785106977757895
2011-06-01 07:37:00.000000141,11.018043256903493
2011-06-01 07:37:00.00000045,7.955809380602556
2011-06-01 07:37:00.00000086,7.3011863602840785
2011-06-01 07:37:00.000000145,6.567893780099074
2011-06-01 07:37:00.00000037,8.225519103433845
2011-06-01 07:37:00.00000094,7.06075406940312
2011-06-01 07:37:00.00000082,5.655617309959462
2011-06-01 07:37:00.000000179,9.50318868905821
2011-06-01 07:37:00.000000197,6.540131396909869
2011-06-01 07:37:00.000000154,12.897107918209228
2011-06-01 07:37:00.00000019,9.647233524203303
2011-06-01 07:37:00.00000075,6.064350128231097
2011-06-01 07:37:00.000000110,12.276154182107241
2011-06-01 07:37:00.00000078,5.349486783533295
2011-06-01 07:37:00.000000146,7.287471582276465
2011-06-01 07:37:00.000000143,8.257094712372659
2011-06-01 07:37:00.000000227,13.009001233008226
2011-06-01 07:37:00.00000070,5.0622216014544446
2011-06-01 07:37:00.000000176,7.287471582276465
2011-06-01 07:37:00.000000217,8.213473248506226
2011-06-01 07:37:00.00000026,6.87157846952056
2011-06-01 07:37:00.000000209,7.06075406940312
2011-06-01 07:37:00.000000183,8.77024924736152
2011-06-01 07:37:00.000000210,6.026303516141411
2011-06-01 07:37:00.00000060,9.70731443865927
2011-06-01 07:37:00.000000174,6.87157846952056
2011-06-01 07:37:00.000000203,9.765696007169048
2011-06-01 07:37:00.000000139,7.287471582276465
2011-06-01 07:37:00.000000162,7.657878236159039
2011-06-01 07:37:00.000000125,7.573335246153815
2011-06-01 07:37:00.000000198,8.702253167435941
2011-06-01 07:37:00.00000055,11.726270052284853
2011-06-01 07:37:00.00000016,7.074468847410731
2011-06-01 07:37:00.00000027,7.960991949210693
2011-06-01 07:37:00.00000053,18.63362541188018
2011-06-01 07:37:00.000000201,30.61376834867442
2011-06-01 07:37:00.000000138,5.508278378502442
2011-06-01 07:37:00.00000077,4.865015183330918
2011-06-01 07:37:00.00000022,7.769390813799009
2011-06-01 07:37:00.000000182,9.756777527502857
2011-06-01 07:37:00.000000163,7.092584588988857
2011-06-01 07:37:00.000000204,9.612730100938622
2011-06-01 07:37:00.000000137,8.268571734148685
2011-06-01 07:37:00.000000152,7.287471582276465
2011-06-01 07:37:00.00000048,7.377568674333897
2011-06-01 07:37:00.00000025,8.110689576706209
2011-06-01 07:37:00.000000100,14.930405976400184
2011-06-01 07:37:00.00000015,5.052405264689283
2011-06-01 07:37:00.00000097,17.60122366784644
2011-06-01 07:37:00.000000127,8.702253167435941
2011-06-01 07:37:00.000000170,5.508278378502442
2011-06-01 07:37:00.00000091,14.01269675141164
2011-06-01 07:37:00.000000109,7.927311049467886
2011-06-01 07:37:00.00000028,8.224278913267524
2011-06-01 07:37:00.000000129,19.76088051712455
2011-06-01 07:37:00.000000158,5.052405264689283
2011-06-01 07:37:00.0000005,5.240847202855317
2011-06-01 07:37:00.00000034,7.989229638196386
2011-06-01 07:37:00.000000107,7.627153596506116
2011-06-01 07:37:00.00000036,6.078572025948117
2011-06-01 07:37:00.00000046,8.199372595811592
2011-06-01 07:37:00.000000108,5.0622216014544446
2011-06-01 07:37:00.0000008,7.627153596506116
2011-06-01 07:37:00.000000212,9.17150794076501
2011-06-01 07:37:00.00000068,7.978228861325248
2011-06-01 07:37:00.00000065,5.814987417985419
2011-06-01 07:37:00.000000116,5.052405264689283
2011-06-01 07:37:00.000000196,7.3011863602840785
2011-06-01 07:37:00.000000172,9.48019098570651
2011-06-01 07:37:00.00000059,12.862210310973554
2011-06-01 07:37:00.000000167,4.7016581969073865
2011-06-01 07:37:00.00000058,7.313157711080288
2011-06-01 07:37:00.00000061,5.0622216014544446
2011-06-01 07:37:00.000000156,15.561010566129237
2011-06-01 07:37:00.000000128,8.263806132922186
2011-06-01 07:37:00.00000079,5.508278378502442
2011-06-01 07:37:00.000000206,7.627153596506116
2011-06-01 07:37:00.00000069,6.87157846952056
2011-06-01 07:37:00.000000190,6.8324875727010514
2011-06-01 07:37:00.000000112,5.334036816091774
2011-06-01 07:37:00.000000104,5.508278378502442
2011-06-01 07:37:00.000000194,5.481792051774074
2011-06-01 07:37:00.0000002,5.606271441925179
2011-06-01 07:37:00.00000044,6.147581444938904
2011-06-01 07:37:00.00000010,7.939640107608522
2011-06-01 07:37:00.000000157,18.646317770976122
2011-06-01 07:37:00.000000147,6.87157846952056
2011-06-01 07:37:00.000000120,5.481792051774074
2011-06-01 07:37:00.000000149,10.242418712029265
2011-06-01 07:37:00.000000119,7.973060365202352
2011-06-01 07:37:00.00000023,5.508278378502442
2011-06-01 07:37:00.00000017,8.77024924736152
2011-06-01 07:37:00.00000038,15.601850198251759
2011-06-01 07:37:00.000000113,8.04311068699287
2011-06-01 07:37:00.000000211,8.263806132922186
2011-06-01 07:37:00.00000051,7.132021046027733
2011-06-01 07:37:00.00000054,7.287471582276465
2011-06-01 07:37:00.000000186,9.776849987897787
2009-02-16 03:13:40.0000001,8.357868284655751
2010-08-27 18:45:00.000000234,5.052405264689283
2010-08-27 18:45:00.00000057,6.845753249830117
2010-08-27 18:45:00.00000039,11.948075256392649
2010-08-27 18:45:00.000000161,7.061233146939141
2010-08-27 18:45:00.000000220,9.68950090135868
2010-08-27 18:45:00.00000028,9.357196752041796
2010-08-27 18:45:00.00000014,12.67310615328207
2010-08-27 18:45:00.000000226,12.889830172631093
2010-08-27 18:45:00.000000175,5.782132588943338
2010-08-27 18:45:00.00000040,19.28431933845913
2010-08-27 18:45:00.000000144,14.677055532131908
2010-08-27 18:45:00.00000085,10.140466630653426
2010-08-27 18:45:00.000000194,30.510294901638428
2010-08-27 18:45:00.00000094,7.653321396166879
2010-08-27 18:45:00.000000141,15.8579933703364
2010-08-27 18:45:00.00000067,4.929878441651461
2010-08-27 18:45:00.000000231,6.620142010527182
2010-08-27 18:45:00.000000214,10.841043767237688
2010-08-27 18:45:00.00000037,14.68722071310609
2010-08-27 18:45:00.000000165,5.372005188503586
2010-08-27 18:45:00.000000158,5.9541178030169934
2010-08-27 18:45:00.000000217,7.0378277520990755
2010-08-27 18:45:00.00000090,14.093016022710533
2010-08-27 18:45:00.000000142,8.285884594042791
2010-08-27 18:45:00.0000004,7.362530608448813
2010-08-27 18:45:00.00000070,5.0622216014544446
2010-08-27 18:45:00.000000202,7.639311597175585
2010-08-27 18:45:00.000000177,7.0378277520990755
2010-08-27 18:45:00.00000084,12.539335675627017
2010-08-27 18:45:00.000000209,9.85891783691381
2010-08-27 18:45:00.000000184,31.49948049610016
2010-08-27 18:45:00.000000173,7.639311597175585
2010-08-27 18:45:00.00000029,5.170532898040661
2010-08-27 18:45:00.00000025,5.519273865238373
2010-08-27 18:45:00.00000012,5.0622216014544446
2010-08-27 18:45:00.00000010,5.052405264689283
2010-08-27 18:45:00.000000136,8.335931076449528
2010-08-27 18:45:00.00000073,10.958941751218438
2010-08-27 18:45:00.000000124,6.907329315515806
2010-08-27 18:45:00.000000125,5.61661890987345
2010-08-27 18:45:00.000000169,4.898456854307858
2010-08-27 18:45:00.000000208,5.052405264689283
2010-08-27 18:45:00.000000152,6.012391170928261
2010-08-27 18:45:00.000000196,9.024211348797664
2010-08-27 18:45:00.0000005,11.552019952038192
2010-08-27 18:45:00.00000077,5.519273865238373
2010-08-27 18:45:00.000000123,6.224841235219682
2010-08-27 18:45:00.00000046,9.814641545666374
2010-08-27 18:45:00.00000033,6.224841235219682
2010-08-27 18:45:00.000000166,12.069419090612808
2010-08-27 18:45:00.000000190,6.022825638307962
2010-08-27 18:45:00.00000043,7.55581507038675
2010-08-27 18:45:00.00000081,5.519273865238373
2010-08-27 18:45:00.00000034,9.30583896927314
2010-08-27 18:45:00.00000089,17.77316829875796
2010-08-27 18:45:00.000000189,5.492787538510006
2010-08-27 18:45:00.00000078,7.275147740524574
2010-08-27 18:45:00.00000053,11.670346952148908
2010-08-27 18:45:00.000000188,6.9673921303803334
2010-08-27 18:45:00.00000071,7.639311597175585
2010-08-27 18:45:00.00000097,16.19356315832425
2010-08-27 18:45:00.00000031,6.224841235219682
2010-08-27 18:45:00.000000101,11.948075256392649
2010-08-27 18:45:00.000000140,5.530965852785106
2010-08-27 18:45:00.00000054,27.093142782881014
2010-08-27 18:45:00.0000006,9.357196752041796
2010-08-27 18:45:00.00000011,6.9673921303803334
2010-08-27 18:45:00.00000055,6.907329315515806
2010-08-27 18:45:00.000000160,10.845388810176441
2010-08-27 18:45:00.00000024,10.942901605911981
2010-08-27 18:45:00.000000106,5.083672507298521
2010-08-27 18:45:00.000000131,5.729818971983679
2010-08-27 18:45:00.00000087,12.354907237303399
2010-08-27 18:45:00.000000110,9.800793245638056
2010-08-27 18:45:00.000000197,11.502787116333643
2010-08-27 18:45:00.00000066,8.379622947092594
2010-08-27 18:45:00.000000205,11.347517096309657
2010-08-27 18:45:00.00000086,5.720560299423494
2010-08-27 18:45:00.000000207,7.475829925385276
2010-08-27 18:45:00.00000068,13.249047905680037
2010-08-27 18:45:00.00000050,5.519273865238373
2010-08-27 18:45:00.00000045,8.075433599158423
2010-08-27 18:45:00.00000093,4.865015183330918
2010-08-27 18:45:00.00000061,11.64417500173219
2010-08-27 18:45:00.00000022,5.0622216014544446
2010-08-27 18:45:00.00000018,5.519273865238373
2010-08-27 18:45:00.000000192,9.30583896927314
2010-08-27 18:45:00.000000148,5.052405264689283
2010-08-27 18:45:00.000000195,5.372005188503586
2010-08-27 18:45:00.000000155,4.720270750001125
2010-08-27 18:45:00.000000129,9.814641545666374
2010-08-27 18:45:00.000000133,5.773526720536958
2010-08-27 18:45:00.00000063,11.436657731657368
2010-08-27 18:45:00.00000076,5.519273865238373
2010-08-27 18:45:00.000000204,13.919424451735553
2010-08-27 18:45:00.000000179,4.846644775778242
2010-08-27 18:45:00.000000219,13.711812196790447
2010-08-27 18:45:00.000000107,6.224841235219682
2010-08-27 18:45:00.000000153,9.30583896927314
2010-08-27 18:45:00.00000026,12.360927277108523
2010-08-27 18:45:00.000000198,6.224841235219682
2010-08-27 18:45:00.00000016,10.942901605911981
2010-08-27 18:45:00.00000060,6.9372231882969775
2010-08-27 18:45:00.00000017,26.636782262997734
2010-08-27 18:45:00.000000109,13.282324059345124
2010-08-27 18:45:00.000000227,10.29730049349815
2010-08-27 18:45:00.000000181,5.519273865238373
2010-08-27 18:45:00.000000191,6.9673921303803334
2010-08-27 18:45:00.000000228,6.5726406823991
2010-08-27 18:45:00.00000069,11.948075256392649
2010-08-27 18:45:00.000000113,9.357196752041796
2010-08-27 18:45:00.00000049,8.379622947092594
2010-08-27 18:45:00.000000103,5.519273865238373
2010-08-27 18:45:00.0000003,5.519273865238373
2010-08-27 18:45:00.0000008,7.653321396166879
2010-08-27 18:45:00.000000134,5.782132588943338
2010-08-27 18:45:00.000000183,21.83333964527666
2010-08-27 18:45:00.00000013,12.557530310640331
2010-08-27 18:45:00.000000235,5.492787538510006
2010-08-27 18:45:00.00000038,9.675454476369675
2010-08-27 18:45:00.00000030,16.141845519231087
2010-08-27 18:45:00.000000203,8.83730105892932
2010-08-27 18:45:00.000000182,9.321142765164991
2010-08-27 18:45:00.000000230,9.050824387169373
2010-08-27 18:45:00.00000065,7.62727851395065
2011-02-12 00:43:24.0000003,11.78916785780649
2011-02-12 00:43:24.0000001,9.986464755188685
2014-05-07 06:50:20.0000002,6.384613495773382
2014-05-07 06:50:20.0000001,7.376500786678313
2014-05-07 06:50:20.0000003,8.969716333189462
2011-04-27 20:59:24.0000002,8.644111584134583
2011-04-27 20:59:24.0000003,11.878457880910492
2011-04-27 20:59:24.0000004,5.083672507298521
2011-04-27 20:59:24.0000001,8.144750975993652
2011-04-27 20:59:24.0000005,6.900968929530218
2010-08-14 02:13:00.00000069,8.224278913267524
2010-08-14 02:13:00.00000049,7.517819472978314
2010-08-14 02:13:00.00000059,6.088310819548691
2010-08-14 02:13:00.00000075,17.761791603780956
2010-08-14 02:13:00.00000020,6.87157846952056
2010-08-14 02:13:00.000000102,15.977601661863307
2010-08-14 02:13:00.00000060,6.519447800207425
2010-08-14 02:13:00.00000033,16.00451449982612
2010-08-14 02:13:00.000000166,11.763548861984537
2010-08-14 02:13:00.000000111,7.59547068160789
2010-08-14 02:13:00.00000056,8.7772355382186
2010-08-14 02:13:00.00000044,7.637176735889768
2010-08-14 02:13:00.000000132,5.052405264689283
2010-08-14 02:13:00.00000073,5.519273865238373
2010-08-14 02:13:00.00000043,8.200299195068617
2010-08-14 02:13:00.00000085,11.53688715743753
2010-08-14 02:13:00.000000108,18.07009476740811
2010-08-14 02:13:00.00000028,12.218937202513601
2010-08-14 02:13:00.00000076,5.083672507298521
2010-08-14 02:13:00.00000066,32.60990595427042
2010-08-14 02:13:00.00000080,23.722888938597247
2010-08-14 02:13:00.000000149,8.911751277591637
2010-08-14 02:13:00.00000054,6.858472111321021
2010-08-14 02:13:00.000000130,11.192062758950813
2010-08-14 02:13:00.00000032,9.073897946868955
2010-08-14 02:13:00.000000158,6.841409527437205
2010-08-14 02:13:00.000000171,14.444352369386433
2010-08-14 02:13:00.00000092,6.224841235219682
2010-08-14 02:13:00.000000155,7.939640107608522
2010-08-14 02:13:00.000000116,9.099954987675204
2010-08-14 02:13:00.000000109,13.556243328157938
2010-08-14 02:13:00.00000030,7.798134389972895
2010-08-14 02:13:00.00000015,14.175818398962745
2010-08-14 02:13:00.000000133,5.083672507298521
2010-08-14 02:13:00.00000072,6.87157846952056
2010-08-14 02:13:00.00000052,10.072554213530776
2010-08-14 02:13:00.000000170,14.952017428430539
2010-08-14 02:13:00.0000007,6.121644913220372
2010-08-14 02:13:00.000000165,8.332493863708287
2010-08-14 02:13:00.00000026,11.613972062130454
2010-08-14 02:13:00.000000148,6.224841235219682
2010-08-14 02:13:00.00000034,12.13774518412832
2010-08-14 02:13:00.00000022,21.903847362584287
2010-08-14 02:13:00.000000100,5.052405264689283
2010-08-14 02:13:00.000000160,5.519273865238373
2010-08-14 02:13:00.0000009,17.9022407586662
2010-08-14 02:13:00.00000038,9.788385911472227
2010-08-14 02:13:00.0000001,8.681122267282138
2010-08-14 02:13:00.00000078,7.287471582276465
2010-08-14 02:13:00.000000134,8.637637953969266
2010-08-14 02:13:00.00000077,19.348901668271814
2010-08-14 02:13:00.000000168,7.287471582276465
2010-08-14 02:13:00.000000161,8.708808488497644
2010-08-14 02:13:00.000000122,6.841409527437205
2010-08-14 02:13:00.00000035,6.224841235219682
2010-08-14 02:13:00.000000110,7.277264556894804
2010-08-14 02:13:00.000000146,10.97985917145584
2010-08-14 02:13:00.00000010,13.654026890875999
2010-08-14 02:13:00.000000141,5.0622216014544446
2010-08-14 02:13:00.00000087,18.333865860035175
2010-08-14 02:13:00.000000137,6.811515654656033
2010-08-14 02:13:00.00000064,7.619138554471635
2010-08-14 02:13:00.00000084,8.01642635001442
2010-08-14 02:13:00.000000139,12.914932621651683
2010-08-14 02:13:00.00000089,31.283530667314565
2010-08-14 02:13:00.000000140,47.32745299154119
2010-08-14 02:13:00.00000012,9.020532413597088
2010-08-14 02:13:00.00000025,5.372005188503586
2010-08-14 02:13:00.00000070,5.052405264689283
2010-08-14 02:13:00.0000004,12.02262269533304
2010-08-14 02:13:00.00000090,12.31944110779773
2010-08-14 02:13:00.000000101,14.615571319947863
2010-08-14 02:13:00.00000017,5.665964777907733
2010-08-14 02:13:00.00000055,6.224841235219682
2010-08-14 02:13:00.00000014,10.255370732611187
2010-08-14 02:13:00.000000142,14.70844539161551
2010-08-14 02:13:00.00000021,6.296357621852815
2010-08-14 02:13:00.00000047,14.599797241238205
2010-08-14 02:13:00.00000083,5.0622216014544446
2010-08-14 02:13:00.000000162,7.625568881826436
2015-04-16 22:32:48.0000006,11.123155063962557
2015-04-16 22:32:48.0000001,5.0983787651022565
2015-04-16 22:32:48.0000004,6.452258437130418
2015-04-16 22:32:48.0000002,14.110819153940353
2015-04-16 22:32:48.0000005,8.779089678055035
2013-03-15 11:57:04.0000002,7.0197448658062385
2013-03-15 11:57:04.0000001,7.967299800910555
2014-11-16 08:47:12.0000002,15.505260451156191
2014-11-16 08:47:12.0000001,7.15136368841635
2013-02-20 16:10:28.0000001,6.549757274926395
2011-07-03 00:36:04.0000001,5.508278378502442
2014-03-25 23:47:00.00000074,7.478463748155743
2014-03-25 23:47:00.00000088,11.053830003533655
2014-03-25 23:47:00.000000100,7.478463748155743
2014-03-25 23:47:00.00000094,4.80145600612665
2014-03-25 23:47:00.00000059,12.15876912398657
2014-03-25 23:47:00.00000066,9.497624246646643
2014-03-25 23:47:00.00000016,5.0983787651022565
2014-03-25 23:47:00.0000003,17.134717572120813
2014-03-25 23:47:00.00000080,5.0983787651022565
2014-03-25 23:47:00.00000048,47.312870627244585
2014-03-25 23:47:00.00000058,11.048834486854844
2014-03-25 23:47:00.00000070,34.93133245347704
2014-03-25 23:47:00.00000046,14.05986125132891
2014-03-25 23:47:00.00000053,5.166124030113051
2014-03-25 23:47:00.00000029,6.89749477681333
2014-03-25 23:47:00.00000087,13.12284740773681
2014-03-25 23:47:00.000000126,9.266826427203721
2014-03-25 23:47:00.00000024,12.15876912398657
2014-03-25 23:47:00.0000007,12.848957446649486
2014-03-25 23:47:00.00000071,17.69705682219741
2014-03-25 23:47:00.0000008,9.089711002541705
2014-03-25 23:47:00.00000049,58.3525601898102
2014-03-25 23:47:00.00000090,26.997537753686384
2014-03-25 23:47:00.00000089,23.396714335963804
2014-03-25 23:47:00.000000117,5.166124030113051
2014-03-25 23:47:00.00000043,10.560872029936975
2014-03-25 23:47:00.00000032,8.888243715341952
2014-03-25 23:47:00.00000081,7.478463748155743
2014-03-25 23:47:00.00000023,7.478463748155743
2014-03-25 23:47:00.00000099,35.47682956667757
2014-03-25 23:47:00.00000077,5.103242409407719
2014-03-25 23:47:00.00000065,7.281270950041594
2014-03-25 23:47:00.000000111,15.837694009832624
2014-03-25 23:47:00.000000118,26.970743928962296
2014-03-25 23:47:00.00000038,9.97666897986773
2014-03-25 23:47:00.000000110,7.207445127833123
2014-03-25 23:47:00.00000014,14.433259613865387
2014-03-25 23:47:00.00000086,33.490394046071685
2014-03-25 23:47:00.00000097,8.385641640476473
2014-03-25 23:47:00.00000092,20.423469997169196
2014-03-25 23:47:00.000000140,12.018896409571518
2014-03-25 23:47:00.000000123,23.3176698054843
2014-03-25 23:47:00.000000131,6.426262996657282
2014-03-25 23:47:00.00000033,14.988786834002555
2014-03-25 23:47:00.00000015,6.879581586976842
2014-03-25 23:47:00.000000125,24.322546508488234
2014-03-25 23:47:00.00000061,21.58275234560861
2014-03-25 23:47:00.00000027,13.451762252327024
2014-03-25 23:47:00.000000101,28.331781409839156
2014-03-25 23:47:00.000000136,9.136523606778985
2014-03-25 23:47:00.000000133,5.108195101867418
2014-03-25 23:47:00.0000006,27.95746333050852
2014-03-25 23:47:00.00000047,12.115777014348339
2014-03-25 23:47:00.00000056,9.722482515590597
2014-03-25 23:47:00.0000001,4.777907233777605
2014-03-25 23:47:00.00000045,5.108195101867418
2014-03-25 23:47:00.00000073,7.888734974796551
2014-03-25 23:47:00.00000030,19.17525929047822
2014-03-25 23:47:00.00000010,28.991540639204796
2014-03-25 23:47:00.00000072,12.253754839542948
2014-03-25 23:47:00.0000009,20.44548484952829
2014-03-25 23:47:00.00000082,10.383069479745084
2014-03-25 23:47:00.00000017,7.429640877661175
2014-03-25 23:47:00.00000050,10.634247007395087
2014-03-25 23:47:00.000000121,9.736290272724238
2014-03-25 23:47:00.000000109,22.25444923583507
2014-03-25 23:47:00.00000018,5.0983787651022565
2014-03-25 23:47:00.00000078,8.414895749712866
2014-03-25 23:47:00.00000025,5.0983787651022565
2014-03-25 23:47:00.00000044,5.0983787651022565
2014-03-25 23:47:00.0000005,5.0983787651022565
2014-03-25 23:47:00.00000062,7.125639787067119
2014-03-25 23:47:00.000000130,42.91580204018638
2014-03-25 23:47:00.00000037,10.61749251500573
2014-03-25 23:47:00.000000114,15.163409206250622
2014-03-25 23:47:00.0000002,27.342638744267116
2014-03-25 23:47:00.000000103,34.10070253091876
2014-03-25 23:47:00.000000106,13.989343852828547
2014-03-25 23:47:00.00000095,10.830299012903861
2014-03-25 23:47:00.000000113,25.32589576791801
2014-03-25 23:47:00.0000004,18.116281527768088
2014-03-25 23:47:00.00000041,17.75576276685024
2014-03-25 23:47:00.00000079,17.34211528081534
2011-06-21 13:19:20.0000001,8.138647873143684
2011-06-21 13:19:20.0000003,6.552926165276264
2011-06-21 13:19:20.0000002,12.336712602290083
2013-01-02 20:53:44.0000001,6.9733488076122345
2013-01-02 20:53:44.0000002,6.426262996657282
2009-10-07 08:16:24.0000001,11.546936289641344
2012-08-25 22:18:36.0000003,12.331297347409125
2012-08-25 22:18:36.0000004,10.306367451205288
2012-08-25 22:18:36.0000001,6.9673921303803334
2012-08-25 22:18:36.0000002,8.485423543367524
2015-06-05 08:38:56.0000005,7.904935974680496
2015-06-05 08:38:56.0000007,10.507306704631501
2015-06-05 08:38:56.0000006,6.426262996657282
2015-06-05 08:38:56.0000004,25.98316699821786
2015-06-05 08:38:56.0000001,37.4865817358806
2015-06-05 08:38:56.0000002,16.826678889557183
2013-02-26 11:10:24.0000002,9.857716692671499
2013-02-26 11:10:24.0000001,38.342189501224794
2014-04-29 00:02:40.0000001,9.443293454787666
2014-04-29 00:02:40.0000002,16.428328378718028
2014-04-29 00:02:40.0000003,14.355995049813341
2010-08-06 20:27:12.0000002,12.988226747282551
2010-08-06 20:27:12.0000005,9.267661605330023
2010-08-06 20:27:12.0000004,5.052405264689283
2010-08-06 20:27:12.0000001,10.451519211105776
2012-06-07 00:25:40.0000001,7.313157711080288
2012-06-07 00:25:40.0000002,16.116963282696428
2011-09-24 07:42:32.0000001,7.017877752919738
2011-09-28 10:58:48.0000002,7.131065587496472
2011-09-28 10:58:48.0000001,6.387560808530705
2011-09-28 10:58:48.0000005,5.802910497176011
2011-09-28 10:58:48.0000004,13.544462494344735
2011-09-28 10:58:48.0000003,25.302957643179408
2011-09-28 10:58:48.0000006,11.546936289641344
2009-11-01 05:04:12.0000001,8.510790811461737
2009-11-01 05:04:12.0000002,13.605365222513546
2014-04-23 22:54:12.0000002,6.5243978633187325
2014-04-23 22:54:12.0000001,27.16884301912327
2014-04-23 22:54:12.0000004,30.093799066058057
2014-04-23 22:54:12.0000003,11.172515762029962
2014-04-23 22:54:12.0000005,5.166124030113051
2014-04-23 22:54:12.0000006,10.536296880696407
2012-02-28 19:18:44.0000001,6.343390412062531
2012-02-28 19:18:44.0000002,10.734627094664056
2010-09-29 16:43:00.0000003,47.32745299154119
2010-09-29 16:43:00.000000143,5.668906933934924
2010-09-29 16:43:00.000000150,4.7016581969073865
2010-09-29 16:43:00.00000077,5.94738424279505
2010-09-29 16:43:00.000000153,12.993816877695215
2010-09-29 16:43:00.00000048,4.73098230235812
2010-09-29 16:43:00.00000086,9.024211348797664
2010-09-29 16:43:00.000000108,9.435316897230456
2010-09-29 16:43:00.000000101,6.526815193201802
2010-09-29 16:43:00.000000132,7.052551618918823
2010-09-29 16:43:00.00000033,4.744418590825972
2010-09-29 16:43:00.00000055,5.948286949686835
2010-09-29 16:43:00.000000107,11.511780244293684
2010-09-29 16:43:00.000000147,4.725283531119164
2010-09-29 16:43:00.00000098,7.816153522615041
2010-09-29 16:43:00.00000053,7.262665454304019
2010-09-29 16:43:00.00000052,10.081945442331092
2010-09-29 16:43:00.00000085,7.089518305552251
2010-09-29 16:43:00.000000115,5.802910497176011
2010-09-29 16:43:00.000000133,9.602205589828074
2010-09-29 16:43:00.000000131,11.67375901413056
2010-09-29 16:43:00.00000031,13.555127928360847
2010-09-29 16:43:00.00000096,4.7016581969073865
2010-09-29 16:43:00.000000120,6.440126312515837
2010-09-29 16:43:00.000000175,10.553107491631698
2010-09-29 16:43:00.00000072,11.04260848180013
2010-09-29 16:43:00.00000038,9.943534342057296
2010-09-29 16:43:00.00000043,9.061152878398092
2010-09-29 16:43:00.0000007,43.70521211227369
2010-09-29 16:43:00.000000111,7.804472200659226
2010-09-29 16:43:00.00000067,8.277104035529362
2010-09-29 16:43:00.00000065,9.109240954997416
2010-09-29 16:43:00.00000046,5.052405264689283
2010-09-29 16:43:00.00000075,10.982018154844152
2010-09-29 16:43:00.000000155,6.440126312515837
2010-09-29 16:43:00.00000087,47.32745299154119
2010-09-29 16:43:00.000000160,9.54004754413092
2010-09-29 16:43:00.00000060,7.780171416897765
2010-09-29 16:43:00.00000020,8.277104035529362
2010-09-29 16:43:00.00000091,9.943534342057296
2010-09-29 16:43:00.00000068,13.544462494344735
2010-09-29 16:43:00.000000165,7.907257059326866
2010-09-29 16:43:00.000000146,6.80642310796069
2010-09-29 16:43:00.000000169,9.943534342057296
2010-09-29 16:43:00.000000141,6.409736510176304
2010-09-29 16:43:00.00000018,7.780171416897765
2010-09-29 16:43:00.000000100,9.510616809723533
2010-09-29 16:43:00.000000163,19.559238710622655
2010-09-29 16:43:00.00000076,9.024211348797664
2010-09-29 16:43:00.00000027,31.802325004297597
2010-09-29 16:43:00.000000137,9.524621649019181
2010-09-29 16:43:00.00000021,7.794446441356611
2010-09-29 16:43:00.00000063,8.44690202817706
2010-09-29 16:43:00.00000058,8.475640908018766
2010-09-29 16:43:00.00000090,14.748202528985525
2010-09-29 16:43:00.00000066,10.992955915897175
2010-09-29 16:43:00.000000156,6.798375241894321
2010-09-29 16:43:00.000000104,5.709376417907768
2010-09-29 16:43:00.00000089,32.69069015284249
2010-09-29 16:43:00.00000029,8.131469928012901
2010-09-29 16:43:00.0000004,6.862371488003789
2010-09-29 16:43:00.00000051,11.018049972307574
2010-09-29 16:43:00.00000036,8.560576746415467
2010-09-29 16:43:00.000000158,9.462007652262212
2010-09-29 16:43:00.000000106,9.630332920817123
2010-09-29 16:43:00.00000047,6.0482686651842315
2010-09-29 16:43:00.00000073,9.915147883918195
2010-09-29 16:43:00.00000024,7.131065587496472
2010-09-29 16:43:00.000000151,6.440126312515837
2010-09-29 16:43:00.000000134,4.7016581969073865
2010-09-29 16:43:00.000000138,5.802910497176011
2010-09-29 16:43:00.000000125,7.100896645413116
2010-09-29 16:43:00.000000112,7.100896645413116
2010-09-29 16:43:00.0000006,5.802910497176011
2010-09-29 16:43:00.00000025,15.949442429188439
2010-09-29 16:43:00.0000008,9.183016562351053
2010-09-29 16:43:00.00000049,30.508647133253863
2010-09-29 16:43:00.000000173,6.894497091463879
2010-09-29 16:43:00.00000050,7.131065587496472
2010-09-29 16:43:00.00000035,5.969245169159104
2010-09-29 16:43:00.00000097,31.89649861147715
2010-09-29 16:43:00.00000054,7.091974690676962
2010-09-29 16:43:00.000000166,5.969245169159104
2010-09-29 16:43:00.0000005,7.303694753713997
2010-09-29 16:43:00.00000030,28.6216602919814
2010-09-29 16:43:00.000000102,10.28734150322205
2010-09-29 16:43:00.00000056,10.081945442331092
2010-09-29 16:43:00.000000103,6.9905142227978505
2010-09-29 16:43:00.00000092,31.930728907426598
2010-09-29 16:43:00.00000079,6.363655220011486
2010-09-29 16:43:00.000000149,5.802910497176011
2010-09-29 16:43:00.000000123,4.826116886656086
2010-09-29 16:43:00.000000128,5.668906933934924
2010-09-29 16:43:00.000000121,7.426617365276536
2010-09-29 16:43:00.000000105,30.031242648609414
2010-09-29 16:43:00.00000026,7.367032159419412
2010-09-29 16:43:00.000000109,10.726438134553877
2010-09-29 16:43:00.000000124,4.7016581969073865
2010-09-29 16:43:00.00000071,5.633358116975463
2010-09-29 16:43:00.00000061,18.674019433770024
2010-09-29 16:43:00.000000129,9.943534342057296
2010-09-29 16:43:00.00000095,5.756325320929704
2010-09-29 16:43:00.00000010,11.546936289641344
2010-09-29 16:43:00.00000081,8.475640908018766
2010-09-29 16:43:00.00000017,11.67375901413056
2010-09-29 16:43:00.00000028,9.477311448154063
2010-09-29 16:43:00.000000167,5.041697233586462
2010-09-29 16:43:00.00000082,13.500575026780574
2010-09-29 16:43:00.000000116,9.462007652262212
2010-09-29 16:43:00.000000127,33.43468060769628
2014-10-27 14:58:00.00000095,8.317186187126618
2014-10-27 14:58:00.000000118,10.866745952001823
2014-10-27 14:58:00.00000098,9.54253482705051
2014-10-27 14:58:00.000000108,14.236477892349779
2014-10-27 14:58:00.00000074,4.76719568142061
2014-10-27 14:58:00.00000079,14.57701860841437
2014-10-27 14:58:00.000000137,7.478463748155743
2014-10-27 14:58:00.0000001,12.651344890759438
2014-10-27 14:58:00.00000018,6.5648481340701
2014-10-27 14:58:00.000000142,6.438547672767459
2014-10-27 14:58:00.00000082,7.363677869114112
2014-10-27 14:58:00.0000008,20.401510023200803
2014-10-27 14:58:00.00000016,7.478463748155743
2014-10-27 14:58:00.000000117,8.33339837794112
2014-10-27 14:58:00.00000048,9.915673296840401
2014-10-27 14:58:00.00000075,5.108195101867418
2014-10-27 14:58:00.000000112,19.75155564017379
2014-10-27 14:58:00.00000029,5.108195101867418
2014-10-27 14:58:00.00000058,8.33339837794112
2014-10-27 14:58:00.00000053,13.776018169201476
2014-10-27 14:58:00.00000052,5.0983787651022565
2014-10-27 14:58:00.00000071,13.941653476191682
2014-10-27 14:58:00.00000044,10.38922928156475
2014-10-27 14:58:00.000000120,6.452258437130418
2014-10-27 14:58:00.00000034,10.355953691531147
2014-10-27 14:58:00.000000105,6.947648261477102
2014-10-27 14:58:00.000000147,7.859311140459519
2014-10-27 14:58:00.00000030,6.936393372349107
2014-10-27 14:58:00.000000100,7.478463748155743
2014-10-27 14:58:00.00000086,7.478463748155743
2014-10-27 14:58:00.00000047,38.54424527560446
2014-10-27 14:58:00.000000107,31.782359016127085
2014-10-27 14:58:00.000000127,28.70402838994544
2014-10-27 14:58:00.000000119,5.0983787651022565
2014-10-27 14:58:00.00000013,33.44158905511309
2014-10-27 14:58:00.00000076,38.140453394634385
2014-10-27 14:58:00.00000085,7.478463748155743
2014-10-27 14:58:00.00000038,10.457080837336022
2014-10-27 14:58:00.0000004,7.478463748155743
2014-10-27 14:58:00.00000037,28.390119746625402
2014-10-27 14:58:00.00000041,5.03639612878138
2014-10-27 14:58:00.000000141,5.0983787651022565
2014-10-27 14:58:00.000000140,9.857716692671499
2014-10-27 14:58:00.00000042,8.317186187126618
2014-10-27 14:58:00.000000109,6.549757274926395
2014-10-27 14:58:00.00000077,11.970699437826282
2014-10-27 14:58:00.00000026,19.655293759680543
2014-10-27 14:58:00.000000151,4.901232083647582
2014-10-27 14:58:00.00000061,7.478463748155743
2014-10-27 14:58:00.000000114,17.583909502345954
2014-10-27 14:58:00.00000021,18.965632194149126
2014-10-27 14:58:00.00000063,6.7435865203136505
2014-10-27 14:58:00.00000072,55.86209146560775
2014-10-27 14:58:00.000000131,8.33339837794112
2014-10-27 14:58:00.0000005,35.88156739399147
2014-10-27 14:58:00.000000110,6.505189007871004
2014-10-27 14:58:00.00000011,6.549757274926395
2014-10-27 14:58:00.00000064,6.549757274926395
2014-10-27 14:58:00.00000033,5.0983787651022565
2014-10-27 14:58:00.00000091,7.478463748155743
2014-10-27 14:58:00.0000003,15.094364584373597
2014-10-27 14:58:00.00000096,4.748583128326871
2014-10-27 14:58:00.00000051,9.861112131900152
2014-10-27 14:58:00.00000020,7.904935974680496
2014-10-27 14:58:00.000000138,55.82312833959339
2014-10-27 14:58:00.0000002,20.038987678861375
2014-10-27 14:58:00.00000039,12.636320480785757
2014-10-27 14:58:00.00000073,9.578377790055832
2014-10-27 14:58:00.000000116,8.33339837794112
2014-10-27 14:58:00.00000049,7.874034520581384
2014-10-27 14:58:00.00000025,16.55272408539678
2014-10-27 14:58:00.000000133,4.748583128326871
2014-10-27 14:58:00.00000043,9.844730336174903
2014-10-27 14:58:00.00000055,7.478463748155743
2014-10-27 14:58:00.000000124,34.53874836347318
2014-10-27 14:58:00.00000083,10.507306704631501
2014-10-27 14:58:00.00000010,7.934350013203267
2014-10-27 14:58:00.000000126,5.740881111791517
2014-10-27 14:58:00.00000017,11.970699437826282
2014-10-27 14:58:00.000000139,11.406125539209803
2014-10-27 14:58:00.00000014,5.636682653713426
2014-10-27 14:58:00.00000045,8.926499995562956
2014-10-27 14:58:00.000000132,6.200363921861589
2014-10-27 14:58:00.00000080,37.62007796700153
2014-10-27 14:58:00.00000019,7.6448136105242845
2014-10-27 14:58:00.000000102,13.941653476191682
2014-10-27 14:58:00.00000062,13.941653476191682
2014-10-27 14:58:00.000000122,37.46178282333466
2014-10-27 14:58:00.00000032,17.54680417023308
2014-10-27 14:58:00.00000015,9.844730336174903
2014-10-27 14:58:00.00000084,55.86209146560775
2014-10-27 14:58:00.000000134,6.5648481340701
2014-10-27 14:58:00.00000093,10.507306704631501
2014-10-27 14:58:00.00000068,6.853109809648824
2014-10-27 14:58:00.00000089,47.1656285650683
2014-10-27 14:58:00.00000027,55.82312833959339
2009-10-08 23:44:56.0000004,15.834613712875266
2009-10-08 23:44:56.0000001,12.246377348494045
2012-11-03 17:11:00.00000035,6.079985018377805
2012-11-03 17:11:00.000000107,9.975378584522334
2012-11-03 17:11:00.00000069,9.975378584522334
2012-11-03 17:11:00.000000116,11.042884297381118
2012-11-03 17:11:00.000000145,5.714528496372447
2012-11-03 17:11:00.00000097,5.0622216014544446
2012-11-03 17:11:00.000000119,5.580524933131361
2012-11-03 17:11:00.000000134,4.8748315200960795
2012-11-03 17:11:00.000000137,7.302143841032329
2012-11-03 17:11:00.00000010,15.670558368063087
2012-11-03 17:11:00.000000157,5.052405264689283
2012-11-03 17:11:00.000000121,18.242076182495925
2012-11-03 17:11:00.00000073,54.22454025800811
2012-11-03 17:11:00.00000062,9.01764020732255
2012-11-03 17:11:00.000000130,6.7603361564010696
2012-11-03 17:11:00.000000141,8.483888918503386
2012-11-03 17:11:00.00000098,11.05415906177859
2012-11-03 17:11:00.00000066,8.084280450388556
2012-11-03 17:11:00.00000036,9.634262891655972
2012-11-03 17:11:00.00000026,7.411893722590617
2012-11-03 17:11:00.000000110,7.228959613091647
2012-11-03 17:11:00.00000021,6.559472030140918
2012-11-03 17:11:00.00000040,6.559472030140918
2012-11-03 17:11:00.00000087,10.211093451861418
2012-11-03 17:11:00.00000039,9.354324093611108
2012-11-03 17:11:00.00000033,11.523615280903988
2012-11-03 17:11:00.0000006,6.343207362892709
2012-11-03 17:11:00.00000025,15.937702601343817
2012-11-03 17:11:00.000000129,9.961530284494016
2012-11-03 17:11:00.000000153,11.57178304894236
2012-11-03 17:11:00.000000138,12.313719440999817
2012-11-03 17:11:00.000000143,9.163376924594177
2012-11-03 17:11:00.000000109,6.817202411974181
2012-11-03 17:11:00.00000042,11.042884297381118
2012-11-03 17:11:00.000000104,19.082135150199125
2012-11-03 17:11:00.0000005,6.9775013614965475
2012-11-03 17:11:00.00000056,53.34733040808419
2012-11-03 17:11:00.00000045,5.052405264689283
2012-11-03 17:11:00.00000034,11.523615280903988
2012-11-03 17:11:00.000000120,9.053343982396836
2012-11-03 17:11:00.000000127,10.236342150590456
2012-11-03 17:11:00.00000022,5.052405264689283
2012-11-03 17:11:00.0000003,14.790119662239151
2012-11-03 17:11:00.00000084,7.302143841032329
2012-11-03 17:11:00.00000089,9.746127125222886
2012-11-03 17:11:00.00000041,11.043221300725568
2012-11-03 17:11:00.000000108,11.142840407054708
2012-11-03 17:11:00.000000158,8.954782409688056
2012-11-03 17:11:00.000000122,4.7016581969073865
2012-11-03 17:11:00.000000111,16.08366620832219
2012-11-03 17:11:00.00000027,5.052405264689283
2012-11-03 17:11:00.0000008,9.929344870132205
2012-11-03 17:11:00.000000148,18.49291666099994
2012-11-03 17:11:00.000000144,36.741663958951584
2012-11-03 17:11:00.00000029,9.649566687547825
2012-11-03 17:11:00.00000049,6.478216448041638
2012-11-03 17:11:00.00000011,5.620994417104205
2012-11-03 17:11:00.00000094,15.52890936868165
2012-11-03 17:11:00.000000152,15.06034041079756
2012-11-03 17:11:00.00000051,9.01764020732255
2012-11-03 17:11:00.00000048,8.353595853202625
2012-11-03 17:11:00.00000043,9.634262891655972
2012-11-03 17:11:00.00000059,8.37485245773207
2012-11-03 17:11:00.00000019,6.969453495430178
2012-11-03 17:11:00.000000135,9.634262891655972
2012-11-03 17:11:00.00000017,10.790625328021992
2012-11-03 17:11:00.000000146,7.302143841032329
2012-11-03 17:11:00.00000068,11.142840407054708
2012-11-03 17:11:00.00000092,9.975378584522334
2012-11-03 17:11:00.0000002,17.153563597758247
2012-11-03 17:11:00.000000133,5.714528496372447
2012-11-03 17:11:00.00000038,11.113862177363503
2012-11-03 17:11:00.000000123,6.559472030140918
2012-11-03 17:11:00.00000015,5.580524933131361
2012-11-03 17:11:00.000000131,5.083672507298521
2012-11-03 17:11:00.000000112,5.583337370488208
2012-11-03 17:11:00.000000100,6.6360166496694974
2012-11-03 17:11:00.00000095,13.92362662251971
2012-11-03 17:11:00.0000004,6.9775013614965475
2012-11-03 17:11:00.00000047,14.4353335647572
2012-11-03 17:11:00.00000020,16.762310380975304
2012-11-03 17:11:00.000000156,16.157912704532723
2012-11-03 17:11:00.00000014,5.010227343380782
2012-11-03 17:11:00.000000139,9.946992126383234
2012-11-03 17:11:00.000000154,7.302143841032329
2012-11-03 17:11:00.000000151,5.714528496372447
2012-11-03 17:11:00.00000070,9.623510378105815
2012-11-03 17:11:00.00000023,9.975378584522334
2012-11-03 17:11:00.00000065,8.99448890036306
2012-11-03 17:11:00.00000018,8.482563295579709
2012-11-03 17:11:00.00000088,5.591881176042547
2012-11-03 17:11:00.000000140,13.663940393155373
2012-11-03 17:11:00.00000071,8.483888918503386
2009-05-07 13:58:32.0000003,6.928301233560823
2009-05-07 13:58:32.0000001,7.441228634408134
2011-12-25 21:26:32.0000001,5.0622216014544446
2015-01-12 19:01:00.0000001,12.874822173943848
2015-01-12 19:01:00.0000003,4.901232083647582
2015-01-12 19:01:00.0000004,12.576752080392614
2015-01-12 19:01:00.0000002,6.549757274926395
2009-10-06 16:09:24.0000001,7.131065587496472
2009-10-06 16:09:24.0000003,7.151846884044067
2009-10-06 16:09:24.0000002,5.691739575710391
2009-05-06 01:49:12.0000003,28.614636645405383
2009-05-06 01:49:12.0000005,6.559845914032706
2009-05-06 01:49:12.0000001,13.34112642286471
2009-05-06 01:49:12.0000006,7.374258847166873
2014-10-07 11:20:56.0000002,36.16176955277156
2014-10-07 11:20:56.0000001,12.186631239378942
2014-10-07 11:20:56.0000003,7.859311140459519
2009-02-10 15:30:04.0000002,10.861428955482898
2009-02-10 15:30:04.0000001,9.279148214241383
2013-09-28 00:06:20.0000004,15.889315025145601
2013-09-28 00:06:20.0000001,16.957649442979164
2013-09-28 00:06:20.0000009,11.988370640882636
2013-09-28 00:06:20.0000008,11.591889308299436
2013-09-28 00:06:20.0000007,6.5648481340701
2013-09-28 00:06:20.0000006,13.119594830068332
2013-09-28 00:06:20.0000002,13.13963246267429
2013-07-18 08:25:04.0000001,8.317186187126618
2013-07-18 08:25:04.0000002,6.426262996657282
2013-07-18 08:25:04.0000003,9.861112131900152
2011-03-11 01:44:00.00000010,6.990637139191164
2011-03-11 01:44:00.00000070,6.990637139191164
2011-03-11 01:44:00.00000088,23.347841450462088
2011-03-11 01:44:00.00000063,14.724562408545035
2011-03-11 01:44:00.00000058,16.033579091661064
2011-03-11 01:44:00.00000086,19.289361063646908
2011-03-11 01:44:00.00000053,6.147581444938904
2011-03-11 01:44:00.00000094,12.04422627152443
2011-03-11 01:44:00.00000069,5.5044118126284864
2011-03-11 01:44:00.00000061,15.490909909473748
2011-03-11 01:44:00.0000008,5.0622216014544446
2011-03-11 01:44:00.0000002,14.890898436749588
2011-03-11 01:44:00.00000050,5.052405264689283
2011-03-11 01:44:00.00000068,8.289579013804046
2011-03-11 01:44:00.00000018,8.681122267282138
2011-03-11 01:44:00.00000079,15.18843120366053
2011-03-11 01:44:00.00000037,5.37236594467884
2011-03-11 01:44:00.00000015,8.070425462042273
2011-03-11 01:44:00.00000071,5.349486783533295
2011-03-11 01:44:00.00000054,15.831138350299476
2011-03-11 01:44:00.00000080,5.052405264689283
2011-03-11 01:44:00.00000078,8.306714927279732
2011-03-11 01:44:00.00000055,7.725760202595784
2011-03-11 01:44:00.00000026,19.726939909393526
2011-03-11 01:44:00.00000045,12.62238460107195
2011-03-11 01:44:00.00000013,6.147581444938904
2011-03-11 01:44:00.0000007,29.176143801344452
2011-03-11 01:44:00.00000024,5.052405264689283
2011-03-11 01:44:00.00000093,5.508278378502442
2011-03-11 01:44:00.00000089,8.762377807822226
2011-03-11 01:44:00.00000022,9.26457794457177
2011-03-11 01:44:00.00000020,5.0622216014544446
2011-03-11 01:44:00.00000025,4.8886405175426955
2011-03-11 01:44:00.00000090,22.537415136434593
2011-03-11 01:44:00.00000087,14.912877028784443
2011-03-11 01:44:00.00000017,12.834024782359936
2011-03-11 01:44:00.00000031,25.539884641495085
2011-03-11 01:44:00.00000048,13.198953549490124
2011-03-11 01:44:00.00000076,18.26453962696296
2011-03-11 01:44:00.00000012,14.73286425689847
2011-03-11 01:44:00.00000066,10.072116434236891
2011-03-11 01:44:00.0000001,7.382905350387298
2011-03-11 01:44:00.00000091,14.901585288603842
2011-03-11 01:44:00.00000043,8.30849658061956
2011-03-11 01:44:00.00000060,6.990637139191164
2011-03-11 01:44:00.00000049,13.020181004746023
2011-03-11 01:44:00.00000073,6.87157846952056
2011-03-11 01:44:00.0000004,14.295319030596348
2013-12-16 19:06:44.0000002,6.9925262890706446
2013-12-18 03:49:24.0000001,8.326069050280598
2013-08-05 19:04:36.0000002,10.779108112760005
2013-08-05 19:04:36.0000001,8.33339837794112
2009-05-08 18:00:36.0000002,5.481792051774074
2013-01-27 00:09:12.0000002,11.753270929687108
2013-01-27 00:09:12.0000006,7.376500786678313
2013-01-27 00:09:12.0000009,8.78695475863352
2013-01-27 00:09:12.0000001,5.166124030113051
2013-01-27 00:09:12.0000004,8.765323758844623
2013-01-27 00:09:12.0000007,14.997280227092062
2013-01-27 00:09:12.0000005,8.97249070475176
2012-06-18 22:51:56.0000002,5.508278378502442
2012-06-18 22:51:56.0000001,5.052405264689283
2011-06-20 09:55:24.0000004,9.352806541273607
2011-06-20 09:55:24.0000003,5.508278378502442
2011-06-20 09:55:24.0000001,9.30796871172738
2011-06-20 09:55:24.0000002,5.349486783533295
2011-06-20 09:55:24.0000005,7.639311597175585
2015-02-22 09:48:32.0000002,8.33339837794112
2015-02-22 09:48:32.0000001,17.507480868071706
2015-02-22 09:48:32.0000003,23.263031442080123
2010-08-25 23:40:32.0000001,10.606158096306187
2012-01-07 11:21:56.0000002,14.110404169673496
2012-10-31 12:17:24.0000003,8.36819407080166
2012-10-31 12:17:24.0000001,5.532981255351977
2012-10-20 02:05:08.0000001,13.270741382900697
2012-10-20 02:05:08.0000002,6.559472030140918
2012-05-06 08:52:08.0000001,12.5287251441515
2014-10-11 15:11:24.0000002,6.810670814204915
2014-10-11 15:11:24.0000004,42.10233443720985
2014-10-11 15:11:24.0000005,13.726102003772278
2014-10-11 15:11:24.0000006,40.296755925433004
2014-10-11 15:11:24.0000001,7.478463748155743
2009-08-17 12:27:08.0000004,6.505366339665952
2009-08-17 12:27:08.0000001,18.674019433770024
2009-08-17 12:27:08.0000003,6.252656446750238
2011-10-28 07:45:04.0000001,16.575348888706568
2011-10-28 07:45:04.0000003,6.9211171446668915
2011-10-28 07:45:04.0000002,5.052405264689283
2014-04-09 09:23:12.0000003,7.478463748155743
2014-04-09 09:23:12.0000005,6.728095560719113
2014-04-09 09:23:12.0000002,6.7435865203136505
2014-04-09 09:23:12.0000001,10.455083073870828
2013-09-15 02:37:52.0000001,11.491267788142563
2013-09-15 02:37:52.0000003,9.634590144921468
2009-11-25 19:32:52.0000005,13.437064035531172
2009-11-25 19:32:52.0000002,10.250629638702579
2009-11-25 19:32:52.0000003,16.90635051371942
2014-05-30 00:09:16.0000002,11.842072135161693
2014-05-30 00:09:16.0000005,11.267252803641934
2014-05-30 00:09:16.0000003,6.261119217504269
2014-05-30 00:09:16.0000004,6.384613495773382
2014-05-30 00:09:16.0000001,9.779145430509665
2013-10-24 14:18:20.0000001,4.76719568142061
2013-10-24 14:18:20.0000002,7.452821153086911
2013-10-24 14:18:20.0000003,13.941653476191682
2014-06-07 22:07:12.0000002,16.137437377675802
2014-06-07 22:07:12.0000001,12.15876912398657
2013-01-07 17:08:32.0000003,7.478463748155743
2013-01-07 17:08:32.0000001,6.828298727212456
2010-08-11 00:12:08.0000001,6.521234344011842
2011-10-04 09:37:00.0000007,7.727666522237435
2011-10-04 09:37:00.00000092,6.440126312515837
2011-10-04 09:37:00.000000150,5.985504397517526
2011-10-04 09:37:00.00000010,5.657546563439424
2011-10-04 09:37:00.00000065,30.62817243289888
2011-10-04 09:37:00.000000151,6.9905142227978505
2011-10-04 09:37:00.00000089,5.083672507298521
2011-10-04 09:37:00.000000120,7.00413603716027
2011-10-04 09:37:00.0000009,6.372355519103035
2011-10-04 09:37:00.000000110,5.704131739685734
2011-10-04 09:37:00.00000098,13.246233938382211
2011-10-04 09:37:00.00000011,5.052405264689283
2011-10-04 09:37:00.00000042,7.579981546874674
2011-10-04 09:37:00.00000024,7.477101976250768
2011-10-04 09:37:00.000000188,15.767736361491133
2011-10-04 09:37:00.00000071,10.10719414106013
2011-10-04 09:37:00.000000168,10.97691577059072
2011-10-04 09:37:00.000000159,9.90512678560057
2011-10-04 09:37:00.000000171,10.451199301897192
2011-10-04 09:37:00.000000129,6.394531220748633
2011-10-04 09:37:00.000000186,5.704131739685734
2011-10-04 09:37:00.000000123,13.441438192806197
2011-10-04 09:37:00.00000020,4.752433208202197
2011-10-04 09:37:00.00000033,5.052405264689283
2011-10-04 09:37:00.00000058,12.815439073689538
2011-10-04 09:37:00.00000068,9.462007652262212
2011-10-04 09:37:00.000000131,5.0622216014544446
2011-10-04 09:37:00.000000178,29.579855152408506
2011-10-04 09:37:00.000000103,30.86735653694617
2011-10-04 09:37:00.00000026,8.560576746415467
2011-10-04 09:37:00.000000115,5.301636225608965
2011-10-04 09:37:00.00000059,32.91179075485108
2011-10-04 09:37:00.00000090,14.034746122769079
2011-10-04 09:37:00.00000063,7.131065587496472
2011-10-04 09:37:00.000000169,5.052405264689283
2011-10-04 09:37:00.00000066,9.462007652262212
2011-10-04 09:37:00.000000181,5.052405264689283
2011-10-04 09:37:00.00000018,4.87958263595977
2011-10-04 09:37:00.000000112,5.704131739685734
2011-10-04 09:37:00.00000094,11.025774768985993
2011-10-04 09:37:00.0000001,5.704131739685734
2011-10-04 09:37:00.000000139,11.442999293469454
2011-10-04 09:37:00.000000152,10.009522443603613
2011-10-04 09:37:00.000000187,5.690149318370971
2011-10-04 09:37:00.00000070,6.440126312515837
2011-10-04 09:37:00.00000050,6.115018171490971
2011-10-04 09:37:00.0000004,5.8985936172106825
2011-10-04 09:37:00.000000153,11.546936289641344
2011-10-04 09:37:00.00000076,29.459083831005888
2011-10-04 09:37:00.00000079,30.732448292765856
2011-10-04 09:37:00.000000146,6.440126312515837
2011-10-04 09:37:00.000000192,8.560576746415467
2011-10-04 09:37:00.000000172,9.462007652262212
2011-10-04 09:37:00.000000154,6.9905142227978505
2011-10-04 09:37:00.000000124,8.422939645847812
2011-10-04 09:37:00.000000142,5.657546563439424
2011-10-04 09:37:00.000000167,8.691334147597805
2011-10-04 09:37:00.00000048,10.992955915897175
2011-10-04 09:37:00.00000074,13.088404776134357
2011-10-04 09:37:00.000000193,9.462007652262212
2011-10-04 09:37:00.000000166,6.4679415240463936
2011-10-04 09:37:00.000000147,5.985504397517526
2011-10-04 09:37:00.000000189,6.513161209868142
2011-10-04 09:37:00.0000008,7.100896645413116
2011-10-04 09:37:00.000000125,6.076375098816264
2011-10-04 09:37:00.00000051,5.052405264689283
2011-10-04 09:37:00.000000173,8.572103435536139
2011-10-04 09:37:00.00000096,11.061806586449416
2011-10-04 09:37:00.000000174,6.394531220748633
2011-10-04 09:37:00.000000130,7.780171416897765
2011-10-04 09:37:00.00000016,6.440126312515837
2011-10-04 09:37:00.000000145,6.949487819113964
2011-10-04 09:37:00.000000140,7.804472200659226
2011-10-04 09:37:00.00000040,29.53848056510969
2011-10-04 09:37:00.000000118,11.546936289641344
2011-10-04 09:37:00.00000081,7.091974690676962
2011-10-04 09:37:00.000000175,9.929225764094163
2011-10-04 09:37:00.00000072,9.462007652262212
2011-10-04 09:37:00.000000143,5.570128176444648
2011-10-04 09:37:00.000000104,6.440126312515837
2011-10-04 09:37:00.00000053,6.765161728199424
2011-10-04 09:37:00.00000084,5.052405264689283
2011-10-04 09:37:00.00000030,9.510616809723533
2011-10-04 09:37:00.000000100,6.982261441790039
2011-10-04 09:37:00.000000105,7.17257965338518
2011-10-04 09:37:00.00000041,5.0622216014544446
2011-10-04 09:37:00.00000091,11.67375901413056
2011-10-04 09:37:00.00000078,6.440126312515837
2011-10-04 09:37:00.000000197,7.681049873411801
2011-10-04 09:37:00.000000119,9.90512678560057
2011-10-04 09:37:00.000000161,7.780171416897765
2011-10-04 09:37:00.00000039,6.394531220748633
2011-10-04 09:37:00.00000086,7.091974690676962
2011-10-04 09:37:00.000000195,9.127421478549905
2011-10-04 09:37:00.000000182,7.2007112907861055
2011-10-04 09:37:00.000000133,6.440126312515837
2011-10-04 09:37:00.00000029,9.267013060935644
2011-10-04 09:37:00.000000144,6.3175246399856215
2011-10-04 09:37:00.000000128,6.440126312515837
2011-10-04 09:37:00.00000027,7.804472200659226
2011-10-04 09:37:00.00000032,6.440126312515837
2011-10-04 09:37:00.00000073,8.553820618685396
2011-10-04 09:37:00.00000083,8.598910060980673
2011-10-04 09:37:00.00000021,6.791978641869569
2011-10-04 09:37:00.000000137,5.052405264689283
2011-10-04 09:37:00.00000087,47.50633727040975
2011-10-04 09:37:00.00000060,30.67938628713484
2011-10-04 09:37:00.000000138,9.109032270629092
2011-10-04 09:37:00.00000046,9.549591141227602
2011-10-04 09:37:00.00000075,9.193330370747757
2011-10-04 09:37:00.000000198,5.0622216014544446
2011-10-04 09:37:00.000000121,9.510616809723533
2011-10-04 09:37:00.000000116,5.052405264689283
2011-10-04 09:37:00.000000117,7.804472200659226
2011-10-04 09:37:00.00000097,13.536040654771371
2011-10-04 09:37:00.00000012,5.052405264689283
2011-10-04 09:37:00.00000093,32.528352735439825
2011-10-04 09:37:00.000000101,5.704131739685734
2011-10-04 09:37:00.00000082,18.75342103550703
2011-10-04 09:37:00.000000126,6.7506131481954705
2011-10-04 09:37:00.00000035,9.462007652262212
2011-10-04 09:37:00.000000127,15.433794874827168
2011-10-04 09:37:00.000000156,5.083672507298521
2014-04-29 08:15:56.0000002,6.549757274926395
2014-04-29 08:15:56.0000001,7.478463748155743
2012-10-23 14:15:04.0000003,10.911051045743369
2012-10-23 14:15:04.0000004,12.664555620799117
2012-10-23 14:15:04.0000001,5.714528496372447
2012-08-31 08:01:16.0000001,6.281644559601516
2012-10-18 21:06:20.0000003,9.677533130597736
2012-10-18 21:06:20.0000006,45.5070356111142
2012-10-18 21:06:20.0000002,7.26305294421282
2012-10-18 21:06:20.0000005,9.21368377193535
2012-10-18 21:06:20.0000004,8.854242666091096
2012-10-18 21:06:20.0000008,8.88786212363439
2012-10-18 21:06:20.00000010,7.302143841032329
2012-10-18 21:06:20.0000001,30.511631402254338
2014-02-26 04:36:28.0000001,15.312122756925085
2010-02-20 00:43:28.0000002,7.3011863602840785
2010-02-20 00:43:28.0000004,19.51110107469841
2010-02-20 00:43:28.0000003,8.30547473711341
2010-02-20 00:43:28.0000001,11.042237298242675
2009-08-21 08:00:48.0000002,8.379622947092594
2009-08-21 08:00:48.0000001,7.248572654474771
2009-08-21 08:00:48.0000003,6.9372231882969775
2014-12-24 03:00:00.00000034,8.084825206416737
2014-12-24 03:00:00.00000013,27.89027217853376
2014-12-24 03:00:00.0000001,15.558910045568169
2014-12-24 03:00:00.00000032,8.898300040365713
2014-12-24 03:00:00.0000006,6.49576377974377
2014-12-24 03:00:00.00000037,7.045619685375735
2014-12-24 03:00:00.00000012,11.407982246684607
2014-12-24 03:00:00.00000023,22.364991029726546
2014-12-24 03:00:00.00000041,6.384613495773382
2014-12-24 03:00:00.0000008,8.074492440243395
2014-12-24 03:00:00.00000024,14.51840017477443
2014-12-24 03:00:00.00000038,8.945746706320776
2014-12-24 03:00:00.0000009,8.29031169843883
2014-12-24 03:00:00.00000018,14.14102027953449
2014-12-24 03:00:00.00000011,26.61730907440369
2014-12-24 03:00:00.00000021,11.940187594849373
2014-12-24 03:00:00.00000030,8.898300040365713
2014-12-24 03:00:00.00000010,6.9787194138215725
2014-12-24 03:00:00.0000004,10.460279400698765
2014-12-24 03:00:00.00000022,13.93784324377737
2014-12-24 03:00:00.00000028,7.045619685375735
2012-08-19 12:46:40.0000003,14.892802737258034
2012-08-19 12:46:40.0000002,5.052405264689283
2012-08-19 12:46:40.0000001,9.272722395675965
2013-12-02 17:53:24.0000003,11.970699437826282
2013-12-02 17:53:24.0000001,13.770376314401714
2013-12-02 17:53:24.0000002,11.793727292345622
2011-11-07 18:53:08.0000002,9.943534342057296
2011-11-07 18:53:08.0000001,11.498768521602972
2009-05-16 23:36:24.0000001,8.43400660910075
2009-05-16 23:36:24.0000002,5.508278378502442
2011-01-10 10:56:56.0000003,7.639311597175585
2011-01-10 10:56:56.0000002,30.263683619879203
2011-01-10 10:56:56.0000001,5.508278378502442
2010-10-07 10:54:20.0000002,8.68591705573194
2010-10-07 10:54:20.0000005,13.442338320952055
2010-10-07 10:54:20.0000001,5.704131739685734
2010-10-07 10:54:20.0000004,7.131065587496472
2011-02-21 20:11:08.0000001,8.644111584134583
2011-02-21 20:11:08.0000005,6.932180567219627
2011-02-21 20:11:08.0000002,9.458593043830371
2011-02-21 20:11:08.0000003,8.644111584134583
2011-02-21 20:11:08.0000004,38.45018752060118
2009-10-04 22:54:56.0000003,9.320165644677665
2015-04-11 20:31:32.0000007,6.452417588637401
2015-04-11 20:31:32.00000012,6.868900975212245
2015-04-11 20:31:32.0000003,34.92779879550196
2015-04-11 20:31:32.0000006,12.8104387518066
2015-04-11 20:31:32.0000002,22.25444923583507
2015-04-11 20:31:32.0000009,12.15876912398657
2015-04-11 20:31:32.00000010,5.561963418235598
2015-04-11 20:31:32.0000001,8.33339837794112
2012-04-02 02:53:24.0000001,14.36517110002827
2014-04-21 16:00:36.0000001,5.166124030113051
2014-04-21 16:00:36.0000003,9.462590191699286
2014-04-21 16:00:36.0000002,5.108195101867418
2012-03-22 21:11:36.0000006,14.836580237784723
2012-03-22 21:11:36.0000008,9.267661605330023
2012-03-22 21:11:36.0000005,10.128030188712726
2012-03-22 21:11:36.0000001,10.2036258818836
2012-03-22 21:11:36.0000004,5.052405264689283
2012-03-22 21:11:36.0000007,5.508278378502442
2012-03-22 21:11:36.0000002,9.210927541033065
2012-03-22 21:11:36.0000003,20.938315068126812
2011-04-08 00:57:44.0000001,5.481792051774074
2011-02-20 12:31:04.0000001,9.7815249720692
2011-02-20 12:31:04.0000003,4.7016581969073865
2011-02-06 17:08:24.0000004,17.689834943417864
2011-02-06 17:08:24.0000002,7.639311597175585
2011-02-06 17:08:24.0000001,8.870380680221508
2013-01-01 22:04:56.0000001,8.662874861465866
2013-04-23 17:52:44.0000001,19.534085016142654
2013-04-23 17:52:44.0000002,6.426262996657282
2013-07-02 21:47:24.0000003,5.0983787651022565
2013-07-02 21:47:24.0000002,17.214342708641272
2013-07-02 21:47:24.0000001,19.392352972382326
2010-01-01 13:19:40.0000002,17.717105256915165
2010-01-01 13:19:40.0000005,8.94897374967094
2010-01-01 13:19:40.0000001,9.947429330343255
2010-01-01 13:19:40.0000003,64.80955863520822
2013-04-26 20:41:16.0000001,8.996770690551008
2010-03-06 23:51:08.0000002,12.220276417605639
2010-03-06 23:51:08.0000001,8.641752284724113
2014-04-17 16:58:28.0000001,9.861112131900152
2014-04-17 16:58:28.0000002,12.636320480785757
2014-01-06 16:39:16.0000001,27.55017492836693
2015-02-12 05:37:56.0000002,5.108195101867418
2011-12-22 01:00:08.0000001,18.0080940512225
2011-12-22 01:00:08.0000002,7.626593018460514
2011-08-20 17:04:24.0000001,5.083672507298521
2011-06-30 13:07:36.0000001,5.508278378502442
2011-06-30 13:07:36.0000005,9.30583896927314
2011-06-30 13:07:36.0000002,6.900968929530218
2011-06-30 13:07:36.0000004,6.2453460371091785
2011-06-30 13:07:36.0000003,8.370220098850313
2014-04-27 02:57:00.000000100,4.901232083647582
2014-04-27 02:57:00.000000130,6.89749477681333
2014-04-27 02:57:00.000000109,30.170734648195218
2014-04-27 02:57:00.00000096,19.913294411300186
2014-04-27 02:57:00.00000063,11.706717645944723
2014-04-27 02:57:00.000000177,7.225356182196946
2014-04-27 02:57:00.000000132,16.111668022175284
2014-04-27 02:57:00.000000170,23.355911397777767
2014-04-27 02:57:00.00000021,11.835372479285482
2014-04-27 02:57:00.000000136,14.009797254053865
2014-04-27 02:57:00.00000032,11.782116205173287
2014-04-27 02:57:00.000000107,6.261119217504269
2014-04-27 02:57:00.00000028,42.14924719860573
2014-04-27 02:57:00.00000026,16.175387330228045
2014-04-27 02:57:00.000000139,8.627867399521055
2014-04-27 02:57:00.00000015,21.169265148010354
2014-04-27 02:57:00.00000095,5.0983787651022565
2014-04-27 02:57:00.000000105,24.11070359563968
2014-04-27 02:57:00.000000196,9.692470661996198
2014-04-27 02:57:00.0000001,5.57261076170873
2014-04-27 02:57:00.000000175,13.618720419187145
2014-04-27 02:57:00.000000188,18.899026122592485
2014-04-27 02:57:00.00000051,14.635477680339054
2014-04-27 02:57:00.00000055,8.084825206416737
2014-04-27 02:57:00.00000016,15.494602371334931
2014-04-27 02:57:00.000000169,8.065739974423556
2014-04-27 02:57:00.00000086,12.482750968284893
2014-04-27 02:57:00.000000148,15.742137412020774
2014-04-27 02:57:00.00000087,15.771057274841672
2014-04-27 02:57:00.00000027,15.560445001986686
2014-04-27 02:57:00.000000120,21.953837367058814
2014-04-27 02:57:00.00000068,5.0983787651022565
2014-04-27 02:57:00.00000099,8.596619625180022
2014-04-27 02:57:00.000000193,9.083162911769593
2014-04-27 02:57:00.00000081,18.750248036873483
2014-04-27 02:57:00.000000135,23.014904627616765
2014-04-27 02:57:00.000000181,6.384613495773382
2014-04-27 02:57:00.00000020,6.609912644088032
2014-04-27 02:57:00.000000157,18.474402077206392
2014-04-27 02:57:00.00000079,20.57086407679258
2014-04-27 02:57:00.00000019,8.296783407817703
2014-04-27 02:57:00.000000126,14.425004068132484
2014-04-27 02:57:00.0000002,6.261119217504269
2014-04-27 02:57:00.00000062,9.848388061044124
2014-04-27 02:57:00.00000085,11.620497816562516
2014-04-27 02:57:00.00000014,13.884948286554197
2014-04-27 02:57:00.000000161,10.47268348919933
2014-04-27 02:57:00.00000084,13.491056257850746
2014-04-27 02:57:00.000000122,20.183949135644145
2014-04-27 02:57:00.000000111,8.960785909833115
2014-04-27 02:57:00.000000113,9.747490307310288
2014-04-27 02:57:00.00000071,10.24686448347628
2014-04-27 02:57:00.00000077,11.584546680684143
2014-04-27 02:57:00.000000134,46.593095814259485
2014-04-27 02:57:00.000000103,11.80662811391407
2014-04-27 02:57:00.000000102,14.032587203447074
2014-04-27 02:57:00.000000160,22.382832534116645
2014-04-27 02:57:00.00000042,5.0983787651022565
2014-04-27 02:57:00.00000054,6.9782834395766535
2014-04-27 02:57:00.00000049,15.434702596157246
2014-04-27 02:57:00.000000147,11.584546680684143
2014-04-27 02:57:00.00000045,9.100140492761136
2014-04-27 02:57:00.0000003,19.96938862175139
2014-04-27 02:57:00.000000182,9.56732372713162
2014-04-27 02:57:00.000000180,8.675749599490194
2014-04-27 02:57:00.00000038,21.111256596403667
2014-04-27 02:57:00.0000005,9.827254215542123
2014-04-27 02:57:00.000000108,5.108195101867418
2014-04-27 02:57:00.00000092,6.196844554480168
2014-04-27 02:57:00.000000192,6.261119217504269
2014-04-27 02:57:00.000000165,8.032775419944947
2014-04-27 02:57:00.000000115,9.516580023026991
2014-04-27 02:57:00.00000029,9.416697836308384
2014-04-27 02:57:00.00000050,7.045619685375735
2014-04-27 02:57:00.000000119,9.713743643505673
2014-04-27 02:57:00.00000011,17.274646850066578
2014-04-27 02:57:00.000000114,8.07115689235769
2014-04-27 02:57:00.000000190,12.35633577736686
2014-04-27 02:57:00.00000061,10.604825621860641
2014-04-27 02:57:00.00000098,11.524450162402886
2014-04-27 02:57:00.00000040,7.6028474788402205
2014-04-27 02:57:00.000000117,18.171102044916744
2014-04-27 02:57:00.000000150,8.333619171070938
2014-04-27 02:57:00.00000035,9.01622100516725
2014-04-27 02:57:00.00000022,20.40593270607445
2014-04-27 02:57:00.000000146,7.808462802346699
2014-04-27 02:57:00.00000018,9.692470661996198
2014-04-27 02:57:00.00000041,14.137943073425506
2014-04-27 02:57:00.00000089,18.1080689383152
2014-04-27 02:57:00.00000088,8.118686658612837
2014-04-27 02:57:00.000000101,11.591889308299436
2014-04-27 02:57:00.00000058,25.90492958277428
2014-04-27 02:57:00.00000030,9.07302621939617
2014-04-27 02:57:00.000000156,13.390687641274365
2014-04-27 02:57:00.00000024,8.140073502168693
2014-04-27 02:57:00.000000163,7.755767266008743
2014-04-27 02:57:00.000000152,12.321066259549498
2014-04-27 02:57:00.00000037,6.946064546115134
2014-04-27 02:57:00.00000065,6.261119217504269
2014-04-27 02:57:00.0000006,26.716958346066626
2014-04-27 02:57:00.00000060,9.201354715133796
2014-04-27 02:57:00.000000110,7.376500786678313
2014-04-27 02:57:00.00000034,6.261119217504269
2014-04-27 02:57:00.000000149,25.750434501862088
2014-04-27 02:57:00.000000176,5.0983787651022565
2014-04-27 02:57:00.000000184,7.045619685375735
2014-04-27 02:57:00.000000118,8.171980883290205
2014-04-27 02:57:00.000000186,14.189869884041048
2014-04-27 02:57:00.000000104,10.579702318549828
2014-04-27 02:57:00.00000080,26.11898186546223
2014-04-27 02:57:00.000000121,8.774092910950564
2014-04-27 02:57:00.00000093,7.537665047630851
2014-04-27 02:57:00.00000056,9.543865618038666
2014-04-27 02:57:00.00000044,15.457870190636022
2014-04-27 02:57:00.00000048,8.374149856782033
2014-04-27 02:57:00.00000059,14.611430091853752
2014-04-27 02:57:00.000000194,20.28957262339907
2014-04-27 02:57:00.000000185,21.99736746227614
2014-04-27 02:57:00.000000125,18.703959611912193
2014-04-27 02:57:00.00000046,13.341293307913368
2014-04-27 02:57:00.00000070,18.441592487733768
2014-04-27 02:57:00.000000133,15.005512665349713
2011-01-18 10:26:40.0000003,5.481792051774074
2011-01-18 10:26:40.0000002,8.379622947092594
2012-04-20 07:57:20.0000001,8.288176396451597
2012-04-20 07:57:20.0000004,5.508278378502442
2012-04-20 07:57:20.0000003,6.372275271129475
2012-04-20 07:57:20.0000002,5.052405264689283
2011-12-13 22:00:00.00000071,13.03923758901657
2011-12-13 22:00:00.000000178,5.052405264689283
2011-12-13 22:00:00.00000016,8.357627142048583
2011-12-13 22:00:00.000000127,8.26842909810164
2011-12-13 22:00:00.00000065,5.052405264689283
2011-12-13 22:00:00.000000227,4.7016581969073865
2011-12-13 22:00:00.000000257,5.704131739685734
2011-12-13 22:00:00.000000238,7.696736105857939
2011-12-13 22:00:00.0000008,8.891293763148875
2011-12-13 22:00:00.000000252,5.704131739685734
2011-12-13 22:00:00.000000204,13.049903023032682
2011-12-13 22:00:00.000000120,9.935717828614058
2011-12-13 22:00:00.000000175,5.052405264689283
2011-12-13 22:00:00.00000010,12.575843345892835
2011-12-13 22:00:00.00000048,6.765161728199424
2011-12-13 22:00:00.000000189,5.570128176444648
2011-12-13 22:00:00.00000011,5.59036087512484
2011-12-13 22:00:00.000000247,7.780171416897765
2011-12-13 22:00:00.000000261,4.7016581969073865
2011-12-13 22:00:00.0000004,12.356860609910248
2011-12-13 22:00:00.00000014,12.069419090612808
2011-12-13 22:00:00.000000151,36.62650869750859
2011-12-13 22:00:00.00000025,6.440126312515837
2011-12-13 22:00:00.00000039,10.356498659083519
2011-12-13 22:00:00.000000179,8.354831327172935
2011-12-13 22:00:00.000000137,10.497123568981328
2011-12-13 22:00:00.00000091,14.774068701191817
2011-12-13 22:00:00.000000109,6.372355519103035
2011-12-13 22:00:00.000000174,8.740161835901546
2011-12-13 22:00:00.000000225,17.70006242246961
2011-12-13 22:00:00.000000207,7.100896645413116
2011-12-13 22:00:00.000000269,24.582207085197442
2011-12-13 22:00:00.000000234,7.131065587496472
2011-12-13 22:00:00.00000017,8.324755834771286
2011-12-13 22:00:00.00000046,5.704131739685734
2011-12-13 22:00:00.00000057,12.330233225770517
2011-12-13 22:00:00.000000105,7.780171416897765
2011-12-13 22:00:00.000000114,14.789344051898928
2011-12-13 22:00:00.00000030,5.704131739685734
2011-12-13 22:00:00.000000100,6.440126312515837
2011-12-13 22:00:00.00000088,15.96171841990469
2011-12-13 22:00:00.000000242,8.723891510080378
2011-12-13 22:00:00.000000113,7.100896645413116
2011-12-13 22:00:00.000000157,12.096471791955901
2011-12-13 22:00:00.000000177,13.03923758901657
2011-12-13 22:00:00.000000169,9.349033167177259
2011-12-13 22:00:00.000000123,5.052405264689283
2011-12-13 22:00:00.000000182,30.45026958367417
2011-12-13 22:00:00.000000129,7.780171416897765
2011-12-13 22:00:00.000000136,32.63275239654512
2011-12-13 22:00:00.000000187,6.440126312515837
2011-12-13 22:00:00.000000218,7.780171416897765
2011-12-13 22:00:00.000000167,27.90353994275232
2011-12-13 22:00:00.000000192,9.349033167177259
2011-12-13 22:00:00.00000024,7.091974690676962
2011-12-13 22:00:00.00000093,10.669674200424158
2011-12-13 22:00:00.000000260,5.052405264689283
2011-12-13 22:00:00.00000038,5.052405264689283
2011-12-13 22:00:00.000000208,6.440126312515837
2011-12-13 22:00:00.000000210,6.440126312515837
2011-12-13 22:00:00.000000181,6.390248657851089
2011-12-13 22:00:00.000000111,10.402415533448895
2011-12-13 22:00:00.000000161,16.19356315832425
2011-12-13 22:00:00.000000209,5.052405264689283
2011-12-13 22:00:00.00000029,6.440126312515837
2011-12-13 22:00:00.00000067,5.704131739685734
2011-12-13 22:00:00.000000202,5.083672507298521
2011-12-13 22:00:00.000000245,9.320165644677665
2011-12-13 22:00:00.000000206,10.321246783830816
2011-12-13 22:00:00.0000003,6.440126312515837
2011-12-13 22:00:00.00000060,12.56967067666472
2011-12-13 22:00:00.00000053,6.440126312515837
2011-12-13 22:00:00.000000201,8.467982504147864
2011-12-13 22:00:00.000000212,10.347447521199348
2011-12-13 22:00:00.000000235,16.319687943883274
2011-12-13 22:00:00.000000170,23.593560638073455
2011-12-13 22:00:00.000000253,5.052405264689283
2011-12-13 22:00:00.000000172,18.07068793727917
2011-12-13 22:00:00.00000086,5.052405264689283
2011-12-13 22:00:00.000000223,43.411492957810815
2011-12-13 22:00:00.0000009,11.751314461528635
2011-12-13 22:00:00.00000031,12.36686045708609
2011-12-13 22:00:00.000000243,9.334392097317888
2011-12-13 22:00:00.000000133,11.413631378665514
2011-12-13 22:00:00.000000199,7.804472200659226
2011-12-13 22:00:00.000000104,25.361783938751227
2011-12-13 22:00:00.00000023,47.50633727040975
2011-12-13 22:00:00.00000075,30.187663095696973
2011-12-13 22:00:00.000000217,5.052405264689283
2011-12-13 22:00:00.000000220,8.26842909810164
2011-12-13 22:00:00.000000211,4.752433208202197
2011-12-13 22:00:00.000000150,8.813572625052913
2011-12-13 22:00:00.00000020,5.052405264689283
2011-12-13 22:00:00.000000254,9.10637308358554
2011-12-13 22:00:00.000000183,7.780171416897765
2011-12-13 22:00:00.000000166,12.14739914010307
2011-12-13 22:00:00.00000063,7.780171416897765
2011-12-13 22:00:00.000000124,5.704131739685734
2011-12-13 22:00:00.000000219,8.53721540249615
2011-12-13 22:00:00.00000099,15.8579933703364
2011-12-13 22:00:00.00000041,7.100896645413116
2011-12-13 22:00:00.00000080,11.408908033290523
2011-12-13 22:00:00.000000216,24.582207085197442
2011-12-13 22:00:00.000000240,5.704131739685734
2011-12-13 22:00:00.000000153,8.354831327172935
2011-12-13 22:00:00.00000068,4.7016581969073865
2011-12-13 22:00:00.000000263,9.242748248216648
2011-12-13 22:00:00.00000061,12.971047115339228
2011-12-13 22:00:00.000000162,5.704131739685734
2011-12-13 22:00:00.00000045,5.704131739685734
2011-12-13 22:00:00.000000193,5.662210703889387
2011-12-13 22:00:00.000000112,30.45026958367417
2011-12-13 22:00:00.000000165,6.440126312515837
2011-12-13 22:00:00.000000255,12.442065259750171
2011-12-13 22:00:00.000000106,30.45026958367417
2011-12-13 22:00:00.000000125,14.494792180190602
2011-12-13 22:00:00.000000250,7.780171416897765
2011-12-13 22:00:00.0000006,5.724364438365927
2011-12-13 22:00:00.00000090,5.052405264689283
2011-12-13 22:00:00.00000055,5.907757044378236
2011-12-13 22:00:00.000000188,8.723891510080378
2011-12-13 22:00:00.000000259,13.616403827800944
2011-12-13 22:00:00.000000142,14.94940704924346
2011-12-13 22:00:00.000000155,7.00413603716027
2011-12-13 22:00:00.00000082,5.570128176444648
2011-12-13 22:00:00.00000069,7.131065587496472
2011-12-13 22:00:00.00000097,13.096521072960888
2011-12-13 22:00:00.000000107,29.336068636065207
2011-12-13 22:00:00.000000126,6.385467931720883
2011-12-13 22:00:00.00000012,10.402415533448895
2011-12-13 22:00:00.000000158,7.669659895988562
2011-12-13 22:00:00.000000196,7.066264183337695
2011-12-13 22:00:00.000000132,23.593560638073455
2011-12-13 22:00:00.000000244,7.019406831219791
2011-12-13 22:00:00.000000268,8.787193630067451
2011-12-13 22:00:00.00000064,6.440126312515837
2011-12-13 22:00:00.000000159,10.531806679118425
2011-12-13 22:00:00.000000163,20.1280580791082
2011-12-13 22:00:00.000000232,18.632391364024798
2011-12-13 22:00:00.0000007,9.413879446648195
2011-12-13 22:00:00.00000054,5.0622216014544446
2011-12-13 22:00:00.000000230,17.31191383259155
2011-12-13 22:00:00.000000256,6.440126312515837
2011-12-13 22:00:00.000000146,6.990423472741399
2011-12-13 22:00:00.000000265,8.683721116828902
2011-12-13 22:00:00.00000076,7.396014611616055
2011-12-13 22:00:00.00000062,18.356152288269534
2011-12-13 22:00:00.00000032,6.798375241894321
2011-12-13 22:00:00.000000213,5.704131739685734
2011-12-13 22:00:00.00000083,13.48690397638818
2011-12-13 22:00:00.00000026,10.482398929877613
2011-12-13 22:00:00.000000239,12.501535947731929
2011-12-13 22:00:00.000000233,10.759425865381898
2011-12-13 22:00:00.00000089,9.21368377193535
2011-12-13 22:00:00.000000267,7.816153522615041
2011-12-13 22:00:00.000000176,7.749807237854785
2011-12-13 22:00:00.000000139,5.0622216014544446
2011-12-13 22:00:00.00000027,5.052405264689283
2011-12-13 22:00:00.00000042,8.721532210669906
2011-12-13 22:00:00.000000241,13.295155298008343
2011-12-13 22:00:00.000000222,7.76813833367283
2012-03-12 09:50:24.0000001,8.998154307991415
2012-03-12 09:50:24.0000003,6.580688548465469
2012-03-12 09:50:24.0000002,6.826225066980954
2014-05-13 07:33:52.0000006,5.108195101867418
2014-05-13 07:33:52.0000004,6.947648261477102
2014-05-13 07:33:52.0000001,8.220611511234889
2014-05-13 07:33:52.0000002,4.964311303389898
2014-05-13 07:33:52.0000003,13.311625229584948
2011-06-30 09:37:08.0000002,9.814641545666374
2011-06-30 09:37:08.0000003,5.021555429461806
2012-09-18 17:13:40.0000002,6.559472030140918
2012-09-18 17:13:40.0000001,7.008497997983536
2011-06-07 12:11:56.0000004,19.358398899036846
2011-06-07 12:11:56.0000001,10.861428955482898
2011-06-07 12:11:56.0000003,28.71210428737251
2011-06-07 12:11:56.0000002,4.919907760151934
2011-06-07 12:11:56.0000005,6.147581444938904
2010-05-21 23:04:44.0000002,17.96756047272185
2010-05-21 23:04:44.0000001,15.834613712875266
2009-01-28 16:36:28.0000002,7.1877840639074035
2009-01-28 16:36:28.0000003,47.32745299154119
2009-01-28 16:36:28.0000005,6.652131884138387
2009-01-28 16:36:28.0000006,9.68949569764539
2009-01-28 16:36:28.0000001,5.349486783533295
2012-03-12 02:58:56.0000001,15.455029594020893
2010-07-21 22:06:12.0000005,8.68090466883425
2010-07-21 22:06:12.0000003,6.9372231882969775
2010-07-21 22:06:12.0000001,25.220475648279262
2010-07-21 22:06:12.0000002,11.855413222482516
2009-04-12 16:00:56.0000001,12.55241920682269
2013-05-24 13:37:32.0000001,6.549757274926395
2011-07-29 20:50:36.0000001,13.055641127543984
2011-07-29 20:50:36.0000003,25.443245971452903
2011-07-29 20:50:36.0000002,5.866679451290729
2014-03-05 21:07:12.0000003,13.895960555841695
2014-03-05 21:07:12.0000004,8.639081057833252
2009-11-28 15:07:24.0000004,47.394856063876134
2009-11-28 15:07:24.0000001,12.818312895614019
2009-11-28 15:07:24.0000003,6.440126312515837
2015-04-11 14:16:12.0000003,6.5243978633187325
2015-04-11 14:16:12.00000010,4.80145600612665
2015-04-11 14:16:12.00000011,5.108195101867418
2015-04-11 14:16:12.0000001,7.478463748155743
2015-04-11 14:16:12.0000002,6.5243978633187325
2015-04-11 14:16:12.0000006,55.86209146560775
2015-04-11 14:16:12.0000007,5.0983787651022565
2015-04-11 14:16:12.0000008,10.344789382851559
2014-11-15 10:57:20.0000002,4.748583128326871
2014-11-15 10:57:20.0000001,6.774056057672982
2010-07-31 15:47:28.0000001,5.052405264689283
2014-05-12 20:56:48.0000005,5.0983787651022565
2014-05-12 20:56:48.0000001,8.906046095651735
2014-05-12 20:56:48.0000004,9.024211348797664
2014-05-12 20:56:48.0000003,8.64913003468021
2014-05-12 20:56:48.0000002,12.002919428168056
2014-01-16 06:00:48.0000001,11.726372884232102
2014-04-23 11:18:40.0000003,10.507306704631501
2014-04-23 11:18:40.0000002,7.393280157509258
2014-04-23 11:18:40.0000001,9.932985270379316
2011-09-22 04:49:56.0000001,33.95454075110647
2011-10-28 07:35:52.0000003,6.440126312515837
2011-10-28 07:35:52.0000002,9.789753935460874
2011-10-28 07:35:52.0000001,6.730249671728051
2015-05-10 19:54:00.0000001,8.33339837794112
2015-05-10 19:54:00.0000003,6.549757274926395
2015-05-10 19:54:00.0000005,9.040001962244297
2015-05-10 19:54:00.0000004,10.887045796135006
2011-03-28 23:18:48.0000001,10.655670002431417
2014-08-26 01:31:04.0000001,29.740692877369032
2015-02-26 15:55:48.0000004,12.340950375901011
2015-02-26 15:55:48.0000003,7.836822333013621
2015-02-26 15:55:48.0000002,5.108195101867418
2013-11-22 15:36:36.0000002,4.748583128326871
2010-02-13 11:03:04.0000002,5.508278378502442
2010-02-13 11:03:04.0000001,5.0622216014544446
2010-02-13 11:03:04.0000004,5.508278378502442
2010-02-13 11:03:04.0000003,5.584986392016816
2011-06-26 18:48:08.0000004,10.281362252016551
2011-06-26 18:48:08.0000005,17.36265413914377
2011-06-26 18:48:08.0000002,5.481792051774074
2011-06-26 18:48:08.0000001,7.795862811150873
2010-10-14 23:48:56.0000001,6.394531220748633
2010-10-14 23:48:56.0000002,46.50245574656904
2010-10-14 23:48:56.0000003,12.148663718774241
2010-10-14 23:48:56.0000004,6.076375098816264
2011-01-22 07:48:28.0000001,8.24970548022755
2011-10-17 18:49:20.0000003,14.744115431353315
2011-10-17 18:49:20.0000002,6.845303816334718
2011-10-17 18:49:20.0000005,9.80765683988118
2009-03-24 16:39:12.0000002,9.814641545666374
2009-03-24 16:39:12.0000004,7.639311597175585
2009-03-24 16:39:12.0000003,10.861428955482898
2009-03-24 16:39:12.0000001,5.822440170380084
2014-07-21 18:19:00.000000102,7.478463748155743
2014-07-21 18:19:00.000000106,10.01967651308196
2014-07-21 18:19:00.000000107,6.486030462185905
2014-07-21 18:19:00.00000094,40.18964470408491
2014-07-21 18:19:00.000000161,7.478463748155743
2014-07-21 18:19:00.000000129,16.90671835691343
2014-07-21 18:19:00.00000083,5.554317006311977
2014-07-21 18:19:00.000000163,14.864032004097053
2014-07-21 18:19:00.000000117,12.156482676586439
2014-07-21 18:19:00.00000028,4.80145600612665
2014-07-21 18:19:00.00000089,16.2227204392367
2014-07-21 18:19:00.000000130,6.610136756794208
2014-07-21 18:19:00.000000105,6.791863384676376
2014-07-21 18:19:00.000000123,17.299821096852995
2014-07-21 18:19:00.000000103,55.77187778059246
2014-07-21 18:19:00.000000227,8.998154307991415
2014-07-21 18:19:00.000000189,10.159848685164867
2014-07-21 18:19:00.000000168,8.33339837794112
2014-07-21 18:19:00.000000173,12.53458903488527
2014-07-21 18:19:00.000000128,15.36798216777872
2014-07-21 18:19:00.000000143,27.90029385602886
2014-07-21 18:19:00.00000018,20.152526282154817
2014-07-21 18:19:00.00000049,12.089407304057676
2014-07-21 18:19:00.00000022,7.457493309179679
2014-07-21 18:19:00.000000200,7.559994266897438
2014-07-21 18:19:00.000000193,9.932985270379316
2014-07-21 18:19:00.000000231,9.141776347950419
2014-07-21 18:19:00.000000202,14.052217738745561
2014-07-21 18:19:00.00000092,34.11632378830715
2014-07-21 18:19:00.000000148,6.549757274926395
2014-07-21 18:19:00.00000057,4.80145600612665
2014-07-21 18:19:00.00000074,7.478463748155743
2014-07-21 18:19:00.000000183,13.80341402207749
2014-07-21 18:19:00.000000221,8.027550865347466
2014-07-21 18:19:00.00000078,7.478463748155743
2014-07-21 18:19:00.00000058,7.478463748155743
2014-07-21 18:19:00.000000214,7.478463748155743
2014-07-21 18:19:00.000000122,10.159848685164867
2014-07-21 18:19:00.000000137,4.748583128326871
2014-07-21 18:19:00.00000027,8.33339837794112
2014-07-21 18:19:00.00000047,20.694797266466267
2014-07-21 18:19:00.00000061,11.246719831472026
2014-07-21 18:19:00.000000196,10.507306704631501
2014-07-21 18:19:00.000000125,16.766898138218018
2014-07-21 18:19:00.000000126,19.94401440429642
2014-07-21 18:19:00.000000145,4.748583128326871
2014-07-21 18:19:00.00000080,14.166078763209565
2014-07-21 18:19:00.00000055,9.857716692671499
2014-07-21 18:19:00.00000066,10.785374151662968
2014-07-21 18:19:00.000000111,6.539381632294806
2014-07-21 18:19:00.00000042,7.478463748155743
2014-07-21 18:19:00.000000215,5.683428231347546
2014-07-21 18:19:00.00000043,27.9534211214266
2014-07-21 18:19:00.000000119,19.72979770126995
2014-07-21 18:19:00.000000115,12.461638625204825
2014-07-21 18:19:00.0000009,10.00417158354522
2014-07-21 18:19:00.00000075,10.507306704631501
2014-07-21 18:19:00.000000118,4.748583128326871
2014-07-21 18:19:00.00000038,18.36503896690687
2014-07-21 18:19:00.000000124,10.507306704631501
2014-07-21 18:19:00.000000242,9.915673296840401
2014-07-21 18:19:00.00000019,7.812240291155535
2014-07-21 18:19:00.00000056,12.179571994165459
2014-07-21 18:19:00.000000239,7.478463748155743
2014-07-21 18:19:00.000000101,8.33339837794112
2014-07-21 18:19:00.000000216,40.508284166766195
2014-07-21 18:19:00.000000198,6.5243978633187325
2014-07-21 18:19:00.000000174,38.64884753877455
2014-07-21 18:19:00.00000070,7.683663101774186
2014-07-21 18:19:00.0000004,12.651344890759438
2014-07-21 18:19:00.000000135,8.529587956749738
2014-07-21 18:19:00.000000165,7.8055629820108114
2014-07-21 18:19:00.00000010,12.651344890759438
2014-07-21 18:19:00.000000211,7.429640877661175
2014-07-21 18:19:00.000000190,7.874034520581384
2014-07-21 18:19:00.00000021,6.879581586976842
2014-07-21 18:19:00.000000204,6.426262996657282
2014-07-21 18:19:00.000000112,7.859311140459519
2014-07-21 18:19:00.000000169,19.94841154232566
2014-07-21 18:19:00.000000226,7.839753543471126
2014-07-21 18:19:00.000000109,6.426262996657282
2014-07-21 18:19:00.000000113,18.229577954146436
2014-07-21 18:19:00.000000127,19.899021529940196
2014-07-21 18:19:00.000000182,11.189603439797928
2014-07-21 18:19:00.00000036,8.4919237155884
2014-07-21 18:19:00.000000220,4.748583128326871
2014-07-21 18:19:00.000000121,6.684184508418564
2014-07-21 18:19:00.00000050,10.507306704631501
2014-07-21 18:19:00.000000178,5.166124030113051
2014-07-21 18:19:00.000000166,8.33339837794112
2014-07-21 18:19:00.000000224,6.684184508418564
2014-07-21 18:19:00.000000134,6.426262996657282
2014-07-21 18:19:00.000000195,11.970699437826282
2014-07-21 18:19:00.00000015,38.88763627147176
2014-07-21 18:19:00.0000005,53.237929549057775
2014-07-21 18:19:00.000000120,13.941653476191682
2014-07-21 18:19:00.000000133,7.2549147701613155
2014-07-21 18:19:00.00000044,8.4919237155884
2014-07-21 18:19:00.000000233,7.457493309179679
2014-07-21 18:19:00.00000063,12.547789658679921
2014-07-21 18:19:00.000000167,11.970699437826282
2014-07-21 18:19:00.000000208,7.478463748155743
2014-07-21 18:19:00.00000030,13.682173955988103
2014-07-21 18:19:00.00000098,6.915422933373042
2014-07-21 18:19:00.000000179,7.457493309179679
2014-07-21 18:19:00.000000219,5.0983787651022565
2014-07-21 18:19:00.0000006,4.901232083647582
2014-07-21 18:19:00.0000008,14.273660139101924
2014-07-21 18:19:00.00000031,23.1382428439046
2014-07-21 18:19:00.000000225,6.5243978633187325
2014-07-21 18:19:00.000000235,10.507306704631501
2014-07-21 18:19:00.000000104,10.785374151662968
2014-07-21 18:19:00.00000011,4.748583128326871
2014-07-21 18:19:00.00000026,5.0983787651022565
2014-07-21 18:19:00.000000228,7.457493309179679
2014-07-21 18:19:00.000000154,8.0725301666424
2014-07-21 18:19:00.000000240,6.426262996657282
2014-07-21 18:19:00.00000069,10.289653809701097
2014-07-21 18:19:00.000000210,10.256570878889384
2014-07-21 18:19:00.00000097,25.625388041157716
2014-07-21 18:19:00.000000136,8.285711914933819
2014-07-21 18:19:00.000000150,10.507306704631501
2014-07-21 18:19:00.00000060,4.748583128326871
2014-07-21 18:19:00.00000073,5.6064323885317044
2014-07-21 18:19:00.000000177,16.91398288066102
2014-07-21 18:19:00.000000222,8.33339837794112
2014-07-21 18:19:00.0000003,19.879993328945393
2014-07-21 18:19:00.00000012,5.554317006311977
2014-07-21 18:19:00.000000139,6.549757274926395
2014-07-21 18:19:00.000000194,11.970699437826282
2014-07-21 18:19:00.00000014,9.979231346686191
2014-07-21 18:19:00.00000051,6.370513580390326
2014-07-21 18:19:00.000000218,9.948949525855186
2014-07-21 18:19:00.000000181,6.517502227649301
2014-07-21 18:19:00.000000114,13.776018169201476
2014-07-21 18:19:00.00000072,8.33339837794112
2014-07-21 18:19:00.000000213,7.792457301262773
2014-07-21 18:19:00.00000064,4.95762453768856
2012-12-07 16:13:08.0000001,13.852569491825989
2011-06-13 09:55:04.0000005,8.932182122642415
2011-06-13 09:55:04.0000004,5.708533338401249
2011-06-13 09:55:04.0000001,9.279148214241383
2014-12-27 22:31:56.0000002,12.505961278513583
2014-11-24 09:50:20.0000001,5.0983787651022565
2014-11-24 09:50:20.0000002,19.820958741889157
2015-02-17 12:29:52.0000003,7.490706313556291
2015-02-17 12:29:52.0000002,8.33339837794112
2015-02-17 12:29:52.0000004,16.40946166059201
2015-02-17 12:29:52.0000001,4.748583128326871
2010-02-21 21:57:20.0000001,9.048461155332589
2010-02-21 21:57:20.0000002,5.052405264689283
2010-09-20 16:48:00.000000101,12.760065198477015
2010-09-20 16:48:00.000000140,5.969245169159104
2010-09-20 16:48:00.00000052,6.440126312515837
2010-09-20 16:48:00.00000038,10.992955915897175
2010-09-20 16:48:00.000000135,7.131065587496472
2010-09-20 16:48:00.000000145,9.477311448154063
2010-09-20 16:48:00.00000090,10.437269934384966
2010-09-20 16:48:00.00000088,29.428759299593615
2010-09-20 16:48:00.000000161,16.613385487944935
2010-09-20 16:48:00.000000160,6.947371621180485
2010-09-20 16:48:00.00000012,6.12250567884213
2010-09-20 16:48:00.00000028,47.32745299154119
2010-09-20 16:48:00.000000117,22.955172023153196
2010-09-20 16:48:00.00000018,6.051682732371182
2010-09-20 16:48:00.00000059,7.045531413996583
2010-09-20 16:48:00.00000061,5.052405264689283
2010-09-20 16:48:00.00000037,6.409736510176304
2010-09-20 16:48:00.000000133,13.20988494680286
2010-09-20 16:48:00.000000141,10.97691577059072
2010-09-20 16:48:00.000000113,27.236274964992795
2010-09-20 16:48:00.00000067,17.059053420188235
2010-09-20 16:48:00.00000066,27.619348650250526
2010-09-20 16:48:00.000000128,11.546936289641344
2010-09-20 16:48:00.000000109,10.081945442331092
2010-09-20 16:48:00.000000167,32.03417714642931
2010-09-20 16:48:00.00000065,5.797936732866359
2010-09-20 16:48:00.000000157,35.739975761706134
2010-09-20 16:48:00.00000045,11.67375901413056
2010-09-20 16:48:00.00000054,8.098778012132753
2010-09-20 16:48:00.00000076,6.345113040725207
2010-09-20 16:48:00.000000125,13.636154095840732
2010-09-20 16:48:00.00000031,11.67375901413056
2010-09-20 16:48:00.000000105,5.083672507298521
2010-09-20 16:48:00.00000017,8.550420210951929
2010-09-20 16:48:00.000000127,5.802910497176011
2010-09-20 16:48:00.000000149,47.32745299154119
2010-09-20 16:48:00.00000039,26.84511891178179
2010-09-20 16:48:00.00000095,39.67952889066922
2010-09-20 16:48:00.00000062,7.816153522615041
2010-09-20 16:48:00.00000029,8.560576746415467
2010-09-20 16:48:00.000000155,30.485046178930787
2010-09-20 16:48:00.000000123,7.131065587496472
2010-09-20 16:48:00.00000020,9.915147883918195
2010-09-20 16:48:00.0000003,10.10719414106013
2010-09-20 16:48:00.000000102,5.083672507298521
2010-09-20 16:48:00.00000096,8.422939645847812
2010-09-20 16:48:00.00000087,9.943534342057296
2010-09-20 16:48:00.00000063,28.493521913578952
2010-09-20 16:48:00.00000078,8.560576746415467
2010-09-20 16:48:00.00000049,5.052405264689283
2010-09-20 16:48:00.000000115,11.737320354105822
2010-09-20 16:48:00.00000080,9.943534342057296
2010-09-20 16:48:00.00000046,16.498532180335307
2010-09-20 16:48:00.00000048,8.546065114741896
2010-09-20 16:48:00.00000033,29.671791915777963
2010-09-20 16:48:00.000000136,5.802910497176011
2010-09-20 16:48:00.00000032,16.18379104360216
2010-09-20 16:48:00.00000082,15.273240641695704
2010-09-20 16:48:00.00000091,13.544462494344735
2010-09-20 16:48:00.00000051,33.575455012433224
2010-09-20 16:48:00.000000107,9.462007652262212
2010-09-20 16:48:00.000000150,6.240827075683377
2010-09-20 16:48:00.00000070,6.440126312515837
2010-09-20 16:48:00.000000165,30.597210863173796
2010-09-20 16:48:00.00000097,30.216804749215154
2010-09-20 16:48:00.00000075,6.66507546776461
2010-09-20 16:48:00.000000164,12.218188447000632
2010-09-20 16:48:00.000000162,5.052405264689283
2010-09-20 16:48:00.00000026,6.387560808530705
2010-09-20 16:48:00.000000126,9.90512678560057
2010-09-20 16:48:00.00000077,13.73653345680517
2010-09-20 16:48:00.000000138,5.802910497176011
2010-09-20 16:48:00.000000118,18.274269040570093
2010-09-20 16:48:00.00000011,13.641312060348593
2010-09-20 16:48:00.00000073,17.96828789133732
2010-09-20 16:48:00.000000120,8.359949910394345
2010-09-20 16:48:00.00000034,27.61919479145
2010-09-20 16:48:00.00000057,10.081945442331092
2010-09-20 16:48:00.00000044,13.938266931711187
2010-09-20 16:48:00.00000079,6.212425460313062
2010-09-20 16:48:00.00000013,12.762278549860945
2010-09-20 16:48:00.00000060,7.131065587496472
2010-09-20 16:48:00.00000098,20.881261264599615
2010-09-20 16:48:00.00000022,5.052405264689283
2010-09-20 16:48:00.00000043,12.963979753146255
2010-09-20 16:48:00.000000130,5.083672507298521
2010-09-20 16:48:00.00000094,13.088404776134357
2010-09-20 16:48:00.000000153,11.641081715527111
2010-09-20 16:48:00.0000009,15.767736361491133
2010-09-20 16:48:00.000000119,7.555680763113213
2010-09-20 16:48:00.00000089,9.038140211608953
2010-09-20 16:48:00.00000053,13.20988494680286
2010-09-20 16:48:00.00000014,11.67375901413056
2010-09-20 16:48:00.00000093,14.081631236440982
2010-09-20 16:48:00.000000144,7.396014611616055
2010-09-20 16:48:00.00000030,18.07009476740811
2010-09-20 16:48:00.000000147,29.711508623244054
2010-09-20 16:48:00.000000108,14.952706983094254
2010-09-20 16:48:00.00000064,7.078546557746897
2010-09-20 16:48:00.00000010,12.069419090612808
2010-09-20 16:48:00.00000042,11.67375901413056
2012-04-01 22:22:28.0000001,7.59096286613597
2012-03-05 09:19:32.0000001,6.64351602986861
2012-03-05 09:19:32.0000002,6.095141329933703
2012-03-05 09:19:32.0000005,46.420346230032045
2012-03-05 09:19:32.0000003,9.814641545666374
2012-03-05 09:19:32.0000004,6.107354010483727
2012-08-20 14:47:36.0000003,6.281644559601516
2012-08-20 14:47:36.0000004,35.02901009212598
2011-12-01 01:36:08.0000002,6.394531220748633
2013-06-21 11:33:28.0000002,7.478463748155743
2013-06-21 11:33:28.0000004,7.478463748155743
2013-06-21 11:33:28.0000001,6.417605111704486
2013-06-21 11:33:28.0000003,16.69846477930474
2013-04-10 11:33:28.0000001,18.072607109908514
2013-04-10 11:33:28.0000002,10.693175379058355
2014-03-29 14:59:28.0000003,4.945729809781546
2014-03-29 14:59:28.0000002,6.9925262890706446
2010-04-05 06:01:24.0000001,6.87157846952056
2014-12-01 00:12:44.0000001,29.785391258700805
2012-08-01 18:54:24.0000001,8.379622947092594
2012-08-01 18:54:24.0000002,5.502685382866539
2012-08-01 18:54:24.0000003,6.6590837125381155
2013-07-13 18:28:20.0000005,8.285711914933819
2013-07-13 18:28:20.0000001,5.133186004833132
2013-07-13 18:28:20.0000002,9.500313099326267
2013-07-13 18:28:20.0000004,7.874034520581384
2014-03-06 04:23:32.0000001,9.571019266285804
2014-10-07 19:04:08.0000002,9.824946599343285
2014-10-07 19:04:08.0000005,9.49469490263504
2014-10-07 19:04:08.0000006,12.706969476501962
2014-10-07 19:04:08.0000004,5.0983787651022565
2013-08-21 09:32:24.0000002,11.524482924555354
2013-08-21 09:32:24.0000004,12.967323788840204
2013-08-21 09:32:24.0000003,9.844092876259037
2015-01-26 07:13:44.0000006,8.226716036828014
2015-01-26 07:13:44.0000002,8.150916778205094
2015-01-26 07:13:44.0000004,8.084825206416737
2015-01-26 07:13:44.0000003,10.493210592503186
2009-03-16 09:55:24.0000003,6.147581444938904
2009-03-16 09:55:24.0000005,5.491689896130607
2009-03-16 09:55:24.0000004,10.845388810176441
2009-03-16 09:55:24.0000006,6.9372231882969775
2009-03-16 09:55:24.0000002,5.052405264689283
2011-03-06 21:01:00.000000150,6.147581444938904
2011-03-06 21:01:00.00000026,4.898456854307858
2011-03-06 21:01:00.000000148,5.301636225608965
2011-03-06 21:01:00.00000088,6.095141329933703
2011-03-06 21:01:00.00000098,5.481792051774074
2011-03-06 21:01:00.00000054,12.31092133865991
2011-03-06 21:01:00.000000101,10.062005101059492
2011-03-06 21:01:00.000000175,7.639311597175585
2011-03-06 21:01:00.00000029,10.184853385819965
2011-03-06 21:01:00.000000106,5.052405264689283
2011-03-06 21:01:00.00000099,6.826225066980954
2011-03-06 21:01:00.000000158,8.68090466883425
2011-03-06 21:01:00.000000130,6.885414524630317
2011-03-06 21:01:00.00000027,5.617830357495124
2011-03-06 21:01:00.00000032,20.29755054433621
2011-03-06 21:01:00.000000111,13.943757167747753
2011-03-06 21:01:00.00000024,12.289329765437312
2011-03-06 21:01:00.000000118,8.68090466883425
2011-03-06 21:01:00.00000016,7.951440772422009
2011-03-06 21:01:00.00000066,9.296529127829615
2011-03-06 21:01:00.000000133,13.595140439773484
2011-03-06 21:01:00.00000070,5.083672507298521
2011-03-06 21:01:00.000000104,6.826225066980954
2011-03-06 21:01:00.00000076,9.296529127829615
2011-03-06 21:01:00.000000141,6.631243034151921
2011-03-06 21:01:00.000000145,6.580688548465469
2011-03-06 21:01:00.000000143,6.9673921303803334
2011-03-06 21:01:00.00000092,5.508278378502442
2011-03-06 21:01:00.00000080,5.508278378502442
2011-03-06 21:01:00.00000015,27.67422269619161
2011-03-06 21:01:00.000000153,16.114121183385937
2011-03-06 21:01:00.00000093,10.75158238353203
2011-03-06 21:01:00.000000162,25.776510548004925
2011-03-06 21:01:00.00000062,8.188619926804337
2011-03-06 21:01:00.000000129,15.008325514599841
2011-03-06 21:01:00.000000107,18.136595095327962
2011-03-06 21:01:00.00000045,5.402391072598632
2011-03-06 21:01:00.000000115,12.028812689009548
2011-03-06 21:01:00.0000002,4.826116886656086
2011-03-06 21:01:00.00000044,8.188619926804337
2011-03-06 21:01:00.000000167,6.888260401892803
2011-03-06 21:01:00.000000169,4.752433208202197
2011-03-06 21:01:00.00000067,30.702151373294097
2011-03-06 21:01:00.0000007,6.764542858839801
2011-03-06 21:01:00.000000135,47.36574927075931
2011-03-06 21:01:00.000000128,13.807900796949532
2011-03-06 21:01:00.0000004,7.305769918065895
2011-03-06 21:01:00.00000010,9.267661605330023
2011-03-06 21:01:00.000000151,11.850302118664873
2011-03-06 21:01:00.00000055,9.296529127829615
2011-03-06 21:01:00.00000095,7.951440772422009
2011-03-06 21:01:00.000000102,10.38850908534386
2011-03-06 21:01:00.00000034,7.694330331474649
2011-03-06 21:01:00.000000108,5.052405264689283
2011-03-06 21:01:00.00000012,5.0622216014544446
2011-03-06 21:01:00.00000085,5.052405264689283
2011-03-06 21:01:00.0000001,11.018978341507836
2011-03-06 21:01:00.00000035,5.481792051774074
2011-03-06 21:01:00.00000097,12.09167188136545
2011-03-06 21:01:00.000000105,8.64720785651814
2011-03-06 21:01:00.00000020,10.371533112686855
2011-03-06 21:01:00.000000114,5.052405264689283
2011-03-06 21:01:00.00000038,4.865015183330918
2011-03-06 21:01:00.0000006,10.52694265339536
2011-03-06 21:01:00.00000086,8.66038190995575
2011-03-06 21:01:00.00000049,6.4476166029094575
2011-03-06 21:01:00.000000147,6.9673921303803334
2011-03-06 21:01:00.00000040,5.052405264689283
2011-03-06 21:01:00.00000064,6.928301233560823
2011-03-06 21:01:00.00000061,12.761233849795842
2011-03-06 21:01:00.0000005,6.2139132090886156
2011-03-06 21:01:00.0000009,6.9673921303803334
2011-03-06 21:01:00.00000042,5.083672507298521
2011-03-06 21:01:00.00000022,30.238014828171153
2011-03-06 21:01:00.00000021,18.159811755292335
2011-03-06 21:01:00.00000094,5.508278378502442
2011-03-06 21:01:00.000000156,8.414405268905538
2011-03-06 21:01:00.00000072,5.508278378502442
2011-03-06 21:01:00.00000031,14.176138786889672
2011-03-06 21:01:00.00000089,6.9673921303803334
2011-03-06 21:01:00.00000023,11.284447302724294
2011-03-06 21:01:00.00000046,5.052405264689283
2011-03-06 21:01:00.00000087,6.147581444938904
2011-03-06 21:01:00.00000053,14.025881885381196
2011-03-06 21:01:00.0000008,5.0622216014544446
2011-03-06 21:01:00.000000157,5.508278378502442
2011-03-06 21:01:00.00000077,12.459109474964269
2011-03-06 21:01:00.00000073,10.043475223285517
2011-03-06 21:01:00.00000047,5.052405264689283
2011-03-06 21:01:00.000000172,6.9673921303803334
2011-03-06 21:01:00.00000084,11.083200858865645
2011-03-06 21:01:00.000000122,12.694716093195888
2011-03-06 21:01:00.000000154,15.89955654413034
2011-03-06 21:01:00.000000136,9.769658414743795
2011-03-06 21:01:00.00000075,4.7016581969073865
2011-03-06 21:01:00.00000014,6.572010309702327
2009-09-04 20:52:28.0000002,5.7905183332006676
2009-09-04 20:52:28.0000003,5.656514769959582
2009-09-04 20:52:28.0000004,5.7905183332006676
2009-09-04 20:52:28.0000001,4.865015183330918
2013-09-25 05:52:12.0000002,13.133924698028316
2013-09-25 05:52:12.0000001,34.770280360812166
2010-04-16 10:32:24.0000002,7.475829925385276
2010-04-16 10:32:24.0000001,30.518899046786174
2011-10-12 07:24:40.0000001,9.729796731398277
2011-10-12 07:24:40.0000003,7.818388781372386
2011-10-12 07:24:40.0000002,25.692806503409873
2010-06-13 13:34:56.0000001,8.364547558248626
2011-11-20 02:39:04.0000002,16.42423289148732
2011-11-20 02:39:04.0000001,5.052405264689283
2010-12-13 06:42:16.0000002,4.73098230235812
2010-12-13 06:42:16.0000001,9.672744830006952
2009-11-24 08:58:48.0000003,8.560576746415467
2009-11-24 08:58:48.0000001,5.052405264689283
2009-11-24 08:58:48.0000006,13.183482501381938
2009-11-24 08:58:48.0000002,9.076660818798235
2009-11-24 08:58:48.0000005,8.49579013731928
2009-11-24 08:58:48.0000007,9.929686042028976
2014-09-22 07:14:16.0000002,15.426590169589034
2011-05-30 09:32:56.0000001,7.262098125908195
2012-09-21 05:41:36.0000001,7.856116582763277
2010-11-22 19:30:04.0000002,9.56560094531556
2010-11-22 19:30:04.0000001,12.67568272294647
2010-10-05 02:09:00.0000005,6.440126312515837
2010-10-05 02:09:00.0000006,21.946813210762006
2010-10-05 02:09:00.0000007,11.63957289600033
2010-10-05 02:09:00.00000018,23.330848377560137
2010-10-05 02:09:00.00000011,21.553260201792103
2010-10-05 02:09:00.00000023,13.305951048369707
2010-10-05 02:09:00.00000012,9.797711332238368
2010-10-05 02:09:00.00000022,5.690149318370971
2010-10-05 02:09:00.00000013,21.05366834455682
2010-10-05 02:09:00.0000003,21.376103829357056
2010-10-05 02:09:00.00000010,4.896282425940156
2010-10-05 02:09:00.0000001,7.807157276757447
2010-10-05 02:09:00.00000021,6.394531220748633
2010-10-05 02:09:00.0000008,14.529923138446872
2010-10-05 02:09:00.00000027,7.048046695003093
2010-10-05 02:09:00.0000002,18.286495511576234
2010-10-05 02:09:00.00000015,6.936387938726413
2014-08-23 16:30:24.0000002,8.33339837794112
2014-08-23 16:30:24.0000001,6.93317705812328
2012-03-15 08:17:36.0000001,7.639311597175585
2012-03-15 08:17:36.0000002,5.530003824794358
2012-03-15 08:17:36.0000005,18.260154875818092
2012-03-15 08:17:36.0000004,18.00656547588932
2012-03-15 08:17:36.0000003,5.699927469994867
2013-10-04 02:53:20.0000001,7.376500786678313
2013-10-04 02:53:20.0000002,9.401596709144998
2009-03-28 15:09:20.0000001,8.364547558248626
2009-03-28 15:09:20.0000003,15.932415115688634
2009-03-28 15:09:20.0000002,15.223493992659737
2012-01-25 22:43:44.0000003,11.949013637951644
2012-01-25 22:43:44.0000004,9.212908704971298
2012-01-25 22:43:44.0000002,5.481792051774074
2012-01-25 22:43:44.0000001,15.329488070530953
2011-07-21 07:51:32.0000002,6.107354010483727
2011-07-21 07:51:32.0000003,11.075264067229398
2011-07-21 07:51:32.0000001,6.165618554009183
2010-12-01 22:04:52.0000001,7.780171416897765
2013-06-23 02:54:32.0000003,8.084825206416737
2013-06-23 02:54:32.0000002,6.9787194138215725
2014-03-24 22:36:24.0000004,10.702852235437183
2014-03-24 22:36:24.0000002,9.737393241715992
2014-03-24 22:36:24.0000001,6.195080843889705
2014-03-24 22:36:24.0000003,9.643355093569795
2013-09-13 01:54:20.0000001,8.084825206416737
2013-10-14 18:30:36.0000003,16.806868406531105
2013-10-14 18:30:36.0000002,7.478463748155743
2013-10-14 18:30:36.0000004,14.595535074466216
2013-10-14 18:30:36.0000001,4.748583128326871
2013-11-18 15:07:28.0000006,8.4919237155884
2013-11-18 15:07:28.0000004,55.82312833959339
2013-11-18 15:07:28.0000001,5.108195101867418
2013-11-18 15:07:28.0000005,5.0983787651022565
2013-11-18 15:07:28.0000002,7.415457179895673
2011-02-20 23:35:12.0000001,8.188619926804337
2011-02-20 23:35:12.0000004,9.759860088133863
2011-02-20 23:35:12.0000005,19.58110144050192
2011-02-20 23:35:12.0000003,13.594614824819319
2011-02-20 23:35:12.0000002,13.907814206663566
2010-02-06 19:59:16.0000001,12.272432060323213
2012-03-10 02:36:04.0000003,8.858529135568775
2012-03-10 02:36:04.0000002,11.104574991140483
2012-03-10 02:36:04.0000001,6.147581444938904
2014-04-13 17:35:52.0000002,8.105556508300577
2010-04-04 21:59:56.0000002,8.66038190995575
2010-04-04 21:59:56.0000001,13.80595060046001
2010-04-04 21:59:56.0000003,11.996291003880854
2010-04-04 21:59:56.0000004,6.900968929530218
2013-03-23 04:51:12.0000001,17.939073242843023
2010-06-29 00:22:24.0000002,47.32745299154119
2010-06-29 00:22:24.0000001,5.0622216014544446
2011-10-17 12:37:56.0000002,5.92382298769898
2011-10-17 12:37:56.0000001,7.131065587496472
2012-01-30 19:07:52.0000003,11.072278394883085
2012-01-30 19:07:52.0000002,6.979650609149176
2012-01-30 19:07:52.0000004,9.482316087627346
2012-01-30 19:07:52.0000001,6.2453460371091785
2012-01-30 19:07:52.0000005,10.840287886209643
2011-05-30 01:44:40.0000001,8.681122267282138
2011-05-30 01:44:40.0000002,6.147581444938904
2011-02-08 01:04:08.0000001,9.52724624409238
2012-05-23 16:25:16.0000002,5.508278378502442
2011-09-20 18:02:28.0000001,8.998154307991415
2009-10-08 10:04:36.0000001,46.8587741819384
2009-10-08 10:04:36.0000003,11.061806586449416
2009-10-08 10:04:36.0000002,26.35058192433202
2010-07-02 22:03:04.0000002,11.284447302724294
2010-07-02 22:03:04.0000001,7.688450148548263
2012-05-03 14:11:36.0000002,5.508278378502442
2012-05-03 14:11:36.0000005,9.814641545666374
2012-05-03 14:11:36.0000004,30.68452003959767
2012-05-03 14:11:36.0000003,15.143578136236393
2012-05-03 14:11:36.0000001,5.508278378502442
2013-04-04 16:31:56.0000001,18.867283305765763
2013-04-04 16:31:56.0000002,8.591850739307572
2009-12-02 15:59:56.0000001,31.038231249785216
2009-12-02 15:59:56.0000002,6.323183072754706
2010-01-03 02:03:40.0000002,7.313157711080288
2010-01-03 02:03:40.0000003,6.567893780099074
2011-08-21 10:54:24.0000003,7.685541593318993
2011-08-21 10:54:24.0000002,65.01879256491414
2011-08-21 10:54:24.0000001,15.949442429188439
2011-01-30 14:38:24.0000003,5.508278378502442
2011-01-30 14:38:24.0000002,14.789344051898928
2011-04-16 21:23:16.0000004,16.383663254041185
2011-04-16 21:23:16.0000002,10.296954113138181
2011-04-16 21:23:16.0000006,5.0622216014544446
2013-10-05 19:51:04.0000006,8.59600809111909
2013-10-05 19:51:04.0000005,12.848546753183323
2013-10-05 19:51:04.0000003,16.003755000379886
2013-10-05 19:51:04.0000002,15.153143914003433
2014-10-31 08:17:44.0000002,8.33339837794112
2014-10-31 08:17:44.0000004,9.008350784346327
2014-10-31 08:17:44.0000005,8.33339837794112
2014-10-31 08:17:44.0000001,9.844730336174903
2014-10-31 08:17:44.0000003,20.80669635706861
2009-05-31 21:24:56.0000001,14.32444910705895
2014-06-04 01:50:40.0000001,13.51708730966743
2009-07-14 17:59:12.0000001,5.508278378502442
2009-07-14 17:59:12.0000003,5.349486783533295
2012-12-05 16:33:52.0000002,13.547389620505003
2012-12-05 16:33:52.0000001,31.561121153192012
2009-12-18 12:37:04.0000005,7.131065587496472
2009-12-18 12:37:04.0000001,8.49579013731928
2009-12-18 12:37:04.0000006,12.762278549860945
2009-12-18 12:37:04.0000004,9.20655127307828
2009-12-18 12:37:04.0000007,9.84477285657152
2009-12-18 12:37:04.0000002,9.943534342057296
2012-11-21 15:12:48.0000001,4.965406361527159
2011-05-03 07:01:40.0000001,11.216838103160763
2011-05-03 07:01:40.0000002,5.349486783533295
2011-05-03 07:01:40.0000003,5.6625801074271775
2010-09-21 06:27:32.0000002,19.078412493921952
2010-09-21 06:27:32.0000001,9.609686399620239
2011-10-07 22:08:20.0000003,5.052405264689283
2011-10-07 22:08:20.0000006,9.242748248216648
2009-02-08 08:48:20.0000001,5.379868796516666
2013-09-24 21:16:40.0000006,8.906046095651735
2013-09-24 21:16:40.0000003,10.85009702830332
2013-09-24 21:16:40.0000001,10.885069901980955
2013-09-24 21:16:40.0000007,12.743773698857119
2013-09-24 21:16:40.0000002,13.476632908147645
2013-09-24 21:16:40.0000004,10.851742934703209
2012-03-14 19:10:48.0000005,13.40196834140532
2012-03-14 19:10:48.0000008,5.052405264689283
2012-03-14 19:10:48.0000002,8.79051152762596
2012-03-14 19:10:48.0000004,6.8414958610404755
2012-03-14 19:10:48.0000001,6.147581444938904
2012-03-14 19:10:48.0000009,8.338264291480279
2012-03-14 19:10:48.0000006,11.430092335096782
2009-11-12 11:01:20.0000001,7.00413603716027
2009-11-12 11:01:20.0000002,4.720270750001125
2009-06-21 04:28:48.0000002,15.12909117284398
2009-06-21 04:28:48.0000003,13.171985799842854
2014-01-25 12:36:52.0000002,9.753761362057697
2014-01-25 12:36:52.0000001,8.314313145947938
2012-12-27 13:23:48.0000001,9.108376642202124
2011-06-28 16:09:44.0000001,5.508278378502442
2010-12-01 08:35:20.0000001,9.943534342057296
2012-11-19 12:40:40.0000005,5.052405264689283
2012-11-19 12:40:40.0000001,5.0622216014544446
2012-11-19 12:40:40.0000002,7.26305294421282
2012-11-19 12:40:40.0000003,11.045766441142959
2012-11-19 12:40:40.0000004,41.2346766302479
2009-07-13 17:58:04.0000001,9.890191239373818
2009-07-13 17:58:04.0000003,6.645519377873663
2009-07-13 17:58:04.0000002,7.655085721581426
2011-06-25 11:42:36.0000003,4.896633383821876
2011-06-25 11:42:36.0000002,23.15173379939872
2012-01-26 07:33:00.000000128,11.32969065217124
2012-01-26 07:33:00.00000032,8.356864127237696
2012-01-26 07:33:00.000000163,6.503315695769931
2012-01-26 07:33:00.000000155,6.87157846952056
2012-01-26 07:33:00.000000153,7.655682489254229
2012-01-26 07:33:00.00000049,6.107354010483727
2012-01-26 07:33:00.00000095,5.052405264689283
2012-01-26 07:33:00.000000158,15.959169050701364
2012-01-26 07:33:00.00000050,6.841409527437205
2012-01-26 07:33:00.00000015,7.567665842781108
2012-01-26 07:33:00.00000062,7.9634110483350575
2012-01-26 07:33:00.00000037,16.025612472653165
2012-01-26 07:33:00.00000069,11.653190815610612
2012-01-26 07:33:00.000000142,5.052405264689283
2012-01-26 07:33:00.000000150,5.083672507298521
2012-01-26 07:33:00.000000147,8.065652790411825
2012-01-26 07:33:00.000000125,7.038976668010168
2012-01-26 07:33:00.000000124,30.42284518623033
2012-01-26 07:33:00.000000129,6.519812460679287
2012-01-26 07:33:00.00000033,8.785106977757895
2012-01-26 07:33:00.0000004,30.797310666006137
2012-01-26 07:33:00.00000029,9.756703996316444
2012-01-26 07:33:00.000000113,5.508278378502442
2012-01-26 07:33:00.00000017,9.450060426728188
2012-01-26 07:33:00.00000067,9.709048239812264
2012-01-26 07:33:00.000000141,27.627776478799436
2012-01-26 07:33:00.00000036,13.417486444474035
2012-01-26 07:33:00.000000162,18.9439449338469
2012-01-26 07:33:00.000000118,9.496739080638013
2012-01-26 07:33:00.000000154,25.711171743984973
2012-01-26 07:33:00.000000143,9.709048239812264
2012-01-26 07:33:00.00000083,7.3011863602840785
2012-01-26 07:33:00.000000191,7.287471582276465
2012-01-26 07:33:00.000000140,11.11948287827787
2012-01-26 07:33:00.00000086,5.334036816091774
2012-01-26 07:33:00.0000002,8.239414591240564
2012-01-26 07:33:00.000000170,5.745977474148326
2012-01-26 07:33:00.00000010,7.313157711080288
2012-01-26 07:33:00.00000053,7.556750391665547
2012-01-26 07:33:00.000000102,11.043933974893331
2012-01-26 07:33:00.00000055,6.634220031229485
2012-01-26 07:33:00.0000007,8.715819039306469
2012-01-26 07:33:00.00000013,6.567893780099074
2012-01-26 07:33:00.000000165,30.68134928512131
2012-01-26 07:33:00.00000026,5.052405264689283
2012-01-26 07:33:00.000000137,6.095141329933703
2012-01-26 07:33:00.00000048,9.48019098570651
2012-01-26 07:33:00.00000059,11.065311273430254
2012-01-26 07:33:00.000000132,7.655682489254229
2012-01-26 07:33:00.00000096,12.60125807652574
2012-01-26 07:33:00.000000190,5.052405264689283
2012-01-26 07:33:00.000000156,7.42842785783686
2012-01-26 07:33:00.00000075,7.658282580608057
2012-01-26 07:33:00.00000084,6.805155268670444
2012-01-26 07:33:00.0000006,5.052405264689283
2012-01-26 07:33:00.00000021,6.841409527437205
2012-01-26 07:33:00.0000001,13.667028216178592
2012-01-26 07:33:00.0000005,5.083672507298521
2012-01-26 07:33:00.00000034,6.034867841525893
2012-01-26 07:33:00.000000117,5.052405264689283
2012-01-26 07:33:00.000000106,9.994900681459526
2012-01-26 07:33:00.00000077,7.637644307836097
2012-01-26 07:33:00.00000045,5.460171358523985
2012-01-26 07:33:00.000000116,11.697211086214258
2012-01-26 07:33:00.0000009,7.020893381942188
2012-01-26 07:33:00.000000146,5.391864219181267
2012-01-26 07:33:00.00000027,19.951703232985878
2012-01-26 07:33:00.000000127,7.438268184566022
2012-01-26 07:33:00.000000172,5.240847202855317
2012-01-26 07:33:00.00000074,5.052405264689283
2012-01-26 07:33:00.00000014,23.397972383844266
2012-01-26 07:33:00.000000108,9.65222640489022
2012-01-26 07:33:00.000000109,15.890656076696018
2012-01-26 07:33:00.000000152,6.147581444938904
2012-01-26 07:33:00.00000047,6.147581444938904
2012-01-26 07:33:00.000000192,9.709048239812264
2012-01-26 07:33:00.00000054,6.147581444938904
2012-01-26 07:33:00.000000185,5.508278378502442
2012-01-26 07:33:00.000000187,9.305476830350662
2012-01-26 07:33:00.00000060,10.165351551038096
2012-01-26 07:33:00.000000130,7.711973083135206
2012-01-26 07:33:00.00000046,8.945338324324421
2012-01-26 07:33:00.000000182,7.287471582276465
2012-01-26 07:33:00.000000177,11.764929384969626
2012-01-26 07:33:00.000000135,27.610179145039016
2012-01-26 07:33:00.00000063,4.73098230235812
2012-01-26 07:33:00.00000079,6.841409527437205
2012-01-26 07:33:00.000000169,8.191514769978987
2012-01-26 07:33:00.00000094,8.3591095003041
2012-01-26 07:33:00.000000176,11.29369983142092
2012-01-26 07:33:00.00000061,5.083672507298521
2012-01-26 07:33:00.000000188,5.508278378502442
2012-01-26 07:33:00.000000174,11.145662234268727
2012-01-26 07:33:00.000000126,6.87157846952056
2012-01-26 07:33:00.000000139,29.989460158454527
2012-01-26 07:33:00.000000184,5.508278378502442
2012-01-26 07:33:00.000000107,5.052405264689283
2012-01-26 07:33:00.00000038,5.476796510884993
2012-01-26 07:33:00.000000134,4.896282425940156
2012-01-26 07:33:00.00000058,20.879592748352447
2012-01-26 07:33:00.00000078,4.744418590825972
2012-01-26 07:33:00.00000019,5.052405264689283
2012-01-26 07:33:00.000000111,8.092151045878074
2012-01-26 07:33:00.000000178,18.198386529935092
2012-01-26 07:33:00.0000003,10.13571453682576
2012-01-26 07:33:00.00000052,16.423445533664633
2012-01-26 07:33:00.00000040,9.78163433855825
2012-01-26 07:33:00.000000148,8.945338324324421
2012-01-26 07:33:00.00000066,11.062173228078569
2012-01-26 07:33:00.00000041,5.481792051774074
2012-01-26 07:33:00.00000070,9.70731443865927
2012-01-26 07:33:00.000000157,28.008274709009093
2012-01-26 07:33:00.000000179,7.80497708010766
2012-01-26 07:33:00.000000112,17.206518769223862
2012-01-26 07:33:00.00000073,7.287471582276465
2012-01-26 07:33:00.000000138,16.62548891662894
2012-01-26 07:33:00.00000092,10.378993529864827
2012-01-26 07:33:00.000000164,17.943728457571332
2012-01-26 07:33:00.000000123,8.998154307991415
2012-01-26 07:33:00.00000043,5.349486783533295
2012-01-26 07:33:00.00000093,5.508278378502442
2012-01-26 07:33:00.00000016,8.640545741177583
2012-01-26 07:33:00.000000144,7.645659349870577
2012-01-26 07:33:00.00000042,6.872323410967849
2012-01-26 07:33:00.00000011,9.48019098570651
2012-01-26 07:33:00.00000035,8.26539410134338
2012-01-26 07:33:00.00000098,7.195070804082047
2012-01-26 07:33:00.000000149,22.94145074530143
2012-01-26 07:33:00.000000110,5.052405264689283
2012-01-26 07:33:00.000000159,9.903742225766702
2015-03-20 23:34:40.0000007,8.639081057833252
2015-03-20 23:34:40.0000002,22.965252982650362
2015-03-20 23:34:40.0000006,5.0983787651022565
2013-12-14 03:20:48.0000001,29.84333715822589
2013-12-14 03:20:48.0000002,5.027430823383407
2014-04-14 07:03:52.0000001,8.945746706320776
2014-04-14 07:03:52.0000002,12.3908696665036
2015-05-21 07:08:08.0000002,7.537665047630851
2011-08-30 16:48:24.0000003,7.639311597175585
2011-08-30 16:48:24.0000002,9.371201591337446
2011-08-30 16:48:24.0000001,7.619098452790082
2010-12-09 07:29:00.000000189,5.052405264689283
2010-12-09 07:29:00.00000027,18.368266563635117
2010-12-09 07:29:00.000000184,10.21826744186219
2010-12-09 07:29:00.00000030,5.534579359485187
2010-12-09 07:29:00.00000011,4.73098230235812
2010-12-09 07:29:00.00000065,8.820556797589523
2010-12-09 07:29:00.00000063,8.713963912174568
2010-12-09 07:29:00.000000133,15.831138350299476
2010-12-09 07:29:00.00000054,6.857958599237406
2010-12-09 07:29:00.00000021,12.64749714643828
2010-12-09 07:29:00.000000162,6.440126312515837
2010-12-09 07:29:00.000000144,8.33704820139605
2010-12-09 07:29:00.000000116,9.823490879204742
2010-12-09 07:29:00.000000142,5.704131739685734
2010-12-09 07:29:00.000000113,9.79591871182772
2010-12-09 07:29:00.000000105,10.499066751140358
2010-12-09 07:29:00.00000047,5.600140070407252
2010-12-09 07:29:00.0000008,7.017877752919738
2010-12-09 07:29:00.00000099,5.0622216014544446
2010-12-09 07:29:00.00000048,5.657546563439424
2010-12-09 07:29:00.00000076,12.019429979055547
2010-12-09 07:29:00.000000174,16.188178554143597
2010-12-09 07:29:00.000000130,21.858936402302334
2010-12-09 07:29:00.000000177,8.328562626850026
2010-12-09 07:29:00.00000088,7.0089557981835835
2010-12-09 07:29:00.00000091,6.440126312515837
2010-12-09 07:29:00.00000072,5.083672507298521
2010-12-09 07:29:00.00000014,8.271321168602114
2010-12-09 07:29:00.000000157,7.048046695003093
2010-12-09 07:29:00.000000109,10.232182787185588
2010-12-09 07:29:00.00000016,7.538036647546753
2010-12-09 07:29:00.00000023,6.394531220748633
2010-12-09 07:29:00.000000118,7.538036647546753
2010-12-09 07:29:00.00000017,6.394531220748633
2010-12-09 07:29:00.00000032,9.425496873295488
2010-12-09 07:29:00.000000188,8.32243285745976
2010-12-09 07:29:00.00000040,6.298982460699342
2010-12-09 07:29:00.00000037,8.752560717663943
2010-12-09 07:29:00.000000128,7.797134137373796
2010-12-09 07:29:00.00000057,6.440126312515837
2010-12-09 07:29:00.000000125,8.713963912174568
2010-12-09 07:29:00.000000159,7.564953807454478
2010-12-09 07:29:00.00000018,6.394531220748633
2010-12-09 07:29:00.000000107,5.79084948596326
2010-12-09 07:29:00.00000051,17.80393899476728
2010-12-09 07:29:00.00000042,7.576635129410294
2010-12-09 07:29:00.00000059,6.645078102872139
2010-12-09 07:29:00.00000075,5.838852053673735
2010-12-09 07:29:00.00000035,8.30075888387325
2010-12-09 07:29:00.00000029,7.048046695003093
2010-12-09 07:29:00.00000045,8.308815923327211
2010-12-09 07:29:00.00000055,5.969245169159104
2010-12-09 07:29:00.000000140,7.797134137373796
2010-12-09 07:29:00.00000060,9.712585585112004
2010-12-09 07:29:00.000000185,11.779671453352803
2010-12-09 07:29:00.000000120,5.0622216014544446
2010-12-09 07:29:00.000000104,6.440126312515837
2010-12-09 07:29:00.000000191,5.083672507298521
2010-12-09 07:29:00.000000106,5.083672507298521
2010-12-09 07:29:00.00000039,6.34426636168644
2010-12-09 07:29:00.000000132,4.7016581969073865
2010-12-09 07:29:00.00000019,6.943111616011859
2010-12-09 07:29:00.000000166,5.052405264689283
2010-12-09 07:29:00.000000111,7.760926808856146
2010-12-09 07:29:00.00000013,5.083672507298521
2010-12-09 07:29:00.000000138,6.394531220748633
2010-12-09 07:29:00.00000085,31.11207831111243
2010-12-09 07:29:00.000000169,6.440126312515837
2010-12-09 07:29:00.000000153,12.629392791807051
2010-12-09 07:29:00.00000033,47.394856063876134
2010-12-09 07:29:00.000000173,8.766126589534473
2010-12-09 07:29:00.00000077,5.969245169159104
2010-12-09 07:29:00.000000190,5.052405264689283
2010-12-09 07:29:00.000000137,5.704131739685734
2010-12-09 07:29:00.0000009,7.692749173803949
2010-12-09 07:29:00.000000155,7.79806019002007
2010-12-09 07:29:00.0000004,18.307193598489754
2010-12-09 07:29:00.000000119,5.704131739685734
2010-12-09 07:29:00.000000100,7.5660760347498295
2010-12-09 07:29:00.00000024,5.704131739685734
2010-12-09 07:29:00.00000096,12.042577809495592
2010-12-09 07:29:00.000000170,8.367854055024504
2010-12-09 07:29:00.000000131,6.983245290844317
2010-12-09 07:29:00.00000022,12.629392791807051
2010-12-09 07:29:00.00000053,6.995527665253518
2010-12-09 07:29:00.000000165,64.72858282142847
2010-12-09 07:29:00.000000114,8.752560717663943
2010-12-09 07:29:00.00000074,8.36313762321683
2010-12-09 07:29:00.00000070,7.797134137373796
2010-12-09 07:29:00.000000167,5.052405264689283
2010-12-09 07:29:00.000000110,6.69646711426703
2010-12-09 07:29:00.00000020,11.474394590202099
2010-12-09 07:29:00.000000147,7.5660760347498295
2010-12-09 07:29:00.000000178,27.379298057100467
2010-12-09 07:29:00.000000146,7.048046695003093
2010-12-09 07:29:00.000000103,7.5463125148727075
2010-12-09 07:29:00.000000149,11.474394590202099
2010-12-09 07:29:00.000000182,8.835414527985897
2010-12-09 07:29:00.000000124,7.564953807454478
2010-12-09 07:29:00.000000154,11.993823469701338
2010-12-09 07:29:00.000000117,7.668976907122137
2010-12-09 07:29:00.00000034,10.36034783450906
2010-12-09 07:29:00.00000084,10.056162089350359
2010-12-09 07:29:00.00000064,6.973397048891167
2010-12-09 07:29:00.000000126,16.122899476184166
2010-12-09 07:29:00.00000082,7.048046695003093
2010-12-09 07:29:00.00000092,11.496395913636611
2010-12-09 07:29:00.00000087,6.260578131015899
2010-12-09 07:29:00.00000095,24.287276916367997
2010-12-09 07:29:00.000000101,8.31280473880087
2010-12-09 07:29:00.000000122,6.80642310796069
2010-12-09 07:29:00.000000160,7.5660760347498295
2010-12-09 07:29:00.000000175,8.713963912174568
2010-12-09 07:29:00.00000043,7.797134137373796
2010-12-09 07:29:00.00000061,12.019429979055547
2010-12-09 07:29:00.000000179,5.556145755129885
2010-12-09 07:29:00.00000049,7.807157276757447
2010-12-09 07:29:00.000000172,44.94830751413296
2010-12-09 07:29:00.000000192,7.547434742168059
2010-12-09 07:29:00.000000194,5.704131739685734
2010-12-09 07:29:00.00000052,9.781980328258605
2010-12-09 07:29:00.00000058,5.9606393007527245
2010-12-09 07:29:00.00000010,6.936387938726413
2010-12-09 07:29:00.000000108,5.704131739685734
2010-12-09 07:29:00.000000129,8.833816258204031
2010-12-09 07:29:00.000000163,8.161091169273636
2010-12-09 07:29:00.000000161,8.835414527985897
2010-12-09 07:29:00.000000187,6.995527665253518
2010-12-09 07:29:00.000000158,6.440126312515837
2010-12-09 07:29:00.000000121,9.823490879204742
2010-12-09 07:29:00.000000176,6.440126312515837
2011-09-25 13:01:20.0000005,7.816153522615041
2011-09-25 13:01:20.0000001,7.780171416897765
2011-09-25 13:01:20.0000004,9.076913806083786
2011-09-25 13:01:20.0000006,13.484194169882578
2011-09-25 13:01:20.0000003,5.969245169159104
2012-09-08 04:35:16.0000001,23.743522880746717
2012-05-08 03:50:00.00000011,22.11570622328795
2012-05-08 03:50:00.0000002,5.508278378502442
2012-05-08 03:50:00.0000008,18.342156742147647
2012-05-08 03:50:00.0000007,8.286936206285274
2012-05-08 03:50:00.00000015,15.890656076696018
2012-05-08 03:50:00.00000016,8.262029888829343
2012-05-08 03:50:00.0000003,6.7295843601251555
2012-05-08 03:50:00.00000014,5.508278378502442
2012-05-08 03:50:00.0000004,15.977601661863307
2010-10-06 21:23:24.0000003,6.34426636168644
2010-10-06 21:23:24.0000001,7.804472200659226
2010-10-06 21:23:24.0000005,10.546035373771497
2010-10-06 21:23:24.0000002,6.385467931720883
2010-10-06 21:23:24.0000004,6.80642310796069
2014-05-17 02:47:12.0000002,13.163359846057029
2009-07-31 07:30:56.0000002,5.052405264689283
2009-07-31 07:30:56.0000001,9.841797634712936
2012-03-06 07:33:04.0000002,9.63907407165072
2009-01-29 22:15:48.0000001,11.284447302724294
2013-03-17 12:44:04.0000001,7.478463748155743
2014-06-18 09:23:32.0000001,19.225408024119528
2011-09-21 13:15:36.0000004,7.131065587496472
2011-09-21 13:15:36.0000003,8.109277565790578
2011-09-21 13:15:36.0000001,7.41523902541567
2011-09-21 13:15:36.0000002,47.36574927075931
2015-03-12 19:43:24.0000001,20.197065234049898
2015-03-12 19:43:24.0000002,36.76547578104269
2015-03-12 19:43:24.0000007,8.191111914861613
2015-03-12 19:43:24.0000004,14.74522855884621
2014-01-18 17:43:28.0000005,7.478463748155743
2014-01-18 17:43:28.0000003,6.38441532049066
2014-01-18 17:43:28.0000002,15.874269046355659
2014-01-18 17:43:28.0000004,13.062574971929125
2011-04-05 01:15:44.0000001,10.933493735670833
2011-04-05 01:15:44.0000002,11.192062758950813
2011-09-04 01:36:36.0000002,15.672395726362764
2010-08-09 08:53:56.0000004,10.603197684615331
2010-08-09 08:53:56.0000006,8.251963580972246
2010-08-09 08:53:56.0000002,12.611312854417184
2010-08-09 08:53:56.0000003,16.35859283886506
2010-08-09 08:53:56.0000005,9.357196752041796
2010-03-27 07:05:08.0000001,5.083672507298521
2011-11-16 12:52:52.0000002,7.2007112907861055
2011-11-16 12:52:52.0000003,5.704131739685734
2011-11-16 12:52:52.0000001,47.50633727040975
2009-10-29 10:48:40.0000002,8.560576746415467
2009-10-29 10:48:40.0000001,10.992955915897175
2015-02-01 00:48:44.0000009,17.402894937018626
2015-02-01 00:48:44.0000004,9.780643960140202
2015-02-01 00:48:44.0000008,8.169276982409489
2015-02-01 00:48:44.0000006,8.876276025659395
2015-02-01 00:48:44.0000007,13.113216810487772
2014-04-03 02:31:08.0000001,8.084825206416737
2010-07-04 03:28:44.0000001,19.219434316444136
2009-03-31 23:01:36.0000002,8.152160037480341
2009-03-31 23:01:36.0000001,25.379096119691162
2009-03-31 23:01:36.0000003,14.722961288217588
2012-02-02 00:49:56.0000002,6.147581444938904
2012-02-02 00:49:56.0000001,14.21335850760488
2012-02-02 00:49:56.0000003,16.162245969701072
2012-02-02 00:49:56.0000004,14.476060829943254
2014-01-26 15:28:52.0000003,8.639046019819013
2012-02-14 15:32:40.0000002,5.508278378502442
2012-02-14 15:32:40.0000004,5.508278378502442
2012-02-14 15:32:40.0000001,8.370220098850313
2012-02-14 15:32:40.0000003,6.9372231882969775
2011-12-06 11:07:40.0000001,15.382350207542018
2011-12-06 11:07:40.0000005,5.999078967392119
2011-07-12 19:41:48.0000002,14.339039432031752
2011-07-12 19:41:48.0000003,9.63748753350245
2011-07-12 19:41:48.0000004,7.639311597175585
2010-09-16 14:27:16.0000001,7.396014611616055
2010-09-16 14:27:16.0000003,11.018049972307574
2010-09-16 14:27:16.0000004,9.943534342057296
2010-09-16 14:27:16.0000005,11.546936289641344
2014-06-11 01:13:40.0000001,10.449701667456784
2013-05-18 15:28:40.0000003,10.288925822428372
2013-05-18 15:28:40.0000002,9.500313099326267
2015-02-14 20:20:56.0000001,10.012784275149697
2015-02-14 20:20:56.0000002,8.33339837794112
2015-02-14 20:20:56.0000004,5.108195101867418
2009-01-22 12:27:20.0000003,6.552926165276264
2011-04-23 21:22:20.0000001,5.052405264689283
2013-09-01 17:57:04.0000002,5.0983787651022565
2013-09-01 17:57:04.0000003,7.839753543471126
2013-04-22 13:19:16.0000001,19.467730716091022
2013-04-22 13:19:16.0000002,10.507306704631501
2013-04-22 13:19:16.0000003,6.539330421668841
2015-02-21 18:39:16.0000002,5.0983787651022565
2009-04-23 00:05:40.0000001,29.5483032000782
2009-04-23 00:05:40.0000003,8.681122267282138
2012-05-28 05:48:40.0000001,32.92073321396355
2010-01-03 20:04:52.0000001,15.608233951702815
2013-03-09 21:40:52.0000003,13.895960555841695
2013-03-09 21:40:52.0000002,8.639081057833252
2011-04-21 08:22:32.0000001,4.7016581969073865
2011-02-20 09:22:16.0000002,30.322172739983138
2011-02-20 09:22:16.0000001,9.182342070283916
2010-07-22 09:37:12.0000003,7.653321396166879
2010-07-22 09:37:12.0000004,6.4476166029094575
2010-07-22 09:37:12.0000001,9.491052028324017
2011-01-24 20:47:04.0000002,10.534884803620967
2013-07-22 15:05:16.0000004,12.547789658679921
2013-07-22 15:05:16.0000001,5.0983787651022565
2013-07-22 15:05:16.0000002,23.417736952669415
2013-07-22 15:05:16.0000003,5.561963418235598
2013-01-23 16:22:04.0000003,12.761261867584363
2013-01-23 16:22:04.0000002,8.4919237155884
2013-01-23 16:22:04.0000001,9.844730336174903
2013-01-06 12:46:36.0000001,4.748583128326871
2013-01-06 12:46:36.0000002,7.393280157509258
2012-02-13 04:52:32.0000001,48.12625665050326
2013-02-07 08:34:24.0000001,9.861112131900152
2013-02-07 08:34:24.0000003,11.970699437826282
2013-02-07 08:34:24.0000004,8.33339837794112
2013-02-07 08:34:24.0000002,12.651344890759438
2015-02-21 17:23:28.0000005,15.722533537878673
2015-02-21 17:23:28.0000003,7.478463748155743
2015-02-21 17:23:28.0000002,10.07253714470846
2015-02-21 17:23:28.0000001,9.941004574208451
2015-02-21 17:23:28.0000006,4.87304181807557
2013-06-19 13:36:52.0000004,9.844730336174903
2013-06-19 13:36:52.0000001,7.904935974680496
2013-06-19 13:36:52.0000002,8.33339837794112
2013-06-19 13:36:52.0000005,40.92775196925411
2013-06-19 13:36:52.0000003,20.094291272565155
2015-06-26 16:04:04.0000002,5.0983787651022565
2015-06-26 16:04:04.0000001,4.748583128326871
2010-06-05 07:08:36.0000001,7.0549906753602105
2011-10-28 13:48:16.0000002,8.598910060980673
2011-10-28 13:48:16.0000001,7.00413603716027
2011-10-28 13:48:16.0000003,5.704131739685734
2012-09-29 02:53:20.0000001,9.73794034699769
2011-08-06 12:59:12.0000001,14.65081254882861
2012-11-19 22:15:32.0000002,27.035668414646704
2013-11-29 20:09:12.0000002,8.980388894825758
2012-05-31 17:54:48.0000003,9.814641545666374
2012-05-31 17:54:48.0000002,10.618983421618312
2012-05-31 17:54:48.0000001,5.083672507298521
2012-05-31 17:54:48.0000004,7.1260304968638355
2012-04-20 08:03:52.0000001,10.958941751218438
2012-04-20 08:03:52.0000002,8.3213485944762
2012-04-20 08:03:52.0000003,8.335931076449528
2009-01-26 18:26:48.0000001,6.9372231882969775
2009-01-26 18:26:48.0000003,6.064350128231097
2009-01-26 18:26:48.0000004,12.50238858203381
2009-01-26 18:26:48.0000002,7.00740623836393
2011-10-20 00:50:48.0000003,15.695775383823898
2011-10-20 00:50:48.0000002,5.704131739685734
2011-10-20 00:50:48.0000001,5.704131739685734
2011-06-03 11:45:16.0000002,10.903351383378121
2011-06-03 11:45:16.0000004,8.402846814304473
2011-06-03 11:45:16.0000005,5.5044118126284864
2011-06-03 11:45:16.0000001,4.7016581969073865
2011-06-03 11:45:16.0000003,5.708533338401249
2011-10-25 20:34:20.0000001,7.780171416897765
2012-07-05 18:30:36.0000005,11.502787116333643
2012-07-05 18:30:36.0000006,6.928301233560823
2012-07-05 18:30:36.0000003,5.349486783533295
2012-07-05 18:30:36.0000001,9.321142765164991
2012-07-05 18:30:36.0000007,7.653321396166879
2012-07-05 18:30:36.0000002,6.064350128231097
2015-04-07 14:31:12.0000002,8.33339837794112
2015-04-07 14:31:12.0000003,6.343190969243433
2013-08-28 00:27:36.0000002,10.24686448347628
2013-08-28 00:27:36.0000001,8.084825206416737
2012-11-20 21:54:00.00000037,6.895010949449827
2012-11-20 21:54:00.00000081,10.485594026239863
2012-11-20 21:54:00.000000210,9.2397408127416
2012-11-20 21:54:00.00000050,5.000179228464717
2012-11-20 21:54:00.000000175,54.22454025800811
2012-11-20 21:54:00.000000208,5.714528496372447
2012-11-20 21:54:00.000000198,5.312429828807873
2012-11-20 21:54:00.000000185,8.465256746615356
2012-11-20 21:54:00.00000028,9.351281538086221
2012-11-20 21:54:00.000000134,7.271974898948974
2012-11-20 21:54:00.00000091,5.60114623559913
2012-11-20 21:54:00.00000033,4.865015183330918
2012-11-20 21:54:00.00000082,8.257654089259754
2012-11-20 21:54:00.000000142,21.348556757458297
2012-11-20 21:54:00.000000180,24.3639678214085
2012-11-20 21:54:00.00000093,15.234723052622225
2012-11-20 21:54:00.000000159,5.052405264689283
2012-11-20 21:54:00.000000165,7.832314639081696
2012-11-20 21:54:00.000000235,6.559472030140918
2012-11-20 21:54:00.00000089,5.052405264689283
2012-11-20 21:54:00.000000168,16.131534215292746
2012-11-20 21:54:00.000000224,5.083672507298521
2012-11-20 21:54:00.000000158,5.734761195052639
2012-11-20 21:54:00.000000212,54.22454025800811
2012-11-20 21:54:00.000000147,29.80715114318494
2012-11-20 21:54:00.000000140,10.954131096251857
2012-11-20 21:54:00.00000018,15.832036256140306
2012-11-20 21:54:00.000000124,5.687824158559803
2012-11-20 21:54:00.000000181,9.968285476300895
2012-11-20 21:54:00.000000187,10.652863813435863
2012-11-20 21:54:00.00000058,18.627930984343262
2012-11-20 21:54:00.000000151,18.49291666099994
2012-11-20 21:54:00.000000126,6.559472030140918
2012-11-20 21:54:00.00000099,13.053205785377564
2012-11-20 21:54:00.000000120,8.743020885469774
2012-11-20 21:54:00.0000009,5.052405264689283
2012-11-20 21:54:00.000000206,7.228959613091647
2012-11-20 21:54:00.00000079,6.969453495430178
2012-11-20 21:54:00.000000237,13.168448795047013
2012-11-20 21:54:00.000000143,12.726532646503918
2012-11-20 21:54:00.000000111,5.714528496372447
2012-11-20 21:54:00.000000106,8.926904023660839
2012-11-20 21:54:00.000000245,5.052405264689283
2012-11-20 21:54:00.00000032,10.343295862778653
2012-11-20 21:54:00.00000075,8.839568118975103
2012-11-20 21:54:00.000000244,24.358534006768686
2012-11-20 21:54:00.00000094,4.7016581969073865
2012-11-20 21:54:00.000000118,27.952777543861693
2012-11-20 21:54:00.000000188,8.854242666091096
2012-11-20 21:54:00.00000051,16.073179445168638
2012-11-20 21:54:00.000000109,10.652863813435863
2012-11-20 21:54:00.0000003,7.302143841032329
2012-11-20 21:54:00.000000114,21.161154920345233
2012-11-20 21:54:00.00000013,5.714528496372447
2012-11-20 21:54:00.000000192,6.7603361564010696
2012-11-20 21:54:00.000000228,4.725283531119164
2012-11-20 21:54:00.000000236,9.001175152257192
2012-11-20 21:54:00.000000178,12.176702350422453
2012-11-20 21:54:00.00000027,10.581590520750643
2012-11-20 21:54:00.000000176,5.052405264689283
2012-11-20 21:54:00.0000008,6.7603361564010696
2012-11-20 21:54:00.00000061,15.940892466012995
2012-11-20 21:54:00.00000011,14.181753058865587
2012-11-20 21:54:00.00000096,7.160435957489153
2012-11-20 21:54:00.000000231,7.228959613091647
2012-11-20 21:54:00.000000190,13.12751318353847
2012-11-20 21:54:00.000000166,37.99913507545568
2012-11-20 21:54:00.00000022,5.083672507298521
2012-11-20 21:54:00.000000234,13.383518522091988
2012-11-20 21:54:00.00000035,7.302143841032329
2012-11-20 21:54:00.00000041,13.416498812027395
2012-11-20 21:54:00.000000113,6.998643827088865
2012-11-20 21:54:00.00000045,10.658878606698766
2012-11-20 21:54:00.000000157,12.591543547104646
2012-11-20 21:54:00.000000163,16.11851196564273
2012-11-20 21:54:00.000000193,10.922633311320947
2012-11-20 21:54:00.00000063,8.294702854360382
2012-11-20 21:54:00.000000183,6.9775013614965475
2012-11-20 21:54:00.000000182,14.614624804038334
2012-11-20 21:54:00.000000117,8.911637122912571
2012-11-20 21:54:00.000000156,15.937702601343817
2012-11-20 21:54:00.000000220,7.302143841032329
2012-11-20 21:54:00.000000227,7.26305294421282
2012-11-20 21:54:00.000000194,12.851903294109269
2012-11-20 21:54:00.000000201,8.30076748590721
2012-11-20 21:54:00.000000115,41.77025139154377
2012-11-20 21:54:00.000000217,9.684816343208093
2012-11-20 21:54:00.00000017,12.096471791955901
2012-11-20 21:54:00.000000139,5.052405264689283
2012-11-20 21:54:00.00000038,10.436624094033231
2012-11-20 21:54:00.000000107,5.052405264689283
2012-11-20 21:54:00.000000218,14.461538695139536
2012-11-20 21:54:00.000000214,19.098284990568583
2012-11-20 21:54:00.000000213,10.342103420157775
2012-11-20 21:54:00.000000215,27.487609467308058
2012-11-20 21:54:00.000000112,8.94553364889248
2012-11-20 21:54:00.00000067,17.01238342065595
2012-11-20 21:54:00.00000044,12.711672524122752
2012-11-20 21:54:00.00000029,8.92926332307131
2012-11-20 21:54:00.000000119,13.416498812027395
2012-11-20 21:54:00.000000203,6.220666362923795
2012-11-20 21:54:00.000000239,5.714528496372447
2012-11-20 21:54:00.000000125,14.78514031943585
2012-11-20 21:54:00.00000064,8.465256746615356
2012-11-20 21:54:00.000000153,7.271974898948974
2012-11-20 21:54:00.00000054,7.24124198750085
2012-11-20 21:54:00.000000177,9.352102304644916
2012-11-20 21:54:00.000000243,10.633934916871072
2012-11-20 21:54:00.000000128,5.667943320126138
2012-11-20 21:54:00.00000095,8.466582369539033
2012-11-20 21:54:00.00000088,9.684816343208093
2012-11-20 21:54:00.000000200,6.559472030140918
2012-11-20 21:54:00.00000053,5.696533134276564
2012-11-20 21:54:00.000000199,5.714528496372447
2012-11-20 21:54:00.000000191,11.736324613182138
2012-11-20 21:54:00.00000057,7.302143841032329
2012-11-20 21:54:00.000000145,9.359650283307262
2012-11-20 21:54:00.00000072,8.946953730682674
2012-11-20 21:54:00.0000001,7.100595252281564
2012-11-20 21:54:00.000000241,6.559472030140918
2012-11-20 21:54:00.000000230,8.958535429647203
2012-11-20 21:54:00.000000146,23.140707700073285
2012-11-20 21:54:00.000000155,8.879525389936424
2012-11-20 21:54:00.00000046,8.92926332307131
2012-11-20 21:54:00.000000242,20.92445185010391
2012-11-20 21:54:00.00000060,8.961461277896213
2012-11-20 21:54:00.000000116,8.616465178942311
2012-11-20 21:54:00.00000059,10.289095630037348
2012-11-20 21:54:00.000000232,6.026172277913377
2012-11-20 21:54:00.000000162,8.465256746615356
2012-11-20 21:54:00.00000070,8.926904023660839
2012-11-20 21:54:00.00000052,23.131163566875475
2012-11-20 21:54:00.000000129,21.94306046892159
2012-11-20 21:54:00.000000136,13.928317367235985
2012-11-20 21:54:00.000000226,8.94553364889248
2012-11-20 21:54:00.000000240,12.12760209136931
2012-11-20 21:54:00.000000141,8.879525389936424
2012-11-20 21:54:00.000000204,13.416498812027395
2012-11-20 21:54:00.000000137,5.052405264689283
2011-02-22 14:18:40.0000001,8.932182122642415
2014-06-23 00:16:00.00000066,32.77028951271229
2014-06-23 00:16:00.00000039,8.250836363330981
2014-06-23 00:16:00.00000076,9.042244710843516
2014-06-23 00:16:00.00000030,36.28288775709269
2014-06-23 00:16:00.00000070,16.22368653795257
2014-06-23 00:16:00.00000065,8.140073502168693
2014-06-23 00:16:00.00000056,25.745120646905757
2014-06-23 00:16:00.00000038,7.045619685375735
2014-06-23 00:16:00.00000071,23.64359892532532
2014-06-23 00:16:00.00000013,9.747490307310288
2014-06-23 00:16:00.00000073,8.945746706320776
2014-06-23 00:16:00.0000001,14.042719460385927
2014-06-23 00:16:00.00000026,14.38596975944613
2014-06-23 00:16:00.00000090,10.441781331386789
2014-06-23 00:16:00.00000092,22.96051853806465
2014-06-23 00:16:00.00000044,9.976109995552155
2014-06-23 00:16:00.00000064,9.777655422124143
2014-06-23 00:16:00.00000068,29.933990123772524
2014-06-23 00:16:00.00000033,9.692470661996198
2014-06-23 00:16:00.00000089,36.509607744495085
2014-06-23 00:16:00.0000004,8.021320284009727
2014-06-23 00:16:00.00000062,15.52040391361466
2014-06-23 00:16:00.00000019,8.200950354289425
2014-06-23 00:16:00.00000041,11.26993476481445
2014-06-23 00:16:00.00000024,18.104526743295363
2014-06-23 00:16:00.00000074,21.117549448275604
2014-06-23 00:16:00.00000018,14.521232279063698
2014-06-23 00:16:00.00000043,5.561963418235598
2014-06-23 00:16:00.00000022,7.356582061399928
2014-06-23 00:16:00.00000088,9.903577049201928
2014-06-23 00:16:00.00000057,5.0983787651022565
2014-06-23 00:16:00.00000087,8.08828094895866
2014-06-23 00:16:00.00000016,26.026065796786302
2014-06-23 00:16:00.00000078,7.047803227004806
2014-06-23 00:16:00.00000040,10.125664401218215
2014-06-23 00:16:00.00000077,7.914770475775051
2014-06-23 00:16:00.00000015,13.335120629219409
2014-06-23 00:16:00.00000047,8.07115689235769
2014-06-23 00:16:00.0000005,5.0983787651022565
2014-06-23 00:16:00.00000034,55.65766319565292
2014-06-23 00:16:00.00000028,9.50447850906491
2014-06-23 00:16:00.00000081,18.952280469299506
2014-06-23 00:16:00.00000067,10.051059005865083
2014-06-23 00:16:00.00000085,7.045619685375735
2014-06-23 00:16:00.00000082,8.969716333189462
2014-06-23 00:16:00.00000063,22.992545346375213
2014-06-23 00:16:00.00000079,8.07115689235769
2014-06-23 00:16:00.00000061,8.084825206416737
2014-06-23 00:16:00.00000037,18.630605018655068
2014-06-23 00:16:00.00000036,6.384613495773382
2014-06-23 00:16:00.00000049,16.92776435021048
2014-06-23 00:16:00.00000025,44.883870151042714
2014-06-23 00:16:00.0000009,8.263062537111995
2014-06-23 00:16:00.00000069,15.519366715606056
2011-11-24 02:36:48.0000003,12.5834289137267
2011-11-24 02:36:48.0000002,6.440126312515837
2011-11-24 02:36:48.0000001,13.402960964433104
2013-06-05 01:34:56.0000001,12.441161439679629
2013-03-18 12:51:12.0000001,11.970699437826282
2013-03-18 12:51:12.0000003,4.777907233777605
2013-03-18 12:51:12.0000002,17.68437826278924
2014-12-14 09:04:36.0000001,8.33339837794112
2014-12-14 09:04:36.0000003,7.478463748155743
2014-12-14 09:04:36.0000002,7.478463748155743
2012-05-31 13:14:12.0000004,8.147315586857879
2012-05-31 13:14:12.0000001,12.189990704559792
2012-05-31 13:14:12.0000002,8.379622947092594
2012-05-31 13:14:12.0000003,5.349486783533295
2011-01-16 18:57:12.0000001,6.826225066980954
2011-01-16 18:57:12.0000002,5.349486783533295
2009-04-25 10:52:56.0000004,9.767676672040881
2009-04-25 10:52:56.0000002,11.251695553450173
2009-04-25 10:52:56.0000005,7.55581507038675
2009-04-20 11:11:40.0000001,5.840719580053977
2012-07-20 06:53:32.0000001,4.826116886656086
2009-10-22 21:57:36.0000005,13.03923758901657
2009-10-22 21:57:36.0000002,16.317267800459454
2009-10-22 21:57:36.0000004,6.440126312515837
2009-10-22 21:57:36.0000003,5.9606393007527245
2009-03-16 10:30:12.0000001,11.948075256392649
2009-07-14 12:12:36.0000004,6.900968929530218
2009-07-14 12:12:36.0000001,8.379622947092594
2009-07-14 12:12:36.0000003,10.958941751218438
2009-07-14 12:12:36.0000007,10.958941751218438
2009-07-14 12:12:36.0000002,12.795472159812375
2009-07-14 12:12:36.0000005,9.922180631614214
2009-07-14 12:12:36.0000008,8.711404775026278
2009-07-14 12:12:36.0000006,6.107354010483727
2014-11-12 09:06:32.0000004,6.105642055938431
2014-11-12 09:06:32.0000001,5.0983787651022565
2014-11-12 09:06:32.0000003,6.426262996657282
2014-11-12 09:06:32.0000005,19.608738927976038
2014-11-12 09:06:32.0000002,7.478463748155743
2011-04-10 11:57:12.0000002,9.7815249720692
2011-04-10 11:57:12.0000003,8.058986783384618
2011-04-10 11:57:12.0000004,5.699927469994867
2011-04-10 11:57:12.0000001,7.665292746963088
2011-09-20 11:58:52.0000003,4.836822242041185
2011-09-20 11:58:52.0000001,11.67375901413056
2011-09-20 11:58:52.0000002,13.63257120599032
2010-09-24 17:16:16.0000001,7.131065587496472
2010-02-12 13:51:28.0000004,5.645965133282937
2010-02-12 13:51:28.0000005,8.94897374967094
2010-02-12 13:51:28.0000001,6.89577539604557
2010-02-12 13:51:28.0000003,6.8414958610404755
2010-02-12 13:51:28.0000002,11.046269844143728
2011-01-03 21:51:28.0000002,8.45461109154036
2011-01-03 21:51:28.0000001,4.8886405175426955
2011-07-26 13:10:56.0000003,5.349486783533295
2011-07-26 13:10:56.0000002,7.741690694100896
2011-07-26 13:10:56.0000001,6.900968929530218
2011-08-18 13:00:16.0000003,9.776233989209652
2011-08-18 13:00:16.0000002,5.6777541679007175
2013-06-20 19:49:52.0000004,7.543153166028542
2013-06-20 19:49:52.0000001,7.952212298114837
2013-06-20 19:49:52.0000005,4.777907233777605
2013-06-20 19:49:52.0000002,25.075960023396238
2013-06-20 19:49:52.0000003,10.670752010293644
2013-09-25 22:00:00.00000079,12.216515557810192
2013-09-25 22:00:00.00000025,10.892767177739652
2013-09-25 22:00:00.000000225,8.90204828247583
2013-09-25 22:00:00.000000204,13.541344194383187
2013-09-25 22:00:00.00000053,30.651625774634958
2013-09-25 22:00:00.000000111,14.550825693051216
2013-09-25 22:00:00.00000014,7.496292283892046
2013-09-25 22:00:00.000000172,55.77187778059246
2013-09-25 22:00:00.000000154,5.108195101867418
2013-09-25 22:00:00.000000133,4.748583128326871
2013-09-25 22:00:00.000000160,9.514090952472309
2013-09-25 22:00:00.000000119,5.166124030113051
2013-09-25 22:00:00.000000223,5.166124030113051
2013-09-25 22:00:00.0000008,8.33339837794112
2013-09-25 22:00:00.000000103,8.968978583419846
2013-09-25 22:00:00.000000178,7.967525218163828
2013-09-25 22:00:00.00000023,5.680753548440521
2013-09-25 22:00:00.00000022,6.549757274926395
2013-09-25 22:00:00.00000076,6.549757274926395
2013-09-25 22:00:00.00000020,8.285711914933819
2013-09-25 22:00:00.000000142,12.848957446649486
2013-09-25 22:00:00.00000059,7.478463748155743
2013-09-25 22:00:00.000000110,6.549757274926395
2013-09-25 22:00:00.000000205,10.732053538262642
2013-09-25 22:00:00.000000182,10.560872029936975
2013-09-25 22:00:00.00000081,8.90204828247583
2013-09-25 22:00:00.000000230,22.96630198986785
2013-09-25 22:00:00.000000164,12.15876912398657
2013-09-25 22:00:00.00000090,10.005093748208665
2013-09-25 22:00:00.000000106,8.990135308427387
2013-09-25 22:00:00.00000078,8.33339837794112
2013-09-25 22:00:00.0000001,55.70599392089093
2013-09-25 22:00:00.000000126,11.387808202493547
2013-09-25 22:00:00.000000156,7.407463855274759
2013-09-25 22:00:00.000000137,12.205966981893006
2013-09-25 22:00:00.00000039,8.90204828247583
2013-09-25 22:00:00.00000017,19.77781991298896
2013-09-25 22:00:00.00000054,11.923322778765334
2013-09-25 22:00:00.000000135,17.615620291408085
2013-09-25 22:00:00.000000112,21.75090288142457
2013-09-25 22:00:00.000000148,7.976968039439175
2013-09-25 22:00:00.000000143,34.26771591139298
2013-09-25 22:00:00.00000043,6.549757274926395
2013-09-25 22:00:00.000000203,7.393280157509258
2013-09-25 22:00:00.00000040,8.33339837794112
2013-09-25 22:00:00.00000035,9.736290272724238
2013-09-25 22:00:00.000000117,17.178255069045107
2013-09-25 22:00:00.000000244,8.260478447695391
2013-09-25 22:00:00.0000002,18.36167015723431
2013-09-25 22:00:00.000000246,64.48644512003071
2013-09-25 22:00:00.00000091,20.125276169757452
2013-09-25 22:00:00.000000235,8.173080772483608
2013-09-25 22:00:00.000000237,33.9126572855019
2013-09-25 22:00:00.000000185,7.954419250477591
2013-09-25 22:00:00.000000233,8.901848618998187
2013-09-25 22:00:00.00000075,8.33339837794112
2013-09-25 22:00:00.00000026,12.848957446649486
2013-09-25 22:00:00.00000061,10.108696101917289
2013-09-25 22:00:00.000000179,13.4244601080389
2013-09-25 22:00:00.000000120,9.643355093569795
2013-09-25 22:00:00.000000165,21.03219300090811
2013-09-25 22:00:00.000000224,12.23026312900246
2013-09-25 22:00:00.000000192,23.396714335963804
2013-09-25 22:00:00.00000084,13.59115139423466
2013-09-25 22:00:00.000000169,6.465994280749599
2013-09-25 22:00:00.000000175,27.90483398316578
2013-09-25 22:00:00.000000132,7.478463748155743
2013-09-25 22:00:00.00000048,15.404442473702483
2013-09-25 22:00:00.000000229,8.751791981651284
2013-09-25 22:00:00.00000036,20.12495847195322
2013-09-25 22:00:00.000000177,8.33339837794112
2013-09-25 22:00:00.000000217,8.285711914933819
2013-09-25 22:00:00.000000183,12.844672195985662
2013-09-25 22:00:00.000000107,14.291347006325884
2013-09-25 22:00:00.00000058,12.48043194364119
2013-09-25 22:00:00.00000073,7.543153166028542
2013-09-25 22:00:00.000000245,7.7945052349045785
2013-09-25 22:00:00.000000157,16.141223643803738
2013-09-25 22:00:00.000000227,26.668282981238626
2013-09-25 22:00:00.00000064,14.8753554845572
2013-09-25 22:00:00.00000024,55.07000801095461
2013-09-25 22:00:00.000000221,8.90204828247583
2013-09-25 22:00:00.000000139,31.9688320712031
2013-09-25 22:00:00.00000028,8.285711914933819
2013-09-25 22:00:00.00000057,7.478463748155743
2013-09-25 22:00:00.000000222,10.560872029936975
2013-09-25 22:00:00.000000215,22.398866853837422
2013-09-25 22:00:00.00000094,16.856165745592158
2013-09-25 22:00:00.000000214,10.560872029936975
2013-09-25 22:00:00.000000101,6.517502227649301
2013-09-25 22:00:00.00000055,8.455640287578257
2013-09-25 22:00:00.00000049,22.281338923270972
2013-09-25 22:00:00.000000216,17.291778108199946
2013-09-25 22:00:00.000000123,8.885543847208474
2013-09-25 22:00:00.000000136,7.252730364124932
2013-09-25 22:00:00.000000211,17.440015303882593
2013-09-25 22:00:00.000000145,5.166124030113051
2013-09-25 22:00:00.000000250,44.05637525173827
2013-09-25 22:00:00.000000188,11.124596722449962
2013-09-25 22:00:00.000000202,6.549757274926395
2013-09-25 22:00:00.000000242,11.159270561322469
2013-09-25 22:00:00.000000140,8.811017035021905
2013-09-25 22:00:00.000000171,9.10209498509105
2013-09-25 22:00:00.00000099,5.0983787651022565
2013-09-25 22:00:00.000000187,8.85099280808154
2013-09-25 22:00:00.000000161,10.525187010024004
2013-09-25 22:00:00.000000189,8.90204828247583
2013-09-25 22:00:00.0000003,10.560872029936975
2013-09-25 22:00:00.000000249,8.33339837794112
2013-09-25 22:00:00.000000195,6.810670814204915
2013-09-25 22:00:00.00000072,12.133239789114178
2013-09-25 22:00:00.00000012,11.038860658564383
2013-09-25 22:00:00.000000149,8.90204828247583
2013-09-25 22:00:00.000000197,11.160281742362935
2013-09-25 22:00:00.00000038,55.782199514752556
2013-09-25 22:00:00.0000009,19.34777934644763
2013-09-25 22:00:00.00000089,15.412830976694506
2013-09-25 22:00:00.000000199,28.199434404632658
2013-09-25 22:00:00.000000219,7.018227272945506
2013-09-25 22:00:00.000000159,12.15876912398657
2013-09-25 22:00:00.000000173,10.453326940784327
2013-09-25 22:00:00.000000209,18.932878745809145
2013-09-25 22:00:00.000000196,9.509724981658383
2013-09-25 22:00:00.00000093,7.111331387041601
2013-09-25 22:00:00.000000155,19.946134575757252
2013-09-25 22:00:00.000000121,8.90204828247583
2013-09-25 22:00:00.000000134,12.432171047495219
2013-09-25 22:00:00.000000228,8.160203095259769
2013-09-25 22:00:00.00000092,12.300744446903382
2013-09-25 22:00:00.00000030,5.0983787651022565
2013-09-25 22:00:00.00000062,12.300744446903382
2013-09-25 22:00:00.0000005,10.1443809957099
2013-09-25 22:00:00.00000097,35.554343741276604
2013-09-25 22:00:00.00000019,17.95139079725482
2013-09-25 22:00:00.000000180,7.859311140459519
2013-09-25 22:00:00.000000200,17.1908648878482
2013-09-25 22:00:00.000000186,10.200327899738888
2013-09-25 22:00:00.000000176,7.478463748155743
2013-09-25 22:00:00.00000082,8.092105044113207
2013-09-25 22:00:00.00000098,8.639081057833252
2013-09-25 22:00:00.00000085,10.942470827437335
2013-09-25 22:00:00.0000004,6.452258437130418
2013-09-25 22:00:00.00000032,20.42545199964998
2013-09-25 22:00:00.00000070,8.869132653389132
2013-09-25 22:00:00.00000074,12.253754839542948
2013-09-25 22:00:00.000000118,11.05561515095374
2013-09-25 22:00:00.0000007,8.33339837794112
2013-09-25 22:00:00.00000050,12.032918733668915
2013-09-25 22:00:00.00000044,6.426262996657282
2013-09-25 22:00:00.00000095,6.5243978633187325
2009-01-15 02:42:48.0000001,5.0951656586078675
2011-07-06 18:07:44.0000001,9.814641545666374
2011-07-06 18:07:44.0000003,5.508278378502442
2011-07-06 18:07:44.0000005,6.147581444938904
2011-09-08 01:28:24.0000001,33.16412950823454
2014-07-11 12:36:08.0000002,5.108195101867418
2010-11-04 05:01:44.0000001,5.052405264689283
2009-10-04 10:04:12.0000001,7.696736105857939
2009-10-04 10:04:12.0000003,5.0622216014544446
2009-10-04 10:04:12.0000002,5.052405264689283
2009-10-04 10:04:12.0000004,4.7016581969073865
2013-02-28 12:52:44.0000001,8.33339837794112
2013-02-28 12:52:44.0000003,9.320906817908272
2013-02-28 12:52:44.0000004,8.358775355956205
2013-02-28 12:52:44.0000002,4.748583128326871
2013-08-03 07:11:53.0000001,34.72673461945993
2015-01-26 23:13:33.0000001,11.95222082669016
2012-10-31 11:09:53.0000001,9.119903331322796
2012-10-31 11:09:53.0000002,15.52890936868165
2011-12-23 23:30:09.0000001,13.06630520536598
2015-01-29 11:01:21.0000001,5.507282328951527
2015-01-29 11:01:21.0000002,7.991460842500428
2014-01-31 11:11:05.0000001,20.04260308708906
2014-01-31 11:11:05.0000003,10.572157828039355
2014-01-31 11:11:05.0000004,9.746352543111556
2014-01-31 11:11:05.0000006,7.478463748155743
2014-01-31 11:11:05.0000005,7.778249859521201
2015-02-20 11:08:29.0000006,5.0983787651022565
2015-02-20 11:08:29.0000002,14.236930528294344
2015-02-20 11:08:29.0000004,10.073649512220488
2015-02-20 11:08:29.0000003,8.222240047111525
2015-02-20 11:08:29.0000005,5.0983787651022565
2014-08-31 04:03:29.0000001,8.388628061754774
2014-08-01 18:38:09.0000001,7.715763047682144
2014-08-01 18:38:09.0000002,6.684184508418564
2009-05-16 14:53:41.0000007,6.107354010483727
2009-05-16 14:53:41.0000006,6.147581444938904
2009-12-17 06:28:05.0000001,7.79806019002007
2009-12-17 06:28:05.0000002,4.865015183330918
2009-12-17 06:28:05.0000003,7.768744942418748
2010-02-23 17:25:09.0000001,5.508278378502442
2010-02-23 17:25:09.0000002,5.052405264689283
2012-07-30 16:54:49.0000003,7.262098125908195
2012-07-30 16:54:49.0000001,11.432388959897061
2012-07-30 16:54:49.0000005,7.2484473420066795
2012-07-30 16:54:49.0000004,6.147581444938904
2012-07-30 16:54:49.0000002,11.472017206412048
2013-08-26 11:47:37.0000003,18.735076052461938
2013-08-26 11:47:37.0000002,7.478463748155743
2013-08-26 11:47:37.0000004,36.08304132402745
2013-03-06 23:49:53.0000006,7.478463748155743
2013-03-06 23:49:53.0000005,8.33339837794112
2013-03-06 23:49:53.0000003,8.33339837794112
2013-03-06 23:49:53.0000002,5.166124030113051
2013-03-06 23:49:53.0000001,16.414343197724982
2013-03-06 23:49:53.0000004,10.560872029936975
2010-10-30 13:31:13.0000005,7.131065587496472
2010-10-30 13:31:13.0000003,5.570128176444648
2010-10-30 13:31:13.0000004,4.7016581969073865
2010-10-30 13:31:13.0000002,6.440126312515837
2012-03-25 16:56:01.0000001,5.481792051774074
2012-03-25 16:56:01.0000002,7.475829925385276
2013-10-17 22:21:57.0000002,11.371714227762066
2013-10-17 22:21:57.0000004,12.76870836099461
2013-10-17 22:21:57.0000005,15.133025070878013
2013-10-17 22:21:57.0000001,8.316560353023798
2010-09-15 16:44:25.0000001,13.4117421116915
2010-09-15 16:44:25.0000002,13.432789806495727
2010-09-15 16:44:25.0000003,6.440126312515837
2014-05-09 00:30:41.0000003,11.722900065372448
2014-05-09 00:30:41.0000001,46.78170041945874
2014-05-09 00:30:41.0000002,15.715729018375642
2010-12-11 17:32:33.0000001,5.704131739685734
2010-06-14 05:10:09.0000001,10.474122309754048
2012-03-05 13:24:37.0000003,9.641202441046557
2012-03-05 13:24:37.0000001,6.490491553960885
2011-03-03 07:09:09.0000002,8.93288217774544
2011-03-03 07:09:09.0000001,8.729939388651447
2010-07-01 22:11:33.0000001,8.883466268251324
2010-07-01 22:11:33.0000002,7.617587665274425
2010-07-01 22:11:33.0000004,5.349486783533295
2012-01-07 21:39:05.0000002,8.736541324414453
2010-08-22 12:30:21.0000002,5.519273865238373
2010-08-22 12:30:21.0000001,5.496458484995124
2012-05-26 00:31:25.0000002,20.73664602677836
2011-12-16 09:20:01.0000001,11.149134679374704
2012-01-26 20:09:45.0000003,12.162938003216698
2012-01-26 20:09:45.0000004,9.267661605330023
2012-01-26 20:09:45.0000002,7.155866856109858
2012-01-26 20:09:45.0000001,7.639311597175585
2010-02-03 11:33:29.0000002,5.379868796516666
2010-02-03 11:33:29.0000001,8.379622947092594
2014-10-07 11:52:13.0000005,35.68897736193465
2014-10-07 11:52:13.0000001,5.340814353699381
2014-10-07 11:52:13.0000004,14.57701860841437
2014-10-07 11:52:13.0000002,6.549757274926395
2014-10-07 11:52:13.0000007,7.859311140459519
2014-10-07 11:52:13.0000003,8.314313145947938
2013-05-06 23:46:25.0000001,10.77023955561046
2015-06-13 19:17:09.0000006,9.10502763730017
2015-06-13 19:17:09.0000004,10.677633883494055
2015-06-13 19:17:09.0000002,18.19827224020137
2015-06-13 19:17:09.0000003,14.907713937908763
2015-06-13 19:17:09.0000001,5.0983787651022565
2011-06-29 00:15:21.0000001,5.491080561904434
2011-06-29 00:15:21.0000002,5.508278378502442
2011-06-29 00:15:21.0000003,11.389777860838432
2009-11-28 13:50:17.0000003,7.702429888564643
2009-11-28 13:50:17.0000001,5.052405264689283
2010-05-02 12:05:45.0000001,8.364547558248626
2009-10-12 14:18:01.0000001,6.440126312515837
2015-01-13 12:07:53.0000002,6.5243978633187325
2015-01-13 12:07:53.0000007,10.507306704631501
2015-01-13 12:07:53.0000001,14.57701860841437
2015-01-13 12:07:53.0000004,4.748583128326871
2015-01-13 12:07:53.0000006,8.33339837794112
2015-03-04 21:42:57.0000002,8.634515746377463
2015-03-04 21:42:57.0000009,5.624053158850704
2015-03-04 21:42:57.0000005,7.5130024877559185
2015-03-04 21:42:57.0000003,13.919657757314738
2015-03-04 21:42:57.00000010,8.916346153781902
2015-03-04 21:42:57.0000004,20.60613190672104
2015-03-04 21:42:57.0000008,5.108195101867418
2015-03-04 21:42:57.0000001,11.160281742362935
2015-03-04 21:42:57.0000007,5.108195101867418
2012-01-31 09:15:49.0000005,6.9673921303803334
2012-01-31 09:15:49.0000002,8.402846814304473
2012-01-31 09:15:49.0000006,9.814641545666374
2012-01-31 09:15:49.0000003,5.334036816091774
2012-01-31 09:15:49.0000004,9.349709952562717
2011-03-22 12:59:49.0000003,12.887363011281844
2011-03-22 12:59:49.0000005,5.3571431358937005
2011-03-22 12:59:49.0000004,6.9673921303803334
2014-10-05 17:21:45.0000001,6.543703453383695
2013-07-05 00:58:17.0000003,8.434023892220647
2013-07-05 00:58:17.0000002,17.703522018802808
2010-09-28 21:50:05.0000001,5.052405264689283
2010-09-28 21:50:05.0000003,19.283451268307086
2010-09-28 21:50:05.0000002,7.076254496312849
2010-09-28 21:50:05.0000004,12.356860609910248
2010-09-28 21:50:05.0000005,5.052405264689283
2012-05-25 09:21:17.0000001,5.052405264689283
2012-05-25 09:21:17.0000002,6.095141329933703
2012-05-25 09:21:17.0000003,5.508278378502442
2010-01-30 00:57:21.0000003,8.212989529944139
2010-01-30 00:57:21.0000004,6.758476968547097
2009-10-16 16:14:41.0000004,5.980224710937137
2009-10-16 16:14:41.0000001,5.969245169159104
2009-10-16 16:14:41.0000003,5.083672507298521
2012-04-02 08:39:21.0000003,6.107354010483727
2012-04-02 08:39:21.0000001,5.519970366049174
2009-09-04 06:54:49.0000001,6.387560808530705
2012-08-29 09:53:33.0000002,8.379622947092594
2012-08-29 09:53:33.0000001,9.321142765164991
2011-03-13 05:34:57.0000001,10.96676833230501
2010-10-22 00:49:05.0000001,6.355786215117449
2010-09-12 22:12:53.0000001,12.048286577607547
2014-09-13 04:51:21.0000001,27.660391421484697
2014-09-13 04:51:21.0000002,15.008793176264644
2010-08-17 07:59:05.0000003,8.24066996032426
2010-08-17 07:59:05.0000001,4.7016581969073865
2010-08-17 07:59:05.0000002,8.227090182638772
2011-03-06 23:14:17.0000001,11.93955457461444
2014-06-19 08:41:17.0000001,5.367855007181107
2014-06-19 08:41:17.0000002,5.6515736867482635
2014-06-19 08:41:17.0000006,16.277436391901734
2014-06-19 08:41:17.0000004,10.866745952001823
2014-06-19 08:41:17.0000003,6.549757274926395
2014-06-19 08:41:17.0000005,5.0983787651022565
2015-02-26 23:20:13.0000004,5.166124030113051
2015-02-26 23:20:13.0000002,8.33339837794112
2015-02-26 23:20:13.0000009,19.90261186002116
2015-02-26 23:20:13.0000007,6.426262996657282
2015-02-26 23:20:13.0000005,9.347074035314474
2015-02-26 23:20:13.0000001,20.680847939555164
2015-02-26 23:20:13.0000006,21.54796442844736
2015-02-26 23:20:13.0000003,5.0983787651022565
2013-10-09 15:11:41.0000001,7.8055629820108114
2013-10-09 15:11:41.0000003,4.901232083647582
2013-10-09 15:11:41.0000002,21.75090288142457
2011-09-01 09:53:49.0000002,6.408814612371228
2011-09-01 09:53:49.0000003,11.498768521602972
2011-09-01 09:53:49.0000005,5.802910497176011
2011-09-01 09:53:49.0000001,11.262192523948444
2011-11-28 14:13:37.0000001,9.90512678560057
2011-11-28 14:13:37.0000003,6.635390485531424
2010-09-28 00:16:53.0000002,16.275109335433736
2010-09-28 00:16:53.0000004,10.428233585556168
2010-09-28 00:16:53.0000001,6.409736510176304
2013-08-30 11:20:21.0000002,16.921837947550546
2013-08-30 11:20:21.0000001,13.9925034492664
2013-09-19 21:24:21.0000002,4.757379344655448
2013-09-19 21:24:21.0000003,6.815536706790969
2012-07-01 22:30:29.0000001,5.830968010013459
2013-01-19 08:04:21.0000001,9.483931303601018
2011-07-02 00:38:01.0000003,6.969410553101605
2011-07-02 00:38:01.0000002,7.647594960806199
2014-02-08 17:24:57.0000001,15.451151362180592
2010-01-13 01:56:57.0000001,5.655617309959462
2014-01-05 12:00:13.0000005,11.022019974532668
2014-01-05 12:00:13.0000003,12.24325311117567
2014-01-05 12:00:13.0000002,7.478463748155743
2014-01-05 12:00:13.0000004,8.016218632381655
2014-01-05 12:00:13.0000006,5.0983787651022565
2014-01-05 12:00:13.0000001,28.34489172835913
2011-02-04 09:12:53.0000003,9.947429330343255
2011-02-04 09:12:53.0000001,9.386627486449182
2011-02-04 09:12:53.0000005,5.508278378502442
2011-02-04 09:12:53.0000002,5.606271441925179
2012-03-08 12:33:25.0000005,6.147581444938904
2012-03-08 12:33:25.0000002,14.84723401021606
2012-03-08 12:33:25.0000001,7.161963383972586
2012-03-08 12:33:25.0000004,13.378281221351845
2009-07-31 18:15:57.0000002,5.486111017046852
2009-07-10 20:17:05.0000001,5.052405264689283
2009-07-10 20:17:05.0000002,4.826116886656086
2010-11-05 14:33:37.0000002,14.81327865187225
2010-11-05 14:33:37.0000003,5.30159671515467
2010-11-05 14:33:37.0000001,12.763814352319121
2010-11-05 14:33:37.0000004,27.965968431735245
2010-03-09 08:49:13.0000002,6.9673921303803334
2010-03-09 08:49:13.0000001,6.8414958610404755
2010-03-09 08:49:13.0000003,5.052405264689283
2010-08-21 21:56:25.0000001,6.166040734228892
2011-07-27 09:24:33.0000004,6.147581444938904
2011-07-27 09:24:33.0000002,4.7016581969073865
2011-07-27 09:24:33.0000005,11.552019952038192
2011-07-27 09:24:33.0000001,7.639311597175585
2011-07-27 09:24:33.0000003,7.131562126735718
2010-10-09 17:11:17.0000002,6.635390485531424
2014-01-16 23:24:37.0000001,13.59115139423466
2009-09-25 15:13:57.0000005,30.50580871949524
2009-09-25 15:13:57.0000007,5.083672507298521
2009-09-25 15:13:57.0000006,5.7905183332006676
2009-09-25 15:13:57.0000004,8.560576746415467
2009-12-13 20:44:37.0000001,8.354831327172935
2009-12-13 20:44:37.0000004,9.242748248216648
2009-12-13 20:44:37.0000002,8.357627142048583
2009-12-13 20:44:37.0000003,7.426617365276536
2010-05-26 21:31:05.0000004,7.983332353348081
2010-05-26 21:31:05.0000003,12.369372214491333
2010-05-26 21:31:05.0000005,5.052405264689283
2010-05-26 21:31:05.0000001,10.062005101059492
2010-05-26 21:31:05.0000002,6.900968929530218
2010-05-03 08:36:41.0000003,5.850503060651185
2010-05-03 08:36:41.0000005,5.508278378502442
2010-05-03 08:36:41.0000001,7.496899530821097
2010-05-03 08:36:41.0000002,7.639311597175585
2009-06-22 08:08:29.0000001,15.949442429188439
2009-06-22 08:08:29.0000002,9.279148214241383
2009-01-20 17:38:05.0000003,6.534116796338991
2009-01-20 17:38:05.0000005,4.7016581969073865
2009-01-20 17:38:05.0000004,6.9673921303803334
2009-01-20 17:38:05.0000001,5.124225502277747
2009-01-20 17:38:05.0000002,32.638360276228525
2013-02-04 16:08:01.0000002,14.57701860841437
2013-02-04 16:08:01.0000001,8.191111914861613
2009-07-22 09:50:25.0000001,5.0622216014544446
2009-07-22 09:50:25.0000002,6.490491553960885
2009-07-22 09:50:25.0000003,5.508278378502442
2013-07-17 06:50:17.0000001,17.390761727184792
2011-01-24 20:18:49.0000002,7.0378277520990755
2011-01-24 20:18:49.0000004,7.475829925385276
2011-01-24 20:18:49.0000001,5.052405264689283
2012-04-25 17:29:21.0000002,16.232832037489803
2012-04-25 17:29:21.0000004,5.052405264689283
2012-04-25 17:29:21.0000001,9.30583896927314
2012-04-25 17:29:21.0000003,12.684331766386208
2010-01-23 14:32:17.0000001,6.9372231882969775
2010-01-23 14:32:17.0000002,6.137803342478626
2012-03-07 01:22:57.0000001,8.306993480953905
2012-03-07 01:22:57.0000002,12.189163302451526
2012-06-02 01:16:05.0000002,5.052405264689283
2012-06-02 01:16:05.0000005,41.47527926123627
2011-02-18 20:57:57.0000003,5.606271441925179
2011-02-18 20:57:57.0000001,12.232882635441829
2011-02-18 20:57:57.0000002,5.052405264689283
2010-11-03 17:52:21.0000001,5.052405264689283
2011-10-20 13:46:33.0000004,10.081945442331092
2011-10-20 13:46:33.0000001,43.2355997424828
2013-11-29 15:09:45.0000002,7.478463748155743
2013-11-29 15:09:45.0000001,12.397092791592947
2015-06-24 07:28:01.0000001,7.73295384736263
2015-06-24 07:28:01.0000003,72.7502292984693
2015-06-24 07:28:01.0000004,5.108195101867418
2015-06-24 07:28:01.0000002,14.542035808956328
2015-06-24 07:28:01.0000005,5.0983787651022565
2010-03-27 11:29:05.0000001,6.095141329933703
2010-03-27 11:29:05.0000003,5.508278378502442
2010-03-27 11:29:05.0000002,4.720270750001125
2014-06-09 11:18:25.0000005,5.108195101867418
2014-06-09 11:18:25.0000003,11.970699437826282
2014-06-09 11:18:25.0000001,7.859311140459519
2014-06-09 11:18:25.0000004,5.0983787651022565
2014-06-09 11:18:25.0000002,7.836822333013621
2012-08-08 09:47:53.0000002,5.3565552210620675
2012-08-08 09:47:53.0000003,5.052405264689283
2012-08-08 09:47:53.0000001,7.639311597175585
2014-10-28 12:23:09.0000003,17.27692744166399
2014-10-28 12:23:09.0000006,8.33339837794112
2014-10-28 12:23:09.0000004,10.38922928156475
2014-10-28 12:23:09.0000005,8.33339837794112
2014-10-28 12:23:09.0000002,5.0983787651022565
2013-04-04 02:55:13.0000001,19.574562781459793
2011-07-11 20:43:33.0000003,13.308131148693947
2011-07-11 20:43:33.0000002,6.490491553960885
2013-02-23 14:25:29.0000001,14.507559100439208
2010-01-30 18:58:33.0000007,7.643114370785217
2010-01-30 18:58:33.0000002,12.539335675627017
2010-01-30 18:58:33.0000003,5.083672507298521
2010-01-30 18:58:33.0000004,14.945245924342673
2010-01-30 18:58:33.0000005,6.147581444938904
2013-10-07 11:12:33.0000003,9.949033730309008
2013-10-07 11:12:33.0000002,7.2954546478070945
2013-10-07 11:12:33.0000001,7.778249859521201
2012-10-08 12:29:21.0000001,6.500392149687238
2014-08-22 06:49:41.0000002,8.308404736302391
2014-08-22 06:49:41.0000001,6.196844554480168
2014-04-26 22:02:17.0000001,12.744883938135585
2010-05-13 08:48:41.0000004,29.973262564543447
2010-05-13 08:48:41.0000002,5.584986392016816
2010-05-13 08:48:41.0000001,15.446244809780834
2010-05-13 08:48:41.0000003,9.321142765164991
2014-06-22 14:49:13.0000004,5.0983787651022565
2014-06-22 14:49:13.0000003,4.951878064928714
2013-01-22 14:06:33.0000002,5.166124030113051
2013-01-22 14:06:33.0000004,9.861112131900152
2013-01-22 14:06:33.0000001,11.072732197320349
2013-01-22 14:06:33.0000003,53.10867738964603
2010-10-08 11:25:09.0000001,7.091974690676962
2010-10-08 11:25:09.0000002,5.704131739685734
2015-03-14 02:23:17.0000001,6.358451619073163
2015-03-14 02:23:17.0000005,24.058552884420575
2015-03-14 02:23:17.0000007,18.151197512562955
2015-03-14 02:23:17.0000003,19.9290055317929
2014-09-20 00:55:21.0000001,10.24686448347628
2014-09-25 20:52:09.0000003,16.181272627172994
2014-09-25 20:52:09.0000007,17.6698164355884
2014-09-25 20:52:09.0000008,7.478463748155743
2014-09-25 20:52:09.0000006,8.33339837794112
2014-09-25 20:52:09.0000001,6.549757274926395
2014-09-25 20:52:09.0000004,12.917598064731312
2013-08-20 09:05:33.0000001,9.844730336174903
2012-01-19 00:39:29.0000001,13.57151919423578
2009-12-23 09:09:21.0000002,14.75563981181687
2009-12-23 09:09:21.0000003,10.992955915897175
2009-12-23 09:09:21.0000001,13.246233938382211
2012-12-15 06:35:45.0000002,14.38477049292927
2012-12-15 06:35:45.0000003,54.22454025800811
2012-12-15 06:35:45.0000004,5.700546075057684
2013-09-30 07:03:29.0000001,9.213615970336006
2014-06-10 11:21:37.0000001,7.778249859521201
2014-06-10 11:21:37.0000002,11.970699437826282
2015-05-30 05:00:57.0000001,58.745073314439686
2015-05-30 05:00:57.0000002,16.73679883498481
2014-04-15 08:04:25.0000001,7.2954546478070945
2014-04-15 08:04:25.0000002,11.970699437826282
2012-09-04 21:59:45.0000001,6.9775013614965475
2012-06-23 19:15:29.0000001,7.629104571793923
2014-09-23 18:20:01.0000002,9.844730336174903
2014-09-23 18:20:01.0000001,8.33339837794112
2011-06-30 21:50:17.0000002,8.641752284724113
2011-06-30 21:50:17.0000006,7.526149405265401
2011-06-30 21:50:17.0000005,7.0378277520990755
2011-06-30 21:50:17.0000004,9.781857162965572
2011-06-30 21:50:17.0000001,5.083672507298521
2011-06-30 21:50:17.0000003,7.496899530821097
2013-04-09 08:59:41.0000001,5.108195101867418
2013-02-14 03:56:45.0000001,8.084825206416737
2009-02-23 21:09:17.0000002,8.736541324414453
2009-02-23 21:09:17.0000003,5.0622216014544446
2009-02-23 21:09:17.0000001,6.950156950664601
2013-04-05 20:47:57.0000001,14.634017477551533
2013-04-05 20:47:57.0000003,10.659869287622648
2013-04-05 20:47:57.0000002,15.242474700670765
2013-03-11 06:58:05.0000001,9.213615970336006
2012-01-05 05:51:01.0000002,7.810482376344812
2009-05-11 10:47:33.0000001,15.949442429188439
2014-02-22 02:07:01.0000001,16.59287027855305
2014-02-22 02:07:01.0000004,8.794489980989184
2014-02-22 02:07:01.0000005,7.315912927010134
2014-02-22 02:07:01.0000002,13.11088599281787
2014-02-22 02:07:01.0000003,11.757161366699716
2013-07-25 01:56:37.0000002,15.648149604549205
2013-07-25 01:56:37.0000001,13.212484083349167
2013-10-15 08:16:21.0000001,6.452258437130418
2014-08-26 23:35:49.0000003,11.923322778765334
2014-08-26 23:35:49.0000004,19.21491037369279
2014-08-26 23:35:49.0000001,8.33339837794112
2009-08-28 23:01:41.0000007,8.683162636009595
2009-08-28 23:01:41.0000004,6.845753249830117
2009-08-28 23:01:41.0000003,4.776058542413974
2009-08-28 23:01:41.0000005,47.32745299154119
2009-08-07 07:07:37.0000003,11.043703548821178
2009-08-07 07:07:37.0000002,12.578319826488041
2009-08-07 07:07:37.0000001,8.715819039306469
2013-11-11 13:49:53.0000004,55.782199514752556
2013-11-11 13:49:53.0000003,11.970699437826282
2013-11-11 13:49:53.0000006,19.362188970875483
2013-11-11 13:49:53.0000005,5.9872345453364355
2013-11-11 13:49:53.0000001,7.778249859521201
2013-11-11 13:49:53.0000002,9.886346529998919
2012-08-11 19:58:29.0000002,7.329986742438851
2012-08-11 19:58:29.0000003,5.519273865238373
2012-08-11 19:58:29.0000004,7.7292705143746865
2012-08-11 19:58:29.0000001,10.287220765369202
2011-06-29 06:25:41.0000001,30.743382162451567
2014-10-19 15:14:45.0000001,22.279820901652567
2014-12-16 13:40:25.0000001,8.298202251439173
2014-12-16 13:40:25.0000002,8.529587956749738
2010-06-11 13:37:21.0000004,7.341941975288434
2010-06-11 13:37:21.0000001,5.645965133282937
2010-06-11 13:37:21.0000002,8.237223776319658
2012-12-09 22:30:13.0000003,13.813511411993089
2012-12-09 22:30:13.0000001,12.437267298507727
2010-06-21 20:21:45.0000001,18.080532053485168
2011-05-11 19:56:09.0000002,11.380859499392233
2013-06-17 06:37:49.0000001,5.0983787651022565
2009-07-29 07:52:01.0000004,5.508278378502442
2009-07-29 07:52:01.0000002,15.831138350299476
2009-07-29 07:52:01.0000003,5.508278378502442
2009-07-29 07:52:01.0000001,5.0622216014544446
2014-08-08 00:02:41.0000001,9.71657856437584
2014-08-08 00:02:41.0000003,13.404764948370921
2014-08-08 00:02:41.0000005,15.200730388228026
2009-02-19 09:17:21.0000001,10.587157539308876
2013-09-12 12:50:13.0000004,4.80145600612665
2013-09-12 12:50:13.0000002,14.236477892349779
2013-09-12 12:50:13.0000006,38.72265632685483
2013-09-12 12:50:13.0000005,8.33339837794112
2011-06-26 03:33:25.0000001,17.110661204001488
2013-09-28 09:59:33.0000002,10.437876932107665
2013-09-28 09:59:33.0000001,6.619026630167578
2010-04-20 07:32:21.0000001,8.646476640574868
2010-04-20 07:32:21.0000002,5.508278378502442
2011-04-16 06:38:33.0000001,6.815993335703694
2011-09-18 18:33:13.0000001,7.131065587496472
2011-09-18 18:33:13.0000002,21.6014402576862
2014-03-04 16:24:45.0000003,16.514797072706738
2014-03-04 16:24:45.0000002,7.859311140459519
2013-08-03 15:48:29.0000001,6.426262996657282
2012-06-21 19:47:25.0000003,5.755848563389137
2012-06-21 19:47:25.0000001,7.583582613729049
2012-06-21 19:47:25.0000002,6.9673921303803334
2014-03-10 12:25:21.0000003,6.343190969243433
2014-03-10 12:25:21.0000002,8.317186187126618
2014-03-10 12:25:21.0000001,14.57701860841437
2014-11-10 10:52:41.0000002,21.31669607131593
2014-11-10 10:52:41.0000003,15.439599751071817
2010-10-17 23:04:25.0000001,8.740161835901546
2009-12-22 15:59:53.0000001,5.052405264689283
2009-12-22 15:59:53.0000002,5.052405264689283
2009-12-22 15:59:53.0000004,12.763814352319121
2014-05-08 21:23:41.0000002,4.901232083647582
2014-05-08 21:23:41.0000003,11.124596722449962
2014-05-08 21:23:41.0000004,8.087954533665537
2014-05-08 21:23:41.0000005,10.938213868437701
2009-10-28 17:56:45.0000002,5.969245169159104
2009-10-28 17:56:45.0000001,5.052405264689283
2014-07-10 07:03:29.0000002,11.705589293512828
2014-07-10 07:03:29.0000001,7.045619685375735
2012-07-15 03:53:37.0000004,13.442332492373355
2010-03-31 05:33:53.0000001,6.147581444938904
2010-03-31 05:33:53.0000002,6.074244644859079
2010-07-06 20:52:53.0000003,7.262098125908195
2010-07-06 20:52:53.0000001,6.9673921303803334
2010-07-06 20:52:53.0000002,6.147581444938904
2013-06-10 11:29:13.0000002,5.0983787651022565
2013-06-10 11:29:13.0000006,6.549757274926395
2013-06-10 11:29:13.0000004,6.549757274926395
2013-06-10 11:29:13.0000005,5.0983787651022565
2013-06-10 11:29:13.0000003,11.701606150178812
2015-04-25 01:06:17.0000008,8.084825206416737
2015-04-25 01:06:17.0000004,6.257654439506283
2015-04-25 01:06:17.0000001,6.352358448496287
2015-04-25 01:06:17.0000006,9.182464774091457
2015-04-25 01:06:17.0000002,10.055582603901577
2011-05-27 14:47:09.0000001,6.64351602986861
2011-05-27 14:47:09.0000004,9.999202414229389
2011-05-27 14:47:09.0000002,9.922180631614214
2011-05-27 14:47:09.0000003,7.639311597175585
2012-10-28 13:55:57.0000002,8.483888918503386
2011-06-12 01:07:57.0000002,19.19157676435876
2011-06-12 01:07:57.0000001,12.8260191631622
2014-12-11 15:20:49.0000002,46.97270537722956
2014-12-11 15:20:49.0000003,7.543622421699081
2011-06-19 04:08:49.0000001,7.585958476891296
2015-06-02 09:11:17.0000003,6.549757274926395
2015-06-02 09:11:17.0000006,5.531310716511274
2015-06-02 09:11:17.0000001,10.866745952001823
2015-06-02 09:11:17.0000004,4.80145600612665
2015-06-02 09:11:17.0000005,12.651344890759438
2014-05-09 02:23:21.0000001,11.73236206964216
2011-10-08 12:54:49.0000003,7.804472200659226
2011-10-08 12:54:49.0000001,12.993816877695215
2009-06-02 08:34:33.0000003,8.906873826800705
2009-06-02 08:34:33.0000002,6.147581444938904
2010-12-09 17:21:29.0000001,5.704131739685734
2013-06-22 01:59:25.0000001,8.084825206416737
2014-12-07 19:56:45.0000002,6.8105920666386535
2014-12-07 19:56:45.0000003,10.11095798622778
2013-12-04 17:40:13.0000006,8.317186187126618
2013-12-04 17:40:13.0000004,11.970699437826282
2013-12-04 17:40:13.0000002,10.507306704631501
2013-12-04 17:40:13.0000005,4.748583128326871
2013-12-04 17:40:13.0000001,4.777907233777605
2013-12-04 17:40:13.0000007,11.193178320199424
2013-12-04 17:40:13.0000003,36.206957100622446
2014-07-20 17:05:09.0000001,19.459160360496135
2010-12-15 08:39:33.0000003,5.570128176444648
2010-12-15 08:39:33.0000002,6.440126312515837
2010-12-15 08:39:33.0000004,47.394856063876134
2010-12-15 08:39:33.0000001,5.534579359485187
2011-02-07 08:56:09.0000001,9.30583896927314
2012-05-26 11:54:53.0000003,7.665292746963088
2012-04-24 17:57:05.0000002,5.349486783533295
2012-04-24 17:57:05.0000003,30.897200810649956
2012-04-24 17:57:05.0000001,11.970354170306017
2014-01-11 19:20:17.0000002,8.33339837794112
2015-01-05 21:43:13.0000003,10.1443809957099
2015-01-05 21:43:13.0000002,10.560872029936975
2013-04-23 13:19:17.0000002,10.90747121271333
2013-04-23 13:19:17.0000003,8.209837636563925
2011-07-19 22:20:41.0000003,15.803591602545499
2012-03-18 02:27:41.0000002,32.94769980692886
2012-03-18 02:27:41.0000003,10.66646624618786
2009-01-19 19:48:17.0000003,11.287280174507709
2011-06-21 22:19:45.0000002,5.3863120960962805
2011-06-21 22:19:45.0000003,13.288386052225498
2011-06-21 22:19:45.0000001,15.767736361491133
2012-02-10 06:28:17.0000001,9.598078940407616
2013-01-13 00:20:53.0000002,10.647490007608848
2013-01-13 00:20:53.0000003,10.12428358677011
2015-03-28 09:52:37.0000002,4.901232083647582
2015-03-28 09:52:37.0000001,7.478463748155743
2015-05-02 15:18:33.0000001,9.500313099326267
2015-05-02 15:18:33.0000005,5.0983787651022565
2015-05-02 15:18:33.0000002,8.055584557430608
2015-05-02 15:18:33.0000006,7.93863848690566
2015-05-02 15:18:33.0000004,12.223934976645994
2015-05-02 15:18:33.0000007,7.493186379522597
2015-05-02 15:18:33.0000003,12.223934976645994
2012-01-01 00:37:29.0000005,14.147626622798297
2012-01-01 00:37:29.0000001,7.653477483433179
2012-01-01 00:37:29.0000003,9.613294524684346
2012-01-01 00:37:29.0000002,10.984940145377632
2010-06-24 19:32:25.0000001,9.035168398079403
2010-06-24 19:32:25.0000002,4.7016581969073865
2010-04-25 09:00:01.0000001,12.831821151391727
2010-04-25 09:00:01.0000002,12.408689781080252
2009-08-11 21:41:09.0000001,14.859653242916858
2012-06-12 07:19:17.0000002,7.645659349870577
2012-06-12 07:19:17.0000001,5.508278378502442
2011-12-30 11:16:05.0000002,11.094278112857761
2011-12-30 11:16:05.0000001,7.17257965338518
2011-12-30 11:16:05.0000003,7.00413603716027
2011-12-30 11:16:05.0000004,6.940977491730786
2013-11-28 13:17:13.0000001,8.565510206838924
2010-06-14 20:51:37.0000001,17.77316829875796
2010-06-14 20:51:37.0000002,11.878457880910492
2012-06-10 00:46:17.0000004,14.586386095465928
2012-06-10 00:46:17.0000002,12.7821900182544
2013-02-10 19:51:53.0000001,9.035873910700662
2013-02-10 19:51:53.0000002,15.20709877277607
2010-02-20 04:04:13.0000001,8.7772355382186
2010-02-20 04:04:13.0000002,7.604334954059627
2010-02-20 04:04:13.0000003,6.147581444938904
2014-01-01 16:33:01.0000004,6.408434759762318
2014-01-01 16:33:01.0000001,9.844730336174903
2014-01-01 16:33:01.0000002,12.651344890759438
2014-01-01 16:33:01.0000003,11.472572674801452
2013-06-04 08:06:57.0000002,8.33339837794112
2013-06-04 08:06:57.0000005,6.5243978633187325
2013-06-04 08:06:57.0000003,12.651344890759438
2013-06-04 08:06:57.0000004,5.131364444731109
2013-06-04 08:06:57.0000001,4.748583128326871
2012-07-13 08:45:21.0000001,28.52377688114301
2012-07-13 08:45:21.0000003,6.5726406823991
2012-07-13 08:45:21.0000004,5.508278378502442
2012-07-13 08:45:21.0000002,11.472017206412048
2014-06-09 13:01:21.0000002,8.314313145947938
2014-06-09 13:01:21.0000001,7.8055629820108114
2010-10-01 13:11:05.0000002,6.440126312515837
2010-10-01 13:11:05.0000004,8.308111599439114
2010-10-01 13:11:05.0000003,29.201721177883325
2010-02-27 22:55:09.0000002,7.639311597175585
2010-02-27 22:55:09.0000003,6.812603252618533
2012-11-23 05:37:53.0000001,12.60657565705445
2009-10-05 15:41:37.0000001,6.372355519103035
2009-12-01 02:33:57.0000001,9.797711332238368
2013-04-30 14:43:33.0000003,19.539806023349506
2013-04-30 14:43:33.0000002,19.514329367337357
2013-04-30 14:43:33.0000001,14.418396524730165
2015-05-17 04:17:33.0000001,10.301478304541419
2015-05-17 04:17:33.0000002,9.918133755818412
2015-05-17 04:17:33.0000003,9.628337319381847
2015-05-17 04:17:33.0000004,9.183185209233345
2014-07-26 23:31:41.0000001,7.543153166028542
2009-11-07 16:37:49.0000001,5.557736012469305
2009-11-07 16:37:49.0000003,6.80642310796069
2009-11-07 16:37:49.0000002,47.394856063876134
2009-11-07 16:37:49.0000005,5.052405264689283
2012-11-07 12:46:29.0000003,7.247332749848707
2012-11-07 12:46:29.0000001,11.037049533383465
2012-11-07 12:46:29.0000002,4.896282425940156
2011-01-07 09:25:57.0000002,5.052405264689283
2011-01-07 09:25:57.0000001,5.508278378502442
2012-07-18 16:28:21.0000002,5.508278378502442
2009-12-17 10:33:45.0000001,9.943534342057296
2009-12-17 10:33:45.0000002,11.422436179538954
2009-12-17 10:33:45.0000003,5.0622216014544446
2009-12-17 10:33:45.0000004,5.691739575710391
2013-03-08 19:03:09.0000001,13.081470028064556
2013-03-08 19:03:09.0000004,7.478463748155743
2011-03-11 23:36:13.0000001,7.653321396166879
2011-03-11 23:36:13.0000002,6.580688548465469
2011-03-11 23:36:13.0000004,6.095141329933703
2011-03-11 23:36:13.0000003,5.083672507298521
2009-12-10 22:45:01.0000002,5.5221871955098445
2009-12-10 22:45:01.0000001,13.03923758901657
2009-12-10 22:45:01.0000003,4.865015183330918
2009-12-10 22:45:01.0000005,18.714204295478723
2012-07-13 11:00:05.0000003,30.569343963947198
2012-07-13 11:00:05.0000002,13.804789389896056
2012-07-13 11:00:05.0000006,48.12625665050326
2012-07-13 11:00:05.0000001,9.814641545666374
2012-07-21 17:57:17.0000001,9.324080178444623
2009-04-23 02:42:05.0000002,7.293022871638539
2009-04-23 02:42:05.0000001,10.9648238280069
2012-11-03 23:49:17.0000003,9.41399398323947
2012-11-03 23:49:17.0000002,5.052405264689283
2012-11-03 23:49:17.0000004,6.079985018377805
2012-11-03 23:49:17.0000001,11.736324613182138
2012-02-21 20:07:25.0000002,5.052405264689283
2012-02-21 20:07:25.0000001,5.0622216014544446
2012-03-26 05:24:13.0000001,18.563039652362782
2010-02-01 20:28:45.0000001,5.740523216393541
2010-02-01 20:28:45.0000002,7.639311597175585
2010-02-01 20:28:45.0000003,5.009995565229879
2009-09-26 04:36:49.0000001,5.052405264689283
2009-01-29 15:29:09.0000002,30.066369866049012
2009-01-29 15:29:09.0000001,5.052405264689283
2009-12-29 02:06:33.0000002,15.221461769112874
2009-12-29 02:06:33.0000001,9.75620078129223
2010-09-06 00:39:05.0000001,7.048046695003093
2012-09-08 21:13:49.0000004,7.302143841032329
2012-09-08 21:13:49.0000001,8.92926332307131
2012-09-08 21:13:49.0000002,6.9775013614965475
2012-09-08 21:13:49.0000003,6.931533652674453
2010-11-04 16:19:25.0000001,9.943534342057296
2009-12-08 07:36:17.0000001,9.823490879204742
2009-12-08 07:36:17.0000002,10.791712010466984
2012-08-30 20:32:49.0000001,10.243008000409898
2013-06-08 16:55:13.0000002,7.302181228666747
2013-06-08 16:55:13.0000001,8.33339837794112
2014-07-01 11:05:21.0000002,5.0983787651022565
2014-07-01 11:05:21.0000001,9.350485578412492
2013-08-19 16:21:05.0000002,17.018925473890903
2014-12-26 21:10:45.0000001,8.651859081883646
2012-10-25 16:20:37.0000001,11.07308135084689
2012-10-25 16:20:37.0000002,31.853327975252295
2013-08-14 11:02:17.0000001,5.561963418235598
2013-08-14 11:02:17.0000002,20.80669635706861
2010-10-01 01:22:01.0000001,11.671226213309119
2012-12-07 19:33:49.0000002,58.146742657781836
2012-12-07 19:33:49.0000001,5.580524933131361
2011-07-11 01:40:45.0000001,8.382041150102587
2013-07-18 01:45:01.0000001,7.045619685375735
2013-07-18 01:45:01.0000002,6.486030462185905
2009-06-25 10:29:21.0000002,5.052405264689283
2009-06-25 10:29:21.0000001,5.052405264689283
2012-07-31 20:04:53.0000005,6.73809263304386
2012-07-31 20:04:53.0000003,5.508278378502442
2012-07-31 20:04:53.0000004,4.73098230235812
2012-07-31 20:04:53.0000001,8.64720785651814
2010-11-15 22:25:13.0000001,7.092304169984159
2015-06-08 05:02:45.0000002,13.40545041421909
2015-06-08 05:02:45.0000001,22.451859090708677
2013-12-08 20:26:29.0000001,5.166124030113051
2013-12-08 20:26:29.0000002,9.736290272724238
2013-12-08 20:26:29.0000003,9.163376924594177
2009-05-10 00:24:57.0000002,13.636391815220568
2009-05-10 00:24:57.0000004,5.240847202855317
2009-05-10 00:24:57.0000003,8.681122267282138
2009-05-10 00:24:57.0000005,5.508278378502442
2009-05-10 00:24:57.0000001,4.752433208202197
2009-02-28 10:19:41.0000002,5.052405264689283
2009-02-28 10:19:41.0000001,6.9372231882969775
2011-08-19 17:42:57.0000001,4.73098230235812
2011-08-19 17:42:57.0000002,9.292664915835529
2014-06-05 22:56:05.0000007,12.196008405719324
2014-06-05 22:56:05.0000002,23.165878359604402
2014-06-05 22:56:05.0000001,55.77187778059246
2014-06-05 22:56:05.0000006,5.458147744003314
2014-06-05 22:56:05.0000005,6.065300013065593
2014-06-05 22:56:05.0000003,24.63043164048888
2014-07-16 18:33:41.0000001,8.591850739307572
2014-07-16 18:33:41.0000002,8.285711914933819
2014-07-16 18:33:41.0000003,15.232322688988662
2009-07-14 22:41:09.0000002,5.508278378502442
2009-07-14 22:41:09.0000004,5.349486783533295
2009-07-14 22:41:09.0000001,37.51050858064287
2013-11-21 14:19:21.0000002,6.549757274926395
2015-01-02 11:55:57.0000005,7.353276679504852
2015-01-02 11:55:57.0000002,8.33339837794112
2015-01-02 11:55:57.0000004,23.344368325289953
2015-01-02 11:55:57.0000001,7.778249859521201
2011-09-26 22:26:57.0000001,6.440126312515837
2015-04-14 01:41:05.0000001,11.667118187200995
2013-05-14 16:23:49.0000002,13.941653476191682
2013-05-14 16:23:49.0000001,13.994137374084023
2013-11-23 22:19:37.0000002,16.82360157136477
2013-11-23 22:19:37.0000001,9.736290272724238
2014-07-14 16:18:37.0000001,5.507282328951527
2010-07-30 12:04:17.0000001,4.789883151940854
2010-07-30 12:04:17.0000002,6.826225066980954
2011-07-27 21:48:49.0000002,7.629104571793923
2011-07-27 21:48:49.0000001,6.900968929530218
2014-03-18 19:55:17.0000003,6.426262996657282
2014-03-18 19:55:17.0000002,14.87623778340879
2014-03-18 19:55:17.0000004,7.715763047682144
2014-07-28 21:44:21.0000001,12.199701883274123
2009-05-23 07:56:37.0000001,6.87157846952056
2010-06-05 23:05:25.0000004,12.767360068466813
2010-06-05 23:05:25.0000005,5.460171358523985
2010-06-05 23:05:25.0000003,9.267661605330023
2010-06-05 23:05:25.0000001,10.270372690911808
2010-06-05 23:05:25.0000002,9.296529127829615
2012-07-01 19:59:49.0000001,6.826225066980954
2015-06-07 17:23:09.0000004,8.959032569392521
2015-06-07 17:23:09.0000003,7.478463748155743
2015-06-07 17:23:09.0000002,6.810670814204915
2015-06-07 17:23:09.0000001,10.437876932107665
2013-03-10 07:31:45.0000001,7.9239289703955444
2011-03-24 17:44:01.0000001,10.861428955482898
2011-03-24 17:44:01.0000003,6.9673921303803334
2014-03-28 21:55:17.0000002,18.632870117360802
2014-03-28 21:55:17.0000004,6.549757274926395
2014-03-28 21:55:17.0000005,8.49923875165091
2014-03-28 21:55:17.0000006,8.072880788776736
2013-04-28 20:00:05.0000002,55.86209146560775
2013-04-28 20:00:05.0000001,7.952212298114837
2013-04-28 20:00:05.0000004,12.505077243908474
2013-04-28 20:00:05.0000003,5.108195101867418
2012-04-27 18:37:09.0000003,9.922180631614214
2012-04-27 18:37:09.0000001,11.472017206412048
2012-04-27 18:37:09.0000004,9.279148214241383
2014-04-05 18:11:33.0000001,12.223934976645994
2013-11-07 22:25:25.0000002,17.330563260597568
2010-06-19 03:06:33.0000002,5.508278378502442
2012-06-30 03:53:29.0000003,9.789977710148206
2012-06-30 03:53:29.0000001,15.799489779987269
2011-09-15 02:11:49.0000002,18.012652015787676
2011-09-15 02:11:49.0000001,24.735189409681407
2012-08-08 04:45:25.0000001,48.12625665050326
2011-05-19 16:01:41.0000004,5.349486783533295
2011-05-19 16:01:41.0000002,5.708533338401249
2011-05-19 16:01:41.0000005,5.349486783533295
2011-05-19 16:01:41.0000003,21.629627451810748
2009-12-27 04:00:09.0000001,15.934542449968772
2010-01-11 12:38:33.0000006,28.88568758721976
2010-01-11 12:38:33.0000003,6.9673921303803334
2010-01-11 12:38:33.0000005,5.240847202855317
2010-01-11 12:38:33.0000001,6.9372231882969775
2010-01-11 12:38:33.0000004,6.493708183291903
2010-10-16 09:26:33.0000004,26.106127290868827
2010-10-16 09:26:33.0000002,7.131065587496472
2014-07-25 18:06:37.0000002,7.645316306497594
2014-07-25 18:06:37.0000004,9.932985270379316
2014-07-25 18:06:37.0000005,14.971131477123608
2014-07-25 18:06:37.0000003,7.478463748155743
2014-07-25 18:06:37.0000001,10.073649512220488
2013-03-18 15:54:21.0000001,11.970699437826282
2013-03-18 15:54:21.0000002,5.166124030113051
2010-05-13 06:34:57.0000002,7.287471582276465
2010-05-13 06:34:57.0000001,8.681122267282138
2009-05-16 08:13:05.0000001,24.515275192872185
2014-05-13 21:07:29.0000003,7.642310753570047
2014-05-13 21:07:29.0000002,9.428371135945058
2010-04-23 16:10:29.0000001,5.508278378502442
2010-04-23 16:10:29.0000003,6.678948001002502
2010-04-23 16:10:29.0000002,5.508278378502442
2015-05-25 22:13:09.0000002,87.60070336108491
2015-05-25 22:13:09.0000001,16.312410320840435
2013-11-16 18:33:25.0000003,6.588922508805147
2013-11-16 18:33:25.0000004,15.691736187544823
2013-11-16 18:33:25.0000002,13.436697398486965
2013-11-16 18:33:25.0000001,10.437876932107665
2012-04-16 17:48:09.0000001,6.9673921303803334
2012-04-16 17:48:09.0000002,7.0378277520990755
2012-04-16 17:48:09.0000003,9.357196752041796
2014-12-29 12:55:53.0000002,10.507306704631501
2014-12-29 12:55:53.0000001,23.414555840353902
2014-12-29 12:55:53.0000003,14.273660139101924
2009-08-02 14:01:33.0000002,6.5726406823991
2009-08-02 14:01:33.0000003,29.771542651679336
2009-08-02 14:01:33.0000001,5.083672507298521
2015-01-12 15:36:37.0000003,21.29728845868952
2015-01-12 15:36:37.0000004,41.73641558177503
2015-01-12 15:36:37.0000005,12.676796927996257
2015-01-12 15:36:37.0000009,19.543758324279114
2015-01-12 15:36:37.0000006,8.33339837794112
2015-01-12 15:36:37.0000001,17.68437826278924
2015-01-12 15:36:37.0000007,13.860491557557134
2014-09-04 19:52:09.0000002,7.429640877661175
2014-09-04 19:52:09.0000001,5.108195101867418
2014-09-04 19:52:09.0000003,5.0983787651022565
2014-09-04 19:52:09.0000004,20.07898597015765
2009-06-01 17:42:01.0000001,12.427547113882609
2009-06-01 17:42:01.0000002,9.675454476369675
2009-06-01 17:42:01.0000003,5.708533338401249
2010-09-21 01:35:09.0000001,12.835384231810794
2010-09-21 01:35:09.0000002,6.440126312515837
2013-05-26 15:18:37.0000004,23.031498765068406
2013-05-26 15:18:37.0000002,11.608459860146338
2009-09-20 23:07:01.0000002,8.099599453594145
2009-08-12 23:00:37.0000001,18.07009476740811
2012-07-18 09:44:53.0000005,8.335931076449528
2012-07-18 09:44:53.0000001,6.147581444938904
2012-07-18 09:44:53.0000004,4.752433208202197
2012-07-18 09:44:53.0000002,6.107354010483727
2009-09-25 21:43:49.0000005,8.721532210669906
2009-09-25 21:43:49.0000007,12.957969517234442
2009-09-25 21:43:49.0000003,7.131065587496472
2009-09-25 21:43:49.0000006,5.052405264689283
2009-09-25 21:43:49.0000008,10.527519429478188
2009-09-25 21:43:49.0000001,7.6866310076839115
2009-03-22 20:58:33.0000002,10.551968473577924
2009-03-22 20:58:33.0000001,9.445677007573806
2011-12-09 21:19:25.0000002,8.721532210669906
2011-12-09 21:19:25.0000005,10.698279304012988
2011-12-09 21:19:25.0000006,5.570128176444648
2013-07-05 20:44:49.0000002,4.777907233777605
2013-12-20 15:58:29.0000005,14.166078763209565
2013-12-20 15:58:29.0000002,10.457080837336022
2013-12-20 15:58:29.0000003,36.910244920199446
2013-12-20 15:58:29.0000004,14.19830808335346
2014-10-06 14:37:25.0000004,13.941653476191682
2014-10-06 14:37:25.0000003,19.79015701973759
2014-10-06 14:37:25.0000002,9.844730336174903
2014-10-06 14:37:25.0000001,7.792457301262773
2015-01-18 23:09:25.0000003,24.29027895825306
2015-01-18 23:09:25.0000002,10.43782900663208
2014-05-01 14:11:21.0000002,13.903483667195365
2014-05-01 14:11:21.0000004,8.317186187126618
2014-05-01 14:11:21.0000005,8.745919829201377
2014-05-01 14:11:21.0000006,7.349494171348612
2014-05-01 14:11:21.0000001,9.981125388682932
2014-05-01 14:11:21.0000003,20.997593797595744
2012-05-22 14:54:45.0000002,6.717238923722863
2012-05-22 14:54:45.0000001,6.095141329933703
2009-06-17 14:41:57.0000001,10.29730049349815
2009-09-16 10:27:37.0000001,7.871209875275542
2009-09-16 10:27:37.0000002,9.909024554490298
2014-02-06 13:26:49.0000001,9.861112131900152
2015-04-16 02:42:33.0000001,10.760274384709136
2011-06-06 07:28:25.0000002,27.526091269564873
2011-06-06 07:28:25.0000003,5.508278378502442
2011-06-06 07:28:25.0000001,4.754607636569898
2011-06-06 07:28:25.0000005,16.514091739684517
2011-06-06 07:28:25.0000004,5.508278378502442
2013-02-27 19:25:13.0000003,18.116281527768088
2013-02-27 19:25:13.0000007,13.539141536198695
2013-02-27 19:25:13.0000006,12.58401251584894
2013-02-27 19:25:13.0000004,5.137503157741125
2013-02-27 19:25:13.0000002,6.49576377974377
2013-02-27 19:25:13.0000005,9.08288562580567
2014-10-03 01:06:05.0000001,8.140073502168693
2014-10-03 01:06:05.0000002,6.482678169146421
2010-06-26 00:14:53.0000001,7.627153596506116
2009-09-15 08:28:53.0000001,7.6866310076839115
2009-09-15 08:28:53.0000002,10.992955915897175
2009-09-15 08:28:53.0000004,6.940977491730786
2009-09-15 08:28:53.0000005,5.743933156954359
2011-08-09 05:27:05.0000001,10.038512489874869
2010-10-20 08:49:45.0000001,6.630287988820973
2010-10-20 08:49:45.0000002,5.677427401873091
2012-02-08 11:14:49.0000002,5.481792051774074
2012-02-08 11:14:49.0000001,7.639311597175585
2012-02-08 11:14:49.0000004,7.795862811150873
2013-08-07 02:16:45.0000001,32.14684700891024
2012-10-26 00:32:13.0000001,14.964469946425993
2012-07-18 22:34:53.0000001,6.147581444938904
2011-05-17 22:09:17.0000001,13.593780417639834
2009-04-04 00:20:37.0000001,16.34104428587024
2009-04-04 00:20:37.0000003,7.939640107608522
2009-04-04 00:20:37.0000002,14.279082671922463
2009-09-04 18:43:33.0000003,7.131065587496472
2009-09-04 18:43:33.0000004,9.943534342057296
2010-09-19 17:13:29.0000001,12.069419090612808
2010-09-19 17:13:29.0000007,12.648331794057231
2010-09-19 17:13:29.0000005,8.5455013575715
2010-09-19 17:13:29.0000004,5.698918827897529
2010-09-19 17:13:29.0000003,13.452369260148602
2010-09-19 17:13:29.0000002,8.344874521550377
2013-03-19 18:08:29.0000003,10.507306704631501
2013-03-19 18:08:29.0000004,14.169356817093483
2011-11-22 00:15:25.0000002,6.440126312515837
2011-11-22 00:15:25.0000001,10.210824166416701
2011-04-23 11:01:49.0000005,4.73098230235812
2011-04-23 11:01:49.0000004,6.095141329933703
2011-04-23 11:01:49.0000003,4.73098230235812
2012-10-19 06:56:29.0000001,6.478216448041638
2012-10-19 06:56:29.0000002,5.052405264689283
2009-12-16 14:45:21.0000002,5.985504397517526
2009-12-16 14:45:21.0000003,6.440126312515837
2009-12-16 14:45:21.0000001,9.163376924594177
2012-08-13 21:49:53.0000002,6.2215719504742735
2012-08-13 21:49:53.0000003,4.7016581969073865
2012-08-13 21:49:53.0000001,5.052405264689283
2010-11-08 10:01:37.0000001,5.704131739685734
2010-11-08 10:01:37.0000002,7.131065587496472
2010-11-08 10:01:37.0000006,5.704131739685734
2010-11-08 10:01:37.0000007,11.67375901413056
2010-11-08 10:01:37.0000005,30.51815581976746
2010-11-08 10:01:37.0000004,5.0622216014544446
2010-12-05 16:35:49.0000001,6.758952170136182
2010-12-05 16:35:49.0000002,9.597216347219948
2014-10-15 12:10:49.0000001,10.507306704631501
2009-04-01 19:28:09.0000004,13.599874364665716
2009-04-01 19:28:09.0000002,9.060308423543718
2009-04-01 19:28:09.0000003,6.147581444938904
2009-04-01 19:28:09.0000007,19.468205704995498
2009-04-01 19:28:09.0000005,6.900968929530218
2009-04-01 19:28:09.0000006,8.301804402156284
2011-11-26 02:04:29.0000002,12.19453182821788
2011-11-26 02:04:29.0000001,12.734933338503986
2009-01-11 07:56:01.0000003,6.758476968547097
2009-01-11 07:56:01.0000002,4.7016581969073865
2012-05-30 09:19:13.0000001,6.147581444938904
2014-06-10 01:06:25.0000001,18.75080221851744
2014-06-10 01:06:25.0000003,19.72311949585709
2014-06-10 01:06:25.0000002,47.04786893511544
2014-10-28 22:42:33.0000002,21.69280323179237
2014-10-28 22:42:33.0000001,19.895784935982313
2009-03-20 12:14:53.0000004,8.402846814304473
2009-03-20 12:14:53.0000007,5.083672507298521
2009-03-20 12:14:53.0000002,8.402846814304473
2009-03-20 12:14:53.0000005,11.662140873304523
2009-03-20 12:14:53.0000001,5.0622216014544446
2009-03-20 12:14:53.0000006,6.911806996563467
2009-03-20 12:14:53.0000003,17.990465074178086
2010-06-20 12:42:37.0000003,7.55581507038675
2010-06-20 12:42:37.0000001,14.744115431353315
2014-08-05 16:09:05.0000001,6.65221943328194
2014-11-06 01:40:49.0000003,4.80145600612665
2014-11-06 01:40:49.0000002,14.797873037038327
2014-11-06 01:40:49.0000001,8.314167555351686
2014-07-19 21:05:37.0000005,5.0983787651022565
2014-07-19 21:05:37.0000001,10.54411753754762
2014-07-19 21:05:37.0000004,11.981037683813966
2014-07-19 21:05:37.0000003,8.358775355956205
2015-02-19 11:39:21.0000005,6.549757274926395
2015-02-19 11:39:21.0000002,9.861112131900152
2015-02-19 11:39:21.0000003,7.478463748155743
2012-10-02 14:17:13.0000003,6.559472030140918
2012-10-02 14:17:13.0000002,9.032715596166518
2012-04-17 09:47:57.0000001,6.928301233560823
2012-04-17 09:47:57.0000003,13.345005067686756
2012-04-17 09:47:57.0000002,26.86179816463752
2011-04-16 00:01:17.0000002,15.226811383011913
2011-04-16 00:01:17.0000001,4.826116886656086
2010-06-18 08:54:37.0000003,9.922180631614214
2010-06-18 08:54:37.0000002,16.35859283886506
2010-06-18 08:54:37.0000001,10.922909933755015
2012-10-20 00:36:37.0000005,7.2191249485389495
2012-10-20 00:36:37.0000003,35.25708073081328
2012-10-20 00:36:37.0000004,5.580524933131361
2014-06-19 22:37:09.0000001,8.191111914861613
2014-06-19 22:37:09.0000003,10.8471226070105
2014-06-19 22:37:09.0000005,16.865899438692438
2011-05-11 13:24:37.0000004,7.665292746963088
2011-05-11 13:24:37.0000001,8.370220098850313
2011-05-11 13:24:37.0000003,5.083672507298521
2014-04-09 08:42:05.0000002,10.90747121271333
2014-04-09 08:42:05.0000001,6.426262996657282
2014-10-13 00:42:05.0000001,16.30687154901461
2013-12-08 10:41:05.0000003,6.515103949500465
2013-12-08 10:41:05.0000008,16.55133996027827
2013-12-08 10:41:05.0000006,11.766402108008199
2013-12-08 10:41:05.0000004,7.407463855274759
2013-12-08 10:41:05.0000001,12.887738402970877
2013-12-08 10:41:05.0000005,10.033510090041645
2013-02-14 02:02:13.0000001,6.316770379133626
2009-07-04 13:00:57.0000001,11.17128782041121
2009-07-04 13:00:57.0000003,9.272722395675965
2013-03-20 03:01:29.0000001,5.0983787651022565
2010-08-25 12:03:21.0000002,10.922909933755015
2010-08-25 12:03:21.0000001,5.519273865238373
2013-09-08 03:47:57.0000001,16.684105211605836
2013-09-08 03:47:57.0000003,8.755609784911787
2012-12-19 16:29:33.0000002,9.64068871022139
2012-12-19 16:29:33.0000001,5.052405264689283
2009-05-15 21:19:13.0000001,10.655670002431417
2009-05-15 21:19:13.0000002,6.911806996563467
2012-06-06 17:33:05.0000001,9.800793245638056
2012-06-06 17:33:05.0000002,5.508278378502442
2012-06-06 17:33:05.0000003,11.472017206412048
2012-06-06 17:33:05.0000004,6.9673921303803334
2011-09-20 00:07:17.0000001,10.179544076825108
2010-01-29 08:32:53.0000007,5.349486783533295
2010-01-29 08:32:53.0000004,9.814641545666374
2010-01-29 08:32:53.0000001,5.052405264689283
2010-01-29 08:32:53.0000003,9.800793245638056
2010-01-29 08:32:53.0000005,6.147581444938904
2010-01-29 08:32:53.0000006,5.508278378502442
2015-05-15 01:51:49.0000002,12.257199450116941
2015-05-15 01:51:49.0000001,13.064723723887745
2015-05-15 01:51:49.0000005,8.140073502168693
2015-05-15 01:51:49.0000004,4.901232083647582
2011-07-26 05:14:29.0000001,47.36574927075931
2011-09-09 03:00:05.0000002,17.96030602415625
2011-09-09 03:00:05.0000001,5.052405264689283
2012-11-12 10:06:17.0000004,5.714528496372447
2012-11-12 10:06:17.0000005,9.682683261144998
2012-11-12 10:06:17.0000002,5.963883875322575
2012-11-12 10:06:17.0000001,9.684884457552297
2012-01-05 22:37:13.0000001,10.534884803620967
2012-01-05 22:37:13.0000002,12.943536447124847
2012-12-07 02:02:01.0000002,15.344687961928987
2012-12-07 02:02:01.0000001,12.46998502121762
2011-08-18 08:36:13.0000001,5.052405264689283
2011-08-18 08:36:13.0000004,6.845753249830117
2011-08-18 08:36:13.0000003,10.861428955482898
2011-08-18 08:36:13.0000006,6.9673921303803334
2011-08-18 08:36:13.0000002,13.317576087157272
2014-05-16 15:30:05.0000002,7.778249859521201
2014-05-16 15:30:05.0000001,8.51914781687739
2014-03-15 07:19:25.0000001,14.467078748263273
2009-12-21 17:23:09.0000001,6.3175246399856215
2013-12-01 22:23:57.0000002,7.914475059051389
2013-12-01 22:23:57.0000001,17.69705682219741
2014-01-03 15:48:49.0000003,9.857716692671499
2014-01-03 15:48:49.0000002,7.478463748155743
2013-01-19 20:19:45.0000003,17.2301594027982
2013-01-19 20:19:45.0000001,8.33339837794112
2013-01-19 20:19:45.0000004,6.426262996657282
2012-08-31 03:00:21.0000001,6.20935926992425
2012-07-21 16:32:41.0000001,6.147581444938904
2012-07-21 16:32:41.0000002,5.052405264689283
2012-12-20 23:43:09.0000002,16.157912704532723
2012-12-20 23:43:09.0000006,7.889451538978474
2012-12-20 23:43:09.0000005,9.993531575804
2012-12-20 23:43:09.0000003,6.969453495430178
2009-06-13 18:40:13.0000002,12.611312854417184
2009-06-13 18:40:13.0000003,11.233826036317412
2014-11-16 09:12:45.0000001,15.722533537878673
2013-03-25 15:17:33.0000001,4.748583128326871
2009-09-28 05:36:49.0000001,7.637612133276417
2013-07-08 17:31:29.0000001,6.486030462185905
2013-07-08 17:31:29.0000002,20.41271403678655
2010-11-27 12:54:09.0000005,6.076375098816264
2010-11-27 12:54:09.0000004,6.440126312515837
2010-11-27 12:54:09.0000001,5.052405264689283
2010-11-27 12:54:09.0000003,4.7016581969073865
2010-11-27 12:54:09.0000002,15.233798856708608
2011-02-15 02:43:33.0000002,12.700332859761572
2011-02-15 02:43:33.0000001,15.163174148806094
2012-10-25 06:12:37.0000001,8.269793536355452
2014-05-01 06:39:54.0000001,6.261119217504269
2015-03-17 21:44:26.0000001,12.848957446649486
2015-03-17 21:44:26.0000006,8.893792351470118
2015-03-17 21:44:26.0000005,19.335088748603347
2015-03-17 21:44:26.0000003,12.259161176927286
2015-03-17 21:44:26.0000004,12.216515557810192
2011-05-02 13:26:54.0000003,5.508278378502442
2011-05-02 13:26:54.0000001,5.052405264689283
2011-05-02 13:26:54.0000002,11.472017206412048
2009-01-06 07:36:34.0000003,8.200299195068617
2009-01-06 07:36:34.0000002,6.147581444938904
2009-01-06 07:36:34.0000004,11.29369983142092
2010-06-23 10:29:22.0000005,4.7016581969073865
2010-06-23 10:29:22.0000001,14.25559386833503
2010-06-23 10:29:22.0000004,5.052405264689283
2010-06-23 10:29:22.0000003,11.472017206412048
2010-06-23 10:29:22.0000002,10.17723569760785
2013-01-22 08:20:26.0000001,4.757379344655448
2013-01-22 08:20:26.0000002,6.452258437130418
2009-11-25 11:14:26.0000001,5.052405264689283
2009-11-25 11:14:26.0000002,7.780171416897765
2012-12-04 06:52:02.0000001,12.735616648979203
2012-12-04 06:52:02.0000002,11.58610750905481
2012-12-04 06:52:02.0000003,8.52609102605511
2014-05-27 10:31:46.0000001,8.317186187126618
2014-05-27 10:31:46.0000003,19.58446892913601
2014-05-27 10:31:46.0000002,18.102444573748713
2009-09-20 22:15:46.0000001,8.706265309921639
2011-06-30 08:40:22.0000001,5.052405264689283
2011-06-30 08:40:22.0000002,8.294892077331566
2010-05-10 09:14:30.0000003,6.9372231882969775
2010-05-10 09:14:30.0000001,5.508278378502442
2010-05-10 09:14:30.0000002,6.812603252618533
2010-05-10 09:14:30.0000004,5.0622216014544446
2010-11-25 16:10:30.0000001,14.717060241538695
2014-11-18 16:06:14.0000001,8.33339837794112
2013-01-20 20:41:26.0000003,13.993887191885872
2013-01-20 20:41:26.0000001,17.69705682219741
2015-06-07 00:38:14.0000003,8.07115689235769
2009-01-03 00:51:02.0000004,10.659657603346929
2009-01-03 00:51:02.0000003,5.0951656586078675
2010-09-28 11:54:02.0000004,5.083672507298521
2010-09-28 11:54:02.0000005,8.560576746415467
2010-09-28 11:54:02.0000003,5.0622216014544446
2010-09-28 11:54:02.0000001,6.835629254710902
2010-09-28 11:54:02.0000002,21.12030913237636
2013-11-07 17:01:14.0000001,36.92236664607616
2013-11-07 17:01:14.0000006,5.0983787651022565
2013-11-07 17:01:14.0000002,7.874034520581384
2013-11-07 17:01:14.0000003,4.901232083647582
2013-11-07 17:01:14.0000005,6.426262996657282
2013-11-07 17:01:14.0000004,9.915673296840401
2009-11-29 08:05:46.0000001,7.131065587496472
2012-10-21 17:43:26.0000003,6.375802116731852
2012-10-21 17:43:26.0000002,9.961530284494016
2012-10-21 17:43:26.0000006,5.052405264689283
2012-10-21 17:43:26.0000001,7.137740641711316
2012-10-21 17:43:26.0000004,12.310183844727725
2012-10-21 17:43:26.0000005,9.093301253358156
2013-07-31 06:52:46.0000001,5.954306283213586
2013-02-04 12:10:10.0000002,6.810670814204915
2013-02-04 12:10:10.0000001,7.283525278308946
2013-10-18 09:06:14.0000001,6.549757274926395
2009-04-26 17:29:42.0000004,6.107354010483727
2009-04-26 17:29:42.0000002,7.55581507038675
2009-04-26 17:29:42.0000005,10.8425066664146
2009-04-26 17:29:42.0000003,7.534302643741194
2009-04-26 17:29:42.0000006,7.653321396166879
2015-04-12 21:56:22.0000004,16.422955132358876
2015-04-12 21:56:22.0000002,10.560872029936975
2015-04-12 21:56:22.0000001,55.81084090660682
2015-02-25 22:00:38.0000003,27.44381619321442
2015-02-25 22:00:38.0000006,10.71960672782654
2015-02-25 22:00:38.0000001,17.47924403348157
2015-02-25 22:00:38.0000004,11.371714227762066
2015-02-25 22:00:38.0000005,23.414607573897506
2013-12-30 00:48:42.0000003,5.166124030113051
2013-12-30 00:48:42.0000002,21.70932732300635
2013-12-30 00:48:42.0000001,11.26993476481445
2012-11-20 21:15:22.0000004,9.281161788869372
2012-11-20 21:15:22.0000001,6.4347495880558725
2012-11-20 21:15:22.0000003,14.697564162276095
2012-11-20 21:15:22.0000006,8.929216679901884
2012-11-20 21:15:22.0000005,10.892984534882943
2012-11-20 21:15:22.0000002,18.76504123005604
2012-11-20 21:15:22.0000007,8.882321204812074
2010-03-21 16:52:58.0000002,30.433472711538467
2010-03-21 16:52:58.0000001,10.561010955749575
2010-03-21 16:52:58.0000004,14.25157393343537
2010-10-06 23:31:54.0000002,6.440126312515837
2013-07-09 21:59:42.0000002,41.16805618212061
2012-06-23 09:43:42.0000006,16.068389792627613
2012-06-23 09:43:42.0000001,4.766120982686718
2012-06-23 09:43:42.0000003,9.7815249720692
2012-06-23 09:43:42.0000005,5.349486783533295
2009-01-21 20:04:30.0000004,8.13116154621042
2009-01-21 20:04:30.0000008,7.619098452790082
2009-01-21 20:04:30.0000009,6.5726406823991
2009-01-21 20:04:30.0000003,7.639311597175585
2009-01-21 20:04:30.0000001,6.147581444938904
2009-01-21 20:04:30.0000005,6.8414958610404755
2009-01-21 20:04:30.0000002,6.9372231882969775
2009-01-21 20:04:30.0000007,5.361009701767655
2013-12-18 14:26:58.0000003,25.985707948365693
2013-12-18 14:26:58.0000001,9.915673296840401
2014-04-26 18:02:26.0000002,11.608459860146338
2014-04-26 18:02:26.0000001,10.437876932107665
2010-11-21 00:32:50.0000003,5.704131739685734
2010-11-21 00:32:50.0000002,11.378626284121934
2010-11-21 00:32:50.0000001,6.076375098816264
2013-02-07 21:29:22.0000003,10.083008440375979
2013-02-07 21:29:22.0000002,8.962758655066361
2013-02-07 21:29:22.0000004,12.15876912398657
2013-02-07 21:29:22.0000001,12.15876912398657
2010-11-15 18:15:14.0000002,7.9899547214339535
2010-11-15 18:15:14.0000001,8.44690202817706
2010-11-15 18:15:14.0000003,5.083672507298521
2010-11-15 18:15:14.0000004,7.780171416897765
2013-10-26 10:46:46.0000005,8.33339837794112
2013-10-26 10:46:46.0000002,13.218890024581793
2013-10-26 10:46:46.0000004,11.608459860146338
2013-10-26 10:46:46.0000001,5.166124030113051
2013-07-18 10:24:58.0000001,6.5243978633187325
2010-05-14 04:15:54.0000001,7.585958476891296
2013-09-14 18:51:46.0000002,12.058248169382347
2009-05-27 23:09:54.0000001,10.371533112686855
2013-05-23 23:54:42.0000002,9.720318330298351
2013-05-23 23:54:42.0000006,8.108608422905606
2013-05-23 23:54:42.0000001,14.7443290499135
2013-05-23 23:54:42.0000005,16.74832008036558
2013-05-23 23:54:42.0000003,9.945305709918507
2015-05-23 01:00:22.0000001,5.544679061488993
2009-11-23 19:06:14.0000004,10.82575565360291
2009-11-23 19:06:14.0000003,7.131065587496472
2009-11-23 19:06:14.0000002,5.691739575710391
2009-11-23 19:06:14.0000006,45.706050437076456
2011-06-22 00:06:34.0000001,6.841409527437205
2014-07-02 02:27:22.0000001,4.936719916161084
2012-11-18 14:55:42.0000002,6.969453495430178
2012-11-18 14:55:42.0000003,8.929776962113046
2012-11-18 14:55:42.0000004,6.960310561417353
2009-01-12 17:54:26.0000001,5.3810052854563954
2012-10-10 06:59:02.0000002,8.424219419124972
2012-10-10 06:59:02.0000003,7.188956006455595
2012-10-10 06:59:02.0000001,5.714528496372447
2010-01-24 14:09:58.0000001,6.147581444938904
2010-09-01 08:23:54.0000001,13.442338320952055
2011-12-10 23:39:06.0000002,22.391355382855934
2011-05-22 03:09:50.0000002,21.743167128545682
2011-05-22 03:09:50.0000005,5.508278378502442
2011-05-22 03:09:50.0000001,7.493428468641144
2011-05-22 03:09:50.0000004,22.22481285800739
2011-05-22 03:09:50.0000003,18.6450429359899
2013-06-29 14:26:06.0000004,18.97659604457872
2013-06-29 14:26:06.0000003,7.8911067326125615
2013-06-29 14:26:06.0000002,6.5029688576893525
2013-06-29 14:26:06.0000001,14.160688961646093
2011-01-25 10:31:26.0000001,11.948075256392649
2011-01-25 10:31:26.0000002,7.639311597175585
2013-02-11 01:03:30.0000001,26.874412374727388
2009-12-17 15:54:46.0000005,9.943534342057296
2009-12-17 15:54:46.0000003,5.0622216014544446
2009-12-17 15:54:46.0000001,7.780171416897765
2009-12-17 15:54:46.0000004,5.557736012469305
2012-03-17 05:33:02.0000001,8.749118347207718
2009-10-24 19:48:30.0000001,5.691739575710391
2009-10-24 19:48:30.0000002,7.780171416897765
2009-10-24 19:48:30.0000003,12.925415685794057
2013-03-23 00:10:26.0000004,35.34018004204957
2013-03-23 00:10:26.0000002,6.261119217504269
2013-03-23 00:10:26.0000001,48.43594482529427
2013-03-23 00:10:26.0000003,18.460604140808968
2010-06-16 18:41:54.0000001,6.9673921303803334
2010-06-16 18:41:54.0000002,7.653321396166879
2011-01-15 04:13:38.0000002,5.052405264689283
2014-07-27 11:25:18.0000001,5.0983787651022565
2014-07-27 11:25:18.0000002,6.424970980655262
2011-11-02 08:21:50.0000002,6.633011810914095
2015-05-16 04:37:50.0000001,11.521517429690313
2015-05-16 04:37:50.0000002,11.685867788325679
2009-03-15 03:31:14.0000002,9.998891467609155
2009-03-15 03:31:14.0000001,6.634220031229485
2014-09-08 19:07:46.0000002,13.896721755485135
2009-08-28 11:58:58.0000001,4.7016581969073865
2010-04-24 23:31:50.0000001,6.3813081186701
2010-04-24 23:31:50.0000003,10.528807297053902
2013-06-13 14:50:50.0000002,13.966035349146894
2013-06-13 14:50:50.0000001,8.173080772483608
2010-07-07 06:22:38.0000002,18.31004461283654
2010-07-07 06:22:38.0000001,8.763976077604092
2009-03-24 00:11:26.0000001,8.344539718635906
2009-03-24 00:11:26.0000002,9.985948852990582
2013-10-23 14:27:10.0000001,5.740881111791517
2011-03-03 21:31:42.0000007,11.972670991219413
2011-03-03 21:31:42.0000001,6.9673921303803334
2011-03-03 21:31:42.0000008,10.265220774328178
2011-03-03 21:31:42.0000006,7.639311597175585
2011-03-03 21:31:42.0000005,6.4476166029094575
2011-09-05 10:47:26.0000002,13.034350116513904
2011-09-05 10:47:26.0000003,13.555127928360847
2011-09-05 10:47:26.0000004,11.12914300721774
2012-08-04 23:34:58.0000001,11.30482331147351
2012-08-04 23:34:58.0000004,5.083672507298521
2012-08-04 23:34:58.0000002,7.951440772422009
2015-01-29 13:15:50.0000003,10.75678911577045
2015-01-29 13:15:50.0000004,6.426262996657282
2015-01-29 13:15:50.0000007,10.288787185620597
2015-01-29 13:15:50.0000006,10.507306704631501
2015-01-29 13:15:50.0000008,4.748583128326871
2015-01-29 13:15:50.0000005,5.166124030113051
2015-01-29 13:15:50.0000002,6.539330421668841
2015-01-29 13:15:50.0000009,6.549757274926395
2012-09-16 12:48:06.0000004,6.515597439114909
2012-09-16 12:48:06.0000001,11.57178304894236
2012-09-16 12:48:06.0000003,13.92362662251971
2015-04-10 11:56:54.0000008,6.549757274926395
2015-04-10 11:56:54.0000001,13.776018169201476
2015-04-10 11:56:54.0000002,23.61680185736419
2015-04-10 11:56:54.0000007,55.86209146560775
2015-04-10 11:56:54.0000003,6.549757274926395
2015-05-05 12:32:14.0000007,9.861112131900152
2015-05-05 12:32:14.0000006,9.861112131900152
2015-05-05 12:32:14.0000003,10.092796146277804
2015-05-05 12:32:14.0000004,5.0983787651022565
2015-05-05 12:32:14.0000002,9.860451695968933
2015-05-05 12:32:14.0000005,10.378363274300689
2015-05-05 12:32:14.0000001,14.541222816396537
2013-10-15 23:31:26.0000001,7.972080236967754
2014-08-24 01:17:38.0000001,5.57261076170873
2013-04-04 07:01:06.0000003,11.451215886271614
2013-04-04 07:01:06.0000001,5.0983787651022565
2013-04-04 07:01:06.0000002,8.699453285770957
2013-06-21 18:06:14.0000001,8.173080772483608
2013-06-21 18:06:14.0000005,10.38922928156475
2013-06-21 18:06:14.0000004,6.226797312975174
2013-06-21 18:06:14.0000003,12.82896465537491
2013-06-21 18:06:14.0000006,7.478463748155743
2009-08-03 21:09:42.0000001,7.62727851395065
2009-08-03 21:09:42.0000003,6.224841235219682
2009-08-03 21:09:42.0000002,8.188619926804337
2009-08-03 21:09:42.0000004,6.224841235219682
2013-10-13 19:52:54.0000003,5.626423576247726
2013-10-13 19:52:54.0000001,5.0983787651022565
2014-11-14 11:09:46.0000001,6.5243978633187325
2014-11-14 11:09:46.0000002,29.480900003347333
2015-06-25 01:01:46.0000003,5.166124030113051
2015-06-25 01:01:46.0000001,8.232830104970688
2009-05-19 15:44:30.0000003,9.292664915835529
2014-01-26 08:48:30.0000001,19.077242536565272
2014-01-26 08:48:30.0000002,5.0983787651022565
2012-01-19 02:06:02.0000001,5.052405264689283
2014-12-25 21:32:58.0000001,9.94164504602939
2012-08-09 07:49:02.0000001,9.673577494915401
2012-08-09 07:49:02.0000003,16.188178554143597
2012-08-09 07:49:02.0000002,6.825000443342509
2014-08-10 05:03:50.0000001,30.05883697217701
2010-01-11 15:18:14.0000002,5.708533338401249
2010-01-11 15:18:14.0000003,5.486111017046852
2010-01-11 15:18:14.0000004,9.357196752041796
2010-01-11 15:18:14.0000001,8.285884594042791
2009-11-10 15:56:38.0000006,6.213750478456185
2009-11-10 15:56:38.0000002,7.066264183337695
2009-11-10 15:56:38.0000004,9.90512678560057
2009-11-10 15:56:38.0000003,47.394856063876134
2009-11-10 15:56:38.0000005,4.752433208202197
2009-11-10 15:56:38.0000001,9.943534342057296
2012-10-18 09:17:42.0000002,6.559472030140918
2012-10-18 09:17:42.0000001,8.944852350957014
2010-12-06 13:19:58.0000003,5.969245169159104
2010-12-06 13:19:58.0000002,8.46035197877822
2010-12-06 13:19:58.0000001,6.930239042894192
2011-07-30 15:27:58.0000003,7.639311597175585
2011-07-30 15:27:58.0000002,6.9372231882969775
2011-07-20 04:21:54.0000001,6.841409527437205
2011-07-20 04:21:54.0000002,7.6349717300687185
2009-03-10 19:51:34.0000003,6.600664079288675
2009-03-10 19:51:34.0000004,11.749506861508248
2009-03-10 19:51:34.0000005,5.860667335338427
2009-03-10 19:51:34.0000002,12.088108343271031
2009-03-10 19:51:34.0000001,6.107354010483727
2011-11-15 22:33:42.0000001,8.723891510080378
2011-11-15 22:33:42.0000002,14.332200620786203
2010-09-24 22:40:06.0000005,8.244214013383743
2010-09-24 22:40:06.0000003,26.617746996014635
2010-09-24 22:40:06.0000006,5.788928075861248
2010-09-24 22:40:06.0000002,7.131065587496472
2010-09-24 22:40:06.0000001,5.98598026259343
2010-02-06 17:37:10.0000007,5.052405264689283
2010-02-06 17:37:10.0000004,5.655617309959462
2010-02-06 17:37:10.0000006,7.629104571793923
2010-02-06 17:37:10.0000003,5.481792051774074
2012-05-11 02:43:18.0000002,8.306993480953905
2012-05-11 02:43:18.0000001,5.052405264689283
2011-09-25 21:18:06.0000001,8.307540280996564
2011-09-25 21:18:06.0000002,10.698279304012988
2013-12-18 03:16:02.0000001,15.798934667822119
2012-01-26 01:32:42.0000001,9.44782800593129
2012-01-26 01:32:42.0000002,5.083672507298521
2011-10-02 03:06:34.0000001,7.048046695003093
2012-03-31 12:52:46.0000002,7.653321396166879
2012-03-31 12:52:46.0000001,18.175600098495437
2014-06-15 00:51:42.0000001,16.175387330228045
2009-04-21 17:27:58.0000001,8.23447132601421
2009-04-21 17:27:58.0000002,6.107354010483727
2012-08-13 15:02:26.0000002,5.519273865238373
2012-08-13 15:02:26.0000003,6.888786095365378
2014-10-27 11:56:50.0000001,7.683663101774186
2014-10-27 11:56:50.0000002,17.54680417023308
2014-10-27 11:56:50.0000003,10.507306704631501
2009-09-29 18:03:18.0000001,13.063516057250283
2011-10-30 16:52:26.0000001,5.969245169159104
2011-10-30 16:52:26.0000002,6.385467931720883
2014-11-24 23:39:26.0000002,15.993090880208252
2014-11-24 23:39:26.0000001,29.694349274566537
2011-08-16 14:41:50.0000001,8.137174026747665
2011-08-16 14:41:50.0000003,5.487791997620925
2011-08-16 14:41:50.0000002,7.563416215410589
2013-01-14 18:42:54.0000002,21.75090288142457
2013-01-14 18:42:54.0000006,6.549757274926395
2013-01-14 18:42:54.0000001,5.554317006311977
2013-01-14 18:42:54.0000007,4.772208462538648
2013-01-14 18:42:54.0000008,10.507306704631501
2009-04-18 23:09:34.0000002,11.284447302724294
2009-11-11 21:20:18.0000001,5.645154399464083
2009-11-11 21:20:18.0000003,19.646781882581482
2012-07-24 01:12:50.0000004,15.709106063705844
2012-07-24 01:12:50.0000003,6.87157846952056
2012-07-24 01:12:50.0000001,14.51354418459119
2012-07-24 01:12:50.0000002,6.67719897303591
2012-07-24 01:12:50.0000005,11.425842310918611
2009-04-18 02:44:34.0000003,8.307427596788619
2009-04-18 02:44:34.0000002,14.71529142032873
2014-07-18 06:32:22.0000001,8.084825206416737
2014-01-10 12:28:38.0000001,10.836152577487624
2011-08-08 15:27:22.0000001,4.7016581969073865
2014-07-30 14:42:34.0000001,8.491575386871952
2014-07-30 14:42:34.0000003,28.295546576052434
2014-07-30 14:42:34.0000002,16.60728761576892
2014-08-26 16:39:54.0000002,11.970699437826282
2014-10-11 00:26:38.0000002,14.799668887641314
2014-10-11 00:26:38.0000003,12.973585454262723
2014-10-11 00:26:38.0000001,11.41792978036424
2014-10-11 00:26:38.0000005,11.690029067927474
2014-10-11 00:26:38.0000007,5.166124030113051
2014-10-11 00:26:38.0000006,19.706561990837855
2009-08-15 14:25:02.0000001,11.17128782041121
2009-09-22 06:43:46.0000001,6.440126312515837
2014-05-14 00:00:34.0000001,8.822989076072131
2014-05-14 00:00:34.0000002,10.267998328978278
2014-10-14 01:57:26.0000001,5.0983787651022565
2009-05-31 20:56:38.0000002,37.67239531383057
2009-05-31 20:56:38.0000003,8.644111584134583
2009-05-31 20:56:38.0000001,5.718924336829698
2009-07-11 12:59:58.0000001,7.639311597175585
2010-06-02 15:33:06.0000001,5.349486783533295
2010-06-02 15:33:06.0000002,5.481792051774074
2010-06-02 15:33:06.0000003,5.052405264689283
2010-01-30 02:13:06.0000002,5.0622216014544446
2010-01-30 02:13:06.0000001,5.052405264689283
2010-01-30 02:13:06.0000003,8.925010738206145
2014-01-05 17:47:02.0000003,9.869362535760384
2014-01-05 17:47:02.0000002,12.223934976645994
2009-03-21 09:59:50.0000003,47.32745299154119
2009-03-21 09:59:50.0000002,12.527485098413363
2009-03-21 09:59:50.0000001,6.3728640517341235
2009-08-26 23:55:38.0000002,9.281888057970246
2009-06-09 15:10:50.0000002,47.32745299154119
2009-06-09 15:10:50.0000001,4.73098230235812
2011-09-18 06:14:54.0000001,8.35109176828921
2009-03-27 16:05:22.0000004,30.272379706456
2009-03-27 16:05:22.0000005,5.653321434866992
2009-03-27 16:05:22.0000001,9.814641545666374
2009-03-27 16:05:22.0000006,6.9673921303803334
2009-03-27 16:05:22.0000003,9.800793245638056
2009-03-27 16:05:22.0000002,6.9372231882969775
2015-05-29 10:02:42.0000005,8.33339837794112
2015-05-29 10:02:42.0000003,7.478463748155743
2015-05-29 10:02:42.0000004,7.478463748155743
2012-09-07 23:20:34.0000004,16.686665686198587
2012-09-07 23:20:34.0000003,13.767745367806464
2012-09-07 23:20:34.0000001,5.813307253862723
2014-03-07 10:36:50.0000002,8.33339837794112
2014-03-07 10:36:50.0000001,10.573976865359002
2013-03-17 23:47:50.0000002,19.94841154232566
2013-03-17 23:47:50.0000001,7.7945052349045785
2015-06-30 20:03:50.0000005,9.94164504602939
2015-06-30 20:03:50.0000001,101.01134620390413
2015-06-30 20:03:50.0000003,10.130716920111904
2015-06-30 20:03:50.0000004,7.429640877661175
2015-05-11 02:21:26.0000002,5.0983787651022565
2015-05-11 02:21:26.0000001,13.156460142015906
2015-01-10 14:32:14.0000001,8.33339837794112
2014-12-05 14:14:14.0000001,10.507306704631501
2014-12-05 14:14:14.0000002,11.885620140824777
2012-04-23 12:23:18.0000001,6.64351602986861
2012-04-23 12:23:18.0000003,5.481792051774074
2012-04-23 12:23:18.0000002,30.92319093234914
2012-09-01 13:33:14.0000003,6.415373339905458
2012-09-01 13:33:14.0000002,10.830239016219263
2012-09-01 13:33:14.0000001,11.849541955932217
2011-04-17 14:55:58.0000001,4.7016581969073865
2010-05-31 20:43:42.0000002,8.939541103202323
2013-11-22 23:44:34.0000002,11.160281742362935
2013-11-22 23:44:34.0000001,7.839753543471126
2013-05-17 05:30:10.0000002,13.263796492092688
2013-05-17 05:30:10.0000001,7.927474729099273
2009-07-28 11:13:10.0000001,12.360018341121043
2014-05-18 14:43:26.0000001,9.637835229153763
2014-05-18 14:43:26.0000002,7.478463748155743
2014-05-18 14:43:26.0000003,7.478463748155743
2011-10-08 18:18:26.0000005,10.974033626828875
2011-10-08 18:18:26.0000001,5.052405264689283
2011-10-08 18:18:26.0000004,12.763814352319121
2013-09-27 04:39:14.0000001,9.0198567845377
2011-02-08 01:44:18.0000001,10.70367483923033
2015-01-12 06:21:38.0000001,8.084825206416737
2015-01-12 06:21:38.0000002,16.098438528041015
2010-03-23 13:23:34.0000004,5.481792051774074
2010-03-23 13:23:34.0000002,14.744115431353315
2010-03-23 13:23:34.0000001,4.939823289560562
2009-04-02 06:19:02.0000001,10.317289195900882
2012-01-12 18:05:10.0000003,9.491052028324017
2012-01-12 18:05:10.0000001,25.85232169844875
2014-11-21 02:04:42.0000002,11.745964306606936
2014-11-21 02:04:42.0000003,12.651921663169508
2014-11-21 02:04:42.0000001,27.03555953414186
2010-10-09 03:54:42.0000001,6.3291449017847246
2012-04-03 12:26:14.0000002,5.052405264689283
2012-04-03 12:26:14.0000001,30.742435074437584
2012-04-03 12:26:14.0000003,9.814641545666374
2010-12-21 08:46:02.0000005,11.546936289641344
2010-12-21 08:46:02.0000004,7.804472200659226
2010-12-21 08:46:02.0000003,10.10719414106013
2010-06-19 22:52:30.0000002,5.606271441925179
2010-06-19 22:52:30.0000001,10.374983992418866
2013-01-03 01:43:10.0000001,23.011516973022268
2013-11-24 03:44:46.0000004,10.14748395816233
2013-11-24 03:44:46.0000002,18.359459212911972
2013-11-24 03:44:46.0000005,14.220114856415995
2011-04-16 12:57:18.0000001,6.9673921303803334
2012-10-11 22:24:18.0000001,9.294299144451005
2010-12-13 23:24:02.0000002,10.609094765066548
2010-12-13 23:24:02.0000001,10.531806679118425
2011-09-14 23:42:46.0000001,10.531806679118425
2011-05-17 23:42:46.0000001,5.124225502277747
2011-05-17 23:42:46.0000004,47.36574927075931
2011-05-17 23:42:46.0000002,10.61217288956909
2011-05-17 23:42:46.0000005,5.359287986993795
2011-05-17 23:42:46.0000007,8.144928056161271
2013-06-30 03:37:26.0000002,6.261119217504269
2013-06-30 03:37:26.0000005,21.300762487733383
2013-06-30 03:37:26.0000001,5.0983787651022565
2013-06-30 03:37:26.0000004,17.223017678580334
2011-05-26 21:36:54.0000001,5.508278378502442
2009-11-09 06:00:22.0000001,5.052405264689283
2014-01-09 17:27:18.0000002,40.34750687896178
2014-01-09 17:27:18.0000001,5.166124030113051
2014-01-09 17:27:18.0000005,9.844730336174903
2014-01-09 17:27:18.0000006,6.343190969243433
2014-01-09 17:27:18.0000007,7.407463855274759
2012-07-01 00:24:58.0000003,7.377568674333897
2012-07-01 00:24:58.0000001,7.9081564112986475
2012-07-01 00:24:58.0000002,12.04422627152443
2010-06-02 14:55:22.0000003,7.330730929815109
2010-06-02 14:55:22.0000002,5.052405264689283
2010-06-02 14:55:22.0000004,5.508278378502442
2010-06-02 14:55:22.0000006,7.653321396166879
2010-06-02 14:55:22.0000001,12.559451716932486
2010-06-02 14:55:22.0000005,8.064254452705883
2013-03-07 08:50:34.0000001,20.534478017632733
2013-03-07 08:50:34.0000005,7.478463748155743
2013-03-07 08:50:34.0000002,14.409183773357604
2013-03-07 08:50:34.0000006,12.928238805412018
2013-03-07 08:50:34.0000003,14.660704470036837
2013-03-07 08:50:34.0000004,14.015045761701028
2013-10-28 00:33:30.0000001,8.795516908987143
2013-11-23 16:33:30.0000003,12.120379744566476
2013-11-23 16:33:30.0000001,8.328688661923932
2014-11-06 07:56:46.0000002,7.045619685375735
2014-11-06 07:56:46.0000001,8.169276982409489
2013-04-05 12:38:22.0000001,18.666427854806958
2014-11-06 02:02:10.0000001,6.261119217504269
2012-10-09 07:47:46.0000002,8.243044902374963
2012-10-09 07:47:46.0000001,9.823490879204742
2012-10-09 07:47:46.0000003,8.893137778460643
2012-10-09 07:47:46.0000004,8.54601016134942
2012-10-09 07:47:46.0000005,5.0622216014544446
2013-11-21 22:21:58.0000001,17.32501670619741
2014-12-20 01:57:26.0000001,8.474934126599486
2014-12-20 01:57:26.0000004,6.261119217504269
2014-12-20 01:57:26.0000003,9.76716850211096
2014-12-20 01:57:26.0000002,6.897382448263208
2010-01-09 13:24:22.0000003,6.147581444938904
2011-11-02 02:18:18.0000001,20.783987994334623
2009-03-11 21:46:54.0000003,8.485423543367524
2009-03-11 21:46:54.0000005,16.282166203159104
2009-03-11 21:46:54.0000001,8.526077959647159
2009-03-11 21:46:54.0000004,27.60063624744987
2014-12-07 03:45:18.0000001,8.084825206416737
2014-12-07 03:45:18.0000002,15.342218379454566
2014-12-07 03:45:18.0000004,16.84310259195679
2014-12-07 03:45:18.0000003,8.171980883290205
2014-11-29 19:23:58.0000001,10.887045796135006
2010-03-04 09:49:38.0000002,17.47327597247265
2010-03-04 09:49:38.0000001,9.357196752041796
2010-03-04 09:49:38.0000003,4.7016581969073865
2009-10-10 06:52:06.0000001,5.9606393007527245
2009-10-10 06:52:06.0000002,9.661271691998355
2012-08-22 20:54:46.0000003,7.653321396166879
2012-08-22 20:54:46.0000001,8.613311330538233
2012-08-22 20:54:46.0000002,6.902825735693033
2015-05-01 07:49:14.0000001,5.0983787651022565
2009-02-21 20:49:34.0000001,10.2036258818836
2012-08-10 14:04:14.0000005,8.115424005931807
2012-08-10 14:04:14.0000006,19.59283446366084
2012-08-10 14:04:14.0000004,5.519273865238373
2012-08-10 14:04:14.0000003,5.372005188503586
2012-08-10 14:04:14.0000007,5.052405264689283
2012-08-10 14:04:14.0000002,10.08207076800522
2013-05-10 21:08:18.0000002,20.3074030870835
2013-05-10 21:08:18.0000003,7.904935974680496
2013-05-10 21:08:18.0000005,6.452417588637401
2013-05-10 21:08:18.0000004,13.94945193538063
2013-05-10 21:08:18.0000001,5.554317006311977
2009-09-25 12:59:18.0000001,7.019406831219791
2014-08-02 21:05:42.0000002,14.361847409442076
2014-08-02 21:05:42.0000001,6.408434759762318
2013-10-29 20:16:10.0000002,6.515103949500465
2013-10-29 20:16:10.0000001,17.1860356164962
2009-11-11 22:49:46.0000003,10.289095630037348
2009-11-11 22:49:46.0000002,7.804472200659226
2009-11-11 22:49:46.0000001,5.691739575710391
2009-10-17 03:52:42.0000002,7.805878323582672
2009-10-17 03:52:42.0000007,5.645154399464083
2009-10-17 03:52:42.0000006,7.5660760347498295
2009-10-17 03:52:42.0000003,14.739601952161065
2009-10-17 03:52:42.0000001,6.7376506149537025
2009-10-17 03:52:42.0000004,6.372355519103035
2014-02-27 09:36:26.0000007,11.323413720413255
2014-02-27 09:36:26.0000008,7.921418341710028
2014-02-27 09:36:26.0000002,5.0983787651022565
2014-02-27 09:36:26.0000005,5.0983787651022565
2014-02-27 09:36:26.0000003,6.426262996657282
2014-02-27 09:36:26.0000006,11.33095967693356
2014-02-27 09:36:26.0000004,14.57701860841437
2014-02-27 09:36:26.0000009,5.0983787651022565
2012-12-26 17:12:30.0000003,9.068419371240804
2012-12-26 17:12:30.0000005,18.49291666099994
2012-12-26 17:12:30.0000001,7.26305294421282
2012-12-26 17:12:30.0000004,9.108376642202124
2014-03-11 20:24:02.0000003,8.889664299926487
2014-03-11 20:24:02.0000002,8.33339837794112
2014-03-11 20:24:02.0000004,8.152133736209718
2011-01-29 09:28:38.0000002,6.490491553960885
2011-01-29 09:28:38.0000001,7.653321396166879
2011-01-29 09:28:38.0000003,7.639311597175585
2011-01-29 09:28:38.0000005,6.897219386206922
2011-01-29 09:28:38.0000004,6.928301233560823
2015-05-07 15:33:26.0000003,5.0983787651022565
2015-05-07 15:33:26.0000007,5.554317006311977
2015-05-07 15:33:26.0000001,9.844730336174903
2015-05-07 15:33:26.0000002,12.651344890759438
2015-05-07 15:33:26.0000006,6.49576377974377
2010-10-25 13:31:22.0000003,5.570128176444648
2010-10-25 13:31:22.0000002,15.233798856708608
2010-10-25 13:31:22.0000001,5.083672507298521
2010-10-25 13:31:22.0000004,9.462007652262212
2012-09-10 21:07:54.0000005,18.43610485728764
2012-09-10 21:07:54.0000004,12.507829903692574
2012-09-10 21:07:54.0000003,5.679303690621638
2012-09-10 21:07:54.0000007,9.41399398323947
2012-09-10 21:07:54.0000002,10.309087302194314
2012-09-10 21:07:54.0000006,8.879525389936424
2012-09-10 21:07:54.0000001,7.302143841032329
2012-04-15 21:54:22.0000001,8.695654782215454
2012-04-20 00:06:10.0000007,6.805155268670444
2012-04-20 00:06:10.0000001,6.877418483588872
2012-04-20 00:06:10.0000002,7.827516168091156
2012-04-20 00:06:10.0000006,7.313157711080288
2012-04-20 00:06:10.0000005,5.083672507298521
2012-04-20 00:06:10.0000008,14.518485718197049
2012-06-12 23:10:42.0000001,12.331297347409125
2012-06-12 23:10:42.0000003,12.331297347409125
2012-06-12 23:10:42.0000002,42.74822221384974
2009-04-30 22:25:26.0000004,12.968539573190121
2009-04-30 22:25:26.0000003,12.330274000231025
2009-04-30 22:25:26.0000002,7.639311597175585
2009-04-30 22:25:26.0000001,6.928301233560823
2011-02-20 06:18:34.0000001,29.06985033618925
2011-02-20 06:18:34.0000002,7.267258437890963
2013-04-21 19:50:54.0000003,41.36451573065747
2011-06-11 21:33:18.0000001,10.639095165458832
2013-02-06 18:21:18.0000006,8.33339837794112
2013-02-06 18:21:18.0000002,8.33339837794112
2013-02-06 18:21:18.0000003,12.651344890759438
2013-02-06 18:21:18.0000004,7.8055629820108114
2014-05-01 21:05:34.0000002,6.549757274926395
2014-05-01 21:05:34.0000003,17.260623163295534
2013-07-21 11:41:26.0000001,18.59947358761792
2013-07-21 11:41:26.0000002,5.108195101867418
2011-04-22 19:23:54.0000001,11.148690225577063
2011-04-22 19:23:54.0000003,6.928301233560823
2011-04-22 19:23:54.0000002,47.36574927075931
2012-09-04 05:46:50.0000001,5.816108911368373
2012-09-04 05:46:50.0000002,25.754595769407896
2009-03-24 11:57:34.0000005,11.908361230343715
2009-03-24 11:57:34.0000004,5.740523216393541
2009-03-24 11:57:34.0000003,4.7016581969073865
2009-03-24 11:57:34.0000002,4.7016581969073865
2009-03-24 11:57:34.0000001,5.240847202855317
2011-07-05 22:05:34.0000001,8.188619926804337
2011-09-17 15:41:06.0000001,7.17257965338518
2011-09-17 15:41:06.0000003,5.052405264689283
2011-12-25 04:37:10.0000001,7.042067172442318
2015-03-05 13:21:58.0000002,9.861112131900152
2015-03-05 13:21:58.0000003,7.478463748155743
2014-09-01 09:16:10.0000001,8.317186187126618
2015-06-21 17:16:10.0000007,8.187647809960179
2015-06-21 17:16:10.0000002,13.373066956652021
2015-06-21 17:16:10.0000006,14.530300418014713
2015-06-21 17:16:10.0000003,12.223934976645994
2015-06-21 17:16:10.0000004,10.437876932107665
2010-06-02 22:04:10.0000003,8.630937530696974
2010-06-02 22:04:10.0000004,15.374107759147687
2010-06-02 22:04:10.0000005,8.122154062921647
2010-06-02 22:04:10.0000006,6.064350128231097
2014-03-01 09:37:02.0000001,6.119298171585492
2014-03-01 09:37:02.0000002,6.5243978633187325
2014-03-01 09:37:02.0000003,59.79309861731264
2011-07-18 12:12:18.0000001,6.095141329933703
2011-07-18 12:12:18.0000003,6.107354010483727
2011-07-18 12:12:18.0000002,8.147315586857879
2015-02-27 19:36:02.0000009,12.313366107030019
2015-02-27 19:36:02.00000010,5.0983787651022565
2015-02-27 19:36:02.00000012,15.208854315945768
2015-02-27 19:36:02.0000004,5.108195101867418
2015-02-27 19:36:02.00000011,8.33339837794112
2015-02-27 19:36:02.0000003,8.33339837794112
2015-02-27 19:36:02.0000001,31.33415525389533
2015-02-27 19:36:02.0000002,7.393280157509258
2015-02-27 19:36:02.0000007,19.123492522292956
2012-04-16 21:10:10.0000001,9.267661605330023
2015-06-14 08:26:26.0000001,6.426262996657282
2014-01-15 22:45:42.0000003,7.407463855274759
2014-01-15 22:45:42.0000001,55.86209146560775
2014-01-15 22:45:42.0000002,14.00750771347159
2013-04-06 19:16:10.0000001,4.748583128326871
2013-04-06 19:16:10.0000003,9.057030635708204
2013-04-06 19:16:10.0000004,9.503871315138888
2013-04-06 19:16:10.0000005,13.72802608569287
2014-03-08 16:08:26.0000002,12.918833235566234
2014-03-08 16:08:26.0000004,5.0983787651022565
2013-12-06 23:40:42.0000001,10.026592032283338
2013-12-06 23:40:42.0000006,44.66705234703551
2013-12-06 23:40:42.0000002,35.66675244466462
2013-12-06 23:40:42.0000003,14.550825693051216
2013-08-19 17:09:50.0000001,4.900663442150439
2013-08-19 17:09:50.0000002,10.507306704631501
2013-08-19 17:09:50.0000004,6.426262996657282
2013-08-19 17:09:50.0000003,12.547789658679921
2009-11-02 21:38:38.0000001,11.188674700212118
2009-06-03 09:11:30.0000004,8.379622947092594
2009-06-03 09:11:30.0000003,14.478759151897545
2009-06-03 09:11:30.0000002,7.639311597175585
2009-06-03 09:11:30.0000005,5.481792051774074
2015-03-12 13:01:54.0000002,8.33339837794112
2015-03-12 13:01:54.0000005,12.967323788840204
2015-03-12 13:01:54.0000004,9.503781027979766
2015-03-12 13:01:54.0000001,5.947817248311663
2013-02-05 06:13:58.0000003,14.514754437067667
2013-02-05 06:13:58.0000002,55.82312833959339
2013-02-05 06:13:58.0000001,18.503877128498225
2014-05-19 06:39:34.0000001,7.045619685375735
2014-10-04 21:48:22.0000003,8.317186187126618
2014-10-04 21:48:22.0000002,8.963884459558402
2014-10-04 21:48:22.0000004,30.701030823198906
2012-01-22 04:13:34.0000005,12.655067520382111
2012-01-22 04:13:34.0000006,6.87157846952056
2012-01-22 04:13:34.0000004,8.251460446168183
2012-01-22 04:13:34.0000002,14.013429570177614
2010-07-27 06:13:02.0000001,19.776933383538307
2013-06-21 11:19:18.0000002,5.554317006311977
2013-06-21 11:19:18.0000001,10.507306704631501
2010-12-23 05:52:26.0000001,29.462978117517764
2010-12-23 05:52:26.0000002,47.394856063876134
2010-12-17 10:33:34.0000004,9.061152878398092
2010-12-17 10:33:34.0000002,5.052405264689283
2012-06-04 11:34:58.0000003,9.30583896927314
2012-06-04 11:34:58.0000004,5.519970366049174
2012-06-04 11:34:58.0000001,15.937702601343817
2009-07-05 16:31:30.0000001,5.349486783533295
2009-07-05 16:31:30.0000002,7.629104571793923
2009-07-05 16:31:30.0000003,23.46464907635797
2012-12-08 20:08:38.0000004,4.977273233299219
2012-12-08 20:08:38.0000003,8.847419551668729
2012-12-08 20:08:38.0000005,10.436624094033231
2010-06-23 08:34:50.0000003,9.814641545666374
2010-06-23 08:34:50.0000002,5.349486783533295
2010-06-23 08:34:50.0000001,7.2961277465913925
2012-03-07 10:57:46.0000001,7.496899530821097
2012-03-07 10:57:46.0000004,14.001514062766995
2012-03-07 10:57:46.0000005,6.077649696079968
2012-03-07 10:57:46.0000002,6.885414524630317
2012-03-07 10:57:46.0000003,7.285978689320643
2010-02-24 07:06:54.0000001,6.841409527437205
2013-12-29 01:20:50.0000003,17.851713988112838
2013-12-29 01:20:50.0000001,8.07115689235769
2014-03-28 22:34:26.0000001,29.240905040375527
2014-03-28 22:34:26.0000004,4.901232083647582
2014-03-28 22:34:26.0000003,9.334090318834694
2010-12-04 21:08:38.0000002,10.356498659083519
2010-12-04 21:08:38.0000001,18.273127265204536
2010-12-04 21:08:38.0000006,7.780171416897765
2010-12-04 21:08:38.0000003,7.545343836660297
2010-03-07 17:09:42.0000002,32.227621460956115
2010-03-07 17:09:42.0000003,6.552926165276264
2010-03-07 17:09:42.0000001,12.360018341121043
2010-03-07 17:09:42.0000004,13.243004237549908
2013-09-07 19:43:18.0000004,14.231497251090678
2013-09-07 19:43:18.0000005,18.197718058557413
2013-09-07 19:43:18.0000006,11.045074846999787
2013-09-07 19:43:18.0000008,8.635558503803336
2013-09-07 19:43:18.0000001,7.7945052349045785
2013-12-20 15:31:06.0000001,8.33339837794112
2013-12-20 15:31:06.0000002,8.33339837794112
2010-09-06 04:31:54.0000001,25.804979857849467
2013-11-01 05:26:54.0000001,55.82312833959339
2010-03-07 00:47:26.0000004,17.224162122375752
2012-03-20 01:55:42.0000001,18.626574613720788
2011-10-02 05:06:46.0000001,15.831138350299476
2010-10-31 18:45:58.0000003,5.704131739685734
2010-10-31 18:45:58.0000002,16.268226806571814
2010-10-31 18:45:58.0000001,7.780171416897765
2010-10-31 18:45:58.0000005,5.083672507298521
2015-02-03 09:00:58.0000002,9.949367066104566
2012-08-08 08:58:50.0000001,7.00740623836393
2012-08-08 08:58:50.0000004,5.052405264689283
2012-08-08 08:58:50.0000005,6.9673921303803334
2012-08-08 08:58:50.0000003,7.262098125908195
2011-04-08 15:01:02.0000001,8.379622947092594
2011-04-08 15:01:02.0000003,6.147581444938904
2009-01-14 03:42:38.0000001,9.672789783804975
2015-01-10 09:38:54.0000007,12.223934976645994
2015-01-10 09:38:54.0000003,7.478463748155743
2015-01-10 09:38:54.0000004,14.435642551593387
2010-12-04 09:25:10.0000001,13.063516057250283
2010-12-04 09:25:10.0000002,9.41813856511488
2009-05-12 17:08:06.0000001,14.744115431353315
2013-11-07 02:07:22.0000001,17.946591524726298
2014-10-03 00:50:06.0000004,15.639088724025292
2014-10-03 00:50:06.0000001,6.912811844930463
2014-10-03 00:50:06.0000002,13.435441627596235
2010-06-18 19:19:26.0000001,30.319198005562868
2010-06-18 19:19:26.0000002,5.334036816091774
2010-06-18 19:19:26.0000003,6.3728640517341235
2010-05-10 03:55:14.0000001,8.749118347207718
2013-06-21 00:00:34.0000001,21.989081742996532
2013-06-21 00:00:34.0000002,18.339778666223086
2013-06-21 00:00:34.0000003,12.478935245128763
2009-03-11 16:02:14.0000006,6.928301233560823
2009-03-11 16:02:14.0000004,6.552926165276264
2009-03-11 16:02:14.0000002,10.791522722316122
2009-03-11 16:02:14.0000001,4.725283531119164
2009-03-11 16:02:14.0000005,7.55581507038675
2009-03-11 16:02:14.0000003,6.147581444938904
2013-07-05 17:38:14.0000001,9.857716692671499
2013-08-26 01:11:14.0000002,12.516194428041073
2013-08-26 01:11:14.0000001,9.827254215542123
2012-07-30 01:49:10.0000001,5.052405264689283
2012-07-30 01:49:10.0000002,22.286773320149873
2011-05-13 03:57:10.0000001,6.2134741048654085
2012-02-29 12:03:34.0000004,11.472889359683284
2012-02-29 12:03:34.0000002,5.052405264689283
2012-02-29 12:03:34.0000001,6.9673921303803334
2013-12-17 17:59:22.0000001,5.348851200174597
2012-09-18 09:58:54.0000003,9.108376642202124
2012-09-18 09:58:54.0000002,31.568833653555508
2012-09-18 09:58:54.0000001,11.07308135084689
2013-07-23 18:56:30.0000002,7.642310753570047
2013-07-23 18:56:30.0000001,7.778249859521201
2014-05-15 01:39:14.0000001,30.421591727479257
2013-09-16 14:16:34.0000003,7.393280157509258
2013-09-16 14:16:34.0000001,40.86970233530712
2014-01-04 17:27:38.0000001,27.64544780139168
2014-01-04 17:27:38.0000002,9.016839428166552
2014-01-04 17:27:38.0000003,9.016839428166552
2011-03-10 18:16:14.0000003,6.2453460371091785
2011-03-10 18:16:14.0000004,5.508278378502442
2011-03-10 18:16:14.0000001,5.486111017046852
2013-04-05 06:42:26.0000002,8.084825206416737
2013-04-05 06:42:26.0000001,14.937043156928738
2009-03-11 12:01:30.0000001,13.282324059345124
2009-03-11 12:01:30.0000002,5.083672507298521
2009-03-11 12:01:30.0000004,6.003381707687193
2015-01-20 05:31:06.0000001,55.86209146560775
2009-08-03 17:06:06.0000001,5.083672507298521
2014-01-05 08:51:10.0000001,7.407463855274759
2010-03-13 01:23:10.0000002,20.15289455730865
2010-03-13 01:23:10.0000003,5.508278378502442
2012-05-30 02:28:50.0000001,10.333227527290084
2012-07-26 12:40:38.0000002,6.147581444938904
2012-07-26 12:40:38.0000001,30.671460563358693
2012-07-26 12:40:38.0000003,7.71864774924184
2010-09-22 16:28:54.0000003,5.948286949686835
2010-09-22 16:28:54.0000001,7.100896645413116
2010-09-22 16:28:54.0000002,30.01490329183628
2014-05-26 22:57:10.0000002,7.760103345817713
2014-05-26 22:57:10.0000003,14.825553644779179
2014-05-26 22:57:10.0000005,8.187647809960179
2014-05-26 22:57:10.0000004,10.525187010024004
2012-02-11 07:03:34.0000001,5.311452562374126
2010-06-27 05:03:38.0000001,7.573335246153815
2014-09-29 11:51:06.0000001,19.82540656084235
2014-09-29 11:51:06.0000002,6.426262996657282
2010-09-04 18:31:42.0000002,12.312970402211144
2010-09-04 18:31:42.0000001,18.429699702610534
2015-04-14 19:20:46.0000001,10.616946171210502
2015-04-14 19:20:46.0000005,6.426262996657282
2015-04-14 19:20:46.00000010,5.0983787651022565
2015-04-14 19:20:46.0000007,4.901232083647582
2015-04-14 19:20:46.0000004,5.954306283213586
2015-04-14 19:20:46.0000003,11.395885376585149
2015-04-14 19:20:46.0000006,7.408670438685111
2015-04-14 19:20:46.0000002,8.33339837794112
2015-04-14 19:20:46.0000009,10.743423092847033
2009-07-20 08:53:34.0000002,5.508278378502442
2009-07-20 08:53:34.0000001,7.2961277465913925
2013-04-03 16:09:02.0000002,4.748583128326871
2013-04-03 16:09:02.0000001,76.53802509339562
2009-11-20 23:19:58.0000001,8.29004471807675
2009-11-20 23:19:58.0000002,10.355946618243602
2012-08-04 09:01:54.0000002,9.906242390132615
2012-08-04 09:01:54.0000001,5.0622216014544446
2011-09-22 20:05:22.0000007,8.354831327172935
2011-09-22 20:05:22.0000001,10.402415533448895
2011-09-22 20:05:22.0000005,12.105429949010583
2011-09-22 20:05:22.0000006,5.668906933934924
2014-08-09 01:27:30.0000002,7.896000864247629
2011-02-15 05:44:42.0000002,14.215493742447702
2011-02-15 05:44:42.0000001,47.36574927075931
2014-10-31 12:04:26.0000002,32.63614344707814
2014-10-31 12:04:26.0000001,5.6515736867482635
2015-02-09 07:16:26.0000006,5.0983787651022565
2015-02-09 07:16:26.0000004,6.384613495773382
2015-02-09 07:16:26.0000007,6.261119217504269
2015-02-09 07:16:26.0000001,4.777907233777605
2015-02-09 07:16:26.0000002,8.954321198851309
2015-02-09 07:16:26.0000008,5.3119334844796775
2015-02-09 07:16:26.0000003,8.620887812069054
2011-09-08 17:26:34.0000001,7.696736105857939
2011-09-08 17:26:34.0000003,10.992955915897175
2011-09-08 17:26:34.0000002,9.630332920817123
2011-09-08 17:26:34.0000004,6.440126312515837
2013-04-10 21:03:42.0000004,7.478463748155743
2013-04-10 21:03:42.0000005,9.814947284870046
2013-04-10 21:03:42.0000003,6.49576377974377
2013-04-10 21:03:42.0000002,12.216515557810192
2013-04-10 21:03:42.0000001,5.626423576247726
2011-12-29 19:29:50.0000003,6.845303816334718
2011-12-29 19:29:50.0000004,14.070705404659819
2011-12-29 19:29:50.0000001,8.888133550911329
2013-09-26 15:50:06.0000003,5.0983787651022565
2013-09-26 15:50:06.0000005,15.224725310810761
2013-09-26 15:50:06.0000002,6.426262996657282
2013-09-26 15:50:06.0000001,11.970699437826282
2013-09-26 15:50:06.0000004,7.415457179895673
2012-10-01 07:18:06.0000001,5.0622216014544446
2012-10-01 07:18:06.0000002,7.08131518655577
2013-03-14 21:43:46.0000001,14.46541555717246
2012-10-05 23:47:02.0000001,8.879525389936424
2009-02-08 00:04:06.0000004,11.837267650293784
2009-02-08 00:04:06.0000002,32.34049070812519
2012-02-04 22:47:18.0000001,6.729249781370321
2012-02-04 22:47:18.0000003,7.639311597175585
2012-05-06 03:01:10.0000003,6.87157846952056
2012-05-06 03:01:10.0000002,11.392939417476239
2014-07-08 08:56:58.0000001,8.317186187126618
2010-01-09 08:29:14.0000003,5.052405264689283
2010-01-09 08:29:14.0000002,8.279816688487598
2010-01-09 08:29:14.0000001,15.85974934566948
2010-01-09 08:29:14.0000004,5.508278378502442
2010-12-06 03:36:58.0000001,5.0622216014544446
2011-10-19 05:25:18.0000002,29.602265769452494
2011-10-19 05:25:18.0000001,7.562685908531879
2014-06-14 08:13:22.0000002,17.01495843321442
2014-06-14 08:13:22.0000003,16.122320348202663
2014-06-14 08:13:22.0000001,13.60328779336052
2011-02-19 10:14:58.0000002,6.147581444938904
2014-12-25 03:10:26.0000001,11.521517429690313
2009-06-16 14:32:38.0000003,6.095141329933703
2009-06-16 14:32:38.0000001,6.9673921303803334
2009-06-16 14:32:38.0000005,9.306060465221549
2009-06-16 14:32:38.0000006,8.355413573395674
2009-06-16 14:32:38.0000002,7.434316901003032
2009-06-16 14:32:38.0000004,16.52312847909967
2010-08-16 17:14:18.0000001,47.32745299154119
2013-04-29 09:18:06.0000004,6.644706116257915
2013-04-29 09:18:06.0000002,30.435915562327132
2013-04-29 09:18:06.0000005,10.38922928156475
2013-04-29 09:18:06.0000001,23.344368325289953
2013-04-29 09:18:06.0000003,10.507306704631501
2013-06-23 14:52:34.0000002,28.34489172835913
2013-06-23 14:52:34.0000001,5.0983787651022565
2013-03-28 05:22:58.0000001,7.912591891110315
2015-06-08 20:18:30.0000006,10.403688403867411
2015-06-08 20:18:30.0000003,5.166124030113051
2015-06-08 20:18:30.0000002,17.104253811623483
2015-06-08 20:18:30.0000001,10.560872029936975
2015-06-08 20:18:30.0000004,10.560872029936975
2015-06-08 20:18:30.0000005,10.560872029936975
2011-09-08 13:39:06.0000001,5.802910497176011
2012-03-03 02:30:54.0000001,7.3011863602840785
2012-03-03 02:30:54.0000002,7.374258847166873
2012-03-03 02:30:54.0000004,11.588535704637252
2010-03-27 20:11:10.0000003,6.107354010483727
2010-03-27 20:11:10.0000001,7.639311597175585
2010-03-27 20:11:10.0000002,10.528870010358062
2009-08-11 22:40:02.0000002,8.735947374530802
2009-08-11 22:40:02.0000003,37.33783109496184
2009-08-11 22:40:02.0000004,4.752433208202197
2009-08-11 22:40:02.0000005,14.983906649316882
2009-08-11 22:40:02.0000001,5.50688170126303
2012-12-27 21:01:54.0000001,6.026172277913377
2012-12-27 21:01:54.0000003,5.714528496372447
2012-12-27 21:01:54.0000006,8.946953730682674
2012-12-27 21:01:54.0000007,14.78514031943585
2012-12-27 21:01:54.0000008,8.92926332307131
2015-04-16 18:45:22.0000003,7.478463748155743
2015-04-16 18:45:22.0000002,5.108195101867418
2015-04-16 18:45:22.0000001,10.38922928156475
2015-04-16 18:45:22.0000005,18.694864963516153
2014-05-17 10:51:46.0000001,8.075223367113715
2014-05-17 10:51:46.0000004,7.8055629820108114
2014-05-17 10:51:46.0000002,30.944716201752527
2009-05-04 11:23:18.0000001,7.639311597175585
2009-05-04 11:23:18.0000003,7.17597318296388
2009-05-04 11:23:18.0000002,9.357196752041796
2013-07-22 14:30:06.0000002,6.486030462185905
2013-07-22 14:30:06.0000001,18.578245452929572
2015-05-31 20:48:54.0000005,5.0983787651022565
2015-05-31 20:48:54.0000004,10.385996887390041
2015-05-31 20:48:54.0000001,5.535794819320968
2010-07-16 06:44:06.0000001,5.718924336829698
2010-07-16 06:44:06.0000003,14.936832810119895
2010-07-16 06:44:06.0000004,18.679008376408976
2010-07-16 06:44:06.0000002,18.07009476740811
2013-01-06 12:39:54.0000003,8.317186187126618
2013-01-06 12:39:54.0000001,8.414543528742573
2013-01-06 12:39:54.0000004,9.483931303601018
2013-01-06 12:39:54.0000002,7.778249859521201
2013-01-06 12:39:54.0000005,4.748583128326871
2012-12-15 15:55:42.0000001,6.442528790379786
2012-12-15 15:55:42.0000002,8.484758636588515
2010-05-06 11:35:26.0000001,6.580688548465469
2010-05-06 11:35:26.0000003,11.581635242695125
2014-01-06 10:16:02.0000001,17.68437826278924
2014-01-06 10:16:02.0000002,6.549757274926395
2012-07-24 04:44:26.0000001,8.263995040022117
2010-08-06 15:37:14.0000007,7.203331504155131
2010-08-06 15:37:14.0000003,6.224841235219682
2010-08-06 15:37:14.0000006,6.9673921303803334
2010-08-06 15:37:14.0000005,31.648770042020992
2010-08-06 15:37:14.0000004,9.814641545666374
2010-08-06 15:37:14.0000002,11.359872116745295
2010-08-06 15:37:14.0000001,6.224841235219682
2010-11-10 23:21:50.0000002,7.780171416897765
2010-11-10 23:21:50.0000003,8.74357445282655
2013-03-31 00:09:58.0000002,8.625922098695277
2013-03-31 00:09:58.0000003,9.71957742498683
2010-02-01 00:05:42.0000001,10.871951470445659
2010-02-01 00:05:42.0000002,15.953053362514659
2009-06-18 18:47:22.0000003,12.786054209944577
2009-06-18 18:47:22.0000001,8.379622947092594
2009-06-18 18:47:22.0000002,9.814641545666374
2015-01-03 08:47:26.0000001,11.608459860146338
2015-01-03 08:47:26.0000002,11.3594336908925
2014-06-20 02:16:34.0000001,8.084825206416737
2011-02-03 07:13:06.0000001,5.508278378502442
2014-01-14 18:48:06.0000007,11.970699437826282
2014-01-14 18:48:06.0000002,6.486030462185905
2014-01-14 18:48:06.0000003,6.3668306664510075
2014-01-14 18:48:06.0000004,7.478463748155743
2014-01-14 18:48:06.0000001,9.008350784346327
2014-01-14 18:48:06.0000005,7.904935974680496
2014-01-14 18:48:06.0000006,6.549757274926395
2013-10-18 05:08:54.0000001,35.67334557837178
2011-07-20 08:05:02.0000003,8.379622947092594
2011-07-20 08:05:02.0000002,5.0622216014544446
2011-07-20 08:05:02.0000004,8.335931076449528
2009-05-03 16:02:54.0000005,8.364547558248626
2009-05-03 16:02:54.0000003,6.147581444938904
2009-05-03 16:02:54.0000002,7.639311597175585
2009-05-03 16:02:54.0000001,15.821575526001322
2012-09-06 17:58:06.0000001,4.7016581969073865
2012-09-06 17:58:06.0000003,8.483888918503386
2014-04-06 16:47:14.0000003,7.478463748155743
2014-09-06 03:52:50.0000002,11.15764794802803
2013-07-27 09:59:18.0000001,7.393280157509258
2014-12-26 20:19:38.0000002,7.283525278308946
2014-01-01 13:06:34.0000001,6.549757274926395
2011-12-25 15:35:54.0000003,8.407864257003844
2011-12-25 15:35:54.0000004,9.139942015112842
2015-05-14 23:11:58.0000001,17.30416066021983
2015-05-14 23:11:58.0000007,8.996770690551008
2015-05-14 23:11:58.0000003,8.33339837794112
2015-05-14 23:11:58.0000005,7.478463748155743
2015-05-14 23:11:58.0000008,10.048777559770338
2015-05-14 23:11:58.0000002,14.143053035829222
2015-05-14 23:11:58.0000006,7.468277422659829
2015-04-22 09:54:06.0000002,7.478463748155743
2015-04-22 09:54:06.0000003,5.108195101867418
2009-03-22 07:02:02.0000001,9.655130841798943
2012-04-30 04:34:50.0000001,18.626574613720788
2009-01-21 09:13:50.0000003,4.889048278265752
2009-01-21 09:13:50.0000004,5.508278378502442
2009-01-21 09:13:50.0000001,8.94897374967094
2009-01-21 09:13:50.0000002,6.64351602986861
2010-06-11 18:07:10.0000002,5.6625801074271775
2010-06-11 18:07:10.0000001,4.742488360293096
2010-06-11 18:07:10.0000004,12.557530310640331
2010-06-11 18:07:10.0000003,12.408689781080252
2012-09-01 19:04:18.0000002,8.494244617535523
2014-06-18 06:22:42.0000001,6.9787194138215725
2014-06-18 06:22:42.0000002,11.591889308299436
2009-12-09 08:34:30.0000001,7.091974690676962
2009-12-09 08:34:30.0000002,5.691739575710391
2009-12-09 08:34:30.0000003,46.780991559935984
2009-12-09 08:34:30.0000004,47.394856063876134
2013-06-06 02:54:50.0000002,11.26993476481445
2013-06-06 02:54:50.0000003,8.07115689235769
2010-07-19 12:15:54.0000003,6.147581444938904
2010-07-19 12:15:54.0000002,12.611312854417184
2010-07-19 12:15:54.0000001,6.928301233560823
2010-07-19 12:15:54.0000004,5.508278378502442
2013-12-18 12:36:46.0000001,7.478463748155743
2013-12-18 12:36:46.0000003,38.685632227341124
2013-12-18 12:36:46.0000004,8.04071908820628
2013-12-18 12:36:46.0000002,9.746352543111556
2009-01-25 21:17:18.0000002,8.64720785651814
2009-01-25 21:17:18.0000003,7.226139064757554
2012-10-03 09:18:22.0000002,7.271974898948974
2012-10-03 09:18:22.0000003,8.483888918503386
2012-10-03 09:18:22.0000004,6.478216448041638
2012-10-03 09:18:22.0000001,13.565584255518317
2012-10-03 09:18:22.0000005,10.008495158119509
2012-06-13 19:49:50.0000003,10.79344855486208
2012-06-13 19:49:50.0000002,11.130820708444306
2012-06-13 19:49:50.0000001,5.349486783533295
2011-09-03 00:03:42.0000004,5.668906933934924
2011-09-03 00:03:42.0000009,14.739601952161065
2011-09-03 00:03:42.0000001,6.857958599237406
2011-09-03 00:03:42.0000003,7.048046695003093
2011-09-03 00:03:42.0000006,8.381954707719137
2011-09-03 00:03:42.0000002,7.52346977758127
2011-09-03 00:03:42.0000005,8.46643428388608
2009-01-27 13:27:30.0000002,10.942901605911981
2009-01-27 13:27:30.0000001,6.900968929530218
2009-07-03 00:41:38.0000001,8.7772355382186
2009-07-03 00:41:38.0000002,5.052405264689283
2010-05-29 11:51:30.0000001,5.481792051774074
2013-07-02 22:27:14.0000005,8.173080772483608
2013-07-02 22:27:14.0000003,14.168438045277949
2015-05-09 11:33:58.0000004,6.549757274926395
2015-05-09 11:33:58.0000001,7.478463748155743
2015-05-09 11:33:58.0000003,35.54976203624434
2011-07-18 00:04:54.0000002,5.0622216014544446
2011-04-03 03:46:18.0000002,9.68326869284589
2009-11-03 13:04:46.0000003,5.691739575710391
2009-11-03 13:04:46.0000002,17.32939772345544
2009-11-03 13:04:46.0000001,8.44690202817706
2010-06-25 14:00:14.0000002,7.629104571793923
2010-12-20 09:39:02.0000001,12.025913197548334
2010-12-20 09:39:02.0000002,5.704131739685734
2014-05-20 14:43:10.0000001,9.02327593836053
2014-05-20 14:43:10.0000002,5.166124030113051
2010-09-16 05:07:10.0000001,6.936387938726413
2011-08-01 17:44:30.0000006,7.804578611961599
2011-08-01 17:44:30.0000005,5.519273865238373
2011-08-01 17:44:30.0000001,9.814641545666374
2011-08-01 17:44:30.0000002,8.94897374967094
2011-08-01 17:44:30.0000004,5.0622216014544446
2011-03-01 07:23:14.0000003,6.147581444938904
2011-03-01 07:23:14.0000001,6.026303516141411
2011-06-24 13:23:18.0000004,11.472017206412048
2011-06-24 13:23:18.0000001,12.739657514611373
2011-06-24 13:23:18.0000002,14.358708842369035
2011-06-24 13:23:18.0000003,9.814641545666374
2013-11-19 02:41:10.0000001,9.899717713034372
2012-01-01 18:02:46.0000003,5.508278378502442
2012-01-01 18:02:46.0000002,8.270809205198823
2015-03-28 19:31:26.0000002,6.426262996657282
2015-03-28 19:31:26.0000006,7.478463748155743
2015-03-28 19:31:26.0000001,8.173080772483608
2015-03-28 19:31:26.0000005,12.57168590153336
2010-07-13 11:53:15.0000004,7.639311597175585
2010-07-13 11:53:15.0000001,9.386627486449182
2010-07-13 11:53:15.0000007,12.611312854417184
2010-07-13 11:53:15.0000002,8.379622947092594
2013-02-07 13:47:59.0000004,9.289840549382877
2013-02-07 13:47:59.0000001,4.748583128326871
2013-02-07 13:47:59.0000003,8.491575386871952
2013-08-08 14:38:43.0000001,4.748583128326871
2013-08-08 14:38:43.0000003,5.166124030113051
2015-05-19 13:58:11.0000003,33.55300107651395
2015-05-19 13:58:11.0000008,10.507306704631501
2015-05-19 13:58:11.0000005,11.978531651484694
2015-05-19 13:58:11.0000007,40.27537672239696
2015-05-19 13:58:11.0000004,6.549757274926395
2015-05-19 13:58:11.0000002,13.397702864355704
2012-07-31 22:21:11.0000001,8.485423543367524
2012-07-31 22:21:11.0000002,5.508278378502442
2013-01-03 08:50:31.0000001,10.507306704631501
2013-01-03 08:50:31.0000002,7.429640877661175
2013-01-03 08:50:31.0000007,7.478463748155743
2013-01-03 08:50:31.0000004,8.285711914933819
2013-01-03 08:50:31.0000006,30.984327195377524
2013-01-03 08:50:31.0000005,21.75090288142457
2009-04-14 17:43:23.0000003,5.8338409217610065
2009-04-14 17:43:23.0000007,12.539335675627017
2009-04-14 17:43:23.0000006,8.402846814304473
2009-04-14 17:43:23.0000008,5.755755576608603
2009-04-14 17:43:23.0000004,9.814641545666374
2009-04-14 17:43:23.0000005,6.147581444938904
2009-11-19 22:48:27.0000003,8.354831327172935
2009-11-19 22:48:27.0000002,19.9474758905007
2009-11-19 22:48:27.0000004,7.100896645413116
2013-02-15 00:37:15.0000003,14.759163191552153
2013-02-15 00:37:15.0000002,13.815729023711594
2013-02-15 00:37:15.0000001,8.487923425955502
2012-03-25 04:50:39.0000002,10.50509598459219
2012-03-24 23:33:59.0000001,6.147581444938904
2012-12-26 18:28:55.0000002,6.478216448041638
2012-12-26 18:28:55.0000005,14.057401605566362
2012-12-26 18:28:55.0000001,9.764323620625502
2012-12-26 18:28:55.0000003,4.865015183330918
2012-12-26 18:28:55.0000007,21.668476127791497
2012-12-26 18:28:55.0000006,54.22454025800811
2011-07-06 19:56:23.0000004,7.00740623836393
2011-07-06 19:56:23.0000002,5.862983800203952
2011-07-06 19:56:23.0000006,14.540744278907367
2011-07-06 19:56:23.0000007,9.63748753350245
2011-07-06 19:56:23.0000003,8.699614282512002
2014-12-15 10:41:15.0000001,5.0983787651022565
2014-12-15 10:41:15.0000002,21.120045919093453
2014-12-15 10:41:15.0000003,12.636320480785757
2011-08-14 21:39:31.0000001,8.883466268251324
2011-08-14 21:39:31.0000002,8.710162329428991
2010-06-06 21:04:55.0000001,6.9372231882969775
2013-09-27 19:02:51.0000001,12.453689197982513
2013-09-27 19:02:51.0000003,36.647774462398935
2013-09-27 19:02:51.0000004,7.760103345817713
2013-09-27 19:02:51.0000002,9.075045724640548
2013-05-28 18:24:27.0000003,13.941653476191682
2013-05-28 18:24:27.0000001,6.982484280154836
2013-05-28 18:24:27.0000004,7.429640877661175
2013-05-28 18:24:27.0000002,4.748583128326871
2015-06-15 14:34:03.0000002,5.5307856357743415
2010-07-04 16:44:11.0000001,7.653321396166879
2010-07-04 16:44:11.0000002,9.468641485481534
2014-11-26 06:46:23.0000001,13.086014242505904
2010-07-27 11:37:43.0000001,14.267973586156714
2010-07-27 11:37:43.0000003,8.402846814304473
2010-07-27 11:37:43.0000005,16.039699438033704
2010-07-27 11:37:43.0000006,9.947429330343255
2010-07-27 11:37:43.0000004,8.402846814304473
2010-07-27 11:37:43.0000002,28.300336388857986
2010-12-19 16:25:15.0000004,11.096212460116424
2010-12-19 16:25:15.0000003,6.440126312515837
2010-12-19 16:25:15.0000001,8.5455013575715
2012-08-19 12:06:39.0000001,5.052405264689283
2011-02-26 12:32:15.0000001,4.73098230235812
2011-02-26 12:32:15.0000002,5.481482430252498
2015-06-18 20:56:55.0000003,8.927956128665455
2015-06-18 20:56:55.0000005,28.390119746625402
2015-06-18 20:56:55.0000007,36.1419821660102
2015-06-18 20:56:55.0000006,5.0983787651022565
2013-11-24 21:33:11.0000001,56.573109768564066
2013-11-24 21:33:11.0000002,11.160281742362935
2015-04-28 20:15:27.0000002,53.35160637242117
2015-04-28 20:15:27.0000006,8.285711914933819
2015-04-28 20:15:27.0000001,8.847615994414946
2015-04-28 20:15:27.0000005,7.478463748155743
2015-04-28 20:15:27.0000008,14.519083236836723
2013-01-23 13:49:19.0000002,9.979231346686191
2013-01-23 13:49:19.0000003,36.37411034143332
2014-03-12 19:19:31.0000003,23.86952270797507
2014-03-12 19:19:31.0000001,28.35036272914002
2014-03-12 19:19:31.0000002,8.33339837794112
2010-07-26 09:54:11.0000001,5.083672507298521
2012-01-03 08:49:15.0000002,6.147581444938904
2012-01-03 08:49:15.0000001,48.12625665050326
2012-01-03 08:49:15.0000004,5.402391072598632
2012-01-03 08:49:15.0000003,5.083672507298521
2012-11-05 14:49:19.0000002,14.859584725830912
2012-11-05 14:49:19.0000001,4.7016581969073865
2012-06-09 19:03:11.0000004,8.338264291480279
2012-06-09 19:03:11.0000006,10.76276676263107
2012-06-09 19:03:11.0000002,4.9513781043085645
2012-06-09 19:03:11.0000003,11.335447942546082
2012-06-09 19:03:11.0000001,9.117175209478951
2010-10-17 23:12:19.0000004,8.772686082853912
2010-10-17 23:12:19.0000005,6.440126312515837
2010-10-17 23:12:19.0000001,5.690149318370971
2010-10-17 23:12:19.0000002,10.454455879866138
2010-10-17 23:12:19.0000003,5.9606393007527245
2014-06-07 12:21:11.0000001,37.78242757366831
2014-06-07 12:21:11.0000004,7.8055629820108114
2011-09-08 22:37:43.0000004,6.758952170136182
2011-09-08 22:37:43.0000003,8.740161835901546
2011-09-08 22:37:43.0000005,16.267984903676485
2011-09-08 22:37:43.0000002,10.615109558329452
2014-10-30 19:25:15.0000003,55.606412636651996
2014-10-30 19:25:15.0000005,5.065163432024766
2014-10-30 19:25:15.0000001,5.0983787651022565
2014-10-30 19:25:15.0000002,40.53023060764372
2014-10-30 19:25:15.0000004,8.33339837794112
2010-06-18 22:52:11.0000002,5.052405264689283
2011-02-16 05:49:51.0000001,6.559845914032706
2011-09-13 13:31:51.0000004,6.12250567884213
2011-09-13 13:31:51.0000003,47.36574927075931
2011-09-13 13:31:51.0000002,6.028207321578057
2009-09-28 04:31:39.0000001,11.658564507029475
2009-01-11 03:31:55.0000001,15.530681222431719
2009-01-11 03:31:55.0000003,9.726517223998494
2009-01-11 03:31:55.0000004,12.481100996616481
2009-01-11 03:31:55.0000002,6.231575502806987
2014-01-24 03:38:19.0000001,19.89857864359586
2014-08-06 18:03:31.0000002,10.507306704631501
2014-08-06 18:03:31.0000001,9.64101456699716
2009-08-26 00:46:43.0000001,6.595647152938823
2014-01-19 09:28:55.0000001,19.43249253388932
2010-01-27 06:01:59.0000001,6.87157846952056
2011-11-30 23:09:47.0000003,12.107817838408932
2011-11-30 23:09:47.0000002,10.437269934384966
2011-11-30 23:09:47.0000001,6.440126312515837
2014-08-03 23:37:31.0000003,11.95222082669016
2014-08-03 23:37:31.0000002,13.911869639214087
2014-08-03 23:37:31.0000001,8.33339837794112
2014-10-06 09:24:11.0000002,19.511816514044146
2014-10-06 09:24:11.0000004,36.002166509109436
2014-10-06 09:24:11.0000003,9.949367066104566
2014-10-06 09:24:11.0000001,9.910369149428531
2009-08-28 12:38:19.0000001,11.029919631200826
2009-08-28 12:38:19.0000004,17.717105256915165
2009-08-28 12:38:19.0000003,27.278451995291377
2009-08-28 12:38:19.0000002,6.9673921303803334
2012-03-15 18:23:55.0000001,6.107354010483727
2012-03-15 18:23:55.0000004,11.552019952038192
2012-03-15 18:23:55.0000005,8.030168676988286
2012-03-15 18:23:55.0000003,7.639311597175585
2011-11-23 21:07:43.0000003,5.052405264689283
2011-11-23 21:07:43.0000002,12.886058555050674
2012-11-23 07:58:23.0000001,7.180034051719441
2010-11-17 19:10:23.0000007,24.469281911004174
2010-11-17 19:10:23.0000006,7.705350657173263
2010-11-17 19:10:23.0000001,6.146444549922973
2010-11-17 19:10:23.0000002,29.775133524854795
2010-11-17 19:10:23.0000008,9.56560094531556
2010-11-17 19:10:23.0000004,5.735172465199654
2015-02-14 13:15:19.0000003,12.223934976645994
2015-02-14 13:15:19.0000006,10.282149523466739
2015-02-14 13:15:19.0000004,5.597243714555468
2015-02-14 13:15:19.0000008,7.904935974680496
2015-02-14 13:15:19.0000001,15.864707298175032
2013-01-12 22:40:39.0000003,4.901232083647582
2013-01-12 22:40:39.0000004,11.211961641578048
2013-01-12 22:40:39.0000001,13.712073210247338
2013-01-12 22:40:39.0000005,7.478463748155743
2013-01-12 22:40:39.0000006,5.108195101867418
2011-04-12 12:06:07.0000002,6.147581444938904
2011-04-12 12:06:07.0000001,30.554172694357966
2010-11-04 20:14:39.0000005,5.30159671515467
2010-11-04 20:14:39.0000002,6.372355519103035
2010-11-04 20:14:39.0000004,8.306378931344154
2010-11-04 20:14:39.0000003,7.00413603716027
2010-11-04 20:14:39.0000001,7.100896645413116
2011-04-25 19:14:55.0000003,10.821254998681363
2011-04-25 19:14:55.0000001,6.578697950233841
2011-04-25 19:14:55.0000004,6.9673921303803334
2011-04-25 19:14:55.0000002,6.928301233560823
2011-04-25 19:14:55.0000005,6.9673921303803334
2010-02-15 14:20:31.0000001,8.402846814304473
2013-03-23 15:41:07.0000001,10.086706552321754
2013-03-23 15:41:07.0000004,9.483931303601018
2013-03-23 15:41:07.0000005,6.426262996657282
2012-12-09 06:04:39.0000001,54.22454025800811
2013-11-07 16:38:15.0000003,7.51311913982641
2013-11-07 16:38:15.0000002,7.859311140459519
2013-11-07 16:38:15.0000001,6.684184508418564
2011-08-08 11:18:15.0000004,8.355413573395674
2011-08-08 11:18:15.0000003,7.62727851395065
2011-08-08 11:18:15.0000002,6.9673921303803334
2009-05-08 22:14:51.0000004,5.083672507298521
2009-05-08 22:14:51.0000001,12.588797105572308
2009-05-08 22:14:51.0000003,12.386780465729602
2012-11-15 18:22:19.0000002,13.301926933793489
2012-11-15 18:22:19.0000007,6.394344296018131
2012-11-15 18:22:19.0000003,4.73098230235812
2012-11-15 18:22:19.0000005,7.452688419170983
2012-11-15 18:22:19.0000001,18.577471438322593
2012-11-15 18:22:19.0000004,7.302143841032329
2012-11-15 18:22:19.0000006,9.108376642202124
2010-01-31 00:33:03.0000002,6.743206174487576
2010-01-31 00:33:03.0000004,5.0622216014544446
2010-01-31 00:33:03.0000001,20.829515954047643
2010-01-31 00:33:03.0000007,5.755848563389137
2010-01-31 00:33:03.0000003,10.96676833230501
2012-04-20 07:30:43.0000003,6.107354010483727
2012-04-20 07:30:43.0000002,13.417486444474035
2012-04-20 07:30:43.0000004,7.3011863602840785
2012-04-20 07:30:43.0000001,10.179751870380363
2009-09-29 09:38:15.0000002,6.440126312515837
2009-09-29 09:38:15.0000001,9.286742784291219
2010-12-31 05:30:19.0000002,7.017877752919738
2010-12-31 05:30:19.0000001,12.47526137796712
2009-01-18 18:22:07.0000001,19.695273074863522
2009-01-28 11:27:19.0000002,5.0622216014544446
2013-05-04 05:00:43.0000001,9.747490307310288
2014-02-23 13:22:03.0000002,6.810670814204915
2014-02-23 13:22:03.0000001,5.108195101867418
2010-10-28 12:38:55.0000003,8.46035197877822
2010-10-28 12:38:55.0000002,6.556612188852604
2010-10-28 12:38:55.0000001,11.078640299263553
2015-05-20 19:39:11.0000002,14.652779872986601
2015-05-20 19:39:11.0000009,12.453689197982513
2015-05-20 19:39:11.0000001,10.846107800614961
2015-05-20 19:39:11.0000008,11.395885376585149
2015-05-20 19:39:11.0000007,29.71495517764358
2015-05-20 19:39:11.0000005,8.055584557430608
2015-05-20 19:39:11.0000006,8.33339837794112
2015-03-20 16:33:07.0000002,8.33339837794112
2015-03-20 16:33:07.0000001,7.478463748155743
2013-04-26 17:05:07.0000001,8.33339837794112
2014-01-11 17:47:47.0000005,25.832150152306028
2014-01-11 17:47:47.0000006,6.722578063303099
2014-01-11 17:47:47.0000002,17.289635283426506
2014-01-11 17:47:47.0000003,6.952009153742954
2014-01-11 17:47:47.0000004,9.500313099326267
2012-03-10 10:48:43.0000001,9.26196988212581
2012-03-10 10:48:43.0000004,9.753138513930102
2012-03-10 10:48:43.0000003,6.900968929530218
2012-03-10 10:48:43.0000005,5.052405264689283
2012-03-10 10:48:43.0000002,8.364547558248626
2012-07-12 02:46:07.0000002,21.859521040921095
2009-01-06 14:48:51.0000003,5.376414251739748
2009-01-06 14:48:51.0000002,5.508278378502442
2009-01-06 14:48:51.0000001,5.691968488918297
2015-04-15 03:30:27.0000001,6.196844554480168
2015-04-26 21:44:23.0000001,36.26888562408132
2015-04-26 21:44:23.0000003,14.27653383715417
2014-11-24 05:03:51.0000001,17.910777163607193
2014-03-05 23:16:07.0000002,56.32745809926325
2015-01-04 00:28:11.0000005,7.045619685375735
2015-01-04 00:28:11.0000001,9.921739491804408
2015-01-04 00:28:11.0000002,5.166124030113051
2015-01-04 00:28:11.0000003,10.173726635100428
2014-12-17 20:56:31.0000004,6.453457826282479
2014-12-17 20:56:31.0000002,15.327195536579246
2014-12-17 20:56:31.0000001,9.613470567266699
2010-10-04 16:17:03.0000002,4.824670999094393
2010-10-04 16:17:03.0000003,4.7016581969073865
2010-10-04 16:17:03.0000005,7.131065587496472
2010-10-04 16:17:03.0000004,11.67375901413056
2010-10-09 15:48:51.0000001,5.0622216014544446
2010-10-09 15:48:51.0000005,11.042884297381118
2010-10-09 15:48:51.0000002,5.052405264689283
2013-10-10 11:09:23.0000006,5.0983787651022565
2013-10-10 11:09:23.0000004,8.600754080044489
2013-10-10 11:09:23.0000002,5.166124030113051
2013-10-10 11:09:23.0000003,6.5243978633187325
2013-10-10 11:09:23.0000005,9.857716692671499
2010-12-14 00:39:07.0000001,19.5987972995997
2010-12-14 00:39:07.0000002,6.440126312515837
2010-12-14 00:39:07.0000003,10.192164424828285
2013-01-08 07:03:07.0000004,8.084825206416737
2013-01-08 07:03:07.0000003,11.37429547040506
2013-01-08 07:03:07.0000002,7.045619685375735
2012-10-28 17:21:19.0000004,6.9775013614965475
2012-10-28 17:21:19.0000002,5.052405264689283
2010-03-10 10:37:39.0000003,7.161963383972586
2010-03-10 10:37:39.0000004,6.5726406823991
2010-03-10 10:37:39.0000001,6.486883757313124
2010-03-10 10:37:39.0000002,13.409081742432582
2012-04-27 22:32:19.0000001,5.508278378502442
2012-04-27 22:32:19.0000003,5.481792051774074
2009-04-14 06:55:19.0000001,46.80840777422162
2009-04-14 06:55:19.0000002,5.009995565229879
2013-07-22 14:22:51.0000001,21.68465709900652
2012-02-11 21:23:07.0000002,5.052405264689283
2012-02-11 21:23:07.0000001,7.665292746963088
2012-02-11 21:23:07.0000004,4.7016581969073865
2012-02-11 21:23:07.0000003,5.508278378502442
2015-05-10 12:37:51.0000001,19.25991594518872
2015-05-10 12:37:51.0000004,4.917118479546773
2015-05-10 12:37:51.0000006,7.478463748155743
2010-12-11 13:31:11.0000001,9.477500236126359
2010-12-11 13:31:11.0000002,11.026844152074661
2010-03-01 22:21:55.0000001,4.865015183330918
2010-03-01 22:21:55.0000004,10.528807297053902
2014-11-03 22:00:07.0000001,9.868813004123588
2009-08-26 16:50:19.0000001,4.865015183330918
2009-08-26 16:50:19.0000002,6.9372231882969775
2010-06-07 10:02:51.0000002,4.7016581969073865
2010-06-07 10:02:51.0000001,6.4714728911530175
2010-06-07 10:02:51.0000004,15.949442429188439
2010-06-07 10:02:51.0000003,11.552019952038192
2015-03-08 14:59:23.0000002,16.13351068927152
2015-03-08 14:59:23.0000004,55.86209146560775
2015-03-08 14:59:23.0000005,20.000574456101887
2010-12-13 05:52:47.0000001,8.73142981751014
2012-10-12 15:21:55.0000001,5.714528496372447
2011-05-17 07:53:55.0000002,5.508278378502442
2011-05-17 07:53:55.0000004,7.313157711080288
2011-05-17 07:53:55.0000001,10.138264368015543
2012-12-26 20:55:27.0000002,10.581590520750643
2012-12-26 20:55:27.0000005,8.92926332307131
2012-12-26 20:55:27.0000004,11.560358337070452
2009-02-22 14:59:11.0000001,13.096965483719424
2011-12-17 16:19:47.0000003,13.088404776134357
2011-12-17 16:19:47.0000001,9.811656282974347
2014-12-02 23:54:11.0000002,10.173284967435801
2014-12-02 23:54:11.0000001,9.634019835758561
2014-11-11 11:21:07.0000001,4.80145600612665
2014-07-11 12:35:19.0000003,11.970699437826282
2014-07-11 12:35:19.0000001,8.129479210648775
2014-07-11 12:35:19.0000002,15.39073607450558
2010-01-25 15:04:11.0000001,5.083672507298521
2010-01-25 15:04:11.0000002,9.371201591337446
2014-01-26 13:51:39.0000002,8.998154307991415
2014-01-26 13:51:39.0000003,7.478463748155743
2011-11-18 04:49:19.0000002,5.704131739685734
2011-11-18 04:49:19.0000003,47.50633727040975
2011-11-18 04:49:19.0000001,5.052405264689283
2014-11-30 15:46:23.0000001,8.33339837794112
2014-11-30 15:46:23.0000004,9.483931303601018
2014-11-30 15:46:23.0000006,33.69357997514725
2014-11-30 15:46:23.0000005,5.0983787651022565
2011-08-20 15:50:39.0000002,30.143168515933947
2010-06-22 14:25:19.0000005,12.147937862448671
2010-06-22 14:25:19.0000003,6.095141329933703
2010-06-22 14:25:19.0000002,6.095141329933703
2010-06-22 14:25:19.0000006,5.230014089202114
2010-06-22 14:25:19.0000004,8.952624357435965
2010-12-06 18:51:31.0000001,9.943534342057296
2010-12-06 18:51:31.0000002,15.949442429188439
2014-05-25 19:46:59.0000004,17.95139079725482
2014-05-25 19:46:59.0000002,7.320614510576652
2014-05-25 19:46:59.0000001,8.703613845457292
2009-11-20 14:03:03.0000003,7.285598706225072
2009-11-20 14:03:03.0000004,13.542273765972196
2009-11-20 14:03:03.0000001,11.546936289641344
2009-11-20 14:03:03.0000005,7.14601684592085
2009-11-20 14:03:03.0000002,8.49579013731928
2010-09-17 18:21:11.0000001,13.949605233706245
2011-02-23 21:35:19.0000001,5.508278378502442
2011-02-23 21:35:19.0000002,12.330274000231025
2013-01-03 11:41:47.0000001,4.748583128326871
2014-04-04 05:47:11.0000001,16.691473402981135
2014-08-18 19:09:19.0000001,9.745819177322483
2014-08-18 19:09:19.0000002,15.542486034974516
2010-04-12 08:22:27.0000001,5.150805780223591
2010-04-12 08:22:27.0000002,9.814641545666374
2010-06-05 08:18:11.0000002,15.450275278755152
2010-06-05 08:18:11.0000001,5.083672507298521
2010-06-05 08:18:11.0000003,30.252935939485475
2013-05-07 23:58:31.0000001,23.543228227154728
2013-01-11 20:08:07.0000002,7.478463748155743
2013-02-17 23:55:55.0000001,14.330340568093336
2013-02-17 23:55:55.0000002,22.35049945879959
2013-02-17 23:55:55.0000003,14.602728324170512
2010-11-26 06:04:59.0000001,5.724364438365927
2013-10-09 17:27:39.0000002,8.33339837794112
2013-02-27 13:28:43.0000003,7.715763047682144
2013-02-27 13:28:43.0000001,4.901232083647582
2013-02-27 13:28:43.0000004,7.393280157509258
2013-02-27 13:28:43.0000002,5.108195101867418
2009-08-28 07:10:39.0000001,8.93288217774544
2009-08-28 07:10:39.0000002,9.709048239812264
2009-08-28 07:10:39.0000004,5.61661890987345
2009-08-28 07:10:39.0000003,5.50688170126303
2015-01-12 17:05:51.0000006,7.848110454230468
2015-01-12 17:05:51.0000007,6.438547672767459
2015-01-12 17:05:51.0000002,4.818736878293575
2015-01-12 17:05:51.0000003,4.80145600612665
2014-05-01 07:16:07.0000001,5.108195101867418
2009-01-12 07:47:39.0000004,5.606271441925179
2009-01-12 07:47:39.0000002,7.3011863602840785
2009-01-12 07:47:39.0000003,6.567893780099074
2014-02-09 21:05:31.0000001,22.776924927547487
2014-02-09 21:05:31.0000002,14.313642833886924
2012-05-14 03:52:59.0000001,7.287471582276465
2011-04-28 19:39:43.0000005,6.9673921303803334
2011-04-28 19:39:43.0000001,6.147581444938904
2011-04-28 19:39:43.0000002,4.7016581969073865
2011-04-28 19:39:43.0000004,4.7016581969073865
2010-02-15 10:14:23.0000002,9.279148214241383
2010-02-15 10:14:23.0000003,19.990506508369958
2010-02-15 10:14:23.0000004,9.922180631614214
2010-08-18 05:24:15.0000002,10.199365246248052
2010-08-18 05:24:15.0000001,8.681122267282138
2010-05-31 06:46:59.0000001,40.41536424816616
2014-11-17 00:03:47.0000002,12.860399300570563
2012-11-16 00:09:43.0000001,8.358749323998437
2012-03-09 06:03:23.0000001,10.122994924732446
2013-10-18 13:05:19.0000002,7.478463748155743
2013-10-18 13:05:19.0000001,20.957449569225798
2013-10-18 13:05:19.0000003,5.108195101867418
2010-01-16 04:52:31.0000001,32.67753658161601
2013-08-18 00:32:15.0000002,15.77771990901129
2013-08-18 00:32:15.0000001,7.436367221791804
2010-12-11 16:12:35.0000004,13.224968189802357
2010-12-11 16:12:35.0000005,7.804472200659226
2010-12-11 16:12:35.0000001,7.7173557219558395
2010-12-11 16:12:35.0000002,8.480714748475313
2013-05-23 12:09:23.0000001,12.651344890759438
2013-05-23 12:09:23.0000003,6.549757274926395
2013-05-23 12:09:23.0000002,6.549757274926395
2014-12-11 08:20:39.0000003,6.879581586976842
2014-12-11 08:20:39.0000002,5.561963418235598
2011-01-28 19:41:11.0000002,5.349486783533295
2011-01-28 19:41:11.0000001,10.562646397776007
2011-03-24 04:46:51.0000001,29.555890188692686
2013-04-07 00:24:27.0000001,6.49576377974377
2013-04-07 00:24:27.0000003,6.505189007871004
2013-04-07 00:24:27.0000004,8.084825206416737
2010-08-17 21:22:39.0000002,21.50498950621747
2010-08-17 21:22:39.0000003,7.260332203714807
2010-08-17 21:22:39.0000001,6.870609427307061
2013-12-10 14:00:35.0000004,9.266176150097976
2013-12-10 14:00:35.0000001,8.39852585028211
2013-12-10 14:00:35.0000003,6.549757274926395
2011-09-18 05:32:51.0000002,47.36574927075931
2011-09-18 05:32:51.0000001,9.019988618245462
2011-09-18 05:32:51.0000003,12.949387424604017
2011-09-10 20:44:59.0000002,8.740161835901546
2011-09-10 20:44:59.0000001,6.440126312515837
2011-04-28 09:50:03.0000002,30.227977908286345
2011-04-28 09:50:03.0000003,6.928301233560823
2011-04-28 09:50:03.0000004,7.653321396166879
2010-02-26 18:34:51.0000002,6.826225066980954
2013-12-05 23:29:15.0000001,13.521334085485087
2013-12-05 23:29:15.0000004,4.80145600612665
2013-12-05 23:29:15.0000003,31.7535824003067
2013-12-05 23:29:15.0000005,55.86209146560775
2010-01-13 08:28:59.0000003,9.814641545666374
2010-01-13 08:28:59.0000001,9.814641545666374
2010-01-13 08:28:59.0000004,12.413894102754163
2010-01-13 08:28:59.0000005,6.911806996563467
2010-07-16 07:07:27.0000001,8.32099299687225
2012-06-16 14:33:19.0000002,9.288026191567816
2013-05-08 17:02:39.0000001,14.190441486772928
2013-05-08 17:02:39.0000003,11.970699437826282
2013-05-08 17:02:39.0000005,8.33339837794112
2013-05-08 17:02:39.0000004,5.0983787651022565
2013-05-08 17:02:39.0000002,8.33339837794112
2013-05-08 17:02:39.0000006,6.549757274926395
2013-05-08 17:02:39.0000007,9.915673296840401
2011-02-28 08:34:27.0000004,9.922180631614214
2011-02-28 08:34:27.0000002,5.508278378502442
2011-02-28 08:34:27.0000006,13.317576087157272
2011-02-28 08:34:27.0000007,5.508278378502442
2011-02-28 08:34:27.0000005,15.18515401520954
2011-02-28 08:34:27.0000003,9.371201591337446
2011-02-28 08:34:27.0000001,9.800793245638056
2012-12-13 19:05:27.0000001,4.865015183330918
2012-12-13 19:05:27.0000002,6.500392149687238
2012-12-13 19:05:27.0000003,8.979150279397953
2009-03-25 01:20:55.0000001,8.332493863708287
2011-01-18 12:43:35.0000001,10.342870295581449
2010-07-13 07:38:03.0000007,10.257231657190841
2010-07-13 07:38:03.0000004,10.028030733027446
2010-07-13 07:38:03.0000002,8.646476640574868
2010-07-13 07:38:03.0000006,15.194890923685296
2010-07-13 07:38:03.0000005,7.287471582276465
2010-07-13 07:38:03.0000001,6.87157846952056
2009-01-26 15:16:43.0000001,31.616902680881648
2009-01-26 15:16:43.0000002,4.7016581969073865
2015-05-18 01:13:35.0000001,7.045619685375735
2012-11-09 18:17:35.0000001,11.542537569972287
2012-11-09 18:17:35.0000006,8.823577794222714
2012-11-09 18:17:35.0000005,7.26305294421282
2012-11-09 18:17:35.0000003,9.34122358055936
2010-07-05 19:21:35.0000005,5.052405264689283
2010-07-05 19:21:35.0000003,5.052405264689283
2010-07-05 19:21:35.0000004,10.961939230580008
2010-07-05 19:21:35.0000002,10.808914365241316
2014-09-11 00:28:47.0000001,9.768624152812288
2014-09-11 00:28:47.0000002,6.5243978633187325
2010-03-22 16:20:15.0000001,30.227971144293768
2010-03-22 16:20:15.0000002,7.685541593318993
2009-06-21 00:54:23.0000003,14.35441270446882
2009-06-21 00:54:23.0000001,15.48185541864764
2013-05-02 14:48:31.0000001,12.967323788840204
2011-09-12 09:15:15.0000003,6.440126312515837
2011-09-12 09:15:15.0000004,7.780171416897765
2011-09-12 09:15:15.0000002,6.798375241894321
2011-09-12 09:15:15.0000001,6.440126312515837
2009-02-27 07:09:23.0000001,9.136439099125578
2011-08-22 10:42:15.0000003,10.887311238071666
2011-08-22 10:42:15.0000002,15.949442429188439
2011-08-22 10:42:15.0000001,6.874358970630356
2011-11-29 22:19:51.0000001,13.952501959530178
2011-11-29 22:19:51.0000002,12.048286577607547
2009-01-30 22:47:07.0000004,17.77316829875796
2009-01-30 22:47:07.0000001,5.508278378502442
2009-01-30 22:47:07.0000003,4.7016581969073865
2012-04-18 20:03:35.0000004,9.024211348797664
2012-04-18 20:03:35.0000003,5.052405264689283
2012-04-18 20:03:35.0000001,10.371533112686855
2012-04-18 20:03:35.0000002,6.107354010483727
2013-09-26 20:54:19.0000002,11.95222082669016
2011-06-25 23:18:27.0000001,10.817688894089192
2009-01-17 02:21:55.0000001,5.349486783533295
2009-01-17 02:21:55.0000002,4.7016581969073865
2014-11-01 15:31:15.0000002,13.980302257421629
2014-11-01 15:31:15.0000003,10.437876932107665
2014-11-01 15:31:15.0000004,6.310679699093319
2011-06-08 11:31:51.0000003,5.349486783533295
2011-06-08 11:31:51.0000002,6.9673921303803334
2011-06-08 11:31:51.0000001,8.379622947092594
2013-07-12 23:17:31.0000004,7.478463748155743
2013-07-12 23:17:31.0000005,55.86209146560775
2012-07-10 18:24:47.0000002,8.94897374967094
2012-07-10 18:24:47.0000001,18.467572410356226
2012-07-10 18:24:47.0000003,6.095141329933703
2013-05-14 03:15:31.0000001,18.382020452312233
2009-04-20 21:08:35.0000006,6.147581444938904
2009-04-20 21:08:35.0000003,6.807086796136115
2009-04-20 21:08:35.0000002,16.02386417454067
2009-04-20 21:08:35.0000001,10.61217288956909
2011-01-19 08:30:47.0000003,9.292664915835529
2011-01-19 08:30:47.0000002,8.83730105892932
2011-01-19 08:30:47.0000001,6.8414958610404755
2009-09-25 10:19:35.0000003,5.656514769959582
2009-09-25 10:19:35.0000001,8.560576746415467
2009-09-25 10:19:35.0000002,6.730249671728051
2012-02-17 15:11:23.0000001,5.577393678381707
2009-12-23 20:14:19.0000003,9.320165644677665
2009-12-23 20:14:19.0000001,5.691739575710391
2009-12-23 20:14:19.0000002,10.356498659083519
2012-09-14 05:42:59.0000001,8.775404033114915
2012-09-14 05:42:59.0000002,7.2191249485389495
2009-04-06 13:47:15.0000002,18.053687893193374
2013-11-29 21:36:07.0000004,9.722482515590597
2011-11-07 00:22:31.0000001,5.724364438365927
2011-11-07 00:22:31.0000002,7.548595742207217
2009-09-04 08:02:51.0000001,10.97691577059072
2015-02-16 17:32:27.0000004,10.90747121271333
2015-02-16 17:32:27.0000002,9.92675094515378
2015-02-16 17:32:27.0000003,7.8055629820108114
2015-02-16 17:32:27.0000001,8.173080772483608
2012-04-14 11:59:11.0000004,17.24575429936824
2012-04-14 11:59:11.0000002,4.752433208202197
2012-04-14 11:59:11.0000001,6.5726406823991
2011-12-11 11:05:51.0000001,5.704131739685734
2011-12-11 11:05:51.0000003,7.780171416897765
2010-01-03 13:07:27.0000001,11.948075256392649
2009-03-06 00:13:03.0000003,8.200299195068617
2009-03-06 00:13:03.0000001,10.287127169576587
2010-01-04 19:54:27.0000002,9.453448565127752
2010-01-04 19:54:27.0000001,6.490491553960885
2010-01-04 19:54:27.0000003,4.73098230235812
2014-08-01 16:50:03.0000004,20.04260308708906
2014-08-01 16:50:03.0000001,5.0983787651022565
2014-08-01 16:50:03.0000003,13.941653476191682
2014-08-01 16:50:03.0000002,13.717347646175126
2010-11-25 16:22:19.0000001,5.052405264689283
2010-09-04 10:06:23.0000001,16.40792700453436
2009-04-28 13:35:27.0000002,9.814641545666374
2009-04-28 13:35:27.0000001,5.481792051774074
2009-04-28 13:35:27.0000003,28.91578765861616
2009-04-28 13:35:27.0000004,7.9561903414580275
2012-07-26 00:23:59.0000006,8.70343939268278
2012-07-26 00:23:59.0000007,4.8748315200960795
2012-07-26 00:23:59.0000001,8.625345740421064
2012-07-26 00:23:59.0000004,7.645659349870577
2012-07-26 00:23:59.0000005,7.645659349870577
2012-07-26 00:23:59.0000002,11.20892194651504
2012-07-26 00:23:59.0000003,6.8324875727010514
2014-04-29 15:15:43.0000002,9.915673296840401
2014-04-29 15:15:43.0000001,7.496292283892046
2014-04-29 15:15:43.0000003,5.030720484683033
2010-04-23 00:00:03.0000002,14.994906987650367
2010-04-23 00:00:03.0000003,5.519970366049174
2010-05-22 23:46:19.0000001,7.639311597175585
2010-05-22 23:46:19.0000002,17.9991678488568
2010-05-22 23:46:19.0000003,12.021467582367398
2014-06-14 12:32:11.0000005,10.437876932107665
2014-06-14 12:32:11.0000002,12.449646789107573
2014-06-14 12:32:11.0000004,12.208910566672314
2014-06-14 12:32:11.0000006,11.840179287859133
2014-06-14 12:32:11.0000003,38.62073436370862
2012-06-09 22:57:15.0000002,6.5675137756328095
2012-06-09 22:57:15.0000005,6.9673921303803334
2014-04-22 01:28:15.0000001,26.742375932318545
2013-01-31 01:19:15.0000001,19.750235002223434
2013-01-31 01:19:15.0000002,12.539589660845039
2014-12-19 21:54:27.0000003,8.285711914933819
2014-12-19 21:54:27.0000002,17.246684315570718
2014-12-19 21:54:27.0000004,8.901204849700127
2014-12-19 21:54:27.0000001,13.383434298533118
2010-10-22 20:56:51.0000004,6.372355519103035
2010-10-22 20:56:51.0000001,15.868031861322276
2011-10-04 11:48:35.0000004,6.845303816334718
2011-10-04 11:48:35.0000003,12.312970402211144
2011-10-04 11:48:35.0000002,6.9905142227978505
2010-12-31 13:32:39.0000001,8.51646512222032
2010-04-10 11:05:27.0000002,6.147581444938904
2010-04-10 11:05:27.0000001,6.9372231882969775
2013-10-02 21:12:59.0000001,10.64057030508329
2013-10-02 21:12:59.0000002,12.448214844689957
2013-10-02 21:12:59.0000004,7.883965535704432
2013-10-02 21:12:59.0000005,14.269230024945744
2013-10-02 21:12:59.0000006,12.216515557810192
2013-10-02 21:12:59.0000007,22.96630198986785
2013-10-02 21:12:59.0000008,16.575609101903275
2013-10-02 21:12:59.0000003,26.70953394448345
2009-03-14 05:27:55.0000001,7.374258847166873
2009-04-20 14:05:51.0000003,5.728702439289975
2009-04-20 14:05:51.0000002,15.932415115688634
2009-04-20 14:05:51.0000001,25.21795857361327
2009-04-20 14:05:51.0000004,9.30583896927314
2011-02-21 23:46:07.0000001,5.150805780223591
2010-08-21 20:25:07.0000001,5.595333859965088
2009-11-16 21:03:31.0000003,10.265732502713448
2009-11-16 21:03:31.0000002,15.767736361491133
2009-11-16 21:03:31.0000004,7.780171416897765
2009-11-16 21:03:31.0000001,16.142190898518535
2014-11-29 11:16:23.0000002,10.282149523466739
2014-11-29 11:16:23.0000001,9.483931303601018
2010-12-01 21:02:35.0000001,7.131065587496472
2010-12-01 21:02:35.0000002,7.6641738426208645
2009-04-13 18:30:39.0000002,6.431099313515509
2009-04-13 18:30:39.0000001,7.653321396166879
2010-06-02 19:45:19.0000002,10.89096135059762
2010-06-02 19:45:19.0000001,8.65918759231002
2010-06-02 19:45:19.0000004,9.037527697489875
2012-04-16 14:29:35.0000001,5.052405264689283
2014-08-06 18:15:43.0000001,6.8655474344944425
2014-08-06 18:15:43.0000002,15.36798216777872
2010-04-20 11:53:23.0000005,8.138647873143684
2010-04-20 11:53:23.0000002,5.508278378502442
2010-04-20 11:53:23.0000006,5.052405264689283
2010-04-20 11:53:23.0000003,13.664353597466611
2010-04-20 11:53:23.0000004,10.845388810176441
2009-05-21 20:50:31.0000005,9.210927541033065
2009-05-21 20:50:31.0000006,11.722403905302635
2009-05-21 20:50:31.0000002,15.767736361491133
2009-05-21 20:50:31.0000001,14.831898947842074
2014-08-16 21:59:59.0000002,10.54411753754762
2014-08-16 21:59:59.0000001,16.327175822335317
2010-09-13 07:05:39.0000001,5.083672507298521
2010-09-13 07:05:39.0000002,5.0622216014544446
2010-01-28 12:25:11.0000001,6.147581444938904
2013-10-13 19:39:55.0000005,5.507282328951527
2013-10-13 19:39:55.0000004,7.767192112414968
2013-10-13 19:39:55.0000007,6.021788309272636
2013-10-13 19:39:55.0000001,11.3130801044239
2013-10-13 19:39:55.0000003,9.622931515748741
2013-10-13 19:39:55.0000006,5.166124030113051
2013-10-13 19:39:55.0000002,10.61209239819944
2013-09-20 13:38:55.0000003,7.778249859521201
2013-09-20 13:38:55.0000002,13.917671746048386
2013-09-20 13:38:55.0000006,9.314154599961189
2013-09-20 13:38:55.0000001,10.38922928156475
2014-11-11 12:10:59.0000003,8.031414747917157
2014-11-11 12:10:59.0000002,12.033888235276738
2012-09-09 23:40:03.0000001,16.7615629252277
2013-02-18 11:13:23.0000004,21.75090288142457
2013-02-18 11:13:23.0000001,5.5813641172207005
2013-02-18 11:13:23.0000003,28.460908931994823
2013-02-18 11:13:23.0000002,7.478463748155743
2011-06-05 12:38:43.0000002,6.826225066980954
2011-06-05 12:38:43.0000003,6.9673921303803334
2011-06-05 12:38:43.0000001,47.36574927075931
2014-11-27 07:37:55.0000001,8.159709448659349
2010-05-23 15:28:55.0000001,10.923979316843683
2012-10-15 20:10:31.0000001,5.667943320126138
2012-10-15 20:10:31.0000004,13.305605415202892
2012-10-15 20:10:31.0000002,15.530080306436513
2012-10-15 20:10:31.0000003,5.714528496372447
2012-06-27 06:52:39.0000001,8.211697004413384
2013-06-07 13:52:55.0000001,6.644706116257915
2013-06-07 13:52:55.0000002,8.055584557430608
2013-06-07 13:52:55.0000006,28.077868245113688
2013-06-07 13:52:55.0000003,10.507306704631501
2013-06-07 13:52:55.0000004,8.11310416825131
2009-06-04 19:34:15.0000003,10.76276676263107
2009-06-04 19:34:15.0000001,12.625643956074814
2009-06-04 19:34:15.0000004,11.287280174507709
2009-06-04 19:34:15.0000002,9.482316087627346
2013-09-29 22:12:07.0000002,16.865899438692438
2013-09-29 22:12:07.0000003,8.913458593881742
2013-12-04 08:37:11.0000003,9.030009195438117
2013-12-04 08:37:11.0000002,13.811411625788836
2013-12-04 08:37:11.0000001,14.190441486772928
2010-05-02 12:39:55.0000002,9.478618069429023
2009-07-13 01:18:55.0000002,5.083672507298521
2009-07-13 01:18:55.0000001,6.715353078016111
2015-05-20 00:59:15.0000004,5.0983787651022565
2015-05-20 00:59:15.0000003,21.827629624701725
2009-12-03 18:02:47.0000001,9.34600102497857
2014-06-24 02:41:11.0000001,31.579279856226748
2012-01-13 02:08:43.0000001,8.306993480953905
2012-08-06 21:07:55.0000001,13.547279547164488
2012-08-06 21:07:55.0000002,10.2036258818836
2012-08-06 21:07:55.0000004,5.851067048002249
2012-08-06 21:07:55.0000005,8.695654782215454
2012-08-06 21:07:55.0000003,7.665292746963088
2009-07-13 07:32:31.0000001,7.287471582276465
2009-07-13 07:32:31.0000003,6.871846226475203
2009-07-13 07:32:31.0000002,9.743551663076946
2014-09-10 17:52:51.0000001,5.108195101867418
2014-09-10 17:52:51.0000003,9.772229581453372
2014-09-10 17:52:51.0000002,16.395312093244687
2014-09-10 17:52:51.0000005,11.213785548268332
2014-09-10 17:52:51.0000004,10.785374151662968
2009-09-28 19:21:59.0000004,5.052405264689283
2009-09-28 19:21:59.0000005,7.091974690676962
2009-09-28 19:21:59.0000002,6.4679415240463936
2009-09-28 19:21:59.0000008,7.780171416897765
2009-09-28 19:21:59.0000001,6.363655220011486
2015-05-23 12:59:39.0000004,11.234246782945927
2015-05-23 12:59:39.0000002,12.962188867685907
2015-05-23 12:59:39.0000001,7.478463748155743
2010-02-10 12:16:03.0000001,5.699927469994867
2010-02-10 12:16:03.0000002,11.735927629208225
2014-01-11 23:10:59.0000004,14.629683562848026
2014-01-11 23:10:59.0000003,17.94125608923169
2014-01-11 23:10:59.0000005,16.41633001025617
2014-01-11 23:10:59.0000001,14.237671632429242
2014-01-11 23:10:59.0000002,23.493600370833395
2010-04-24 20:15:07.0000002,13.520670694662948
2013-08-07 00:31:07.0000001,55.86209146560775
2012-10-21 19:47:23.0000001,5.714528496372447
2012-10-21 19:47:23.0000003,9.01092308024268
2012-10-21 19:47:23.0000004,11.608586380144304
2013-05-24 07:22:51.0000002,5.59505519365257
2009-09-13 20:12:31.0000002,5.7905183332006676
2009-09-13 20:12:31.0000001,6.80642310796069
2010-10-31 08:51:59.0000002,5.704131739685734
2010-10-31 08:51:59.0000001,16.710687357244936
2013-06-04 23:58:11.0000007,7.839753543471126
2013-06-04 23:58:11.0000001,15.440736124399189
2013-06-04 23:58:11.0000003,10.748808030651997
2013-06-04 23:58:11.0000005,7.478463748155743
2013-06-04 23:58:11.0000002,27.514111274102234
2013-06-04 23:58:11.0000004,10.006042763791475
2013-06-04 23:58:11.0000008,29.9616175386262
2010-03-22 22:11:31.0000001,14.26959778364948
2010-03-22 22:11:31.0000002,7.975240059649349
2011-01-15 12:49:59.0000002,12.858884385589695
2011-01-15 12:49:59.0000001,13.15653304913212
2009-06-13 18:36:47.0000001,14.789344051898928
2009-06-13 18:36:47.0000002,9.753138513930102
2009-06-13 18:36:47.0000003,10.609958593475639
2009-05-06 16:41:35.0000001,9.30583896927314
2014-08-08 17:32:47.0000004,5.0983787651022565
2014-08-08 17:32:47.0000001,37.68136090604098
2014-08-08 17:32:47.0000002,14.236477892349779
2014-04-02 11:55:15.0000001,9.64101456699716
2014-04-02 11:55:15.0000002,5.0983787651022565
2011-01-04 10:12:51.0000003,6.928301233560823
2011-01-04 10:12:51.0000004,5.361009701767655
2011-01-04 10:12:51.0000001,5.0622216014544446
2011-01-04 10:12:51.0000005,5.013506968014451
2010-09-22 09:42:31.0000002,9.84477285657152
2010-09-22 09:42:31.0000004,9.90512678560057
2010-09-22 09:42:31.0000001,7.100896645413116
2013-08-19 19:39:23.0000003,8.33339837794112
2013-08-19 19:39:23.0000001,7.393280157509258
2014-07-08 10:21:39.0000002,8.33339837794112
2014-07-08 10:21:39.0000006,12.928238805412018
2014-07-08 10:21:39.0000003,4.748583128326871
2014-07-08 10:21:39.0000005,11.970699437826282
2014-07-08 10:21:39.0000004,10.866745952001823
2014-07-08 10:21:39.0000001,4.777907233777605
2015-03-11 16:36:39.0000003,11.970699437826282
2015-03-11 16:36:39.0000001,6.810670814204915
2015-03-11 16:36:39.0000002,17.12217519745008
2015-05-29 18:59:35.0000005,35.91016668306826
2015-05-29 18:59:35.0000004,12.967323788840204
2015-05-29 18:59:35.0000002,7.478463748155743
2015-05-29 18:59:35.0000001,7.715763047682144
2011-10-26 17:48:43.0000001,5.735172465199654
2011-10-26 17:48:43.0000008,5.704131739685734
2011-10-26 17:48:43.0000002,9.126913314050416
2011-10-26 17:48:43.0000004,7.587383875913904
2011-10-26 17:48:43.0000003,5.570128176444648
2011-10-26 17:48:43.0000007,4.752433208202197
2014-06-24 09:49:55.0000004,12.651344890759438
2014-06-24 09:49:55.0000007,5.166124030113051
2014-06-24 09:49:55.0000001,5.0983787651022565
2014-06-24 09:49:55.0000006,5.680753548440521
2014-06-24 09:49:55.0000002,10.90747121271333
2014-06-24 09:49:55.0000003,7.478463748155743
2014-06-24 09:49:55.0000005,5.0983787651022565
2009-03-14 20:59:19.0000001,12.31092133865991
2009-01-29 18:38:03.0000002,7.15282213837498
2009-01-29 18:38:03.0000001,30.02666011446944
2010-07-23 00:03:59.0000001,14.910017254983236
2013-01-11 12:28:03.0000004,7.874034520581384
2013-01-11 12:28:03.0000003,7.393280157509258
2013-01-11 12:28:03.0000002,5.108195101867418
2013-01-11 12:28:03.0000005,10.17623048089012
2013-01-11 12:28:03.0000001,7.904935974680496
2013-02-20 02:00:23.0000001,15.52518998404777
2013-02-20 02:00:23.0000002,5.113058746172881
2013-02-20 02:00:23.0000003,8.738115891739865
2009-11-03 19:53:27.0000004,12.754058540678656
2009-11-03 19:53:27.0000003,6.440126312515837
2009-12-19 21:56:15.0000002,7.396014611616055
2009-12-19 21:56:15.0000001,8.58664306404216
2014-03-22 12:24:03.0000001,37.16371519259215
2014-03-22 12:24:03.0000002,8.545181667505291
2009-12-21 21:20:43.0000003,8.357627142048583
2009-12-21 21:20:43.0000001,10.025382228567725
2009-08-21 15:35:07.0000002,5.359613024528243
2009-08-21 15:35:07.0000004,47.32745299154119
2009-08-21 15:35:07.0000003,5.50688170126303
2010-04-25 13:28:47.0000002,5.349486783533295
2010-04-25 13:28:47.0000003,23.15722940216983
2010-11-02 18:49:59.0000001,12.771072825799717
2010-11-02 18:49:59.0000003,5.052405264689283
2010-11-02 18:49:59.0000002,8.497718948780973
2011-04-02 00:27:03.0000006,6.87157846952056
2011-04-02 00:27:03.0000002,6.147581444938904
2011-04-02 00:27:03.0000004,5.508278378502442
2011-04-02 00:27:03.0000003,7.377568674333897
2011-04-02 00:27:03.0000005,7.64499486945237
2011-04-02 00:27:03.0000001,6.758476968547097
2013-12-29 12:31:55.0000001,10.325654086281832
2013-12-29 12:31:55.0000002,12.014412017276436
2013-12-29 12:31:55.0000003,8.33339837794112
2012-05-02 12:02:03.0000003,8.126356205797746
2012-05-02 12:02:03.0000002,11.423849438373674
2012-05-02 12:02:03.0000004,5.508278378502442
2012-05-02 12:02:03.0000005,7.00740623836393
2012-05-02 12:02:03.0000001,5.052405264689283
2009-07-21 10:36:43.0000001,5.052405264689283
2009-07-21 10:36:43.0000003,7.475829925385276
2009-07-21 10:36:43.0000002,6.9372231882969775
2012-09-16 18:14:55.0000003,5.052405264689283
2012-09-16 18:14:55.0000001,10.515386495365307
2012-09-16 18:14:55.0000004,6.044889206065255
2010-04-21 06:28:47.0000002,7.287471582276465
2009-03-02 09:30:07.0000001,7.653321396166879
2009-03-02 09:30:07.0000002,5.041697233586462
2010-12-18 15:32:19.0000001,6.9905142227978505
2013-02-20 08:23:31.0000001,6.426262996657282
2015-02-11 20:51:51.0000006,33.36524593818003
2015-02-11 20:51:51.0000002,10.130488247176189
2015-02-11 20:51:51.0000003,5.0983787651022565
2015-02-11 20:51:51.0000005,6.200363921861589
2015-02-11 20:51:51.0000007,9.722482515590597
2015-02-11 20:51:51.0000004,8.33339837794112
2013-12-07 01:41:59.0000001,11.471180584653709
2013-12-07 01:41:59.0000003,14.068243341751002
2014-03-04 12:06:35.0000002,6.774056057672982
2014-03-04 12:06:35.0000004,9.844730336174903
2014-03-04 12:06:35.0000003,12.967323788840204
2014-03-04 12:06:35.0000001,6.425719347936931
2013-05-21 06:52:59.0000001,16.339271094390135
2013-05-21 06:52:59.0000004,6.609912644088032
2013-05-21 06:52:59.0000002,7.045619685375735
2009-09-09 08:09:19.0000002,7.131065587496472
2009-09-09 08:09:19.0000001,7.131065587496472
2012-06-22 20:50:55.0000001,17.379861621922227
2010-04-06 09:14:59.0000001,15.353323631596426
2010-04-06 09:14:59.0000003,5.073797879172843
2010-04-06 09:14:59.0000002,30.227956837386092
2009-04-03 07:49:39.0000002,8.200299195068617
2009-04-03 07:49:39.0000001,7.3011863602840785
2011-08-28 16:06:43.0000001,10.94001946215014
2010-12-19 15:52:31.0000001,11.269045613156747
2010-12-19 15:52:31.0000002,5.463996492473118
2010-12-19 15:52:31.0000004,5.052405264689283
2010-12-19 15:52:31.0000003,5.704131739685734
2014-07-12 00:15:59.0000004,6.261119217504269
2014-07-12 00:15:59.0000003,5.282561384381637
2014-07-12 00:15:59.0000002,8.673656351953401
2009-03-31 10:27:19.0000004,8.143138439428846
2009-03-31 10:27:19.0000002,6.9673921303803334
2009-03-31 10:27:19.0000001,17.77316829875796
2014-07-31 10:39:39.0000002,4.901232083647582
2012-06-02 07:16:31.0000001,5.740523216393541
2012-06-02 07:16:31.0000003,48.12625665050326
2012-06-02 07:16:31.0000002,14.800740059014485
2012-09-27 15:03:15.0000001,34.411224847899014
2012-07-05 02:23:47.0000001,5.508278378502442
2013-09-14 18:28:03.0000002,20.16338792878196
2013-09-14 18:28:03.0000003,19.122936136301316
2009-04-22 04:26:35.0000001,15.631556094240239
2015-02-14 09:08:11.0000003,11.600195169428805
2012-01-19 20:26:35.0000004,5.437633117146743
2012-01-19 20:26:35.0000005,12.069419090612808
2012-01-19 20:26:35.0000001,6.147581444938904
2015-03-13 13:04:59.0000001,10.296059400913174
2015-03-13 13:04:59.0000002,10.718685202391214
2015-03-13 13:04:59.0000006,8.33339837794112
2015-03-13 13:04:59.0000004,5.0983787651022565
2015-03-13 13:04:59.0000007,14.541222816396537
2015-03-13 13:04:59.0000003,8.222240047111525
2015-03-13 13:04:59.0000005,6.516256845401556
2013-07-25 13:47:39.0000002,9.008350784346327
2013-07-25 13:47:39.0000001,10.339571895805898
2014-03-07 11:45:35.0000001,9.981125388682932
2014-03-07 11:45:35.0000002,23.511809379194716
2013-10-31 06:09:15.0000001,19.714312304651557
2014-09-11 06:41:15.0000001,6.051012459117965
2014-09-11 06:41:15.0000002,5.0983787651022565
2014-09-11 06:41:15.0000004,9.690189133805198
2014-09-11 06:41:15.0000003,12.941803856188724
2012-06-04 09:50:39.0000005,30.863492731283618
2012-06-04 09:50:39.0000003,5.481792051774074
2012-06-04 09:50:39.0000001,11.552019952038192
2012-06-04 09:50:39.0000004,9.922180631614214
2012-06-04 09:50:39.0000002,7.325187621897288
2010-06-07 07:37:55.0000002,6.503315695769931
2010-06-07 07:37:55.0000003,5.083672507298521
2010-06-07 07:37:55.0000001,7.197690679657236
2010-06-07 07:37:55.0000004,5.052405264689283
2015-02-25 18:00:51.0000009,6.515103949500465
2015-02-25 18:00:51.0000006,5.166124030113051
2015-02-25 18:00:51.0000002,23.830443047734203
2015-02-25 18:00:51.0000003,7.013338969881939
2015-02-25 18:00:51.00000010,7.407463855274759
2015-02-25 18:00:51.0000004,7.478463748155743
2015-02-25 18:00:51.0000005,6.343190969243433
2015-02-08 08:44:03.0000001,14.60319307487003
2010-12-11 15:16:35.0000001,5.704131739685734
2010-12-11 15:16:35.0000002,5.0622216014544446
2014-05-19 18:38:19.0000002,5.554317006311977
2014-05-19 18:38:19.0000001,9.844730336174903
2009-07-19 08:38:51.0000001,6.9372231882969775
2013-08-20 12:05:47.0000001,9.861112131900152
2013-08-20 12:05:47.0000003,8.4919237155884
2013-08-20 12:05:47.0000004,9.844092876259037
2013-08-20 12:05:47.0000002,11.43949647089241
2014-03-11 19:48:15.0000007,9.086883438981578
2014-03-11 19:48:15.0000001,10.743423092847033
2014-03-11 19:48:15.0000005,7.478463748155743
2014-03-11 19:48:15.0000006,11.395885376585149
2014-03-11 19:48:15.0000004,11.579514089895905
2014-03-11 19:48:15.0000002,17.45137144851892
2014-03-11 19:48:15.0000003,10.821905092043004
2013-01-09 02:05:51.0000002,7.185953014527135
2009-08-08 11:41:51.0000001,4.836822242041185
2009-08-08 11:41:51.0000004,11.404927149305374
2009-08-08 11:41:51.0000002,6.509669697747147
2014-06-18 16:08:03.0000001,8.33339837794112
2014-06-18 16:08:03.0000002,16.068334097311592
2013-06-02 16:26:47.0000003,10.020369723898138
2013-06-02 16:26:47.0000002,6.426262996657282
2009-07-29 10:02:47.0000002,7.639311597175585
2009-07-29 10:02:47.0000001,6.900968929530218
2013-02-16 14:26:51.0000002,7.478463748155743
2012-05-11 03:48:31.0000001,6.147581444938904
2010-01-22 05:47:59.0000001,8.749118347207718
2012-11-12 11:57:03.0000002,54.22454025800811
2012-01-04 00:06:39.0000001,6.841409527437205
2010-12-28 20:17:27.0000002,4.8886405175426955
2010-12-28 20:17:27.0000001,6.894497091463879
2010-12-28 20:17:27.0000004,5.610597660417491
2009-03-18 08:03:07.0000002,11.472017206412048
2009-03-18 08:03:07.0000001,5.0622216014544446
2011-10-07 12:38:19.0000004,13.82863463862335
2011-10-07 12:38:19.0000003,4.7016581969073865
2011-10-07 12:38:19.0000002,18.064794817693755
2011-10-07 12:38:19.0000005,9.943534342057296
2009-12-12 22:01:31.0000005,12.110192092562775
2009-12-12 22:01:31.0000002,8.281879048702798
2009-12-12 22:01:31.0000004,5.691739575710391
2009-12-12 22:01:31.0000006,5.083672507298521
2009-12-12 22:01:31.0000003,10.590165868501758
2015-04-19 20:44:15.0000003,17.178255069045107
2015-04-19 20:44:15.0000002,6.426262996657282
2015-04-19 20:44:15.0000004,9.643355093569795
2012-03-23 01:36:31.0000002,6.643385066951232
2012-03-23 01:36:31.0000001,4.7016581969073865
2014-10-08 21:24:47.0000001,12.216515557810192
2014-10-08 21:24:47.0000002,12.23472996491493
2011-02-03 01:27:31.0000001,18.039668005137365
2011-05-20 23:42:59.0000002,6.147581444938904
2014-01-04 10:54:59.0000001,19.03847528804819
2014-01-04 10:54:59.0000003,10.383683580645032
2009-11-23 05:45:11.0000001,29.648110394276838
2013-01-22 16:25:11.0000003,9.861112131900152
2013-01-22 16:25:11.0000002,38.88763627147176
2013-01-22 16:25:11.0000001,11.548001861243081
2015-05-12 08:31:07.0000007,36.30851786340958
2015-05-12 08:31:07.0000008,5.166124030113051
2015-05-12 08:31:07.0000001,10.507306704631501
2015-05-12 08:31:07.0000009,8.91458269607053
2015-05-12 08:31:07.0000005,7.707797382244228
2015-05-12 08:31:07.0000006,7.478463748155743
2015-05-12 08:31:07.0000002,33.17199322011828
2015-05-12 08:31:07.0000004,9.632773841338803
2013-09-26 06:58:55.0000001,7.57194602474111
2013-09-26 06:58:55.0000002,11.80662811391407
2014-09-14 23:26:11.0000003,13.367156469320388
2014-09-14 23:26:11.0000002,13.356524071263282
2009-08-26 08:06:15.0000002,11.552019952038192
2009-08-26 08:06:15.0000003,33.87544991021776
2009-08-26 08:06:15.0000001,6.845753249830117
2014-10-13 06:14:51.0000001,7.537665047630851
2013-02-02 16:07:55.0000002,12.223934976645994
2013-02-02 16:07:55.0000001,6.999769526194303
2013-02-02 16:07:55.0000003,8.33339837794112
2014-04-05 01:52:27.0000005,6.243290980609304
2014-04-05 01:52:27.0000001,23.735173198612216
2010-02-23 20:29:51.0000002,6.2453460371091785
2010-02-23 20:29:51.0000003,7.262098125908195
2011-01-25 00:01:03.0000002,7.277264556894804
2011-01-25 00:01:03.0000001,11.05477387373986
2013-11-01 13:07:47.0000002,9.844730336174903
2013-11-01 13:07:47.0000001,8.68178233396765
2013-11-01 13:07:47.0000005,9.884775579451768
2013-11-01 13:07:47.0000004,9.844730336174903
2015-03-07 15:25:59.0000004,6.426262996657282
2015-03-07 15:25:59.0000002,20.680176919129252
2015-03-07 15:25:59.0000001,10.437876932107665
2013-10-06 21:05:11.0000002,28.41977933239576
2013-10-06 21:05:11.0000001,11.140842126889376
2009-04-16 15:57:31.0000002,6.8414958610404755
2012-02-21 20:45:03.0000002,7.0378277520990755
2012-02-21 20:45:03.0000001,8.710162329428991
2010-01-10 12:55:43.0000002,8.761456970496623
2015-01-31 01:05:19.0000004,18.786125004481253
2015-01-31 01:05:19.0000007,24.11070359563968
2015-01-31 01:05:19.0000006,8.054419431796607
2015-01-31 01:05:19.0000001,9.628337319381847
2015-01-31 01:05:19.0000003,5.0983787651022565
2015-01-31 01:05:19.0000002,15.33218549866953
2011-10-23 17:43:43.0000001,5.969245169159104
2015-03-16 21:12:19.0000003,24.53528919174813
2015-03-16 21:12:19.0000004,8.285711914933819
2015-03-16 21:12:19.0000005,13.919657757314738
2015-03-16 21:12:19.0000008,17.104253811623483
2015-03-16 21:12:19.0000001,14.578215422054818
2012-09-29 20:16:51.0000001,7.302143841032329
2012-09-29 20:16:51.0000002,23.917625687651235
2012-09-29 20:16:51.0000003,6.559472030140918
2012-09-29 20:16:51.0000005,9.700957867787306
2009-08-03 16:28:07.0000001,4.752433208202197
2009-08-03 16:28:07.0000003,5.4803953745346625
2009-08-03 16:28:07.0000004,6.630176455347916
2009-08-03 16:28:07.0000002,13.287043829518304
2009-07-30 15:49:15.0000003,8.402846814304473
2009-07-30 15:49:15.0000001,7.236475991210471
2009-07-30 15:49:15.0000005,7.1709378799531045
2015-01-18 14:06:23.0000005,18.058328227841965
2015-01-18 14:06:23.0000002,21.75090288142457
2015-03-02 14:08:03.0000002,5.0983787651022565
2015-03-02 14:08:03.0000001,7.874034520581384
2009-09-07 19:35:39.0000003,7.131065587496472
2009-09-07 19:35:39.0000002,9.56560094531556
2014-07-01 15:15:23.0000004,9.932985270379316
2014-07-01 15:15:23.0000002,16.365626947231064
2014-07-01 15:15:23.0000005,16.95665203651138
2014-07-01 15:15:23.0000006,5.0983787651022565
2014-07-01 15:15:23.0000001,31.315150343585497
2013-04-18 02:55:07.0000001,21.032983774538202
2010-02-10 16:57:19.0000001,8.604035046182773
2013-02-15 18:45:39.0000001,11.323413720413255
2011-06-22 01:50:11.0000001,19.089871871277918
2014-05-06 23:54:59.0000002,16.256671834048483
2014-05-06 23:54:59.0000004,5.0983787651022565
2014-05-06 23:54:59.0000003,4.901232083647582
2014-05-06 23:54:59.0000001,12.52474056178524
2012-04-23 21:05:31.0000003,22.042669912348583
2012-04-23 21:05:31.0000004,11.9230459159756
2012-04-23 21:05:31.0000002,12.67511458905526
2012-04-23 21:05:31.0000006,5.653321434866992
2012-04-23 21:05:31.0000001,41.51108639706783
2012-04-23 21:05:31.0000005,6.9673921303803334
2009-03-20 07:29:39.0000003,6.147581444938904
2009-03-20 07:29:39.0000001,14.671420390035637
2009-03-20 07:29:39.0000002,7.989229638196386
2014-06-25 15:08:19.0000001,7.281270950041594
2014-06-25 15:08:19.0000002,7.544849961933278
2011-06-09 14:51:15.0000003,8.379622947092594
2011-06-09 14:51:15.0000004,7.325187621897288
2011-06-09 14:51:15.0000001,7.639311597175585
2011-06-09 14:51:15.0000002,9.292664915835529
2015-01-27 13:08:24.0000001,5.108195101867418
2011-07-24 14:52:56.0000001,9.7815249720692
2011-10-08 11:53:44.0000001,14.789344051898928
2012-12-01 21:12:12.0000004,5.052405264689283
2013-11-22 15:43:12.0000001,4.748583128326871
2012-07-15 16:45:04.0000005,5.606271441925179
2012-07-15 16:45:04.0000001,6.572010309702327
2014-06-14 13:39:00.00000014,11.608459860146338
2014-06-14 13:39:00.000000113,9.525547497425032
2014-06-14 13:39:00.0000006,7.429640877661175
2014-06-14 13:39:00.000000139,9.513299455822864
2014-06-14 13:39:00.0000004,5.0983787651022565
2014-06-14 13:39:00.000000171,10.79189853976082
2014-06-14 13:39:00.00000011,13.225932932999717
2014-06-14 13:39:00.00000064,5.554317006311977
2014-06-14 13:39:00.00000090,6.563398634646089
2014-06-14 13:39:00.00000041,6.426262996657282
2014-06-14 13:39:00.00000081,4.836808083360338
2014-06-14 13:39:00.000000164,9.500313099326267
2014-06-14 13:39:00.00000080,15.623478593664752
2014-06-14 13:39:00.00000026,34.36763300951453
2014-06-14 13:39:00.00000058,8.469433254791237
2014-06-14 13:39:00.000000150,13.645665458183002
2014-06-14 13:39:00.00000030,6.879581586976842
2014-06-14 13:39:00.00000091,4.80145600612665
2014-06-14 13:39:00.000000175,6.426262996657282
2014-06-14 13:39:00.000000101,19.415813519273332
2014-06-14 13:39:00.00000085,8.415293181766133
2014-06-14 13:39:00.000000105,7.478463748155743
2014-06-14 13:39:00.00000069,6.426262996657282
2014-06-14 13:39:00.000000149,84.1401527858001
2010-08-22 21:14:08.0000004,5.052405264689283
2011-06-24 20:34:48.0000003,9.296529127829615
2011-06-24 20:34:48.0000004,5.481792051774074
2011-03-28 20:38:36.0000001,10.296954113138181
2009-10-21 02:11:24.0000001,14.833233391765717
2011-05-21 13:16:20.0000002,9.7815249720692
2015-01-31 20:54:04.0000003,7.478463748155743
2010-05-10 10:37:04.0000001,8.126356205797746
2010-03-20 21:35:20.0000001,10.469452501660648
2010-03-20 21:35:20.0000002,9.048461155332589
2012-08-22 22:39:20.0000004,5.492787538510006
2012-08-22 22:39:20.0000002,10.2036258818836
2012-12-23 02:29:16.0000002,15.926709687472016
2011-10-02 23:36:00.00000031,5.704131739685734
2011-10-02 23:36:00.00000070,8.273109954977738
2011-10-02 23:36:00.00000068,13.518127336840713
2011-10-02 23:36:00.00000034,16.039699438033704
2011-10-02 23:36:00.00000042,8.74357445282655
2011-10-02 23:36:00.00000032,8.369359321161182
2011-10-02 23:36:00.00000028,5.570128176444648
2011-10-02 23:36:00.00000078,5.052405264689283
2011-10-02 23:36:00.00000027,9.349033167177259
2011-10-02 23:36:00.00000018,5.704131739685734
2011-10-02 23:36:00.00000061,9.349033167177259
2011-10-02 23:36:00.00000045,5.052405264689283
2011-10-02 23:36:00.00000016,5.610597660417491
2011-10-02 23:36:00.00000052,8.292474340327011
2011-10-02 23:36:00.00000098,8.58509479472715
2011-10-02 23:36:00.00000048,9.334392097317888
2013-03-21 12:47:28.0000004,7.478463748155743
2013-03-21 12:47:28.0000007,5.03639612878138
2010-09-05 22:31:32.0000001,10.282261690458876
2013-07-12 23:33:24.0000003,14.772394910244822
2015-06-08 20:02:56.0000002,14.772394910244822
2011-10-11 22:13:48.0000001,10.712066596152956
2011-10-11 22:13:48.0000004,5.735172465199654
2013-09-14 16:53:20.0000004,10.385653301346993
2013-09-14 16:53:20.0000003,19.375305532391806
2014-02-06 09:09:56.0000002,9.65739636272241
2009-06-10 16:55:00.00000028,6.5726406823991
2009-06-10 16:55:00.00000020,9.715880060180602
2009-06-10 16:55:00.0000001,5.083672507298521
2009-06-10 16:55:00.000000133,8.126356205797746
2009-06-10 16:55:00.00000026,6.911806996563467
2009-06-10 16:55:00.000000142,16.261185922107053
2009-06-10 16:55:00.00000038,6.245206645962586
2009-06-10 16:55:00.00000042,9.814641545666374
2009-06-10 16:55:00.000000112,5.508278378502442
2009-06-10 16:55:00.00000096,6.147581444938904
2009-06-10 16:55:00.00000050,8.285884594042791
2009-06-10 16:55:00.00000092,9.814641545666374
2009-06-10 16:55:00.000000167,7.325187621897288
2009-06-10 16:55:00.000000110,5.508278378502442
2009-06-10 16:55:00.00000015,10.861428955482898
2009-06-10 16:55:00.000000104,27.58450532944195
2009-06-10 16:55:00.00000019,47.32745299154119
2009-06-10 16:55:00.000000168,5.334036816091774
2009-06-10 16:55:00.00000059,8.7824256851246
2009-06-10 16:55:00.000000136,8.335931076449528
2009-06-10 16:55:00.00000087,30.30893602897064
2009-06-10 16:55:00.000000134,5.708533338401249
2009-06-10 16:55:00.00000032,6.9673921303803334
2013-06-26 11:19:36.0000001,7.478463748155743
2009-05-02 20:11:32.0000002,5.052405264689283
2009-05-02 20:11:32.0000003,12.411040036393231
2011-06-24 12:03:00.00000031,7.639311597175585
2011-06-24 12:03:00.00000064,6.095141329933703
2011-06-24 12:03:00.000000153,13.496855870194329
2011-06-24 12:03:00.00000014,6.147581444938904
2011-06-24 12:03:00.000000192,26.382014677778294
2011-06-24 12:03:00.000000121,6.812603252618533
2011-06-24 12:03:00.000000140,5.041697233586462
2011-06-24 12:03:00.000000155,5.052405264689283
2011-06-24 12:03:00.00000016,5.052405264689283
2011-06-24 12:03:00.00000084,5.841897192244804
2011-06-24 12:03:00.00000080,4.7016581969073865
2011-06-24 12:03:00.000000123,4.73098230235812
2011-06-24 12:03:00.000000125,5.508278378502442
2011-06-24 12:03:00.00000032,8.379622947092594
2011-06-24 12:03:00.000000178,14.160507907282906
2011-06-24 12:03:00.00000090,10.845388810176441
2011-06-24 12:03:00.000000166,39.30252078950444
2011-06-24 12:03:00.000000108,5.508278378502442
2011-06-24 12:03:00.00000098,9.814641545666374
2011-06-24 12:03:00.000000104,28.843570955098198
2011-06-24 12:03:00.00000027,12.557530310640331
2011-06-24 12:03:00.000000151,8.869971454447967
2011-06-24 12:03:00.00000099,11.075010269306098
2011-06-24 12:03:00.00000077,23.68594426433924
2011-06-24 12:03:00.00000019,9.922180631614214
2011-06-24 12:03:00.00000091,8.355413573395674
2011-06-24 12:03:00.000000132,11.948075256392649
2011-06-24 12:03:00.000000161,6.9372231882969775
2011-06-24 12:03:00.00000024,5.349486783533295
2011-06-24 12:03:00.00000034,10.205491287792904
2011-06-24 12:03:00.00000050,15.749458367443593
2011-06-24 12:03:00.00000023,41.52712378079612
2011-06-24 12:03:00.00000049,7.665292746963088
2011-06-24 12:03:00.000000115,11.472017206412048
2011-06-24 12:03:00.0000008,6.580688548465469
2014-06-15 07:06:00.00000021,15.305915482761911
2014-06-15 07:06:00.00000032,8.94987810089621
2014-06-15 07:06:00.00000029,5.103242409407719
2014-06-15 07:06:00.00000043,35.26044029337885
2014-06-15 07:06:00.0000007,6.384613495773382
2014-06-15 07:06:00.00000038,13.75360356879629
2014-06-15 07:06:00.00000020,8.136981479551734
2014-06-15 07:06:00.00000027,55.82312833959339
2012-08-09 01:30:36.0000001,10.297147674226558
2015-05-30 21:29:04.0000002,15.463862496189533
2015-05-30 21:29:04.0000005,9.722482515590597
2009-10-26 12:01:36.0000004,30.227956837386092
2013-02-02 15:45:08.0000004,8.33339837794112
2010-12-14 23:27:36.0000003,5.052405264689283
2010-12-14 23:27:36.0000004,5.735172465199654
2010-12-14 23:27:36.0000002,8.721532210669906
2014-04-14 13:48:32.0000001,35.7827037653021
2014-04-14 13:48:32.0000002,8.33339837794112
2014-08-07 16:57:56.0000001,8.33339837794112
2009-09-14 02:19:00.00000022,7.805878323582672
2009-09-14 02:19:00.00000010,11.510304532428076
2009-09-14 02:19:00.0000004,5.052405264689283
2009-09-14 02:19:00.00000011,4.865015183330918
2009-09-14 02:19:00.00000023,10.150315056297837
2009-09-14 02:19:00.00000041,5.052405264689283
2009-09-14 02:19:00.00000013,11.243284489769014
2014-03-17 16:07:56.0000001,8.33339837794112
2011-06-12 11:31:48.0000003,5.508278378502442
2011-06-12 11:31:48.0000001,8.100348617087839
2011-06-12 11:31:48.0000002,13.282324059345124
2015-06-24 14:19:52.0000003,11.970699437826282
2010-08-21 22:21:32.0000003,8.034915234073607
2012-01-26 11:17:36.0000001,5.628392653611139
2015-02-27 14:15:52.0000001,10.976873626697307
2015-02-27 14:15:52.0000002,10.38922928156475
2014-09-14 17:22:12.0000004,10.282149523466739
2009-01-02 17:45:40.0000004,32.09429348786568
2009-01-02 17:45:40.0000001,6.147581444938904
2009-01-02 17:45:40.0000002,8.213152947034978
2009-01-02 17:45:40.0000003,5.508278378502442
2009-01-01 11:04:24.0000003,11.552019952038192
2009-01-01 11:04:24.0000001,6.9372231882969775
2014-04-28 19:46:36.0000001,6.453457826282479
2011-06-01 07:37:00.000000192,17.82320569164026
2011-06-01 07:37:00.000000115,13.18723526229298
2011-06-01 07:37:00.00000089,6.87157846952056
2011-06-01 07:37:00.00000087,7.6349717300687185
2011-06-01 07:37:00.000000173,5.0622216014544446
2011-06-01 07:37:00.000000166,8.715819039306469
2011-06-01 07:37:00.00000081,5.6625801074271775
2011-06-01 07:37:00.00000041,5.349486783533295
2011-06-01 07:37:00.000000102,4.7016581969073865
2011-06-01 07:37:00.000000215,12.644503743289315
2011-06-01 07:37:00.0000006,29.380181520691778
2011-06-01 07:37:00.000000161,6.147581444938904
2011-06-01 07:37:00.000000123,5.0622216014544446
2011-06-01 07:37:00.000000117,7.442990705645302
2011-06-01 07:37:00.0000004,17.245200528711994
2011-06-01 07:37:00.000000133,9.65222640489022
2011-06-01 07:37:00.000000160,7.17232758279459
2011-06-01 07:37:00.000000136,16.188178554143597
2011-06-01 07:37:00.000000214,8.77024924736152
2011-06-01 07:37:00.00000047,11.075264067229398
2011-06-01 07:37:00.0000001,6.147581444938904
2011-06-01 07:37:00.00000096,5.359287986993795
2011-06-01 07:37:00.000000150,17.66009794847381
2011-06-01 07:37:00.00000072,15.89382177028836
2011-06-01 07:37:00.00000064,7.277264556894804
2010-08-27 18:45:00.00000048,15.620475115989136
2010-08-27 18:45:00.000000210,14.68722071310609
2010-08-27 18:45:00.000000159,4.87830566642337
2010-08-27 18:45:00.00000083,9.814641545666374
2010-08-27 18:45:00.000000145,5.3565552210620675
2010-08-27 18:45:00.00000096,7.319812146412858
2010-08-27 18:45:00.00000036,5.782132588943338
2010-08-27 18:45:00.00000088,9.03596769287093
2010-08-27 18:45:00.000000116,11.472017206412048
2010-08-27 18:45:00.000000193,6.9372231882969775
2010-08-27 18:45:00.000000121,5.372005188503586
2010-08-27 18:45:00.00000074,15.715557182406389
2010-08-27 18:45:00.00000075,8.906873826800705
2010-08-27 18:45:00.000000130,14.023867312463908
2010-08-27 18:45:00.000000224,6.224841235219682
2010-08-27 18:45:00.00000072,5.052405264689283
2010-08-27 18:45:00.000000128,8.402846814304473
2010-08-27 18:45:00.000000163,10.958941751218438
2010-08-27 18:45:00.000000171,8.379622947092594
2010-08-27 18:45:00.000000157,10.903351383378121
2010-08-27 18:45:00.000000147,6.224841235219682
2010-08-27 18:45:00.000000119,5.691697802868639
2010-08-27 18:45:00.000000111,6.178253414778915
2010-08-27 18:45:00.00000015,19.234010236284515
2010-08-27 18:45:00.00000062,5.519273865238373
2010-08-27 18:45:00.000000127,5.519273865238373
2010-08-27 18:45:00.000000223,4.7016581969073865
2010-08-27 18:45:00.000000112,9.30583896927314
2010-08-27 18:45:00.000000201,16.24217606761437
2010-08-27 18:45:00.000000135,12.096471791955901
2010-08-27 18:45:00.00000092,7.639311597175585
2010-08-27 18:45:00.00000056,5.052405264689283
2010-08-27 18:45:00.000000105,9.814641545666374
2010-08-27 18:45:00.000000222,5.083672507298521
2010-08-27 18:45:00.00000023,7.639311597175585
2011-02-12 00:43:24.0000002,6.784834588963397
2014-05-07 06:50:20.0000004,7.717177203937446
2010-08-14 02:13:00.000000131,9.64384172116343
2010-08-14 02:13:00.00000097,7.115457863497543
2010-08-14 02:13:00.00000086,5.052405264689283
2010-08-14 02:13:00.00000051,8.029493752860322
2010-08-14 02:13:00.000000128,5.392000772192326
2010-08-14 02:13:00.00000074,8.379148648519054
2010-08-14 02:13:00.000000169,5.492787538510006
2010-08-14 02:13:00.000000127,8.7772355382186
2010-08-14 02:13:00.00000036,6.465739958776274
2010-08-14 02:13:00.00000068,27.20436884036536
2010-08-14 02:13:00.00000042,22.239776639230193
2010-08-14 02:13:00.000000115,20.263578432179248
2010-08-14 02:13:00.00000029,6.121644913220372
2010-08-14 02:13:00.0000003,38.311171419168424
2010-08-14 02:13:00.00000037,18.145643921236857
2010-08-14 02:13:00.000000121,4.7016581969073865
2010-08-14 02:13:00.00000031,5.475125559501086
2010-08-14 02:13:00.00000094,13.075574989949358
2010-08-14 02:13:00.000000136,12.946566597986996
2010-08-14 02:13:00.00000018,8.071657680798918
2010-08-14 02:13:00.000000125,8.274611797683484
2010-08-14 02:13:00.00000041,18.568309653843006
2010-08-14 02:13:00.000000163,16.04859812976337
2010-08-14 02:13:00.000000126,7.3011863602840785
2010-08-14 02:13:00.0000008,10.850925652679509
2010-08-14 02:13:00.00000057,5.519273865238373
2010-08-14 02:13:00.00000050,15.868617599545008
2010-08-14 02:13:00.000000152,5.301636225608965
2014-03-25 23:47:00.00000083,7.501074949479426
2014-03-25 23:47:00.000000139,6.438547672767459
2014-03-25 23:47:00.000000122,21.75090288142457
2014-03-25 23:47:00.00000093,7.478463748155743
2014-03-25 23:47:00.00000039,10.560872029936975
2014-03-25 23:47:00.000000119,7.859311140459519
2014-03-25 23:47:00.00000067,13.476632908147645
2014-03-25 23:47:00.00000034,9.696744709338171
2014-03-25 23:47:00.00000040,14.634017477551533
2014-03-25 23:47:00.000000137,12.280466066266513
2014-03-25 23:47:00.00000076,23.493600370833395
2014-03-25 23:47:00.00000057,10.54411753754762
2014-03-25 23:47:00.000000104,8.906046095651735
2014-03-25 23:47:00.00000069,5.561963418235598
2015-06-05 08:38:56.0000008,20.094291272565155
2010-08-06 20:27:12.0000003,7.285978689320643
2012-08-03 12:33:08.0000001,5.519273865238373
2010-09-29 16:43:00.00000088,10.10719414106013
2010-09-29 16:43:00.00000034,12.312970402211144
2010-09-29 16:43:00.00000069,13.01201151270853
2010-09-29 16:43:00.000000172,9.024211348797664
2010-09-29 16:43:00.000000152,6.375902192304732
2010-09-29 16:43:00.00000084,8.422939645847812
2010-09-29 16:43:00.000000136,5.802910497176011
2010-09-29 16:43:00.000000126,8.560576746415467
2010-09-29 16:43:00.000000171,5.802910497176011
2010-09-29 16:43:00.000000139,5.698060693424607
2010-09-29 16:43:00.0000002,5.802910497176011
2010-09-29 16:43:00.00000070,8.351883338462526
2010-09-29 16:43:00.00000045,5.052405264689283
2010-09-29 16:43:00.0000009,9.495547978907446
2010-09-29 16:43:00.00000057,10.506413720697406
2010-09-29 16:43:00.000000118,6.758952170136182
2010-09-29 16:43:00.00000042,11.045766441142959
2010-09-29 16:43:00.000000130,7.780171416897765
2010-09-29 16:43:00.00000039,6.635390485531424
2010-09-29 16:43:00.00000032,7.066264183337695
2014-10-27 14:58:00.000000101,9.375085214527571
2014-10-27 14:58:00.00000023,10.542123249115745
2014-10-27 14:58:00.0000006,11.970699437826282
2014-10-27 14:58:00.000000113,6.426262996657282
2014-10-27 14:58:00.000000143,4.748583128326871
2014-10-27 14:58:00.00000090,5.561963418235598
2014-10-27 14:58:00.000000104,19.312288700915282
2014-10-27 14:58:00.000000148,38.48792103245584
2014-10-27 14:58:00.00000060,6.546037236933483
2014-10-27 14:58:00.000000129,21.75090288142457
2014-10-27 14:58:00.00000012,17.139141102745892
2014-10-27 14:58:00.00000035,16.72870796803786
2014-10-27 14:58:00.00000036,9.949367066104566
2014-10-27 14:58:00.000000150,9.232395956033672
2014-10-27 14:58:00.00000050,6.549757274926395
2014-10-27 14:58:00.000000103,8.06512661624787
2014-10-27 14:58:00.00000067,6.515103949500465
2014-10-27 14:58:00.00000066,6.310679699093319
2009-10-08 23:44:56.0000003,8.723891510080378
2012-11-03 17:11:00.00000064,12.186569243265314
2012-11-03 17:11:00.00000074,6.3978853001567915
2012-11-03 17:11:00.000000132,54.22454025800811
2012-11-03 17:11:00.00000031,8.482563295579709
2012-11-03 17:11:00.00000028,8.999357390471808
2012-11-03 17:11:00.000000102,8.482563295579709
2012-11-03 17:11:00.00000067,8.483888918503386
2012-11-03 17:11:00.000000162,7.833344301893574
2012-11-03 17:11:00.00000054,12.411525285759605
2012-11-03 17:11:00.00000046,6.4347495880558725
2012-11-03 17:11:00.000000113,24.452125225301742
2012-11-03 17:11:00.00000093,6.478216448041638
2012-11-03 17:11:00.00000032,7.921389580642975
2012-11-03 17:11:00.00000052,15.65247363364401
2012-11-03 17:11:00.000000147,8.494244617535523
2012-11-03 17:11:00.000000125,7.378239665824825
2012-11-03 17:11:00.00000086,6.792021053849852
2012-11-03 17:11:00.0000009,8.483888918503386
2012-11-03 17:11:00.000000136,6.9775013614965475
2012-11-03 17:11:00.00000077,9.093301253358156
2012-11-03 17:11:00.00000099,14.790119662239151
2012-11-03 17:11:00.00000096,9.649566687547825
2012-11-03 17:11:00.000000161,7.215247048672775
2012-11-03 17:11:00.000000124,9.634262891655972
2012-11-03 17:11:00.00000016,18.05402306108761
2012-11-03 17:11:00.00000058,4.7016581969073865
2012-11-03 17:11:00.00000083,9.093301253358156
2012-11-03 17:11:00.00000082,8.297827501586799
2012-11-03 17:11:00.00000075,41.43325089442579
2012-11-03 17:11:00.00000061,9.961530284494016
2012-11-03 17:11:00.00000012,7.228959613091647
2012-11-03 17:11:00.00000057,4.7016581969073865
2012-11-03 17:11:00.00000037,5.0622216014544446
2012-11-03 17:11:00.000000106,6.559472030140918
2009-05-07 13:58:32.0000002,27.236274964992795
2011-05-28 17:29:44.0000001,81.23788965684521
2011-05-28 17:29:44.0000004,29.500787401908713
2011-12-25 21:26:32.0000002,7.100896645413116
2009-05-06 01:49:12.0000002,15.934542449968772
2009-05-06 01:49:12.0000004,6.147581444938904
2011-03-11 01:44:00.00000030,8.04311068699287
2011-03-11 01:44:00.00000027,33.45615074416577
2011-03-11 01:44:00.0000009,8.039562522612346
2011-03-11 01:44:00.00000047,28.06730477934184
2011-03-11 01:44:00.00000092,5.052405264689283
2011-03-11 01:44:00.0000006,12.09961713492452
2011-03-11 01:44:00.00000056,14.28702382202945
2011-03-11 01:44:00.00000081,12.220276417605639
2011-03-11 01:44:00.00000039,7.3011863602840785
2011-03-11 01:44:00.00000077,19.504553291569525
2011-03-11 01:44:00.00000059,14.936832810119895
2011-03-11 01:44:00.00000028,6.87157846952056
2011-03-11 01:44:00.00000036,13.476860411243445
2011-03-11 01:44:00.00000038,21.653213166561276
2011-03-11 01:44:00.00000065,17.038140316114276
2011-03-11 01:44:00.0000003,7.262665454304019
2013-01-27 00:09:12.0000003,8.284253568488252
2012-01-07 11:21:56.0000003,5.052405264689283
2012-01-07 11:21:56.0000001,6.9673921303803334
2012-10-31 12:17:24.0000002,11.057041205540434
2012-10-20 02:05:08.0000003,7.188956006455595
2014-10-11 15:11:24.0000003,4.748583128326871
2009-08-17 12:27:08.0000002,9.396171083545866
2014-04-09 09:23:12.0000004,13.760437618526087
2009-11-25 19:32:52.0000004,5.691739575710391
2014-05-30 00:09:16.0000007,6.5463969929508785
2014-05-30 00:09:16.0000006,18.899026122592485
2013-01-07 17:08:32.0000002,9.874098488396749
2013-02-18 17:37:28.0000001,5.544679061488993
2011-10-04 09:37:00.00000038,13.088404776134357
2011-10-04 09:37:00.00000095,9.524621649019181
2011-10-04 09:37:00.00000015,7.804472200659226
2011-10-04 09:37:00.00000022,30.27052032043503
2011-10-04 09:37:00.00000052,9.90512678560057
2011-10-04 09:37:00.000000141,11.327667408615008
2011-10-04 09:37:00.000000179,14.289978717646077
2011-10-04 09:37:00.000000148,6.440126312515837
2011-10-04 09:37:00.00000014,6.95473214329112
2011-10-04 09:37:00.00000085,5.704131739685734
2011-10-04 09:37:00.000000162,10.10719414106013
2011-10-04 09:37:00.00000034,30.35850480037806
2011-10-04 09:37:00.00000037,14.789344051898928
2011-10-04 09:37:00.000000111,13.01201151270853
2011-10-04 09:37:00.00000061,4.7016581969073865
2011-10-04 09:37:00.000000199,7.131065587496472
2011-10-04 09:37:00.000000158,18.13811522604057
2011-10-04 09:37:00.000000149,7.780171416897765
2011-10-04 09:37:00.00000069,17.631323844400377
2011-10-04 09:37:00.00000077,9.189433965400426
2011-10-04 09:37:00.000000165,14.629841350847586
2011-10-04 09:37:00.00000044,10.992955915897175
2011-10-04 09:37:00.000000191,13.01201151270853
2011-10-04 09:37:00.000000164,5.704131739685734
2011-10-04 09:37:00.000000135,5.0622216014544446
2011-10-04 09:37:00.000000190,13.521040449420388
2011-10-04 09:37:00.000000163,16.487857517693257
2011-10-04 09:37:00.00000054,24.2640134478912
2011-10-04 09:37:00.000000177,9.630332920817123
2011-10-04 09:37:00.00000064,5.083672507298521
2011-10-04 09:37:00.0000003,10.904542040985634
2011-10-04 09:37:00.000000196,26.39563281557126
2011-10-04 09:37:00.000000155,5.724364438365927
2012-10-23 14:15:04.0000002,9.119903331322796
2012-10-18 21:06:20.0000009,8.303515438696794
2012-10-18 21:06:20.0000007,9.41399398323947
2014-12-24 03:00:00.00000016,16.815152536038415
2014-12-24 03:00:00.00000025,10.451855582907848
2014-12-24 03:00:00.00000029,7.382381449646013
2014-12-24 03:00:00.00000040,11.198066938745578
2014-12-24 03:00:00.0000007,5.108195101867418
2014-12-24 03:00:00.00000019,7.045619685375735
2014-12-24 03:00:00.00000039,5.954306283213586
2010-10-07 10:54:20.0000003,47.394856063876134
2011-02-21 20:11:08.0000006,8.710162329428991
2009-10-04 22:54:56.0000002,14.007379964831628
2015-04-11 20:31:32.00000011,7.904935974680496
2015-04-11 20:31:32.0000005,12.216515557810192
2011-02-20 12:31:04.0000002,6.9673921303803334
2013-01-01 22:04:56.0000002,9.722482515590597
2013-01-01 22:04:56.0000003,8.642255571002066
2013-04-23 17:52:44.0000003,55.82312833959339
2010-01-01 13:19:40.0000004,13.096965483719424
2010-03-06 23:51:08.0000003,13.62917118437566
2014-04-27 02:57:00.000000155,11.392524425542748
2014-04-27 02:57:00.00000072,10.24686448347628
2014-04-27 02:57:00.00000043,8.60026556802771
2014-04-27 02:57:00.00000073,13.89111456117197
2014-04-27 02:57:00.00000013,16.390348545860338
2014-04-27 02:57:00.000000191,7.045619685375735
2014-04-27 02:57:00.000000171,18.313170787950675
2014-04-27 02:57:00.000000162,21.371193674371284
2014-04-27 02:57:00.00000082,13.841492532532179
2014-04-27 02:57:00.00000023,7.912591891110315
2014-04-27 02:57:00.000000137,7.045619685375735
2014-04-27 02:57:00.00000057,17.002393918679488
2014-04-27 02:57:00.000000174,5.108195101867418
2014-04-27 02:57:00.00000012,5.0983787651022565
2014-04-27 02:57:00.000000158,5.108195101867418
2014-04-27 02:57:00.000000138,36.17365091213539
2014-04-27 02:57:00.000000172,11.304044375690337
2014-04-27 02:57:00.000000195,11.392524425542748
2014-04-27 02:57:00.000000131,8.084825206416737
2014-04-27 02:57:00.000000140,16.036895731156825
2014-04-27 02:57:00.000000154,5.108195101867418
2014-04-27 02:57:00.00000036,7.6028474788402205
2014-04-27 02:57:00.000000153,11.584546680684143
2014-04-27 02:57:00.000000164,7.376500786678313
2014-04-27 02:57:00.00000031,8.084825206416737
2014-04-27 02:57:00.000000116,26.11898186546223
2014-04-27 02:57:00.000000187,9.27206000932189
2011-01-18 10:26:40.0000001,13.506775335350785
2011-12-13 22:00:00.000000185,10.698279304012988
2011-12-13 22:00:00.000000117,29.446882443009457
2011-12-13 22:00:00.00000037,13.03923758901657
2011-12-13 22:00:00.000000171,7.780171416897765
2011-12-13 22:00:00.000000194,12.594816083190153
2011-12-13 22:00:00.000000237,5.570128176444648
2011-12-13 22:00:00.000000160,7.066264183337695
2011-12-13 22:00:00.000000145,4.8748315200960795
2011-12-13 22:00:00.00000035,11.188674700212118
2011-12-13 22:00:00.00000081,5.0622216014544446
2011-12-13 22:00:00.00000015,8.247009828259392
2011-12-13 22:00:00.000000118,8.357627142048583
2011-12-13 22:00:00.000000140,8.591164501275218
2011-12-13 22:00:00.00000092,21.56378673154371
2011-12-13 22:00:00.00000047,6.440126312515837
2011-12-13 22:00:00.000000119,7.066264183337695
2011-12-13 22:00:00.00000077,5.570128176444648
2011-12-13 22:00:00.00000096,8.21975259758544
2011-12-13 22:00:00.000000152,16.083399250725613
2011-12-13 22:00:00.000000198,8.987099630828403
2011-12-13 22:00:00.00000043,6.684704483761818
2011-12-13 22:00:00.000000115,5.600140070407252
2011-12-13 22:00:00.000000236,5.052405264689283
2011-12-13 22:00:00.000000200,5.936732627729359
2011-12-13 22:00:00.0000001,18.302058397138463
2011-12-13 22:00:00.000000251,7.788640268172869
2011-12-13 22:00:00.00000049,7.066264183337695
2011-12-13 22:00:00.00000034,10.454455879866138
2011-12-13 22:00:00.000000262,6.440126312515837
2011-12-13 22:00:00.00000018,20.847449964791963
2011-12-13 22:00:00.000000108,5.704131739685734
2011-12-13 22:00:00.00000084,6.798375241894321
2014-05-13 07:33:52.0000005,6.5243978633187325
2011-06-30 09:37:08.0000001,9.279148214241383
2009-01-28 16:36:28.0000004,9.386627486449182
2010-07-21 22:06:12.0000004,14.436869661231277
2013-05-24 13:37:32.0000003,13.903483667195365
2013-05-24 13:37:32.0000002,5.166124030113051
2014-03-05 21:07:12.0000002,4.901232083647582
2014-03-05 21:07:12.0000005,5.166124030113051
2009-11-28 15:07:24.0000002,6.66507546776461
2010-07-31 15:47:28.0000002,12.475325347835847
2013-11-22 15:36:36.0000001,12.156482676586439
2011-06-26 18:48:08.0000003,7.061233146939141
2011-10-17 18:49:20.0000001,10.992955915897175
2011-10-17 18:49:20.0000004,7.564958790515218
2014-07-21 18:19:00.00000053,8.33339837794112
2014-07-21 18:19:00.00000085,10.296059400913174
2014-07-21 18:19:00.000000175,7.478463748155743
2014-07-21 18:19:00.00000076,12.636320480785757
2014-07-21 18:19:00.000000147,11.682173164515762
2014-07-21 18:19:00.0000001,16.832727466213647
2014-07-21 18:19:00.0000007,8.33339837794112
2014-07-21 18:19:00.000000234,11.0744707798918
2014-07-21 18:19:00.000000188,9.038790332211386
2014-07-21 18:19:00.00000024,10.256570878889384
2014-07-21 18:19:00.000000158,5.535794819320968
2014-07-21 18:19:00.00000093,12.467689856488185
2014-07-21 18:19:00.00000081,7.496292283892046
2014-07-21 18:19:00.000000206,7.478463748155743
2014-07-21 18:19:00.00000095,22.999334481808475
2014-07-21 18:19:00.000000164,4.777907233777605
2014-07-21 18:19:00.00000062,6.549757274926395
2014-07-21 18:19:00.000000140,11.869053732584932
2014-07-21 18:19:00.000000155,14.190441486772928
2014-07-21 18:19:00.000000170,9.894220682556618
2014-07-21 18:19:00.000000238,21.68465709900652
2014-07-21 18:19:00.000000207,9.857716692671499
2014-07-21 18:19:00.00000016,16.349106989752958
2014-07-21 18:19:00.000000237,12.928238805412018
2014-07-21 18:19:00.00000045,6.241751126279538
2014-07-21 18:19:00.000000110,6.486030462185905
2014-07-21 18:19:00.000000157,5.166124030113051
2014-07-21 18:19:00.000000236,11.970699437826282
2014-07-21 18:19:00.000000151,7.478463748155743
2014-07-21 18:19:00.000000192,4.818736878293575
2014-07-21 18:19:00.00000086,6.426262996657282
2014-07-21 18:19:00.00000040,7.478463748155743
2014-07-21 18:19:00.000000209,4.934597192761788
2014-07-21 18:19:00.000000138,13.760437618526087
2014-07-21 18:19:00.000000131,12.033888235276738
2014-07-21 18:19:00.000000243,8.33339837794112
2014-07-21 18:19:00.000000199,16.81249179174652
2014-07-21 18:19:00.00000041,13.894602091748972
2014-07-21 18:19:00.000000180,12.928238805412018
2014-07-21 18:19:00.00000052,7.385981925413266
2014-07-21 18:19:00.00000084,7.0957648968097375
2011-06-13 09:55:04.0000006,7.639311597175585
2011-06-13 09:55:04.0000002,25.355205744546343
2014-12-27 22:31:56.0000001,11.05561515095374
2014-12-27 22:31:56.0000003,28.285969557835394
2010-09-20 16:48:00.00000050,9.076660818798235
2010-09-20 16:48:00.00000055,7.780171416897765
2010-09-20 16:48:00.000000154,9.462007652262212
2010-09-20 16:48:00.000000106,14.034746122769079
2010-09-20 16:48:00.000000163,19.199815834174192
2010-09-20 16:48:00.000000121,40.85726329256713
2010-09-20 16:48:00.000000111,47.32745299154119
2010-09-20 16:48:00.000000124,9.435316897230456
2010-09-20 16:48:00.000000143,4.929218554254404
2010-09-20 16:48:00.000000131,7.131065587496472
2010-09-20 16:48:00.000000137,29.28302490438486
2010-09-20 16:48:00.000000142,7.73295384736263
2010-09-20 16:48:00.00000036,6.440126312515837
2010-09-20 16:48:00.0000007,13.263593960653921
2010-09-20 16:48:00.000000112,11.245658532912458
2010-09-20 16:48:00.000000104,9.80765683988118
2010-09-20 16:48:00.00000056,14.599797241238205
2010-09-20 16:48:00.000000114,7.066264183337695
2010-09-20 16:48:00.000000152,5.052405264689283
2010-09-20 16:48:00.00000072,25.261106727216937
2010-09-20 16:48:00.0000004,10.992955915897175
2010-09-20 16:48:00.00000058,17.604861094767305
2010-09-20 16:48:00.00000081,8.530501254013817
2010-09-20 16:48:00.000000116,6.80642310796069
2010-09-20 16:48:00.00000040,11.546936289641344
2010-09-20 16:48:00.00000019,13.112722046016325
2010-09-20 16:48:00.000000134,8.46035197877822
2010-09-20 16:48:00.00000084,47.32745299154119
2010-09-20 16:48:00.00000016,9.076660818798235
2010-09-20 16:48:00.000000103,5.0622216014544446
2012-08-20 14:47:36.0000001,6.920814104202282
2011-12-01 01:36:08.0000001,5.052405264689283
2014-03-29 14:59:28.0000001,12.881180309440488
2014-08-18 01:19:48.0000001,9.183185209233345
2012-04-30 20:04:20.0000001,5.083672507298521
2013-07-13 18:28:20.0000003,55.266349490222744
2014-10-07 19:04:08.0000003,5.166124030113051
2014-10-07 19:04:08.0000001,6.549757274926395
2013-08-21 09:32:24.0000001,5.0983787651022565
2015-01-26 07:13:44.0000001,37.15062674979989
2011-03-06 21:01:00.0000003,12.164606351967668
2011-03-06 21:01:00.000000155,5.052405264689283
2011-03-06 21:01:00.000000164,5.0622216014544446
2011-03-06 21:01:00.000000131,8.188619926804337
2011-03-06 21:01:00.00000091,8.203112919771192
2011-03-06 21:01:00.000000144,14.832245840384589
2011-03-06 21:01:00.000000132,5.508278378502442
2011-03-06 21:01:00.000000134,5.481792051774074
2011-03-06 21:01:00.000000110,4.7016581969073865
2011-03-06 21:01:00.00000058,5.508278378502442
2011-03-06 21:01:00.00000081,22.10584567738717
2011-03-06 21:01:00.00000048,17.288682787488312
2011-03-06 21:01:00.00000079,8.212617916446916
2011-03-06 21:01:00.000000142,13.043873757884477
2011-03-06 21:01:00.00000090,10.52373453267772
2011-03-06 21:01:00.000000125,6.826225066980954
2011-03-06 21:01:00.000000119,4.7016581969073865
2011-03-06 21:01:00.000000117,14.329762688157864
2011-03-06 21:01:00.00000065,8.857112045794905
2011-03-06 21:01:00.000000163,5.708533338401249
2011-03-06 21:01:00.000000159,7.639311597175585
2011-03-06 21:01:00.000000112,5.530003824794358
2011-03-06 21:01:00.00000013,29.82617762336601
2011-03-06 21:01:00.000000121,7.639311597175585
2011-03-06 21:01:00.000000152,5.0622216014544446
2011-03-06 21:01:00.00000059,11.878457880910492
2011-03-06 21:01:00.00000041,5.052405264689283
2011-03-06 21:01:00.000000174,8.485423543367524
2011-03-06 21:01:00.000000171,7.639311597175585
2011-03-06 21:01:00.00000069,14.332200620786203
2011-03-06 21:01:00.00000050,5.052405264689283
2011-03-06 21:01:00.00000039,8.122154062921647
2011-03-06 21:01:00.00000082,9.442451519251158
2011-03-06 21:01:00.000000165,6.643570944161911
2011-03-06 21:01:00.000000103,5.349486783533295
2011-03-06 21:01:00.00000063,5.508278378502442
2011-03-06 21:01:00.000000100,14.859653242916858
2011-03-06 21:01:00.000000124,9.442451519251158
2011-03-06 21:01:00.000000126,6.4714728911530175
2011-03-06 21:01:00.00000068,6.9673921303803334
2011-03-06 21:01:00.00000030,7.095069176152979
2009-11-24 08:58:48.0000008,6.547240163349163
2009-11-24 08:58:48.0000004,8.359949910394345
2011-05-30 09:32:56.0000002,5.083672507298521
2010-01-02 12:20:32.0000001,8.32085568760556
2010-10-05 02:09:00.00000026,7.074312426132947
2010-10-05 02:09:00.00000016,5.570128176444648
2010-10-05 02:09:00.00000019,19.493556706575568
2010-10-05 02:09:00.00000014,6.394531220748633
2010-10-05 02:09:00.0000004,8.127567117310045
2010-10-05 02:09:00.00000025,15.695775383823898
2010-10-05 02:09:00.0000009,8.3900117471731
2012-01-25 22:43:44.0000005,5.508278378502442
2010-12-01 22:04:52.0000002,7.780171416897765
2013-06-23 02:54:32.0000001,19.03602254595991
2013-11-18 15:07:28.0000003,9.940613533699432
2013-08-06 23:56:32.0000002,7.478463748155743
2013-08-06 23:56:32.0000001,27.44381619321442
2012-03-10 02:36:04.0000004,5.052405264689283
2014-04-13 17:35:52.0000001,10.437876932107665
2013-09-14 16:03:12.0000001,11.608459860146338
2013-09-14 16:03:12.0000002,6.563398634646089
2013-09-14 16:03:12.0000003,6.426262996657282
2014-04-05 18:27:08.0000001,9.496917660097614
2014-04-05 18:27:08.0000002,5.166124030113051
2009-12-02 15:59:56.0000003,5.381824981092049
2010-01-03 02:03:40.0000001,4.87830566642337
2011-01-30 14:38:24.0000001,10.788640578554277
2011-04-16 21:23:16.0000005,8.188619926804337
2009-05-31 21:24:56.0000002,8.66038190995575
2009-07-14 17:59:12.0000002,12.606201750599542
2009-12-18 12:37:04.0000003,6.440126312515837
2012-11-21 15:12:48.0000002,5.052405264689283
2011-10-07 22:08:20.0000002,7.131065587496472
2011-10-07 22:08:20.0000001,10.356498659083519
2011-10-07 22:08:20.0000004,10.40970799791427
2013-09-24 21:16:40.0000008,6.044818949060858
2013-09-24 21:16:40.0000005,5.0983787651022565
2014-01-25 12:36:52.0000003,10.798361524906447
2012-01-26 07:33:00.000000101,5.508278378502442
2012-01-26 07:33:00.00000057,13.437966959184202
2012-01-26 07:33:00.000000175,6.805155268670444
2012-01-26 07:33:00.00000024,7.645659349870577
2012-01-26 07:33:00.00000097,5.052405264689283
2012-01-26 07:33:00.000000115,17.83365413471095
2012-01-26 07:33:00.00000039,5.5044118126284864
2012-01-26 07:33:00.000000161,6.60909656691204
2012-01-26 07:33:00.000000173,7.653477483433179
2012-01-26 07:33:00.000000183,9.764587272147292
2012-01-26 07:33:00.00000020,10.435403668789718
2012-01-26 07:33:00.00000022,8.715819039306469
2012-01-26 07:33:00.000000136,8.998154307991415
2012-01-26 07:33:00.0000008,15.135195502929136
2012-01-26 07:33:00.000000100,9.547014549669699
2012-01-26 07:33:00.00000023,8.998154307991415
2012-01-26 07:33:00.00000056,6.87157846952056
2012-01-26 07:33:00.00000018,8.002846572328934
2012-01-26 07:33:00.00000076,18.448683428417265
2012-01-26 07:33:00.00000080,7.3011863602840785
2012-01-26 07:33:00.000000104,8.225797657108018
2012-01-26 07:33:00.00000082,5.508278378502442
2012-01-26 07:33:00.00000025,5.481792051774074
2012-01-26 07:33:00.000000181,13.771302783237648
2012-01-26 07:33:00.000000105,5.519970366049174
2015-03-20 23:34:40.0000001,8.92984038960699
2015-03-20 23:34:40.0000008,8.661514017229555
2015-03-20 23:34:40.0000003,19.984245754543483
2013-12-14 03:20:48.0000003,10.905931629057365
2010-12-09 07:29:00.000000164,11.30739871205928
2010-12-09 07:29:00.000000141,12.019429979055547
2010-12-09 07:29:00.00000073,8.314375818005798
2010-12-09 07:29:00.00000062,5.704131739685734
2010-12-09 07:29:00.000000139,7.330494360874057
2010-12-09 07:29:00.00000079,5.312429828807873
2010-12-09 07:29:00.000000145,7.807157276757447
2010-12-09 07:29:00.0000006,5.682305522843491
2010-12-09 07:29:00.00000066,5.052405264689283
2010-12-09 07:29:00.000000171,8.780246938879449
2010-12-09 07:29:00.000000136,8.30075888387325
2010-12-09 07:29:00.00000026,20.730205721633165
2010-12-09 07:29:00.00000044,5.052405264689283
2010-12-09 07:29:00.00000083,9.030009195438117
2010-12-09 07:29:00.00000028,7.280009749899826
2010-12-09 07:29:00.000000168,11.474394590202099
2010-12-09 07:29:00.000000180,6.372355519103035
2010-12-09 07:29:00.00000094,7.048046695003093
2010-12-09 07:29:00.00000080,47.394856063876134
2010-12-09 07:29:00.000000181,10.349475677133569
2010-12-09 07:29:00.00000086,9.834632451862303
2011-09-25 13:01:20.0000002,5.797936732866359
2014-02-20 18:49:04.0000001,11.970699437826282
2010-08-21 23:02:28.0000004,5.519273865238373
2010-08-21 23:02:28.0000001,14.428588501031916
2010-08-21 23:02:28.0000002,6.9372231882969775
2012-05-08 03:50:00.00000017,21.58667942068778
2012-05-08 03:50:00.00000010,7.205944215215916
2012-05-08 03:50:00.0000005,6.592883670711424
2009-07-31 07:30:56.0000003,17.73865091431761
2012-03-06 07:33:04.0000001,11.412814631445434
2015-03-12 19:43:24.0000006,34.60616028419795
2014-01-18 17:43:28.0000001,10.282149523466739
2011-09-04 01:36:36.0000001,7.0089557981835835
2010-08-09 08:53:56.0000001,6.874358970630356
2015-02-01 00:48:44.0000002,5.0983787651022565
2014-01-26 15:28:52.0000001,10.417578861266406
2014-01-26 15:28:52.0000002,14.355896932055265
2011-12-06 11:07:40.0000004,11.025774768985993
2011-07-12 19:41:48.0000001,9.024353644052264
2010-09-16 14:27:16.0000002,7.131065587496472
2015-02-14 20:20:56.0000003,5.20768740558687
2009-01-22 12:27:20.0000002,13.231888426722136
2011-04-23 21:22:20.0000003,9.267661605330023
2011-04-23 21:22:20.0000004,14.586598372804962
2015-02-21 18:39:16.0000003,5.0983787651022565
2015-02-21 18:39:16.0000004,7.934350013203267
2009-04-23 00:05:40.0000002,7.715618362895682
2013-03-09 21:40:52.0000001,9.722482515590597
2010-07-22 09:37:12.0000002,30.538108184561807
2012-07-31 02:46:40.0000001,7.392191782934275
2015-02-21 17:23:28.0000004,14.573046259977032
2012-11-19 22:15:32.0000001,8.536173748542723
2009-01-26 18:26:48.0000005,6.900968929530218
2009-09-22 11:47:24.0000001,10.04127882035249
2012-07-05 18:30:36.0000004,5.508278378502442
2012-11-20 21:54:00.000000225,6.4347495880558725
2012-11-20 21:54:00.00000025,10.954131096251857
2012-11-20 21:54:00.00000036,18.74362024448163
2012-11-20 21:54:00.000000102,14.32066986500408
2012-11-20 21:54:00.000000105,22.346929662966023
2012-11-20 21:54:00.000000167,16.167730138435594
2012-11-20 21:54:00.000000186,7.24124198750085
2012-11-20 21:54:00.000000172,6.559472030140918
2012-11-20 21:54:00.000000202,14.344328796296654
2012-11-20 21:54:00.000000179,37.123308467054926
2012-11-20 21:54:00.000000110,8.86337241817816
2012-11-20 21:54:00.00000076,7.302143841032329
2012-11-20 21:54:00.000000195,18.906332444696996
2012-11-20 21:54:00.000000131,32.07719021301189
2012-11-20 21:54:00.0000002,12.740889865432482
2012-11-20 21:54:00.00000068,25.29530116578475
2012-11-20 21:54:00.000000138,8.863264978605939
2012-11-20 21:54:00.00000090,8.466582369539033
2012-11-20 21:54:00.000000169,7.228959613091647
2012-11-20 21:54:00.00000065,8.357545908767717
2012-11-20 21:54:00.000000121,20.61205756742228
2012-11-20 21:54:00.00000024,5.083672507298521
2012-11-20 21:54:00.000000123,9.359650283307262
2012-11-20 21:54:00.000000100,10.436624094033231
2012-11-20 21:54:00.0000004,6.9775013614965475
2012-11-20 21:54:00.00000098,5.0622216014544446
2012-11-20 21:54:00.000000205,6.026172277913377
2012-11-20 21:54:00.000000103,25.00172020479798
2012-11-20 21:54:00.00000092,13.5772832022682
2012-11-20 21:54:00.00000040,7.228959613091647
2012-11-20 21:54:00.00000069,24.223783221070974
2012-11-20 21:54:00.000000148,14.924917053786007
2012-11-20 21:54:00.000000233,5.714528496372447
2014-06-23 00:16:00.00000054,14.137765818534987
2014-06-23 00:16:00.00000059,36.136473788783945
2014-06-23 00:16:00.00000051,8.599460954829231
2014-06-23 00:16:00.00000012,11.518174666164645
2014-06-23 00:16:00.00000046,47.8658173918028
2014-06-23 00:16:00.00000032,7.557222644619244
2014-06-23 00:16:00.00000017,11.049440898798819
2014-06-23 00:16:00.0000006,5.956623799981172
2014-06-23 00:16:00.00000084,9.197507382016404
2014-06-23 00:16:00.00000021,48.90029415023968
2014-06-23 00:16:00.0000007,10.381476877464998
2014-06-23 00:16:00.00000045,8.164399081805259
2014-06-23 00:16:00.00000083,28.768207238598112
2014-06-23 00:16:00.00000048,33.18476249889469
2014-06-23 00:16:00.00000058,8.31683532969415
2014-06-23 00:16:00.00000075,8.945746706320776
2014-06-23 00:16:00.00000027,9.465524168270717
2014-06-23 00:16:00.00000031,9.043702345280362
2009-04-25 10:52:56.0000001,10.205491287792904
2009-04-25 10:52:56.0000003,5.645965133282937
2009-04-20 11:11:40.0000002,9.292664915835529
2009-10-22 21:57:36.0000001,15.267516714026899
2013-11-28 11:00:04.0000001,9.844730336174903
2014-05-25 15:07:04.0000001,5.166124030113051
2011-08-18 13:00:16.0000001,5.720560299423494
2013-09-25 22:00:00.000000167,8.33339837794112
2013-09-25 22:00:00.00000033,6.426262996657282
2013-09-25 22:00:00.000000122,12.15876912398657
2013-09-25 22:00:00.000000236,9.646246359133166
2013-09-25 22:00:00.000000193,15.016896859416523
2013-09-25 22:00:00.000000239,6.515103949500465
2013-09-25 22:00:00.00000086,14.550825693051216
2013-09-25 22:00:00.000000201,12.23472996491493
2013-09-25 22:00:00.000000170,17.34211528081534
2013-09-25 22:00:00.00000080,5.166124030113051
2013-09-25 22:00:00.00000021,5.5813641172207005
2013-09-25 22:00:00.000000240,7.967299800910555
2013-09-25 22:00:00.00000046,16.82360157136477
2013-09-25 22:00:00.000000231,32.60362267640902
2013-09-25 22:00:00.00000027,8.886517605130491
2013-09-25 22:00:00.00000045,6.426262996657282
2013-09-25 22:00:00.000000108,8.260478447695391
2013-09-25 22:00:00.000000125,10.560872029936975
2013-09-25 22:00:00.000000232,7.478463748155743
2013-09-25 22:00:00.000000184,14.12997021050252
2013-09-25 22:00:00.00000096,11.279019135737785
2013-09-25 22:00:00.000000158,10.026592032283338
2013-09-25 22:00:00.000000131,17.749190470092866
2013-09-25 22:00:00.000000207,6.644706116257915
2013-09-25 22:00:00.00000068,8.393170036977878
2013-09-25 22:00:00.000000194,13.476632908147645
2013-09-25 22:00:00.00000011,55.86209146560775
2013-09-25 22:00:00.000000243,19.27880509717875
2013-09-25 22:00:00.000000138,14.519318851702476
2013-09-25 22:00:00.00000069,8.211149843969514
2013-09-25 22:00:00.00000067,7.478463748155743
2013-09-25 22:00:00.000000152,12.848957446649486
2013-07-20 12:06:44.0000002,11.436138715591433
2013-07-20 12:06:44.0000001,9.637835229153763
2014-07-11 12:36:08.0000003,55.70599392089093
2014-01-31 11:11:05.0000002,13.941653476191682
2014-08-31 04:03:29.0000002,10.208459317097352
2014-08-31 04:03:29.0000003,22.41371279530618
2014-08-01 18:38:09.0000004,20.306037522642598
2014-08-01 18:38:09.0000003,22.25444923583507
2009-05-16 14:53:41.0000005,12.611312854417184
2009-05-16 14:53:41.0000001,24.856080889136464
2009-05-16 14:53:41.0000004,21.645164576873853
2013-08-26 11:47:37.0000001,9.761864849166022
2010-10-30 13:31:13.0000001,5.052405264689283
2014-05-09 00:30:41.0000004,11.917752171261089
2012-03-05 13:24:37.0000002,6.064350128231097
2010-07-01 22:11:33.0000005,7.685541593318993
2010-07-01 22:11:33.0000006,25.689449173165258
2012-01-07 21:39:05.0000001,48.12625665050326
2012-05-26 00:31:25.0000001,5.387113093413771
2014-10-07 11:52:13.0000006,10.38922928156475
2015-06-13 19:17:09.0000005,7.264919111485492
2009-11-28 13:50:17.0000004,5.691739575710391
2009-11-28 13:50:17.0000002,5.765937971252551
2015-01-13 12:07:53.0000005,6.549757274926395
2015-01-13 12:07:53.0000003,6.549757274926395
2012-01-31 09:15:49.0000001,6.9673921303803334
2011-03-22 12:59:49.0000002,27.09569626296418
2011-03-22 12:59:49.0000006,6.9673921303803334
2013-07-05 00:58:17.0000001,4.951878064928714
2010-01-30 00:57:21.0000002,17.98360496329457
2009-10-16 16:14:41.0000002,6.372355519103035
2011-03-13 05:34:57.0000002,12.17950386178305
2015-02-26 23:20:13.00000010,9.722482515590597
2013-10-09 15:11:41.0000004,21.647622383296916
2011-09-01 09:53:49.0000004,5.083672507298521
2010-09-28 00:16:53.0000003,7.729189422178169
2010-07-25 04:03:17.0000003,15.934542449968772
2010-07-25 04:03:17.0000002,5.052405264689283
2013-09-19 21:24:21.0000001,11.160281742362935
2011-02-04 09:12:53.0000004,4.7016581969073865
2012-03-08 12:33:25.0000003,13.345005067686756
2009-07-31 18:15:57.0000001,10.825397138019476
2009-07-10 20:17:05.0000003,4.7016581969073865
2010-08-21 21:56:25.0000002,11.878457880910492
2010-10-09 17:11:17.0000001,7.780171416897765
2009-09-25 15:13:57.0000001,8.560576746415467
2009-09-25 15:13:57.0000003,6.758952170136182
2009-09-25 15:13:57.0000002,11.498768521602972
2010-05-03 08:36:41.0000004,6.9673921303803334
2011-01-24 20:18:49.0000003,6.147581444938904
2010-01-23 14:32:17.0000003,5.349486783533295
2012-06-02 01:16:05.0000004,15.628409230207858
2011-10-20 13:46:33.0000003,9.477311448154063
2014-10-28 12:23:09.0000001,17.726899734962203
2011-07-11 20:43:33.0000004,13.623117908180282
2011-07-11 20:43:33.0000005,27.519172432944224
2011-07-11 20:43:33.0000001,5.809177981308213
2013-02-23 14:25:29.0000002,12.918833235566234
2010-01-30 18:58:33.0000008,9.363054509948691
2010-01-30 18:58:33.0000006,7.00740623836393
2010-01-30 18:58:33.0000001,6.9372231882969775
2014-06-22 14:49:13.0000001,15.612313283870462
2014-06-22 14:49:13.0000005,15.874269046355659
2015-03-14 02:23:17.0000006,15.720351192132275
2015-03-14 02:23:17.0000002,7.717177203937446
2015-03-14 02:23:17.0000004,15.438256091340032
2012-03-12 01:08:09.0000001,8.392356344817612
2014-09-25 20:52:09.0000002,6.426262996657282
2014-09-25 20:52:09.0000005,23.09250973222494
2012-12-15 06:35:45.0000001,9.166220912319604
2012-01-05 05:51:01.0000001,7.6661007141706605
2013-10-15 08:16:21.0000002,23.37961270122767
2014-08-26 23:35:49.0000002,6.438547672767459
2009-08-28 23:01:41.0000001,8.041707980067875
2009-08-28 23:01:41.0000006,5.052405264689283
2014-12-16 13:40:25.0000003,10.74714901726519
2012-12-09 22:30:13.0000006,6.559472030140918
2012-12-09 22:30:13.0000002,8.937564611381484
2012-12-09 22:30:13.0000004,14.485183401265813
2011-05-11 19:56:09.0000001,5.052405264689283
2014-08-08 00:02:41.0000004,11.717323225608263
2014-08-08 00:02:41.0000002,37.79465848466564
2013-09-12 12:50:13.0000007,10.214081492025537
2013-09-12 12:50:13.0000003,8.33339837794112
2013-09-12 12:50:13.0000001,16.826678889557183
2011-06-26 03:33:25.0000002,18.274269040570093
2011-09-18 18:33:13.0000003,7.131065587496472
2014-03-04 16:24:45.0000001,84.73016116299996
2014-11-10 10:52:41.0000001,37.51536033226609
2009-12-22 15:59:53.0000003,11.546936289641344
2014-05-08 21:23:41.0000001,9.722482515590597
2012-07-15 03:53:37.0000001,14.614624804038334
2012-07-15 03:53:37.0000002,10.075359630030597
2012-07-15 03:53:37.0000003,7.0549906753602105
2013-06-10 11:29:13.0000001,11.970699437826282
2015-04-25 01:06:17.0000007,14.220114856415995
2015-04-25 01:06:17.0000003,13.891486123067628
2012-10-28 13:55:57.0000001,8.483888918503386
2011-06-12 01:07:57.0000003,6.8324875727010514
2014-12-11 15:20:49.0000001,5.0983787651022565
2011-06-19 04:08:49.0000002,12.681594105945301
2012-04-14 22:29:37.0000001,5.083672507298521
2015-06-02 09:11:17.0000007,10.17623048089012
2011-10-08 12:54:49.0000002,6.997740527735201
2009-06-02 08:34:33.0000001,9.17150794076501
2011-10-01 15:04:57.0000001,28.6449014728376
2013-06-22 01:59:25.0000002,11.611726145502844
2010-12-15 08:39:33.0000005,5.083672507298521
2012-05-26 11:54:53.0000001,9.233528927939929
2012-05-26 11:54:53.0000002,8.650122634797361
2014-01-11 19:20:17.0000001,5.0983787651022565
2015-01-05 21:43:13.0000001,22.900001425345376
2011-07-19 22:20:41.0000002,14.851037183298523
2011-07-19 22:20:41.0000004,8.188619926804337
2011-07-19 22:20:41.0000001,16.34770096378393
2012-03-18 02:27:41.0000001,6.095141329933703
2009-01-19 19:48:17.0000001,5.083672507298521
2009-01-19 19:48:17.0000002,5.083672507298521
2013-01-13 00:20:53.0000001,8.991966819513188
2013-11-28 13:17:13.0000002,23.21816058293286
2012-06-10 00:46:17.0000006,5.052405264689283
2012-06-10 00:46:17.0000003,10.188801815575491
2012-06-10 00:46:17.0000005,8.749118347207718
2010-02-20 04:04:13.0000004,21.25978752910238
2014-01-01 16:33:01.0000005,15.071290910701041
2010-10-01 13:11:05.0000001,5.657546563439424
2012-04-14 14:20:33.0000001,10.037453174985892
2015-05-17 04:17:33.0000005,5.0983787651022565
2014-07-26 23:31:41.0000003,17.033931808528394
2014-07-26 23:31:41.0000002,10.560872029936975
2009-11-07 16:37:49.0000004,7.091974690676962
2011-01-07 09:25:57.0000003,7.212960120574292
2012-07-18 16:28:21.0000001,6.9372231882969775
2013-03-08 19:03:09.0000003,9.745819177322483
2009-12-10 22:45:01.0000004,12.096471791955901
2012-07-13 11:00:05.0000004,7.325187621897288
2013-04-28 10:36:37.0000001,7.478463748155743
2009-04-23 02:42:05.0000003,9.629351294832569
2013-06-08 16:55:13.0000003,9.500313099326267
2012-10-25 16:20:37.0000004,6.969453495430178
2012-10-25 16:20:37.0000003,29.464161252578382
2012-07-31 20:04:53.0000006,8.347833910846855
2012-07-31 20:04:53.0000002,6.9673921303803334
2009-07-14 22:41:09.0000003,6.8414958610404755
2011-09-03 19:22:17.0000001,8.51921809080315
2011-09-03 19:22:17.0000003,8.363499398111026
2011-09-03 19:22:17.0000002,16.956056816865964
2013-11-21 14:19:21.0000001,40.77131565457691
2015-01-02 11:55:57.0000003,19.093934994756875
2013-11-23 22:19:37.0000004,5.740881111791517
2013-11-23 22:19:37.0000003,8.33339837794112
2013-11-23 22:19:37.0000005,10.51249692413853
2011-04-04 19:54:33.0000001,6.147581444938904
2014-07-14 16:18:37.0000002,7.478463748155743
2014-03-18 19:55:17.0000001,7.349494171348612
2010-06-05 23:05:25.0000006,7.55581507038675
2014-09-09 22:48:37.0000001,8.442017380565263
2014-09-09 22:48:37.0000002,5.954306283213586
2014-03-28 21:55:17.0000003,5.0983787651022565
2014-03-28 21:55:17.0000001,7.057152347164049
2009-09-24 22:41:17.0000001,9.5742235030373
2012-04-27 18:37:09.0000002,7.665292746963088
2014-04-05 18:11:33.0000002,14.086249918030362
2013-11-07 22:25:25.0000003,8.285711914933819
2013-11-07 22:25:25.0000001,5.0983787651022565
2012-06-30 03:53:29.0000002,5.481792051774074
2011-05-19 16:01:41.0000001,6.8414958610404755
2010-01-11 12:38:33.0000002,4.7016581969073865
2010-10-16 09:26:33.0000001,10.066007200849493
2010-10-16 09:26:33.0000003,7.554485082257903
2014-07-25 18:06:37.0000007,6.879581586976842
2014-05-13 21:07:29.0000004,9.113889261188708
2014-05-13 21:07:29.0000001,30.296368992813537
2013-11-16 18:33:25.0000005,12.208910566672314
2009-08-02 14:01:33.0000004,6.874358970630356
2015-01-12 15:36:37.0000008,11.970699437826282
2013-05-26 15:18:37.0000005,21.947508243989414
2013-05-26 15:18:37.0000001,50.638935325690845
2013-05-26 15:18:37.0000003,14.530300418014713
2009-09-20 23:07:01.0000001,9.320165644677665
2009-09-25 21:43:49.0000004,9.263431580380708
2009-09-25 21:43:49.00000010,12.147937862448671
2009-03-22 20:58:33.0000003,14.498717401069246
2011-12-09 21:19:25.0000001,7.131065587496472
2013-07-05 20:44:49.0000001,11.07551048063426
2013-12-20 15:58:29.0000006,12.407357613601453
2013-12-20 15:58:29.0000001,9.289840549382877
2014-10-06 14:37:25.0000005,55.82312833959339
2015-01-18 23:09:25.0000001,5.108195101867418
2014-02-06 13:26:49.0000002,5.0983787651022565
2013-02-27 19:25:13.0000001,17.69705682219741
2009-09-15 08:28:53.0000003,11.045766441142959
2012-07-18 22:34:53.0000003,8.06203680088658
2011-05-17 22:09:17.0000002,5.052405264689283
2010-09-19 17:13:29.0000008,30.156982326307197
2010-09-19 17:13:29.0000006,14.810738722793053
2013-03-19 18:08:29.0000002,11.96081278879788
2013-03-19 18:08:29.0000001,12.636320480785757
2011-04-23 11:01:49.0000001,9.7815249720692
2013-07-04 05:39:13.0000001,14.143417010178222
2010-11-08 10:01:37.0000003,5.052405264689283
2009-04-01 19:28:09.0000001,6.580688548465469
2011-11-26 02:04:29.0000004,5.704131739685734
2011-11-26 02:04:29.0000003,5.052405264689283
2009-01-11 07:56:01.0000001,5.508278378502442
2012-05-30 09:19:13.0000002,5.464130072765154
2014-10-28 22:42:33.0000003,10.560872029936975
2014-07-19 21:05:37.0000002,12.216515557810192
2012-10-02 14:17:13.0000001,5.052405264689283
2012-10-20 00:36:37.0000002,6.559472030140918
2014-06-19 22:37:09.0000006,7.478463748155743
2014-06-19 22:37:09.0000004,9.643355093569795
2011-05-11 13:24:37.0000002,9.814641545666374
2014-10-13 00:42:05.0000002,9.230145424893879
2013-12-08 10:41:05.0000007,9.98664016563233
2009-07-04 13:00:57.0000002,11.453094917343746
2015-06-30 04:09:45.0000001,35.05210404897966
2013-09-08 03:47:57.0000002,9.159878337498915
2009-05-15 21:19:13.0000004,29.994652116565803
2010-01-29 08:32:53.0000002,7.466328017736904
2015-05-15 01:51:49.0000003,6.384613495773382
2012-11-12 10:06:17.0000003,6.7603361564010696
2013-12-01 22:23:57.0000003,41.613527550115805
2014-01-03 15:48:49.0000001,9.649110927044676
2013-01-19 20:19:45.0000002,9.17150794076501
2015-03-17 21:44:26.0000002,5.0983787651022565
2009-01-06 07:36:34.0000005,5.334036816091774
2013-01-20 20:41:26.0000002,14.969903293166045
2015-06-07 00:38:14.0000001,8.969716333189462
2009-01-03 00:51:02.0000002,12.04422627152443
2009-01-03 00:51:02.0000001,9.836215092576293
2009-08-02 05:08:42.0000001,26.85126879071863
2013-10-18 09:06:14.0000002,6.073264869729197
2009-04-26 17:29:42.0000001,5.052405264689283
2015-02-25 22:00:38.0000002,16.36247774798693
2010-10-06 23:31:54.0000001,14.21175682572719
2009-01-21 20:04:30.0000006,8.66038190995575
2013-12-18 14:26:58.0000002,28.208183870190105
2014-04-26 18:02:26.0000003,6.343190969243433
2014-10-05 13:58:18.0000002,7.478463748155743
2014-10-05 13:58:18.0000001,6.549757274926395
2013-05-23 23:54:42.0000004,9.122771587716066
2009-11-23 19:06:14.0000005,12.691664006575861
2010-09-01 08:23:54.0000002,6.409736510176304
2011-12-10 23:39:06.0000001,13.851343060374115
2009-12-17 15:54:46.0000002,9.157120347228418
2010-06-16 18:41:54.0000003,7.665292746963088
2011-11-02 08:21:50.0000003,8.866081751489126
2011-11-02 08:21:50.0000001,8.509245637901644
2009-03-15 03:31:14.0000003,6.743206174487576
2014-09-08 19:07:46.0000001,7.478463748155743
2010-04-24 23:31:50.0000004,6.8414958610404755
2010-04-24 23:31:50.0000002,10.272586942795009
2011-03-03 21:31:42.0000004,6.147581444938904
2011-03-03 21:31:42.0000002,14.891445683493934
2011-09-05 10:47:26.0000001,7.131065587496472
2012-09-16 12:48:06.0000002,7.302143841032329
2015-04-10 11:56:54.0000005,10.927730676797566
2013-10-15 23:31:26.0000002,19.775679325654288
2013-06-21 18:06:14.0000002,7.407463855274759
2009-05-19 15:44:30.0000001,8.880203477253424
2014-01-26 08:48:30.0000003,9.923082115786542
2014-12-25 21:32:58.0000002,7.478463748155743
2011-07-30 15:27:58.0000001,8.279816688487598
2010-09-24 22:40:06.0000007,5.802910497176011
2010-02-06 17:37:10.0000005,47.32745299154119
2010-02-06 17:37:10.0000001,12.81055540281187
2012-08-13 15:02:26.0000001,7.633108251781376
2013-01-14 18:42:54.0000004,7.478463748155743
2013-01-14 18:42:54.0000005,7.874034520581384
2009-11-11 21:20:18.0000002,7.091974690676962
2009-04-18 02:44:34.0000004,31.567938007004223
2009-04-18 02:44:34.0000001,8.329742273632652
2014-01-10 12:28:38.0000002,5.108195101867418
2014-10-11 00:26:38.0000004,19.867689694794695
2010-01-30 02:13:06.0000004,5.052405264689283
2009-08-26 23:55:38.0000001,7.653321396166879
2012-09-07 23:20:34.0000002,8.94553364889248
2012-09-07 23:20:34.0000005,8.525233846508723
2015-01-10 14:32:14.0000002,13.28565753845285
2010-05-31 20:43:42.0000001,6.8414958610404755
2010-05-31 20:43:42.0000003,5.508278378502442
2014-05-18 14:43:26.0000004,7.904935974680496
2011-10-08 18:18:26.0000002,5.704131739685734
2011-10-08 18:18:26.0000003,13.110367650345584
2010-03-23 13:23:34.0000003,12.336712602290083
2010-12-21 08:46:02.0000001,9.510616809723533
2010-12-21 08:46:02.0000002,5.570128176444648
2010-06-19 22:52:30.0000003,8.361885306777173
2013-01-03 01:43:10.0000002,11.851586352925187
2013-11-24 03:44:46.0000001,12.606662947978739
2011-04-16 12:57:18.0000002,5.052405264689283
2012-10-11 22:24:18.0000002,6.581358268874543
2011-05-17 23:42:46.0000006,6.9372231882969775
2011-05-17 23:42:46.0000003,5.052405264689283
2014-01-09 17:27:18.0000003,5.544679061488993
2014-01-09 17:27:18.0000004,8.33339837794112
2010-01-09 13:24:22.0000002,42.04839884821861
2010-01-09 13:24:22.0000001,8.364547558248626
2009-03-11 21:46:54.0000006,8.613311330538233
2012-08-22 20:54:46.0000004,9.201477812897418
2012-08-22 20:54:46.0000005,29.33834792324896
2009-02-21 20:49:34.0000002,10.71681656380033
2012-08-10 14:04:14.0000001,7.665292746963088
2009-10-17 03:52:42.0000005,10.192164424828285
2014-02-27 09:36:26.0000001,12.569415767652583
2014-03-11 20:24:02.0000005,12.23472996491493
2014-03-11 20:24:02.0000001,6.549757274926395
2015-05-07 15:33:26.0000004,4.900663442150439
2012-09-10 21:07:54.0000008,7.228959613091647
2012-04-20 00:06:10.0000003,5.083672507298521
2012-04-20 00:06:10.0000004,15.868617599545008
2012-06-12 23:10:42.0000004,11.30482331147351
2013-04-21 19:50:54.0000002,7.760103345817713
2013-02-06 18:21:18.0000005,19.883281859310642
2014-05-01 21:05:34.0000001,28.68253213569881
2011-04-22 19:23:54.0000004,5.508278378502442
2011-09-17 15:41:06.0000002,6.894497091463879
2015-03-05 13:21:58.0000001,55.782199514752556
2015-06-21 17:16:10.0000001,7.478463748155743
2010-06-02 22:04:10.0000002,27.01618357287381
2010-06-02 22:04:10.0000001,8.479174218303264
2015-02-27 19:36:02.0000008,13.688693866841366
2015-02-27 19:36:02.0000005,9.390618675936942
2013-04-06 19:16:10.0000002,7.859311140459519
2014-03-08 16:08:26.0000006,18.82010225546353
2014-03-08 16:08:26.0000005,4.80145600612665
2013-12-06 23:40:42.0000004,6.549757274926395
2013-12-06 23:40:42.0000005,14.801040742663485
2014-09-13 19:05:02.0000001,6.426262996657282
2015-03-12 13:01:54.0000003,5.0983787651022565
2015-03-12 13:01:54.0000006,4.911048420412743
2014-10-04 21:48:22.0000001,12.124295464858687
2012-01-22 04:13:34.0000001,23.24104989527424
2012-01-22 04:13:34.0000003,10.50509598459219
2010-12-17 10:33:34.0000003,13.088404776134357
2010-12-17 10:33:34.0000001,30.03510568292195
2012-06-04 11:34:58.0000002,7.795862811150873
2012-12-08 20:08:38.0000001,13.053205785377564
2012-12-08 20:08:38.0000002,8.745816700345422
2013-12-29 01:20:50.0000002,20.388652994597393
2014-03-28 22:34:26.0000002,10.088687887730305
2013-09-07 19:43:18.0000002,17.104253811623483
2013-09-07 19:43:18.0000007,7.825764585907389
2010-03-07 00:47:26.0000002,11.193674596451139
2010-03-07 00:47:26.0000003,6.853805878785643
2010-10-31 18:45:58.0000004,5.704131739685734
2015-02-03 09:00:58.0000003,32.99551829755435
2012-08-08 08:58:50.0000002,5.519273865238373
2011-04-08 15:01:02.0000002,5.508278378502442
2015-01-10 09:38:54.0000006,7.407463855274759
2015-01-10 09:38:54.0000002,14.807802989025772
2015-01-10 09:38:54.0000005,12.223934976645994
2015-01-10 09:38:54.0000001,10.437876932107665
2014-10-03 00:50:06.0000003,8.433567626969658
2010-06-18 19:19:26.0000004,13.251222216105027
2013-06-21 00:00:34.0000004,8.084825206416737
2012-02-29 12:03:34.0000003,6.993758396878263
2013-09-16 14:16:34.0000002,28.438638404391273
2011-03-10 18:16:14.0000002,6.147581444938904
2011-05-19 02:06:46.0000001,7.287471582276465
2014-08-08 15:26:18.0000001,8.33339837794112
2009-03-11 12:01:30.0000003,5.083672507298521
2012-07-26 12:40:38.0000004,8.379622947092594
2014-05-26 22:57:10.0000001,11.124596722449962
2010-09-04 18:31:42.0000004,11.479846232534674
2011-09-22 20:05:22.0000002,6.023903549954058
2011-09-22 20:05:22.0000004,6.440126312515837
2014-08-09 01:27:30.0000001,12.643507000994935
2014-10-31 12:04:26.0000003,9.54985064722361
2013-04-10 21:03:42.0000006,12.216515557810192
2011-12-29 19:29:50.0000002,7.056415941384545
2013-03-14 21:43:46.0000002,5.0983787651022565
2009-02-08 00:04:06.0000003,5.052405264689283
2012-02-04 22:47:18.0000002,5.508278378502442
2012-05-06 03:01:10.0000001,20.84200401900797
2014-07-08 08:56:58.0000002,4.80145600612665
2014-07-08 08:56:58.0000005,4.772208462538648
2014-07-08 08:56:58.0000004,14.57701860841437
2014-07-08 08:56:58.0000003,10.457080837336022
2011-02-19 10:14:58.0000001,7.357187950082262
2010-08-16 17:14:18.0000002,7.665292746963088
2012-12-27 21:01:54.0000002,14.159475906215032
2015-05-31 20:48:54.0000002,14.62789564565152
2013-01-06 12:39:54.0000006,5.108195101867418
2010-12-24 04:23:06.0000001,28.77936838951121
2010-11-10 23:21:50.0000001,8.357627142048583
2011-10-01 00:42:26.0000002,18.34255855341903
2013-03-31 00:09:58.0000001,25.96643416097074
2011-07-20 08:05:02.0000001,19.17981954326605
2009-05-03 16:02:54.0000004,4.752433208202197
2012-09-06 17:58:06.0000002,7.378239665824825
2014-04-06 16:47:14.0000001,13.373066956652021
2014-04-06 16:47:14.0000002,29.239737695281946
2014-09-06 03:52:50.0000001,8.58508153348828
2014-01-01 13:06:34.0000002,13.21467245563055
2011-12-25 15:35:54.0000002,6.372355519103035
2011-12-25 15:35:54.0000005,5.0622216014544446
2011-12-25 15:35:54.0000001,6.440126312515837
2015-05-14 23:11:58.0000004,13.54536074849206
2015-04-22 09:54:06.0000001,6.452258437130418
2012-09-01 19:04:18.0000001,10.877098383895307
2013-06-06 02:54:50.0000001,39.33824643184844
2011-09-03 00:03:42.0000007,47.36574927075931
2013-07-02 22:27:14.0000002,5.6515736867482635
2011-07-18 00:04:54.0000001,10.79295206752318
2011-04-03 03:46:18.0000001,5.508278378502442
2010-06-25 14:00:14.0000001,8.94897374967094
2014-09-10 16:40:02.0000001,6.549757274926395
2011-03-01 07:23:14.0000002,5.740523216393541
2011-06-24 13:23:18.0000005,9.814641545666374
2012-01-01 18:02:46.0000001,15.71713871163577
2015-03-28 19:31:26.0000004,8.930110855226395
2010-07-13 11:53:15.0000006,9.922180631614214
2010-07-13 11:53:15.0000005,6.580688548465469
2010-07-13 11:53:15.0000003,5.0622216014544446
2013-02-07 13:47:59.0000002,15.39073607450558
2015-05-19 13:58:11.0000006,34.91739635070379
2015-05-19 13:58:11.0000009,13.717347646175126
2012-07-31 22:21:11.0000003,7.965933765388863
2013-01-03 08:50:31.0000003,9.844730336174903
2010-03-18 00:05:43.0000001,19.276933132156497
2009-04-14 17:43:23.0000001,47.32745299154119
2009-04-14 17:43:23.0000002,6.9673921303803334
2015-06-15 14:34:03.0000001,11.970699437826282
2014-11-26 06:46:23.0000002,29.9726817349754
2010-12-19 16:25:15.0000002,8.5455013575715
2015-06-18 20:56:55.0000004,5.0983787651022565
2015-06-18 20:56:55.0000008,18.173719460644627
2015-04-28 20:15:27.0000003,7.478463748155743
2013-01-23 13:49:19.0000001,7.778249859521201
2012-01-03 08:49:15.0000005,10.861428955482898
2012-06-09 19:03:11.0000005,7.639311597175585
2012-06-09 19:03:11.0000007,10.047355860349205
2009-05-27 02:00:51.0000001,16.08895026279577
2014-06-07 12:21:11.0000003,11.407356213011496
2011-09-08 22:37:43.0000001,7.499087219591073
2010-06-18 22:52:11.0000001,22.490229675890916
2011-09-13 13:31:51.0000001,11.002009827001118
2011-09-13 13:31:51.0000005,6.81980762940151
2014-10-06 09:24:11.0000005,23.417736952669415
2012-03-15 18:23:55.0000002,6.9673921303803334
2013-12-22 21:24:47.0000002,5.166124030113051
2011-11-23 21:07:43.0000001,7.131065587496472
2010-11-17 19:10:23.0000003,7.026130508505238
2010-11-17 19:10:23.0000005,9.209561433346247
2015-02-14 13:15:19.0000007,8.317186187126618
2013-01-12 22:40:39.0000008,8.33339837794112
2013-01-12 22:40:39.0000009,19.909603677986173
2013-01-12 22:40:39.0000007,8.173080772483608
2010-02-15 14:20:31.0000002,25.586958232088033
2010-02-15 14:20:31.0000003,5.0622216014544446
2013-03-23 15:41:07.0000003,10.79189853976082
2009-05-08 22:14:51.0000002,5.508278378502442
2010-01-31 00:33:03.0000005,7.287471582276465
2009-01-18 18:22:07.0000002,8.32949707284411
2009-01-28 11:27:19.0000001,5.508278378502442
2015-05-20 19:39:11.0000003,15.290029396541456
2014-01-11 17:47:47.0000001,8.415293181766133
2012-07-12 02:46:07.0000001,9.653962724315873
2014-03-05 23:16:07.0000001,13.440534632417712
2014-12-17 20:56:31.0000003,10.58201681052613
2010-10-09 15:48:51.0000003,30.491694191867488
2013-10-10 11:09:23.0000001,14.015045761701028
2014-10-12 09:23:55.0000001,12.386038401242901
2013-01-08 07:03:07.0000001,6.5243978633187325
2012-10-28 17:21:19.0000001,6.559472030140918
2012-10-28 17:21:19.0000003,9.416178831128917
2014-12-26 20:46:23.0000001,12.17266990088819
2015-05-10 12:37:51.0000003,11.766402108008199
2010-12-11 13:31:11.0000003,5.704131739685734
2010-03-01 22:21:55.0000003,6.9673921303803334
2010-03-01 22:21:55.0000002,16.761723932147113
2015-03-08 14:59:23.0000001,20.837420670886985
2015-03-08 14:59:23.0000003,35.80885800069561
2009-06-08 11:06:23.0000001,64.64339763571682
2014-01-26 13:51:39.0000001,8.33339837794112
2014-11-30 15:46:23.0000003,5.0983787651022565
2011-08-20 15:50:39.0000001,11.404927149305374
2010-06-22 14:25:19.0000008,47.32745299154119
2010-06-22 14:25:19.0000001,5.884830986394853
2014-05-25 19:46:59.0000003,32.945172517815315
2014-04-04 05:47:11.0000002,11.842072135161693
2013-01-11 20:08:07.0000003,10.866053134534116
2013-01-11 20:08:07.0000001,5.108195101867418
2013-10-09 17:27:39.0000001,55.62184958491451
2015-01-12 17:05:51.0000004,8.317186187126618
2009-01-12 07:47:39.0000001,30.561743856430166
2011-04-28 19:39:43.0000003,13.179423052597231
2014-11-17 00:03:47.0000003,8.090910320083838
2014-11-17 00:03:47.0000001,10.095527109820395
2013-08-18 00:32:15.0000003,6.261119217504269
2013-05-23 12:09:23.0000005,7.018227272945506
2013-05-23 12:09:23.0000004,13.941653476191682
2014-12-11 08:20:39.0000001,17.986218805453962
2014-12-11 08:20:39.0000004,13.966035349146894
2013-12-10 14:00:35.0000002,5.0983787651022565
2011-09-10 20:44:59.0000003,7.131065587496472
2011-04-28 09:50:03.0000001,6.147581444938904
2010-02-26 18:34:51.0000001,8.94897374967094
2013-12-05 23:29:15.0000002,5.166124030113051
2012-12-13 19:05:27.0000004,4.8748315200960795
2012-11-09 18:17:35.0000002,11.868464245000517
2010-07-05 19:21:35.0000001,11.11617906151975
2011-11-29 22:19:51.0000003,7.131065587496472
2009-01-30 22:47:07.0000002,15.949442429188439
2009-01-30 22:47:07.0000005,5.508278378502442
2013-09-26 20:54:19.0000001,12.505961278513583
2014-09-16 18:22:23.0000001,6.684184508418564
2011-06-25 23:18:27.0000003,7.127189138991921
2011-06-25 23:18:27.0000002,10.71681656380033
2009-01-17 02:21:55.0000003,6.107354010483727
2014-11-01 15:31:15.0000001,5.166124030113051
2013-07-12 23:17:31.0000003,7.478463748155743
2013-07-12 23:17:31.0000002,12.216515557810192
2013-07-12 23:17:31.0000001,9.55366499292909
2009-09-24 04:23:47.0000001,5.656514769959582
2009-04-20 21:08:35.0000005,7.643114370785217
2009-04-20 21:08:35.0000004,9.267661605330023
2009-04-06 13:47:15.0000001,5.052405264689283
2013-11-29 21:36:07.0000002,21.65397992162072
2013-11-29 21:36:07.0000001,8.761120098130993
2012-04-14 11:59:11.0000003,9.7815249720692
2009-03-06 00:13:03.0000002,14.033675038052623
2010-04-23 00:00:03.0000001,24.170600321372834
2010-05-22 23:46:19.0000004,8.188619926804337
2012-06-09 22:57:15.0000004,7.475829925385276
2010-10-27 02:29:39.0000001,7.5660760347498295
2010-10-22 20:56:51.0000003,10.552463119305882
2013-10-07 08:53:39.0000001,5.166124030113051
2011-10-04 11:48:35.0000001,8.29848084969109
2010-12-31 13:32:39.0000002,6.372355519103035
2010-08-21 20:25:07.0000002,6.907329315515806
2009-11-16 21:03:31.0000005,12.063100893351445
2009-11-16 21:03:31.0000006,7.780171416897765
2010-12-01 21:02:35.0000003,12.41633125685229
2010-04-20 11:53:23.0000001,6.826225066980954
2013-09-20 13:38:55.0000005,5.0983787651022565
2013-09-20 13:38:55.0000004,55.82312833959339
2012-09-09 23:40:03.0000002,7.021657757240934
2012-09-09 23:40:03.0000004,10.459177841074709
2010-05-23 15:28:55.0000002,7.804816214378384
2012-10-15 20:10:31.0000005,13.139342350179575
2013-06-07 13:52:55.0000005,7.904935974680496
2009-06-04 19:34:15.0000005,8.338264291480279
2013-09-29 22:12:07.0000001,31.189077088882744
2010-05-02 12:39:55.0000003,6.147581444938904
2010-05-02 12:39:55.0000001,17.01959371792577
2015-05-20 00:59:15.0000001,7.537665047630851
2009-12-03 18:02:47.0000003,7.091974690676962
2009-12-03 18:02:47.0000002,47.394856063876134
2009-09-28 19:21:59.0000007,5.0622216014544446
2009-09-28 19:21:59.0000006,9.194811319965043
2015-05-23 12:59:39.0000003,15.874269046355659
2014-01-11 23:10:59.0000006,8.734613576004378
2010-04-24 20:15:07.0000001,5.508278378502442
2013-05-24 07:22:51.0000001,8.244686731272624
2009-08-06 02:50:03.0000001,16.230066793953725
2014-08-08 17:32:47.0000003,8.71738273457412
2010-09-22 09:42:31.0000003,8.016485703540097
2013-08-19 19:39:23.0000002,15.75307984004063
2015-03-11 16:36:39.0000004,28.26574715585507
2015-05-29 18:59:35.0000006,13.941653476191682
2011-10-26 17:48:43.0000005,8.560576746415467
2009-11-03 19:53:27.0000002,6.394531220748633
2009-11-03 19:53:27.0000001,5.985504397517526
2009-12-19 21:56:15.0000004,5.289204551179325
2009-12-21 21:20:43.0000002,6.140823093038956
2009-08-21 15:35:07.0000001,12.557530310640331
2010-04-25 13:28:47.0000001,9.7815249720692
2010-11-02 18:49:59.0000004,7.804472200659226
2010-04-21 06:28:47.0000001,47.32745299154119
2015-02-11 20:51:51.0000001,4.748583128326871
2013-12-07 01:41:59.0000002,7.454251693799104
2013-05-21 06:52:59.0000003,32.59251114012395
2014-07-12 00:15:59.0000001,9.692470661996198
2010-06-13 19:39:51.0000002,12.278452100128336
2009-03-31 10:27:19.0000003,10.825397138019476
2013-09-14 18:28:03.0000001,6.5243978633187325
2015-02-14 09:08:11.0000002,8.33339837794112
2012-01-19 20:26:35.0000002,6.486883757313124
2012-01-19 20:26:35.0000003,6.147581444938904
2012-01-19 20:26:35.0000006,18.21989321168859
2015-02-25 18:00:51.0000001,6.619026630167578
2015-02-25 18:00:51.0000007,6.26838643732421
2009-08-08 11:41:51.0000003,6.224841235219682
2013-06-02 16:26:47.0000001,6.684184508418564
2011-09-14 00:50:15.0000001,9.615414171187656
2013-02-16 14:26:51.0000003,5.0983787651022565
2012-11-12 11:57:03.0000001,6.559472030140918
2012-01-04 00:06:39.0000002,6.574821415936214
2013-06-21 02:39:47.0000001,14.695183102278566
2010-12-28 20:17:27.0000005,10.020623684738604
2010-12-28 20:17:27.0000003,10.353562513309774
2009-12-12 22:01:31.0000001,5.052405264689283
2011-05-20 23:42:59.0000001,6.928301233560823
2014-01-04 10:54:59.0000005,8.33339837794112
2014-01-04 10:54:59.0000002,10.344789382851559
2012-02-11 04:52:35.0000001,5.052405264689283
2014-09-14 23:26:11.0000001,8.33339837794112
2014-04-05 01:52:27.0000002,32.36482135256244
2010-02-23 20:29:51.0000004,7.983332353348081
2013-11-01 13:07:47.0000003,19.304504126777964
2015-03-07 15:25:59.0000003,5.0983787651022565
2009-04-16 15:57:31.0000001,8.768428974678807
2010-01-10 12:55:43.0000003,10.8425066664146
2010-01-10 12:55:43.0000004,25.414025925946422
2010-01-10 12:55:43.0000001,5.150805780223591
2015-03-16 21:12:19.0000002,8.33339837794112
2015-03-16 21:12:19.0000006,17.67062532311483
2012-09-29 20:16:51.0000004,5.379369609229639
2009-07-30 15:49:15.0000002,13.320354592929913
2009-07-30 15:49:15.0000004,8.379622947092594
2013-11-18 16:18:39.0000001,55.82312833959339
2015-01-18 14:06:23.0000001,9.542556859873784
2015-01-18 14:06:23.0000004,6.424970980655262
2015-01-18 14:06:23.0000003,8.079147666172931
2009-09-07 19:35:39.0000001,6.991001885002672
2014-06-14 13:39:00.000000155,4.934597192761788
2014-06-14 13:39:00.000000174,9.235306568365175
2014-06-14 13:39:00.000000104,9.517322461775018
2014-06-14 13:39:00.00000083,55.57059902591358
2014-06-14 13:39:00.00000056,5.166124030113051
2014-06-14 13:39:00.000000102,11.608459860146338
2014-06-14 13:39:00.00000065,21.75090288142457
2014-06-14 13:39:00.000000137,11.358692650849669
2014-06-14 13:39:00.0000002,55.86209146560775
2014-06-14 13:39:00.00000028,6.486030462185905
2014-06-14 13:39:00.000000194,6.486030462185905
2013-06-27 00:20:40.0000002,5.57261076170873
2014-12-30 20:29:24.0000001,6.5243978633187325
2011-03-24 15:57:04.0000002,4.7016581969073865
2012-06-09 16:53:44.0000001,8.364547558248626
2011-10-02 23:36:00.0000001,16.57450105206513
2011-10-02 23:36:00.00000050,22.795291441196227
2011-10-02 23:36:00.00000069,8.175669290907944
2011-10-02 23:36:00.00000093,10.537821472381326
2011-10-02 23:36:00.00000010,12.121994435204831
2011-10-02 23:36:00.00000017,10.609094765066548
2011-10-02 23:36:00.00000072,12.936770947234868
2011-10-02 23:36:00.00000025,8.74357445282655
2011-10-02 23:36:00.00000019,5.704131739685734
2013-03-21 12:47:28.0000001,10.65976034769759
2013-06-07 03:02:56.0000003,11.821529107294786
2009-06-10 16:55:00.000000123,5.361009701767655
2009-06-10 16:55:00.000000150,10.861428955482898
2009-06-10 16:55:00.00000064,6.4476166029094575
2009-06-10 16:55:00.00000062,11.423849438373674
2009-06-10 16:55:00.0000005,5.240847202855317
2009-06-10 16:55:00.0000006,18.554604950416056
2009-06-10 16:55:00.000000130,7.665292746963088
2009-06-10 16:55:00.000000175,5.0622216014544446
2009-06-10 16:55:00.00000041,47.32745299154119
2009-06-10 16:55:00.000000152,5.052405264689283
2009-06-10 16:55:00.000000155,9.30431977536714
2009-06-10 16:55:00.00000061,5.0622216014544446
2011-06-24 12:03:00.000000131,9.131522037147475
2011-06-24 12:03:00.000000184,10.825397138019476
2011-06-24 12:03:00.00000081,8.335931076449528
2011-06-24 12:03:00.0000007,6.630176455347916
2011-06-24 12:03:00.00000028,6.147581444938904
2011-06-24 12:03:00.000000198,6.095141329933703
2014-06-15 07:06:00.0000004,14.40580921788544
2014-06-15 07:06:00.00000011,9.822079596303588
2014-06-06 16:22:20.0000001,8.33339837794112
2009-09-14 02:19:00.00000043,6.096728385447915
2009-09-14 02:19:00.00000027,8.989229556744057
2009-09-14 02:19:00.00000042,7.576635129410294
2009-09-14 02:19:00.00000034,18.296304573615675
2009-09-14 02:19:00.00000033,8.421126324331077
2010-08-21 22:21:32.0000001,9.785799939323008
2010-08-21 22:21:32.0000002,7.639311597175585
2012-05-06 23:37:24.0000003,12.17891457644297
2013-12-21 17:20:32.0000002,55.82312833959339
2014-04-28 19:46:36.0000002,8.156489745620922
2011-06-01 07:37:00.00000080,45.42943941397708
2011-06-01 07:37:00.000000164,10.149413219648894
2011-06-01 07:37:00.00000074,17.795954730197618
2011-06-01 07:37:00.00000085,15.142826698907447
2011-06-01 07:37:00.0000003,7.276780276266888
2011-06-01 07:37:00.000000159,17.660325792234968
2011-06-01 07:37:00.00000052,22.38148210493083
2011-06-01 07:37:00.000000218,15.926440443325243
2011-06-01 07:37:00.00000062,5.708533338401249
2011-06-01 07:37:00.00000031,5.936169768879024
2010-08-27 18:45:00.000000170,11.948075256392649
2010-08-27 18:45:00.00000044,16.319687943883274
2010-08-27 18:45:00.000000146,6.166040734228892
2010-08-27 18:45:00.00000035,8.598126215061251
2010-08-27 18:45:00.000000139,5.702315956866569
2010-08-27 18:45:00.00000051,5.519273865238373
2010-08-27 18:45:00.000000186,5.519273865238373
2010-08-27 18:45:00.000000102,7.639311597175585
2010-08-27 18:45:00.000000164,11.552019952038192
2010-08-27 18:45:00.000000199,12.498706106317933
2010-08-27 18:45:00.000000174,7.639311597175585
2010-08-27 18:45:00.000000187,5.519273865238373
2010-08-27 18:45:00.000000172,13.350938379456341
2010-08-14 02:13:00.000000105,8.763976077604092
2010-08-14 02:13:00.000000159,5.052405264689283
2010-08-14 02:13:00.00000040,6.811515654656033
2010-08-14 02:13:00.000000147,9.628165357387848
2010-08-14 02:13:00.000000145,6.811515654656033
2010-08-14 02:13:00.00000061,7.280973215898577
2010-08-14 02:13:00.000000150,13.362227706420988
2010-08-14 02:13:00.00000024,6.8324875727010514
2010-08-14 02:13:00.000000167,7.313157711080288
2010-08-14 02:13:00.00000099,8.532846455044046
2010-08-14 02:13:00.000000120,10.170090859140148
2010-08-14 02:13:00.00000027,6.224841235219682
2010-08-14 02:13:00.00000063,10.301299094411522
2010-08-14 02:13:00.000000164,6.178253414778915
2010-08-14 02:13:00.000000143,17.799366721205903
2010-08-14 02:13:00.000000156,22.44079620330722
2010-08-14 02:13:00.000000123,14.73286425689847
2014-03-25 23:47:00.00000013,5.0983787651022565
2014-03-25 23:47:00.000000116,10.133868197807361
2014-03-25 23:47:00.000000141,6.452258437130418
2014-03-25 23:47:00.000000107,8.920543630435448
2014-03-25 23:47:00.00000068,6.563398634646089
2014-03-25 23:47:00.00000098,19.681136859373215
2014-03-25 23:47:00.000000138,12.60464367442688
2014-03-25 23:47:00.000000120,12.216515557810192
2015-06-05 08:38:56.0000003,9.861112131900152
2010-09-29 16:43:00.000000154,32.999163277503165
2010-09-29 16:43:00.000000157,5.2112917932294796
2010-09-29 16:43:00.00000099,8.546065114741896
2010-09-29 16:43:00.00000023,7.2164788781447236
2010-09-29 16:43:00.000000148,15.233798856708608
2014-10-27 14:58:00.00000028,7.478463748155743
2014-10-27 14:58:00.00000069,9.949367066104566
2014-10-27 14:58:00.000000106,7.599860516101991
2014-10-27 14:58:00.00000070,5.108195101867418
2014-10-27 14:58:00.000000121,14.292381697673962
2014-10-27 14:58:00.00000022,11.86712906365158
2014-10-27 14:58:00.00000057,14.191058828163829
2009-10-08 23:44:56.0000002,5.691739575710391
2012-11-03 17:11:00.00000080,10.683811564763388
2012-11-03 17:11:00.00000030,6.9775013614965475
2012-11-03 17:11:00.000000149,5.564856954605565
2012-11-03 17:11:00.00000078,9.975378584522334
2012-11-03 17:11:00.00000063,9.104827942478828
2012-11-03 17:11:00.000000142,6.817792838807428
2012-11-03 17:11:00.000000101,9.608243477357545
2011-05-28 17:29:44.0000003,6.147581444938904
2011-03-11 01:44:00.00000023,20.29244696890436
2011-03-11 01:44:00.00000014,5.0622216014544446
2011-03-11 01:44:00.00000067,9.073897946868955
2011-03-11 01:44:00.00000019,6.841409527437205
2011-03-11 01:44:00.00000082,17.985939280430486
2011-03-11 01:44:00.00000084,5.052405264689283
2011-03-11 01:44:00.00000033,10.568993323221546
2011-03-11 01:44:00.00000051,14.411125731187107
2011-03-11 01:44:00.00000011,20.48827507417452
2013-12-16 19:06:44.0000001,8.187647809960179
2009-05-08 18:00:36.0000001,4.856209762557668
2013-01-27 00:09:12.0000008,10.159472970159454
2013-09-15 02:37:52.0000002,11.287648311120345
2009-04-05 09:48:20.0000001,5.0622216014544446
2009-11-25 19:32:52.0000001,10.195083799588021
2011-10-04 09:37:00.00000099,6.440126312515837
2011-10-04 09:37:00.00000019,9.441089095391112
2011-10-04 09:37:00.000000132,17.870063755342574
2011-10-04 09:37:00.00000043,38.93357692837418
2011-10-04 09:37:00.000000122,30.02075334700013
2011-10-04 09:37:00.0000002,10.726438134553877
2011-10-04 09:37:00.000000109,5.657546563439424
2014-04-29 08:15:56.0000003,7.478463748155743
2014-12-24 03:00:00.00000035,5.0983787651022565
2009-10-04 22:54:56.0000001,20.779405808070347
2015-04-11 20:31:32.0000008,8.913458593881742
2015-04-11 20:31:32.00000013,14.331998456852919
2011-02-06 17:08:24.0000003,7.496899530821097
2014-04-27 02:57:00.00000010,16.90894209090583
2014-04-27 02:57:00.00000053,9.197507382016404
2014-04-27 02:57:00.000000128,5.166124030113051
2014-04-27 02:57:00.0000008,8.972286052456615
2014-04-27 02:57:00.00000067,11.390028591941357
2014-04-27 02:57:00.0000009,5.282561384381637
2014-04-27 02:57:00.000000159,15.815286881422034
2014-04-27 02:57:00.000000127,12.598695593560613
2014-04-27 02:57:00.000000112,8.802487667815829
2011-12-13 22:00:00.000000147,15.81552529002794
2011-12-13 22:00:00.000000164,6.3175246399856215
2011-12-13 22:00:00.00000078,7.026130508505238
2011-12-13 22:00:00.000000103,9.334392097317888
2011-12-13 22:00:00.000000226,7.00413603716027
2011-12-13 22:00:00.000000215,10.356498659083519
2011-12-13 22:00:00.00000013,9.274531782332767
2011-12-13 22:00:00.000000258,7.091974690676962
2011-12-13 22:00:00.00000087,41.06410396140379
2011-12-13 22:00:00.000000270,5.299716758431512
2011-12-13 22:00:00.00000073,8.698988017577172
2011-12-13 22:00:00.000000203,5.657546563439424
2011-12-13 22:00:00.000000184,4.7016581969073865
2011-12-13 22:00:00.00000019,6.80642310796069
2011-12-13 22:00:00.000000101,28.012498846828397
2011-12-13 22:00:00.000000122,18.85629087282589
2011-12-13 22:00:00.000000190,7.4560836583257775
2011-12-13 22:00:00.00000021,5.034034857136607
2011-12-13 22:00:00.00000051,7.6347497241332976
2011-12-13 22:00:00.00000036,8.307540280996564
2011-12-13 22:00:00.00000022,6.894497091463879
2009-04-12 16:00:56.0000002,13.249047905680037
2014-03-05 21:07:12.0000001,5.0983787651022565
2015-04-11 14:16:12.0000009,7.018227272945506
2014-07-21 18:19:00.000000203,9.948523539548244
2014-07-21 18:19:00.000000229,12.651344890759438
2014-07-21 18:19:00.000000146,6.424970980655262
2014-07-21 18:19:00.000000108,9.844730336174903
2014-07-21 18:19:00.000000171,6.452258437130418
2014-07-21 18:19:00.00000090,15.232322688988662
2014-07-21 18:19:00.00000020,7.478463748155743
2014-07-21 18:19:00.00000059,20.95708784514039
2014-07-21 18:19:00.000000185,6.549757274926395
2014-07-21 18:19:00.000000186,11.887848368974275
2014-07-21 18:19:00.000000201,12.722978892773288
2014-07-21 18:19:00.000000217,4.748583128326871
2014-07-21 18:19:00.00000017,8.33339837794112
2014-07-21 18:19:00.00000079,8.33339837794112
2014-07-21 18:19:00.00000087,8.129479210648775
2011-06-13 09:55:04.0000003,14.789344051898928
2010-09-20 16:48:00.00000025,11.045766441142959
2010-09-20 16:48:00.00000085,47.32745299154119
2010-09-20 16:48:00.00000069,30.316402304984774
2010-09-20 16:48:00.00000086,7.780171416897765
2010-09-20 16:48:00.00000021,9.038140211608953
2010-09-20 16:48:00.00000024,7.131065587496472
2010-09-20 16:48:00.000000100,9.943534342057296
2010-09-20 16:48:00.0000008,15.742826267162368
2010-09-20 16:48:00.00000074,12.312970402211144
2012-08-20 14:47:36.0000002,10.624827451868573
2014-12-01 00:12:44.0000002,29.71535999167671
2009-03-16 09:55:24.0000001,6.580688548465469
2011-03-06 21:01:00.00000017,7.4656229000036145
2011-03-06 21:01:00.000000161,8.432538670833905
2011-03-06 21:01:00.000000170,7.639311597175585
2011-03-06 21:01:00.00000078,10.528870010358062
2011-03-06 21:01:00.000000160,10.296954113138181
2013-02-26 01:38:20.0000001,7.57194602474111
2014-09-22 07:14:16.0000001,6.946064546115134
2010-10-05 02:09:00.00000017,7.693671473785105
2010-10-05 02:09:00.00000024,15.559954256629394
2010-10-05 02:09:00.00000020,5.9606393007527245
2011-04-16 21:23:16.0000001,6.147581444938904
2013-10-05 19:51:04.0000001,6.549757274926395
2011-10-07 22:08:20.0000005,8.281879048702798
2012-03-14 19:10:48.0000003,4.752433208202197
2009-06-21 04:28:48.0000001,15.831138350299476
2011-06-25 11:42:36.0000001,9.7815249720692
2012-01-26 07:33:00.000000145,7.357789781659048
2012-01-26 07:33:00.00000030,5.052405264689283
2012-01-26 07:33:00.000000121,5.052405264689283
2012-01-26 07:33:00.000000151,8.239414591240564
2012-01-26 07:33:00.00000044,6.87157846952056
2015-03-20 23:34:40.0000009,17.34211528081534
2015-03-20 23:34:40.0000005,6.549757274926395
2015-05-21 07:08:08.0000001,8.438071103718302
2010-12-09 07:29:00.000000156,5.704131739685734
2010-12-09 07:29:00.0000002,7.5660760347498295
2010-12-09 07:29:00.00000081,12.629392791807051
2010-08-21 23:02:28.0000003,12.31092133865991
2009-10-29 10:48:40.0000003,9.13672910240087
2015-02-01 00:48:44.0000003,8.084825206416737
2015-02-01 00:48:44.0000005,5.0983787651022565
2011-12-06 11:07:40.0000002,5.083672507298521
2011-12-06 11:07:40.0000003,13.521040449420388
2013-05-18 15:28:40.0000001,9.881293757646604
2013-09-01 17:57:04.0000001,8.173080772483608
2015-02-21 18:39:16.0000001,9.934668935517523
2013-07-22 15:05:16.0000005,10.507306704631501
2010-12-25 13:54:12.0000002,6.440126312515837
2013-11-29 20:09:12.0000001,16.624424448898097
2011-10-25 20:34:20.0000002,10.325127447500769
2012-11-20 21:54:00.000000152,5.0622216014544446
2012-11-20 21:54:00.00000071,24.358534006768686
2012-11-20 21:54:00.00000078,10.581590520750643
2012-11-20 21:54:00.00000073,8.466582369539033
2012-11-20 21:54:00.00000066,10.459177841074709
2012-11-20 21:54:00.000000189,7.271974898948974
2012-11-20 21:54:00.00000016,12.682444908262232
2012-11-20 21:54:00.0000007,9.41399398323947
2012-11-20 21:54:00.000000161,13.321933889710717
2012-11-20 21:54:00.000000174,8.88631385431938
2012-11-20 21:54:00.00000084,8.92926332307131
2012-11-20 21:54:00.000000173,7.16433407904915
2014-06-23 00:16:00.00000086,8.11314601729987
2014-06-23 00:16:00.00000042,42.11782015706648
2014-06-23 00:16:00.00000010,6.494367561818114
2011-09-30 03:23:32.0000001,12.632380021869341
2011-01-03 21:51:28.0000003,7.951440772422009
2013-09-25 22:00:00.00000018,9.497624246646643
2013-09-25 22:00:00.00000071,9.533807975469262
2013-09-25 22:00:00.000000114,10.720955992800747
2013-09-25 22:00:00.000000191,8.692851326922352
2013-09-25 22:00:00.0000006,8.33339837794112
2013-09-25 22:00:00.000000113,4.748583128326871
2013-09-25 22:00:00.000000212,5.166124030113051
2013-09-25 22:00:00.00000066,6.517502227649301
2011-07-06 18:07:44.0000004,5.508278378502442
2014-07-11 12:36:08.0000001,14.273660139101924
2015-02-20 11:08:29.0000007,9.861112131900152
2009-05-16 14:53:41.0000003,6.095141329933703
2010-07-01 22:11:33.0000003,5.718924336829698
2014-10-07 11:52:13.0000008,6.486030462185905
2015-02-26 23:20:13.0000008,13.96888674516313
2011-11-28 14:13:37.0000002,7.17257965338518
2013-08-30 11:20:21.0000003,37.05049277565427
2014-10-25 23:23:05.0000001,10.560872029936975
2014-10-25 23:23:05.0000002,12.15876912398657
2011-07-02 00:38:01.0000001,7.647594960806199
2014-02-08 17:24:57.0000002,8.33339837794112
2013-02-16 16:03:17.0000001,13.238623500787778
2011-01-24 20:18:49.0000005,9.296529127829615
2012-04-07 12:14:05.0000001,10.862110318136558
2011-10-20 13:46:33.0000002,9.109032270629092
2013-11-29 15:09:45.0000003,8.317186187126618
2014-06-22 14:49:13.0000002,37.74046278069932
2009-08-28 23:01:41.0000002,6.9673921303803334
2010-06-11 13:37:21.0000003,8.275187448184123
2013-06-17 06:37:49.0000002,5.0983787651022565
2015-06-02 09:11:17.0000002,40.417644098278295
2014-12-07 19:56:45.0000001,13.8925866543213
2013-04-23 13:19:17.0000001,7.407463855274759
2013-11-28 13:17:13.0000003,6.515103949500465
2012-06-10 00:46:17.0000001,8.29289282825927
2010-02-27 22:55:09.0000001,5.508278378502442
2012-04-14 14:20:33.0000002,7.37296976077551
2013-03-08 19:03:09.0000002,5.624053158850704
2012-07-13 11:00:05.0000005,4.7016581969073865
2014-07-01 11:05:21.0000003,8.33339837794112
2012-10-25 16:20:37.0000005,9.682683261144998
2011-03-24 17:44:01.0000002,9.814641545666374
2014-07-25 18:06:37.0000006,12.698221994379738
2009-08-02 14:01:33.0000005,9.272722395675965
2009-09-25 21:43:49.0000009,10.263170427828939
2011-12-09 21:19:25.0000003,7.091974690676962
2011-12-09 21:19:25.0000004,9.320165644677665
2012-02-08 11:14:49.0000003,14.226779581513156
2012-07-18 22:34:53.0000002,5.0622216014544446
2012-07-18 22:34:53.0000004,6.9372231882969775
2009-09-04 18:43:33.0000002,5.6209659530001215
2011-04-23 11:01:49.0000002,30.544062392593165
2014-10-28 22:42:33.0000004,5.108195101867418
2010-06-20 12:42:37.0000002,5.519970366049174
2015-02-19 11:39:21.0000004,38.88763627147176
2013-12-08 10:41:05.0000002,5.108195101867418
2009-05-15 21:19:13.0000003,5.508278378502442
2011-08-18 08:36:13.0000005,5.519273865238373
2012-12-20 23:43:09.0000004,18.18548808165581
2009-06-13 18:40:13.0000001,14.305779519756536
2009-01-06 07:36:34.0000001,8.715819039306469
2015-04-12 21:56:22.0000003,8.33339837794112
2010-03-21 16:52:58.0000003,8.364547558248626
2013-07-09 21:59:42.0000001,34.422670948391854
2012-06-23 09:43:42.0000002,5.334036816091774
2012-06-23 09:43:42.0000004,5.508278378502442
2013-10-26 10:46:46.0000003,38.72263051842482
2013-09-14 18:51:46.0000001,7.792457301262773
2009-11-23 19:06:14.0000001,7.100896645413116
2010-01-24 14:09:58.0000002,6.717238923722863
2011-12-10 23:39:06.0000003,5.052405264689283
2011-01-15 04:13:38.0000001,6.147581444938904
2011-03-03 21:31:42.0000003,6.095141329933703
2012-08-04 23:34:58.0000003,14.847042247959603
2015-04-10 11:56:54.0000006,6.549757274926395
2015-05-05 12:32:14.0000008,16.55272408539678
2013-10-13 19:52:54.0000002,44.44612252902028
2015-06-25 01:01:46.0000004,11.573382033568667
2009-05-19 15:44:30.0000002,28.143234956572496
2010-02-06 17:37:10.0000002,5.508278378502442
2013-01-14 18:42:54.0000003,7.934350013203267
2014-01-05 17:47:02.0000001,12.962188867685907
2009-07-28 11:13:10.0000002,6.9372231882969775
2012-01-12 18:05:10.0000002,23.489929572130514
2010-12-21 08:46:02.0000006,5.704131739685734
2013-11-24 03:44:46.0000003,16.8061886433048
2013-06-30 03:37:26.0000003,14.519062635447153
2011-05-26 21:36:54.0000004,6.8414958610404755
2009-03-11 21:46:54.0000002,10.233459446074505
2012-12-26 17:12:30.0000002,11.07308135084689
2013-04-21 19:50:54.0000001,10.777496979344766
2013-02-06 18:21:18.0000001,10.507306704631501
2013-07-21 11:41:26.0000003,11.036082978431253
2011-09-17 15:41:06.0000004,13.20988494680286
2015-06-21 17:16:10.0000005,12.223934976645994
2015-02-27 19:36:02.00000013,7.7945052349045785
2015-06-15 01:00:06.0000001,5.0983787651022565
2014-03-08 16:08:26.0000001,4.748583128326871
2014-03-08 16:08:26.0000003,8.473637524277569
2014-09-13 19:05:02.0000002,8.75738411454639
2010-12-04 21:08:38.0000004,17.370542336344442
2010-03-07 00:47:26.0000001,5.052405264689283
2009-12-30 16:54:50.0000001,18.75342103550703
2009-03-11 16:02:14.0000007,12.037429452510723
2010-03-13 01:23:10.0000001,5.508278378502442
2012-05-30 02:28:50.0000002,8.763976077604092
2010-09-04 18:31:42.0000003,5.668906933934924
2009-11-20 23:19:58.0000003,9.320165644677665
2011-09-22 20:05:22.0000003,11.210676023646629
2009-02-08 00:04:06.0000001,22.910243295026984
2014-05-17 10:51:46.0000003,13.347582999149973
2010-05-06 11:35:26.0000002,9.947429330343255
2011-10-01 00:42:26.0000001,6.936387938726413
2014-12-26 20:19:38.0000001,6.426262996657282
2015-04-22 09:54:06.0000004,12.156482676586439
2009-01-25 21:17:18.0000001,11.969273465569568
2011-08-01 17:44:30.0000003,18.256334758987293
2012-03-25 04:50:39.0000001,29.402940443398617
2012-12-26 18:28:55.0000004,8.483888918503386
2011-07-06 19:56:23.0000005,13.259095901595522
2012-08-19 12:06:39.0000002,12.377186151216765
2015-04-28 20:15:27.0000004,6.549757274926395
2015-04-28 20:15:27.0000007,8.173080772483608
2014-06-07 12:21:11.0000002,38.96382775030499
2013-12-22 21:24:47.0000001,9.643355093569795
2011-11-23 21:07:43.0000004,8.357627142048583
2011-08-08 11:18:15.0000001,6.845753249830117
2015-05-20 19:39:11.0000004,9.359874264167765
2015-03-20 16:33:07.0000003,38.88763627147176
2015-04-26 21:44:23.0000002,5.0983787651022565
2010-10-09 15:48:51.0000004,5.052405264689283
2012-04-27 22:32:19.0000002,7.0378277520990755
2012-10-12 15:21:55.0000002,10.849059401462707
2009-12-26 09:23:19.0000001,6.440126312515837
2014-11-30 15:46:23.0000002,5.0983787651022565
2010-06-22 14:25:19.0000007,9.279148214241383
2013-01-03 11:41:47.0000002,34.28780107731316
2015-01-12 17:05:51.0000005,32.9746121757741
2013-04-07 00:24:27.0000002,6.964535716056072
2010-01-13 08:28:59.0000002,5.052405264689283
2012-06-16 14:33:19.0000001,6.147581444938904
2009-03-25 01:20:55.0000002,10.078436493532582
2010-07-13 07:38:03.0000003,16.422400749694653
2012-11-09 18:17:35.0000004,5.580524933131361
2009-06-21 00:54:23.0000002,8.294669072352113
2009-12-23 20:14:19.0000004,8.354831327172935
2013-11-29 21:36:07.0000003,5.108195101867418
2012-06-09 22:57:15.0000003,6.147581444938904
2010-10-22 20:56:51.0000002,6.845303816334718
2011-02-21 23:46:07.0000002,17.54559534675481
2012-07-30 18:18:19.0000001,29.28453962024637
2010-06-02 19:45:19.0000003,6.900968929530218
2009-05-21 20:50:31.0000003,6.147581444938904
2014-11-11 12:10:59.0000001,13.941653476191682
2012-09-09 23:40:03.0000003,9.550969086133353
2011-04-28 01:29:51.0000001,6.807964396483121
2009-09-28 19:21:59.0000003,15.548095975257697
2012-10-21 19:47:23.0000002,15.249371141182937
2013-06-04 23:58:11.0000006,10.560872029936975
2014-08-08 17:32:47.0000005,55.70599392089093
2011-01-04 10:12:51.0000002,9.814641545666374
2011-10-26 17:48:43.0000006,13.088404776134357
2009-12-19 21:56:15.0000003,5.052405264689283
2010-06-13 19:39:51.0000001,5.508278378502442
2015-02-14 09:08:11.0000001,55.86209146560775
2015-02-14 09:08:11.0000004,9.500313099326267
2013-01-09 02:05:51.0000001,11.934324019193875
2013-06-21 02:39:47.0000002,6.261119217504269
2011-10-07 12:38:19.0000001,6.440126312515837
2013-02-02 16:07:55.0000004,15.232448320049143
2014-04-05 01:52:27.0000004,9.628337319381847
2014-04-05 01:52:27.0000003,16.957358203055634
2010-02-23 20:29:51.0000001,5.402391072598632
2014-07-01 15:15:23.0000003,6.191497482525381
2012-12-01 21:12:12.0000001,12.846500497279608
2014-06-14 13:39:00.00000071,6.426262996657282
2013-11-09 18:52:40.0000001,11.436138715591433
2013-11-09 18:52:40.0000003,13.149344349290265
2014-12-30 20:29:24.0000002,8.385641640476473
2010-05-10 10:37:04.0000004,9.814641545666374
2013-07-12 23:33:24.0000002,17.219151230570343
2009-06-10 16:55:00.000000132,8.83730105892932
2009-06-10 16:55:00.000000163,9.814641545666374
2009-06-10 16:55:00.00000084,15.26267875347923
2009-03-22 04:31:40.0000001,15.100738938328895
2011-06-24 12:03:00.0000009,8.932182122642415
2011-06-24 12:03:00.000000174,30.46588302930042
2011-06-24 12:03:00.000000158,9.947429330343255
2014-06-15 07:06:00.00000044,55.82312833959339
2015-05-30 21:29:04.0000006,8.33339837794112
2009-09-14 02:19:00.00000037,13.793675800217207
2011-10-02 22:31:44.0000001,19.635158946943186
2011-07-20 16:34:48.0000002,9.357196752041796
2011-06-01 07:37:00.00000012,13.791539908712592
2011-06-01 07:37:00.000000111,9.743551663076946
2011-06-01 07:37:00.00000014,7.627153596506116
2010-08-27 18:45:00.0000002,13.886692191120476
2010-08-27 18:45:00.000000118,6.090060073043515
2010-08-27 18:45:00.000000143,7.0378277520990755
2010-08-27 18:45:00.000000233,17.34129762200614
2010-08-27 18:45:00.000000156,7.534302643741194
2010-08-27 18:45:00.000000167,6.964635653992037
2010-08-27 18:45:00.000000168,6.131816228731894
2010-08-27 18:45:00.000000149,6.178253414778915
2010-08-27 18:45:00.00000091,6.224841235219682
2010-08-27 18:45:00.000000126,6.832131435467696
2010-08-27 18:45:00.00000020,9.357196752041796
2010-08-14 02:13:00.000000154,7.287471582276465
2010-08-14 02:13:00.00000098,6.465739958776274
2015-04-16 22:32:48.0000003,20.078521650716397
2014-03-25 23:47:00.00000021,29.721657572918712
2014-03-25 23:47:00.00000084,13.960032861594494
2010-09-29 16:43:00.000000161,8.560576746415467
2010-09-29 16:43:00.00000093,30.30893602897064
2014-10-27 14:58:00.00000088,9.855154131711052
2014-10-27 14:58:00.00000092,55.86209146560775
2014-10-27 14:58:00.00000094,7.921418341710028
2012-11-03 17:11:00.00000013,8.483888918503386
2012-11-03 17:11:00.0000001,5.583337370488208
2012-11-03 17:11:00.000000150,8.494244617535523
2011-05-28 17:29:44.0000002,5.508278378502442
2013-09-28 00:06:20.0000005,8.954491479423673
2013-09-28 00:06:20.0000003,20.199463444729176
2011-03-11 01:44:00.00000095,5.052405264689283
2011-03-11 01:44:00.00000029,7.220602012520974
2011-10-04 09:37:00.00000080,30.5884610926629
2011-10-04 09:37:00.000000113,13.20988494680286
2011-10-04 09:37:00.000000160,7.6866310076839115
2011-10-04 09:37:00.0000006,5.724364438365927
2014-12-24 03:00:00.00000020,83.79044491185968
2009-05-16 23:36:24.0000003,4.7016581969073865
2014-04-27 02:57:00.00000064,29.70397024427089
2014-04-27 02:57:00.00000083,13.532578078160968
2014-04-27 02:57:00.00000069,18.919985205764064
2014-04-27 02:57:00.0000007,9.692470661996198
2011-12-13 22:00:00.000000102,16.023234175368323
2011-12-13 22:00:00.000000214,12.459819262792209
2011-12-13 22:00:00.000000128,11.412476265699873
2011-12-13 22:00:00.000000249,7.780171416897765
2011-12-13 22:00:00.00000052,14.959740406578295
2011-12-13 22:00:00.000000168,6.191994022549624
2011-12-13 22:00:00.00000079,8.74357445282655
2011-12-13 22:00:00.00000050,7.131065587496472
2015-04-11 14:16:12.0000005,6.549757274926395
2014-07-21 18:19:00.000000205,7.838340701483454
2014-07-21 18:19:00.00000023,20.3125645751424
2014-07-21 18:19:00.00000046,12.928238805412018
2014-07-21 18:19:00.00000096,16.73928906379883
2014-07-21 18:19:00.000000156,35.56845117711223
2010-09-20 16:48:00.0000002,8.49579013731928
2010-09-20 16:48:00.000000156,5.802910497176011
2010-09-20 16:48:00.00000041,9.157120347228418
2010-09-20 16:48:00.00000083,5.802910497176011
2010-09-20 16:48:00.000000122,13.555127928360847
2011-03-06 21:01:00.00000036,8.179217078562056
2011-03-06 21:01:00.00000019,5.508278378502442
2011-03-06 21:01:00.000000123,10.336336231664479
2011-03-06 21:01:00.000000166,9.296529127829615
2011-03-06 21:01:00.000000140,15.949442429188439
2011-03-06 21:01:00.00000060,7.62727851395065
2012-05-23 16:25:16.0000001,48.12625665050326
2011-04-16 21:23:16.0000003,4.7016581969073865
2013-10-05 19:51:04.0000004,6.426262996657282
2012-03-14 19:10:48.0000007,6.9673921303803334
2012-01-26 07:33:00.00000064,17.943728457571332
2012-01-26 07:33:00.000000131,5.486111017046852
2012-01-26 07:33:00.00000071,5.6625801074271775
2012-01-26 07:33:00.00000028,16.095802547749273
2012-01-26 07:33:00.00000072,7.3011863602840785
2010-12-09 07:29:00.00000093,9.011163770933388
2010-12-09 07:29:00.000000123,8.766126589534473
2010-12-09 07:29:00.00000056,6.80642310796069
2014-05-17 02:47:12.0000001,7.653706565422121
2009-01-22 12:27:20.0000001,11.472017206412048
2011-04-23 21:22:20.0000002,5.0622216014544446
2012-11-20 21:54:00.00000062,7.228959613091647
2012-11-20 21:54:00.000000207,9.66229816370885
2012-11-20 21:54:00.00000014,5.0622216014544446
2012-11-20 21:54:00.000000246,16.319687943883274
2012-11-20 21:54:00.000000164,54.22454025800811
2014-06-23 00:16:00.00000011,19.788529148482713
2014-06-23 00:16:00.00000091,9.092291059233768
2013-09-25 22:00:00.000000144,12.133239789114178
2013-09-25 22:00:00.000000100,55.86209146560775
2013-09-25 22:00:00.000000166,11.092982207514353
2013-09-25 22:00:00.000000105,15.402663659589233
2013-09-25 22:00:00.00000015,10.617804025775918
2011-07-06 18:07:44.0000002,43.844111270649016
2009-05-16 14:53:41.0000002,9.6423379027725
2013-10-17 22:21:57.0000003,12.216515557810192
2015-03-04 21:42:57.00000011,8.285711914933819
2011-03-22 12:59:49.0000001,11.587520503278224
2013-07-05 00:58:17.0000004,15.617502822980079
2010-01-30 00:57:21.0000001,6.032310011870198
2012-04-02 08:39:21.0000002,14.343670245869705
2010-07-25 04:03:17.0000001,43.40104808639272
2012-07-01 22:30:29.0000002,17.710156799791722
2014-02-08 17:24:57.0000003,17.329964458688707
2012-06-02 01:16:05.0000003,5.052405264689283
2012-06-02 01:16:05.0000001,6.636409615500144
2014-01-11 06:18:37.0000001,6.384613495773382
2012-12-09 22:30:13.0000005,5.714528496372447
2011-10-01 15:04:57.0000002,5.704131739685734
2012-01-01 00:37:29.0000004,8.070425462042273
2012-04-14 14:20:33.0000003,11.533097662969892
2010-02-01 20:28:45.0000004,8.641752284724113
2013-08-19 16:21:05.0000001,18.53458387924214
2014-06-05 22:56:05.0000004,7.839753543471126
2013-11-07 22:25:25.0000004,17.976195937988876
2010-06-19 03:06:33.0000001,16.678760519305314
2012-07-18 09:44:53.0000003,6.2453460371091785
2009-09-25 21:43:49.0000002,8.281879048702798
2009-09-04 18:43:33.0000001,6.440126312515837
2012-10-20 00:36:37.0000001,8.243044902374963
2014-06-19 22:37:09.0000002,29.71495517764358
2012-12-20 23:43:09.0000001,18.49291666099994
2015-05-23 01:00:22.0000002,8.681283779870506
2012-11-18 14:55:42.0000001,7.247332749848707
2010-01-24 14:09:58.0000003,5.928740327811719
2014-07-27 11:25:18.0000003,19.478745818731866
2009-03-15 03:31:14.0000004,5.052405264689283
2010-09-24 22:40:06.0000004,5.969245169159104
2009-04-18 23:09:34.0000001,35.70001937941353
2014-08-26 16:39:54.0000001,16.69846477930474
2009-05-31 20:56:38.0000004,6.107354010483727
2015-05-29 10:02:42.0000002,7.478463748155743
2011-04-17 14:55:58.0000002,6.580688548465469
2011-05-26 21:36:54.0000003,6.9372231882969775
2011-05-26 21:36:54.0000002,9.296529127829615
2013-11-23 16:33:30.0000002,10.812087809567444
2009-06-03 09:11:30.0000001,8.170539454069756
2010-12-04 21:08:38.0000005,7.131065587496472
2013-09-07 19:43:18.0000003,10.250383793562987
2011-03-10 18:16:14.0000005,5.508278378502442
2011-05-19 02:06:46.0000002,6.815993335703694
2009-08-03 17:06:06.0000002,15.949442429188439
2015-04-14 19:20:46.0000008,6.985341847851213
2011-09-08 13:39:06.0000002,7.091974690676962
2012-03-03 02:30:54.0000003,12.810393303372482
2012-12-27 21:01:54.0000004,5.301636225608965
2012-12-27 21:01:54.0000005,9.385126460739878
2014-06-20 02:16:34.0000002,7.045619685375735
2014-01-14 18:48:06.0000008,9.979231346686191
2011-09-03 00:03:42.0000008,7.760926808856146
2013-07-02 22:27:14.0000004,15.76848295329956
2013-07-02 22:27:14.0000001,10.377666822245788
2015-05-09 11:33:58.0000002,9.517322461775018
2015-03-28 19:31:26.0000003,12.964838211486022
2013-08-08 14:38:43.0000002,10.238572221047201
2009-11-19 22:48:27.0000001,38.76578099767215
2011-07-06 19:56:23.0000001,15.233798856708608
2015-06-18 20:56:55.0000002,5.0983787651022565
2015-02-14 13:15:19.0000002,6.549757274926395
2013-01-12 22:40:39.0000002,8.92984038960699
2013-03-23 15:41:07.0000002,37.82434164359622
2010-01-31 00:33:03.0000006,7.483632251061034
2014-06-09 14:51:39.0000001,7.874034520581384
2015-03-20 16:33:07.0000004,15.397527662579995
2015-01-04 00:28:11.0000004,8.07115689235769
2010-10-04 16:17:03.0000001,11.294225763844429
2011-05-17 07:53:55.0000003,5.740523216393541
2012-12-26 20:55:27.0000001,5.052405264689283
2012-12-26 20:55:27.0000003,4.865015183330918
2011-12-17 16:19:47.0000002,11.654836725062262
2010-02-15 10:14:23.0000001,30.30893602897064
2010-12-11 16:12:35.0000003,5.083672507298521
2011-12-11 11:05:51.0000002,11.654836725062262
2014-06-14 12:32:11.0000001,10.437876932107665
2012-06-09 22:57:15.0000001,7.0378277520990755
2009-05-21 20:50:31.0000004,5.083672507298521
2010-09-22 09:42:31.0000005,7.131065587496472
2014-07-08 10:21:39.0000007,20.04260308708906
2012-09-16 18:14:55.0000002,15.249371141182937
2013-10-05 13:45:39.0000001,6.549757274926395
2014-07-31 10:39:39.0000001,12.928238805412018
2013-02-16 14:26:51.0000001,12.223934976645994
2014-01-04 10:54:59.0000004,55.77187778059246
2015-03-07 15:25:59.0000005,8.485554823769997
2009-04-16 15:57:31.0000003,5.508278378502442
2011-10-23 17:43:43.0000002,7.614787243022283
2014-06-14 13:39:00.000000189,11.608459860146338
2014-06-14 13:39:00.000000153,9.621453433428515
2014-06-14 13:39:00.00000088,5.0983787651022565
2014-06-14 13:39:00.000000157,14.530300418014713
2014-06-14 13:39:00.00000046,7.760103345817713
2014-06-14 13:39:00.000000110,6.522177249901278
2014-06-14 13:39:00.000000106,43.33107836507399
2014-06-14 13:39:00.00000019,15.02348434683827
2014-06-14 13:39:00.000000186,6.549757274926395
2014-06-14 13:39:00.00000037,9.483931303601018
2014-06-14 13:39:00.00000057,11.685209493332898
2014-06-14 13:39:00.000000127,12.378584395326705
2014-06-14 13:39:00.0000009,37.48113005366619
2014-06-14 13:39:00.000000173,8.33339837794112
2014-06-14 13:39:00.00000027,5.166124030113051
2014-06-14 13:39:00.000000100,7.478463748155743
2011-10-02 23:36:00.00000060,16.070382576067512
2011-10-02 23:36:00.00000057,16.267984903676485
2011-10-02 23:36:00.00000044,5.690149318370971
2011-10-02 23:36:00.00000087,22.434263767760388
2011-10-02 23:36:00.00000084,10.512877782553632
2011-10-02 23:36:00.00000046,13.08744335564854
2011-10-02 23:36:00.0000006,7.131065587496472
2011-10-02 23:36:00.00000033,33.360254709551526
2011-10-02 23:36:00.00000064,18.383422601766835
2011-10-02 23:36:00.00000094,9.60434072222889
2011-10-02 23:36:00.00000049,5.884619975128345
2011-10-02 23:36:00.00000066,8.175669290907944
2011-10-02 23:36:00.00000080,9.334392097317888
2011-10-02 23:36:00.00000029,33.355467816352395
2011-10-02 23:36:00.00000055,4.7016581969073865
2011-10-02 23:36:00.00000079,16.862841898372043
2011-10-02 23:36:00.00000053,10.698279304012988
2009-06-10 16:55:00.00000014,6.9673921303803334
2009-06-10 16:55:00.00000052,6.8414958610404755
2009-06-10 16:55:00.00000065,7.2789417867599555
2009-06-10 16:55:00.000000169,12.096471791955901
2009-06-10 16:55:00.000000172,6.911806996563467
2009-06-10 16:55:00.000000105,5.083672507298521
2009-06-10 16:55:00.00000073,4.7016581969073865
2009-06-10 16:55:00.000000157,10.8673195659147
2009-06-10 16:55:00.000000156,5.708533338401249
2009-06-10 16:55:00.000000116,8.138647873143684
2009-06-10 16:55:00.00000022,5.349486783533295
2009-06-10 16:55:00.00000013,6.147581444938904
2009-06-10 16:55:00.000000126,4.989699454258626
2009-06-10 16:55:00.00000023,6.9673921303803334
2009-06-10 16:55:00.00000086,6.333612309602254
2009-06-10 16:55:00.00000040,10.845388810176441
2009-06-10 16:55:00.00000058,6.9673921303803334
2009-06-10 16:55:00.000000170,5.349486783533295
2009-06-10 16:55:00.00000027,10.903351383378121
2009-06-10 16:55:00.00000011,12.630603505597058
2009-06-10 16:55:00.000000129,5.919003102257655
2009-06-10 16:55:00.000000121,5.0622216014544446
2009-06-10 16:55:00.00000080,7.639311597175585
2009-06-10 16:55:00.00000089,8.1946498528105
2009-06-10 16:55:00.000000103,6.0411273653547335
2009-06-10 16:55:00.00000051,7.271505646078947
2009-06-10 16:55:00.00000063,27.174859048502334
2009-06-10 16:55:00.000000106,5.481792051774074
2009-06-10 16:55:00.00000091,6.147581444938904
2009-06-10 16:55:00.00000095,13.867032978771402
2009-06-10 16:55:00.000000137,5.052405264689283
2009-06-10 16:55:00.000000113,4.865015183330918
2009-06-10 16:55:00.000000173,6.095141329933703
2009-06-10 16:55:00.00000077,5.230014089202114
2009-06-10 16:55:00.00000036,5.508278378502442
2011-06-24 12:03:00.000000148,5.6625801074271775
2011-06-24 12:03:00.00000070,5.508278378502442
2011-06-24 12:03:00.000000129,9.30583896927314
2011-06-24 12:03:00.000000130,5.0622216014544446
2011-06-24 12:03:00.000000160,10.825397138019476
2011-06-24 12:03:00.000000167,28.40887731649564
2011-06-24 12:03:00.00000059,6.9673921303803334
2011-06-24 12:03:00.000000128,7.316106844518811
2011-06-24 12:03:00.000000112,4.8886405175426955
2011-06-24 12:03:00.000000134,5.508278378502442
2011-06-24 12:03:00.00000021,13.249047905680037
2011-06-24 12:03:00.00000039,11.270617842518472
2011-06-24 12:03:00.00000083,13.178380065438912
2011-06-24 12:03:00.00000029,6.552926165276264
2011-06-24 12:03:00.00000037,7.653321396166879
2011-06-24 12:03:00.0000004,12.611312854417184
2011-06-24 12:03:00.000000117,30.297626643095327
2011-06-24 12:03:00.000000147,4.725283531119164
2011-06-24 12:03:00.00000043,6.9673921303803334
2011-06-24 12:03:00.000000172,7.548401851560279
2011-06-24 12:03:00.00000011,6.147581444938904
2011-06-24 12:03:00.00000036,4.7016581969073865
2011-06-24 12:03:00.00000015,5.508278378502442
2011-06-24 12:03:00.00000065,6.227244639167601
2011-06-24 12:03:00.000000169,33.997546226080935
2011-06-24 12:03:00.000000164,12.345126820340273
2011-06-24 12:03:00.000000163,5.508278378502442
2011-06-24 12:03:00.00000096,6.9372231882969775
2011-06-24 12:03:00.00000030,11.618486862880479
2014-06-15 07:06:00.00000018,8.835591401624772
2014-06-15 07:06:00.00000034,21.58539441250019
2014-06-15 07:06:00.00000022,55.82312833959339
2014-06-15 07:06:00.00000012,6.912965724892817
2014-06-15 07:06:00.0000005,9.51650439691017
2014-06-15 07:06:00.00000023,5.166124030113051
2014-06-15 07:06:00.0000001,10.24686448347628
2009-09-14 02:19:00.0000005,4.720270750001125
2009-09-14 02:19:00.00000032,5.5770594253544985
2009-09-14 02:19:00.00000015,5.0622216014544446
2009-09-14 02:19:00.00000029,6.983245290844317
2009-09-14 02:19:00.00000012,5.94738424279505
2009-09-14 02:19:00.00000019,12.86051123223974
2011-06-01 07:37:00.000000193,5.481792051774074
2011-06-01 07:37:00.000000135,5.334036816091774
2011-06-01 07:37:00.000000124,7.313157711080288
2011-06-01 07:37:00.00000071,7.6349717300687185
2011-06-01 07:37:00.000000191,15.89382177028836
2011-06-01 07:37:00.00000073,6.064350128231097
2011-06-01 07:37:00.000000134,12.24488408964746
2011-06-01 07:37:00.000000195,9.81388396027629
2011-06-01 07:37:00.000000130,8.296113348535739
2011-06-01 07:37:00.00000039,7.287471582276465
2011-06-01 07:37:00.000000188,12.578319826488041
2011-06-01 07:37:00.00000030,7.585958476891296
2011-06-01 07:37:00.00000040,11.19139808806067
2011-06-01 07:37:00.00000011,8.257094712372659
2011-06-01 07:37:00.00000093,7.227511651780827
2011-06-01 07:37:00.000000121,47.36574927075931
2011-06-01 07:37:00.000000224,6.8324875727010514
2011-06-01 07:37:00.000000153,5.122317250635047
2011-06-01 07:37:00.00000033,5.349486783533295
2011-06-01 07:37:00.000000213,9.48019098570651
2011-06-01 07:37:00.00000076,5.464130072765154
2011-06-01 07:37:00.00000018,6.87157846952056
2011-06-01 07:37:00.00000021,11.043933974893331
2011-06-01 07:37:00.000000126,12.539893057011543
2011-06-01 07:37:00.000000202,6.0411273653547335
2011-06-01 07:37:00.00000035,8.199372595811592
2011-06-01 07:37:00.000000216,11.047302395375068
2011-06-01 07:37:00.00000067,7.627153596506116
2011-06-01 07:37:00.00000013,9.63907407165072
2011-06-01 07:37:00.00000024,8.213473248506226
2011-06-01 07:37:00.000000148,5.052405264689283
2011-06-01 07:37:00.000000200,5.508278378502442
2011-06-01 07:37:00.00000042,10.280621454920272
2011-06-01 07:37:00.00000066,9.758422495780447
2011-06-01 07:37:00.00000056,11.352085735921639
2011-06-01 07:37:00.00000063,15.414726626074865
2011-06-01 07:37:00.0000009,10.138264368015543
2011-06-01 07:37:00.000000187,6.567893780099074
2011-06-01 07:37:00.000000225,6.147581444938904
2010-08-27 18:45:00.0000009,33.12691582244725
2010-08-27 18:45:00.000000120,6.918167382549054
2010-08-27 18:45:00.00000019,6.928301233560823
2010-08-27 18:45:00.0000001,6.784071041688963
2010-08-27 18:45:00.00000080,5.052405264689283
2010-08-27 18:45:00.00000082,5.519273865238373
2010-08-27 18:45:00.000000180,10.861428955482898
2010-08-27 18:45:00.00000058,16.103306149478986
2010-08-27 18:45:00.000000178,28.53779541138247
2010-08-27 18:45:00.000000117,6.9673921303803334
2010-08-27 18:45:00.00000079,10.972304825268703
2010-08-27 18:45:00.000000200,5.052405264689283
2010-08-27 18:45:00.000000108,7.161963383972586
2010-08-27 18:45:00.00000098,6.9372231882969775
2010-08-27 18:45:00.00000059,47.32745299154119
2010-08-27 18:45:00.000000138,17.77316829875796
2010-08-27 18:45:00.000000232,7.639311597175585
2010-08-27 18:45:00.00000032,22.72573697986106
2010-08-27 18:45:00.00000047,9.292664915835529
2010-08-27 18:45:00.000000100,9.814641545666374
2010-08-27 18:45:00.000000154,6.928301233560823
2010-08-27 18:45:00.000000211,8.147315586857879
2010-08-27 18:45:00.000000114,6.9673921303803334
2010-08-27 18:45:00.00000042,5.519273865238373
2010-08-27 18:45:00.000000104,17.63574105228679
2010-08-27 18:45:00.000000162,9.371201591337446
2010-08-27 18:45:00.00000095,5.052405264689283
2010-08-27 18:45:00.000000150,9.292664915835529
2010-08-27 18:45:00.00000052,13.282324059345124
2010-08-27 18:45:00.000000225,5.519273865238373
2010-08-27 18:45:00.00000064,8.379622947092594
2010-08-27 18:45:00.000000215,8.998154307991415
2010-08-27 18:45:00.000000206,5.519273865238373
2010-08-27 18:45:00.000000122,6.166040734228892
2010-08-27 18:45:00.000000221,9.814641545666374
2010-08-27 18:45:00.00000027,5.0622216014544446
2010-08-27 18:45:00.000000115,6.580688548465469
2010-08-27 18:45:00.000000218,7.55581507038675
2010-08-27 18:45:00.000000212,12.557530310640331
2010-08-27 18:45:00.000000229,6.9673921303803334
2010-08-27 18:45:00.000000213,9.491052028324017
2010-08-27 18:45:00.00000099,39.62056696991833
2010-08-27 18:45:00.000000176,13.017845393468747
2010-08-27 18:45:00.000000132,17.767797388997508
2010-08-27 18:45:00.0000007,6.907329315515806
2010-08-27 18:45:00.000000151,30.372245948110038
2010-08-27 18:45:00.000000137,13.566054785646447
2010-08-27 18:45:00.00000021,29.64951326791071
2010-08-27 18:45:00.000000185,5.372005188503586
2010-08-27 18:45:00.00000041,7.262098125908195
2010-08-14 02:13:00.000000129,8.307427596788619
2010-08-14 02:13:00.0000006,13.722818415549728
2010-08-14 02:13:00.00000045,9.629351294832569
2010-08-14 02:13:00.000000117,15.917951765214307
2010-08-14 02:13:00.00000079,13.457034146936696
2010-08-14 02:13:00.000000112,6.178253414778915
2010-08-14 02:13:00.00000088,21.386632070523632
2010-08-14 02:13:00.0000005,8.116152344268713
2010-08-14 02:13:00.00000016,10.056049510117871
2010-08-14 02:13:00.0000002,7.64499486945237
2010-08-14 02:13:00.00000071,24.917392574572364
2010-08-14 02:13:00.00000019,8.242020242312273
2010-08-14 02:13:00.000000113,5.083672507298521
2010-08-14 02:13:00.000000151,6.811515654656033
2010-08-14 02:13:00.000000104,12.09961713492452
2010-08-14 02:13:00.00000095,15.162996834869965
2010-08-14 02:13:00.00000053,7.3011863602840785
2010-08-14 02:13:00.00000046,7.6349717300687185
2010-08-14 02:13:00.00000011,16.109909725698056
2010-08-14 02:13:00.000000124,21.626601654607292
2010-08-14 02:13:00.000000153,19.633151011687662
2010-08-14 02:13:00.00000081,45.51085649391914
2010-08-14 02:13:00.00000062,9.75150905985444
2010-08-14 02:13:00.000000103,15.559954256629394
2010-08-14 02:13:00.000000144,6.841409527437205
2010-08-14 02:13:00.00000082,7.594123835775451
2010-08-14 02:13:00.00000093,5.519273865238373
2010-08-14 02:13:00.00000058,6.841409527437205
2010-08-14 02:13:00.000000107,5.702315956866569
2010-08-14 02:13:00.000000157,6.87157846952056
2010-08-14 02:13:00.00000013,5.519273865238373
2010-08-14 02:13:00.000000138,5.052405264689283
2010-08-14 02:13:00.000000119,12.716065528976905
2010-08-14 02:13:00.00000065,5.052405264689283
2010-08-14 02:13:00.00000039,5.519273865238373
2010-08-14 02:13:00.000000118,6.841409527437205
2010-08-14 02:13:00.00000048,15.803338521585577
2010-08-14 02:13:00.00000067,11.928920661667314
2010-08-14 02:13:00.00000096,19.82406883955564
2010-08-14 02:13:00.00000091,14.649014956755998
2010-08-14 02:13:00.000000114,6.811515654656033
2010-08-14 02:13:00.00000023,39.19650561837896
2010-08-14 02:13:00.000000106,6.224841235219682
2014-03-25 23:47:00.000000102,7.478463748155743
2014-03-25 23:47:00.00000026,22.886384250839587
2014-03-25 23:47:00.00000042,15.004226049441408
2014-03-25 23:47:00.00000051,6.065300013065593
2014-03-25 23:47:00.00000052,8.16997373532716
2014-03-25 23:47:00.00000031,12.879881874358398
2014-03-25 23:47:00.00000096,11.160281742362935
2014-03-25 23:47:00.000000134,5.108195101867418
2014-03-25 23:47:00.00000019,16.448052406576718
2014-03-25 23:47:00.00000020,8.737325804175734
2014-03-25 23:47:00.000000115,31.77916364664753
2014-03-25 23:47:00.00000035,5.0983787651022565
2014-03-25 23:47:00.000000132,19.8116103970238
2014-03-25 23:47:00.00000085,35.21612071963959
2014-03-25 23:47:00.00000064,55.86209146560775
2014-03-25 23:47:00.00000011,8.336915384625941
2014-03-25 23:47:00.000000124,8.906046095651735
2014-03-25 23:47:00.000000112,7.543153166028542
2014-03-25 23:47:00.000000127,22.307393424795723
2014-03-25 23:47:00.00000028,17.381106685476887
2014-03-25 23:47:00.00000055,11.132116088219187
2014-03-25 23:47:00.00000036,8.33339837794112
2014-03-25 23:47:00.000000135,32.89771136869205
2014-03-25 23:47:00.000000108,11.194904081066749
2014-03-25 23:47:00.00000012,15.758578317666299
2010-09-29 16:43:00.000000162,7.131065587496472
2010-09-29 16:43:00.00000078,8.49579013731928
2010-09-29 16:43:00.00000015,8.572103435536139
2010-09-29 16:43:00.0000001,12.762278549860945
2010-09-29 16:43:00.000000119,7.780171416897765
2010-09-29 16:43:00.000000140,8.560576746415467
2010-09-29 16:43:00.00000041,7.780171416897765
2010-09-29 16:43:00.000000135,12.963979753146255
2010-09-29 16:43:00.000000117,6.440126312515837
2010-09-29 16:43:00.00000059,13.498065799011531
2010-09-29 16:43:00.00000014,7.5891227924722795
2010-09-29 16:43:00.00000012,12.762278549860945
2010-09-29 16:43:00.000000170,5.815745613426842
2010-09-29 16:43:00.00000013,7.6866310076839115
2010-09-29 16:43:00.000000145,7.131065587496472
2010-09-29 16:43:00.000000174,13.544462494344735
2010-09-29 16:43:00.000000164,7.131065587496472
2010-09-29 16:43:00.00000037,12.93506535632193
2010-09-29 16:43:00.000000159,5.083672507298521
2010-09-29 16:43:00.000000113,12.762278549860945
2010-09-29 16:43:00.00000094,4.7016581969073865
2010-09-29 16:43:00.00000011,5.802910497176011
2010-09-29 16:43:00.000000168,5.052405264689283
2010-09-29 16:43:00.000000114,47.32745299154119
2010-09-29 16:43:00.00000019,5.0622216014544446
2010-09-29 16:43:00.00000022,7.780171416897765
2010-09-29 16:43:00.00000040,7.100896645413116
2010-09-29 16:43:00.00000016,7.066264183337695
2010-09-29 16:43:00.000000144,7.091974690676962
2010-09-29 16:43:00.00000044,9.063671554568854
2010-09-29 16:43:00.00000062,9.109032270629092
2010-09-29 16:43:00.00000074,30.86669664139695
2010-09-29 16:43:00.00000064,16.232832037489803
2010-09-29 16:43:00.000000110,12.86030498532933
2010-09-29 16:43:00.000000122,7.780171416897765
2010-09-29 16:43:00.000000142,4.7016581969073865
2010-09-29 16:43:00.00000080,5.052405264689283
2014-10-27 14:58:00.000000149,55.86209146560775
2014-10-27 14:58:00.000000125,13.894602091748972
2014-10-27 14:58:00.000000130,9.844730336174903
2014-10-27 14:58:00.000000146,7.349494171348612
2014-10-27 14:58:00.00000040,7.429640877661175
2014-10-27 14:58:00.000000136,6.486030462185905
2014-10-27 14:58:00.000000123,12.397092791592947
2014-10-27 14:58:00.000000115,6.549757274926395
2014-10-27 14:58:00.00000046,6.310679699093319
2014-10-27 14:58:00.0000009,55.86209146560775
2014-10-27 14:58:00.00000059,52.305518067770244
2014-10-27 14:58:00.000000111,7.904935974680496
2014-10-27 14:58:00.00000054,55.86209146560775
2014-10-27 14:58:00.00000024,7.934350013203267
2014-10-27 14:58:00.00000065,10.507306704631501
2014-10-27 14:58:00.00000087,13.941653476191682
2014-10-27 14:58:00.00000099,6.549757274926395
2014-10-27 14:58:00.000000144,5.04195498892211
2014-10-27 14:58:00.00000081,4.901232083647582
2014-10-27 14:58:00.00000056,9.932985270379316
2012-11-03 17:11:00.000000115,6.559472030140918
2012-11-03 17:11:00.00000079,7.281411071691217
2012-11-03 17:11:00.00000081,10.100916655423404
2012-11-03 17:11:00.00000085,13.52985357130622
2012-11-03 17:11:00.000000128,4.73098230235812
2012-11-03 17:11:00.000000160,9.091614105025728
2012-11-03 17:11:00.000000118,6.9775013614965475
2012-11-03 17:11:00.00000076,8.929776962113046
2012-11-03 17:11:00.000000114,7.191553707895342
2012-11-03 17:11:00.00000091,6.9775013614965475
2012-11-03 17:11:00.00000060,9.681198618362508
2012-11-03 17:11:00.000000155,9.651767883955124
2012-11-03 17:11:00.000000117,9.975378584522334
2012-11-03 17:11:00.000000105,5.052405264689283
2012-11-03 17:11:00.0000007,17.945961516565987
2012-11-03 17:11:00.00000055,7.271974898948974
2012-11-03 17:11:00.000000103,6.455037319408749
2012-11-03 17:11:00.00000053,8.483888918503386
2011-03-11 01:44:00.00000064,9.210317051735986
2011-03-11 01:44:00.00000016,5.083672507298521
2011-03-11 01:44:00.00000072,11.853856407010166
2011-03-11 01:44:00.00000057,5.508278378502442
2011-03-11 01:44:00.00000040,7.290363172830546
2011-03-11 01:44:00.00000021,16.836816642169207
2011-03-11 01:44:00.00000046,10.038512489874869
2011-03-11 01:44:00.00000034,7.287471582276465
2011-03-11 01:44:00.00000083,45.7924358785734
2011-03-11 01:44:00.00000032,9.68326869284589
2011-03-11 01:44:00.00000075,7.3011863602840785
2011-03-11 01:44:00.00000085,8.681122267282138
2011-03-11 01:44:00.00000044,6.805155268670444
2011-03-11 01:44:00.0000005,8.911751277591637
2011-03-11 01:44:00.00000074,14.809928447985506
2011-03-11 01:44:00.00000041,9.613294524684346
2011-03-11 01:44:00.00000042,8.694688139152667
2011-03-11 01:44:00.00000035,12.206582811671021
2011-03-11 01:44:00.00000052,5.052405264689283
2011-10-04 09:37:00.000000194,5.704131739685734
2011-10-04 09:37:00.000000183,7.091974690676962
2011-10-04 09:37:00.000000157,30.264837219100986
2011-10-04 09:37:00.000000176,6.440126312515837
2011-10-04 09:37:00.000000170,8.560576746415467
2011-10-04 09:37:00.00000036,8.831123360262055
2011-10-04 09:37:00.00000017,4.7016581969073865
2011-10-04 09:37:00.000000114,16.55270744762292
2011-10-04 09:37:00.000000184,11.498768521602972
2011-10-04 09:37:00.00000047,5.704131739685734
2011-10-04 09:37:00.00000055,6.440126312515837
2011-10-04 09:37:00.00000031,7.17257965338518
2011-10-04 09:37:00.00000049,47.50633727040975
2011-10-04 09:37:00.0000005,4.896282425940156
2011-10-04 09:37:00.00000067,5.052405264689283
2011-10-04 09:37:00.000000134,11.132784466431804
2011-10-04 09:37:00.00000025,6.440126312515837
2011-10-04 09:37:00.000000185,6.440126312515837
2011-10-04 09:37:00.000000180,7.100896645413116
2011-10-04 09:37:00.00000088,9.11067206159462
2011-10-04 09:37:00.000000108,8.46035197877822
2011-10-04 09:37:00.000000107,9.510616809723533
2011-10-04 09:37:00.00000062,18.741905958272625
2011-10-04 09:37:00.00000045,5.080509359548333
2011-10-04 09:37:00.00000028,9.943534342057296
2011-10-04 09:37:00.00000057,6.440126312515837
2011-10-04 09:37:00.00000013,9.477311448154063
2011-10-04 09:37:00.00000056,11.498768521602972
2011-10-04 09:37:00.000000106,5.704131739685734
2011-10-04 09:37:00.000000136,8.44690202817706
2014-12-24 03:00:00.0000005,23.630958147386664
2014-12-24 03:00:00.00000017,20.173479106771467
2014-12-24 03:00:00.00000036,18.359459212911972
2014-12-24 03:00:00.00000033,5.0983787651022565
2014-12-24 03:00:00.00000026,21.765315291323986
2014-12-24 03:00:00.00000031,19.65831701928796
2014-12-24 03:00:00.00000015,9.794095002615645
2015-02-12 05:37:56.0000001,4.964342362875285
2014-04-27 02:57:00.000000124,13.498042404712402
2014-04-27 02:57:00.00000017,18.17181577167309
2014-04-27 02:57:00.000000151,6.384613495773382
2014-04-27 02:57:00.000000168,5.0983787651022565
2014-04-27 02:57:00.00000039,5.108195101867418
2014-04-27 02:57:00.00000097,13.605380143463657
2014-04-27 02:57:00.00000033,6.438547672767459
2014-04-27 02:57:00.000000129,9.061871851180815
2014-04-27 02:57:00.000000141,8.084825206416737
2014-04-27 02:57:00.00000074,13.952818632769105
2014-04-27 02:57:00.00000047,19.835394431259257
2014-04-27 02:57:00.00000076,11.44906593704314
2014-04-27 02:57:00.000000142,6.399105562204697
2014-04-27 02:57:00.000000143,18.49559372539217
2014-04-27 02:57:00.00000090,20.461249578787946
2014-04-27 02:57:00.000000106,20.130715376266934
2014-04-27 02:57:00.000000167,16.14398929509365
2014-04-27 02:57:00.000000145,12.134193789882534
2011-12-13 22:00:00.00000085,13.127609484955988
2011-12-13 22:00:00.000000264,8.33527487293815
2011-12-13 22:00:00.000000138,10.531806679118425
2011-12-13 22:00:00.000000135,6.440126312515837
2011-12-13 22:00:00.000000197,5.704131739685734
2011-12-13 22:00:00.000000143,13.203631742985296
2011-12-13 22:00:00.000000134,5.083672507298521
2011-12-13 22:00:00.00000033,10.485953664797048
2011-12-13 22:00:00.00000058,7.100896645413116
2011-12-13 22:00:00.000000205,8.306378931344154
2011-12-13 22:00:00.000000173,10.537821472381326
2011-12-13 22:00:00.000000248,7.091974690676962
2011-12-13 22:00:00.00000074,7.00413603716027
2011-12-13 22:00:00.00000098,5.052405264689283
2011-12-13 22:00:00.00000095,10.309087302194314
2011-12-13 22:00:00.000000229,19.5777661352261
2011-12-13 22:00:00.000000186,12.37886193334476
2011-12-13 22:00:00.0000005,30.34115344467647
2011-12-13 22:00:00.000000246,16.55270744762292
2011-12-13 22:00:00.000000180,7.131065587496472
2011-12-13 22:00:00.00000044,9.21368377193535
2011-12-13 22:00:00.000000110,8.002361086565589
2011-12-13 22:00:00.000000231,6.440126312515837
2011-12-13 22:00:00.000000144,10.279210573135394
2011-12-13 22:00:00.00000070,32.06452083480811
2011-12-13 22:00:00.000000116,7.894836879600656
2011-12-13 22:00:00.000000156,6.173115070263322
2011-12-13 22:00:00.000000148,9.121583362570421
2011-12-13 22:00:00.00000072,8.787193630067451
2011-12-13 22:00:00.00000028,10.759425865381898
2011-12-13 22:00:00.00000066,10.356498659083519
2011-12-13 22:00:00.000000121,12.356860609910248
2011-12-13 22:00:00.00000094,40.995080136927754
2011-12-13 22:00:00.000000266,10.265732502713448
2015-04-11 14:16:12.0000004,10.818493642535987
2015-05-10 19:54:00.0000002,14.396847187174423
2014-07-21 18:19:00.00000054,9.844730336174903
2014-07-21 18:19:00.000000230,7.496292283892046
2014-07-21 18:19:00.000000187,18.694864963516153
2014-07-21 18:19:00.000000100,9.949367066104566
2014-07-21 18:19:00.00000071,13.29120937025936
2014-07-21 18:19:00.000000172,10.507306704631501
2014-07-21 18:19:00.00000025,9.131522037147475
2014-07-21 18:19:00.000000191,11.970699437826282
2014-07-21 18:19:00.00000034,11.970699437826282
2014-07-21 18:19:00.000000176,5.561963418235598
2014-07-21 18:19:00.00000037,7.934350013203267
2014-07-21 18:19:00.000000160,6.515103949500465
2014-07-21 18:19:00.00000077,9.979231346686191
2014-07-21 18:19:00.00000013,12.636320480785757
2014-07-21 18:19:00.000000184,8.173080772483608
2014-07-21 18:19:00.000000232,6.9925262890706446
2014-07-21 18:19:00.000000116,9.915673296840401
2014-07-21 18:19:00.00000048,9.008350784346327
2014-07-21 18:19:00.00000067,10.507306704631501
2014-07-21 18:19:00.00000099,5.108195101867418
2014-07-21 18:19:00.000000223,7.478463748155743
2014-07-21 18:19:00.000000162,16.42758870736151
2014-07-21 18:19:00.00000068,9.949367066104566
2014-07-21 18:19:00.000000144,8.836855512047926
2014-07-21 18:19:00.00000035,25.296866174779147
2014-07-21 18:19:00.00000029,7.478463748155743
2014-07-21 18:19:00.00000032,5.7389806570275335
2014-07-21 18:19:00.00000082,5.166124030113051
2014-07-21 18:19:00.000000132,5.891600613169553
2014-07-21 18:19:00.000000152,7.302181228666747
2014-07-21 18:19:00.00000039,6.438547672767459
2014-07-21 18:19:00.000000241,4.883747173460669
2014-07-21 18:19:00.00000088,6.777998996261476
2010-09-20 16:48:00.000000159,28.167112229794952
2010-09-20 16:48:00.0000006,9.80765683988118
2010-09-20 16:48:00.000000166,7.788075663385995
2010-09-20 16:48:00.000000110,7.131065587496472
2010-09-20 16:48:00.000000139,25.261106727216937
2010-09-20 16:48:00.00000015,7.302903215905461
2010-09-20 16:48:00.00000068,14.29981311811733
2010-09-20 16:48:00.000000158,47.32745299154119
2010-09-20 16:48:00.00000035,15.053553115535264
2010-09-20 16:48:00.000000148,5.052405264689283
2010-09-20 16:48:00.00000023,14.789344051898928
2010-09-20 16:48:00.00000027,9.157120347228418
2010-09-20 16:48:00.00000092,23.72914525467526
2010-09-20 16:48:00.000000151,30.485046178930787
2010-09-20 16:48:00.00000071,8.560576746415467
2010-09-20 16:48:00.000000132,7.131065587496472
2010-09-20 16:48:00.00000099,16.039699438033704
2010-09-20 16:48:00.0000001,5.668906933934924
2010-09-20 16:48:00.0000005,18.964273379344785
2011-03-06 21:01:00.00000037,5.0622216014544446
2011-03-06 21:01:00.00000028,14.378325494380547
2011-03-06 21:01:00.00000025,6.9673921303803334
2011-03-06 21:01:00.000000139,6.816446964520677
2011-03-06 21:01:00.00000083,9.603981916814845
2011-03-06 21:01:00.000000173,18.992151000801243
2011-03-06 21:01:00.00000051,19.459576473774547
2011-03-06 21:01:00.000000116,14.498717401069246
2011-03-06 21:01:00.00000057,6.095141329933703
2011-03-06 21:01:00.000000168,8.144928056161271
2011-03-06 21:01:00.000000138,17.36265413914377
2011-03-06 21:01:00.00000043,10.183634209726634
2011-03-06 21:01:00.000000127,5.052405264689283
2011-03-06 21:01:00.00000096,16.039699438033704
2011-03-06 21:01:00.00000074,5.052405264689283
2011-03-06 21:01:00.000000113,7.665292746963088
2011-03-06 21:01:00.000000120,27.37388238088152
2011-03-06 21:01:00.00000018,9.221814788106187
2011-03-06 21:01:00.00000071,6.9673921303803334
2011-03-06 21:01:00.000000137,5.052405264689283
2011-03-06 21:01:00.00000011,17.231294185937315
2011-03-06 21:01:00.000000146,7.8194795971153415
2011-03-06 21:01:00.000000149,5.052405264689283
2011-03-06 21:01:00.00000056,5.052405264689283
2011-03-06 21:01:00.00000052,12.31092133865991
2011-03-06 21:01:00.000000109,5.5044118126284864
2012-01-26 07:33:00.000000167,7.3011863602840785
2012-01-26 07:33:00.000000114,14.73138603609166
2012-01-26 07:33:00.00000031,8.945338324324421
2012-01-26 07:33:00.000000133,19.576476048408566
2012-01-26 07:33:00.000000180,5.508278378502442
2012-01-26 07:33:00.000000120,9.655130841798943
2012-01-26 07:33:00.000000168,8.041818161462114
2012-01-26 07:33:00.000000122,6.0411273653547335
2012-01-26 07:33:00.000000166,9.854430172450774
2012-01-26 07:33:00.000000186,6.87157846952056
2012-01-26 07:33:00.00000068,7.663500622816831
2012-01-26 07:33:00.00000085,19.951703232985878
2012-01-26 07:33:00.000000103,4.7016581969073865
2012-01-26 07:33:00.00000081,24.366574059970127
2012-01-26 07:33:00.00000099,10.307198583373157
2012-01-26 07:33:00.00000051,8.702253167435941
2012-01-26 07:33:00.000000160,4.865015183330918
2012-01-26 07:33:00.00000091,5.508278378502442
2012-01-26 07:33:00.00000089,8.296615832792483
2012-01-26 07:33:00.000000189,6.871846226475203
2010-12-09 07:29:00.0000003,7.759972098471517
2010-12-09 07:29:00.00000078,5.570128176444648
2010-12-09 07:29:00.000000127,7.048046695003093
2010-12-09 07:29:00.00000050,7.564953807454478
2010-12-09 07:29:00.000000135,5.650239558901133
2010-12-09 07:29:00.000000196,11.891443826253914
2010-12-09 07:29:00.000000183,8.001359168564479
2010-12-09 07:29:00.000000152,10.02080159610231
2010-12-09 07:29:00.00000098,31.167645810296495
2010-12-09 07:29:00.00000090,9.713739961250056
2010-12-09 07:29:00.00000025,12.629392791807051
2010-12-09 07:29:00.000000150,7.538036647546753
2010-12-09 07:29:00.00000041,5.301636225608965
2010-12-09 07:29:00.000000143,8.381954707719137
2010-12-09 07:29:00.000000148,5.704131739685734
2010-12-09 07:29:00.000000151,6.440126312515837
2010-12-09 07:29:00.0000007,5.0622216014544446
2010-12-09 07:29:00.00000069,9.554856875305846
2010-12-09 07:29:00.00000036,5.690149318370971
2010-12-09 07:29:00.00000046,16.122899476184166
2010-12-09 07:29:00.000000195,6.69646711426703
2010-12-09 07:29:00.000000115,17.832474812560946
2010-12-09 07:29:00.000000134,5.704131739685734
2010-12-09 07:29:00.00000067,8.077234232894085
2010-12-09 07:29:00.000000112,6.983245290844317
2010-12-09 07:29:00.00000015,8.34301287322112
2010-12-09 07:29:00.00000031,8.286658231178617
2010-12-09 07:29:00.000000193,7.953603299167005
2010-12-09 07:29:00.00000012,8.314375818005798
2010-12-09 07:29:00.0000005,47.394856063876134
2010-12-09 07:29:00.00000038,9.802906268700374
2010-12-09 07:29:00.00000097,5.522584498665265
2010-12-09 07:29:00.000000102,5.083672507298521
2010-12-09 07:29:00.00000089,7.608919929391862
2010-12-09 07:29:00.00000068,7.048046695003093
2010-12-09 07:29:00.00000071,9.823490879204742
2010-12-09 07:29:00.000000186,7.048046695003093
2012-05-08 03:50:00.0000009,18.342156742147647
2012-05-08 03:50:00.0000001,6.8324875727010514
2012-05-08 03:50:00.00000012,13.082807689964008
2012-05-08 03:50:00.0000006,15.783921445258592
2015-03-12 19:43:24.0000005,5.108195101867418
2015-02-01 00:48:44.0000001,29.84333715822589
2015-02-21 18:39:16.0000005,6.426262996657282
2011-01-24 20:47:04.0000001,10.183634209726634
2010-12-25 13:54:12.0000001,14.430329422705013
2015-04-07 14:31:12.0000001,7.088688020533712
2012-11-20 21:54:00.00000086,15.861393478799696
2012-11-20 21:54:00.000000150,7.58843638736026
2012-11-20 21:54:00.000000184,6.9775013614965475
2012-11-20 21:54:00.00000080,26.123554098700268
2012-11-20 21:54:00.00000021,5.714528496372447
2012-11-20 21:54:00.00000019,7.930509998926355
2012-11-20 21:54:00.00000087,4.73098230235812
2012-11-20 21:54:00.00000077,11.736324613182138
2012-11-20 21:54:00.000000216,8.367651006941744
2012-11-20 21:54:00.00000010,6.559472030140918
2012-11-20 21:54:00.000000104,8.186058114303643
2012-11-20 21:54:00.00000048,6.4347495880558725
2012-11-20 21:54:00.000000221,16.86513651005281
2012-11-20 21:54:00.00000030,9.41399398323947
2012-11-20 21:54:00.00000085,5.667943320126138
2012-11-20 21:54:00.000000133,5.963883875322575
2012-11-20 21:54:00.000000144,8.854242666091096
2012-11-20 21:54:00.00000047,5.714528496372447
2012-11-20 21:54:00.000000229,5.0622216014544446
2012-11-20 21:54:00.00000015,6.478216448041638
2012-11-20 21:54:00.000000101,7.302143841032329
2012-11-20 21:54:00.000000238,7.108848033289376
2012-11-20 21:54:00.00000097,16.507453405793775
2012-11-20 21:54:00.00000049,6.559472030140918
2012-11-20 21:54:00.000000209,15.249371141182937
2012-11-20 21:54:00.00000012,8.812547271410923
2012-11-20 21:54:00.000000132,8.92926332307131
2012-11-20 21:54:00.000000197,5.714528496372447
2012-11-20 21:54:00.000000211,13.047816983483747
2012-11-20 21:54:00.00000083,7.137740641711316
2012-11-20 21:54:00.000000127,7.124182200430506
2012-11-20 21:54:00.000000223,35.90758084564945
2012-11-20 21:54:00.000000130,10.892984534882943
2012-11-20 21:54:00.000000149,9.56173125159108
2012-11-20 21:54:00.000000196,9.385126460739878
2012-11-20 21:54:00.00000056,5.714528496372447
2012-11-20 21:54:00.00000026,11.716254699108092
2012-11-20 21:54:00.00000055,8.466582369539033
2012-11-20 21:54:00.000000135,26.590274767170918
2014-06-23 00:16:00.00000023,12.95472841334756
2014-06-23 00:16:00.00000014,8.155606411351002
2014-06-23 00:16:00.00000080,8.219357365033177
2014-06-23 00:16:00.0000003,13.437797122626753
2014-06-23 00:16:00.00000029,14.526899800015833
2014-06-23 00:16:00.00000055,31.875841141516357
2014-06-23 00:16:00.00000050,12.821311338002637
2014-06-23 00:16:00.0000002,16.771281576819714
2014-06-23 00:16:00.00000072,7.045619685375735
2014-06-23 00:16:00.00000020,11.15891626014787
2013-09-25 22:00:00.00000052,10.083008440375979
2013-09-25 22:00:00.000000129,7.478463748155743
2013-09-25 22:00:00.000000226,52.991589512026486
2013-09-25 22:00:00.00000029,12.568782704108415
2013-09-25 22:00:00.000000141,6.549757274926395
2013-09-25 22:00:00.000000206,14.659390502650508
2013-09-25 22:00:00.00000051,8.152133736209718
2013-09-25 22:00:00.000000238,9.69283912331171
2013-09-25 22:00:00.000000251,12.52474056178524
2013-09-25 22:00:00.00000031,7.478463748155743
2013-09-25 22:00:00.000000124,9.736290272724238
2013-09-25 22:00:00.000000102,8.33339837794112
2013-09-25 22:00:00.000000198,22.96630198986785
2013-09-25 22:00:00.000000208,5.0983787651022565
2013-09-25 22:00:00.00000087,15.250714800086598
2013-09-25 22:00:00.000000116,5.0983787651022565
2013-09-25 22:00:00.00000034,12.848957446649486
2013-09-25 22:00:00.000000104,10.655181181825096
2013-09-25 22:00:00.00000088,8.255390631330817
2013-09-25 22:00:00.000000218,32.066353679940484
2013-09-25 22:00:00.00000065,15.163008286209168
2013-09-25 22:00:00.000000115,12.216515557810192
2013-09-25 22:00:00.00000042,11.143527249973578
2013-09-25 22:00:00.000000234,7.407463855274759
2013-09-25 22:00:00.000000247,5.0983787651022565
2013-09-25 22:00:00.000000147,14.238547004451561
2013-09-25 22:00:00.000000248,8.33339837794112
2013-09-25 22:00:00.000000162,16.373420493825527
2013-09-25 22:00:00.000000130,11.160281742362935
2013-09-25 22:00:00.000000174,5.108195101867418
2015-03-04 21:42:57.0000006,6.517502227649301
2015-04-25 01:06:17.0000005,16.157133635259086
2015-02-19 11:39:21.0000001,21.75090288142457
2015-01-29 13:15:50.0000001,5.108195101867418
2015-05-07 15:33:26.0000005,4.934597192761788
2015-02-09 07:16:26.0000005,15.438551572687647
2015-04-16 18:45:22.0000004,18.026595438374496
2015-05-31 20:48:54.0000006,41.073015248151215
2015-05-31 20:48:54.0000003,6.5243978633187325
2015-06-18 20:56:55.0000001,20.241232673785888
2015-02-14 13:15:19.0000005,5.845590317917981
2015-05-10 12:37:51.0000007,7.8055629820108114
2015-05-10 12:37:51.0000005,12.223934976645994
2015-05-20 00:59:15.0000002,15.143633390110537
2015-05-29 18:59:35.0000003,10.507306704631501
2015-02-25 18:00:51.0000008,7.812240291155535
2015-02-08 08:44:03.0000002,7.719809052536363
2015-05-12 08:31:07.0000003,8.33339837794112
2015-03-16 21:12:19.0000007,9.620275757315229
2014-06-14 13:39:00.000000117,4.992602682870154
2014-06-14 13:39:00.000000187,7.316464103813144
2014-06-14 13:39:00.00000099,7.478463748155743
2014-06-14 13:39:00.000000112,21.00833818476177
2014-06-14 13:39:00.00000039,12.223934976645994
2014-06-14 13:39:00.00000078,55.266349490222744
2014-06-14 13:39:00.00000084,7.478463748155743
2014-06-14 13:39:00.000000166,7.429640877661175
2014-06-14 13:39:00.00000089,5.0983787651022565
2014-06-14 13:39:00.00000047,9.390630397079619
2014-06-14 13:39:00.0000001,19.00900467180874
2015-01-31 20:54:04.0000002,10.560872029936975
2011-10-02 23:36:00.0000002,8.354831327172935
2011-10-02 23:36:00.00000051,10.546448326042977
2011-06-24 12:03:00.000000182,6.895038817954197
2011-06-24 12:03:00.000000103,6.9673921303803334
2011-06-24 12:03:00.0000003,6.658841323722927
2011-06-01 07:37:00.00000050,7.287471582276465
2010-08-27 18:45:00.000000216,4.8886405175426955
2010-08-14 02:13:00.000000135,10.492093212215055
2014-03-25 23:47:00.00000022,6.4227982186592945
2014-03-25 23:47:00.000000128,19.119303586257125
2014-03-25 23:47:00.000000105,8.00984727313021
2014-03-25 23:47:00.00000091,5.108195101867418
2014-03-25 23:47:00.00000054,8.33339837794112
2014-03-25 23:47:00.000000129,8.385641640476473
2014-03-25 23:47:00.00000063,38.008030913594126
2014-03-25 23:47:00.00000060,7.478463748155743
2014-03-25 23:47:00.00000075,20.034447018262572
2010-09-29 16:43:00.00000083,6.758952170136182
2014-10-27 14:58:00.000000145,38.88763627147176
2014-10-27 14:58:00.0000007,13.941653476191682
2014-10-27 14:58:00.00000031,11.567642125729623
2014-10-27 14:58:00.000000128,21.424241589804346
2014-10-27 14:58:00.00000097,4.748583128326871
2014-10-27 14:58:00.00000078,35.09346548183527
2014-10-27 14:58:00.000000135,8.285711914933819
2012-11-03 17:11:00.00000044,6.559472030140918
2012-11-03 17:11:00.00000050,11.063212972882534
2012-11-03 17:11:00.00000024,7.302143841032329
2012-11-03 17:11:00.00000072,11.16084834513032
2012-11-03 17:11:00.000000159,8.483888918503386
2012-11-03 17:11:00.000000126,5.667943320126138
2012-11-03 17:11:00.00000090,9.634262891655972
2011-03-11 01:44:00.00000062,29.512098553544504
2015-02-22 09:48:32.0000004,21.68465709900652
2011-10-04 09:37:00.000000102,9.510616809723533
2011-10-04 09:37:00.00000023,7.780171416897765
2014-12-24 03:00:00.0000003,6.261119217504269
2014-12-24 03:00:00.00000014,6.310679699093319
2014-12-24 03:00:00.0000002,13.197998073541152
2014-12-24 03:00:00.00000027,15.504413141737459
2015-04-11 20:31:32.0000004,7.478463748155743
2014-04-27 02:57:00.000000123,8.077137514421967
2014-04-27 02:57:00.00000078,5.0983787651022565
2014-04-27 02:57:00.00000075,11.26993476481445
2014-04-27 02:57:00.000000178,6.261119217504269
2014-04-27 02:57:00.0000004,8.969716333189462
2014-04-27 02:57:00.000000166,12.516194428041073
2014-04-27 02:57:00.00000091,13.103766269551805
2014-04-27 02:57:00.000000173,8.215730421478254
2014-04-27 02:57:00.00000066,22.38620074257528
2014-04-27 02:57:00.000000183,5.166124030113051
2014-04-27 02:57:00.000000179,11.586450363351224
2014-04-27 02:57:00.000000144,8.104353346845613
2014-04-27 02:57:00.00000025,19.389298715280336
2014-04-27 02:57:00.00000052,7.045619685375735
2014-04-27 02:57:00.00000094,6.261119217504269
2014-04-27 02:57:00.000000189,20.8071087426116
2011-12-13 22:00:00.00000040,10.561455455556427
2011-12-13 22:00:00.000000228,6.612251719580604
2011-12-13 22:00:00.000000130,30.397207578043155
2011-12-13 22:00:00.000000141,6.635390485531424
2011-12-13 22:00:00.000000149,7.780171416897765
2011-12-13 22:00:00.000000224,5.704131739685734
2011-12-13 22:00:00.000000154,7.4886776878820625
2011-12-13 22:00:00.000000131,8.380492559466699
2011-12-13 22:00:00.0000002,7.131065587496472
2011-12-13 22:00:00.000000221,9.320165644677665
2011-12-13 22:00:00.00000056,6.798375241894321
2011-12-13 22:00:00.000000195,7.498939355575619
2011-12-13 22:00:00.000000191,7.066264183337695
2011-12-13 22:00:00.00000059,5.704131739685734
2015-02-26 15:55:48.0000001,18.34303167410064
2014-07-21 18:19:00.000000197,6.947648261477102
2014-07-21 18:19:00.000000153,5.0983787651022565
2014-07-21 18:19:00.000000159,7.478463748155743
2014-07-21 18:19:00.000000212,40.43216821046027
2014-07-21 18:19:00.00000091,6.619026630167578
2014-07-21 18:19:00.0000002,6.426262996657282
2014-07-21 18:19:00.000000142,10.480494442321975
2014-07-21 18:19:00.000000141,15.980312003237476
2014-07-21 18:19:00.000000149,7.478463748155743
2014-07-21 18:19:00.00000065,9.024211348797664
2014-07-21 18:19:00.00000033,7.415457179895673
2010-09-20 16:48:00.000000146,7.6641738426208645
2010-09-20 16:48:00.00000047,13.590479532604165
2010-09-20 16:48:00.000000129,9.943534342057296
2015-01-26 07:13:44.0000005,55.62184958491451
2011-03-06 21:01:00.00000033,7.586135606598281
2012-01-26 07:33:00.00000090,6.147581444938904
2012-01-26 07:33:00.00000087,9.70731443865927
2012-01-26 07:33:00.00000012,10.13571453682576
2012-01-26 07:33:00.000000171,7.603543321494766
2012-01-26 07:33:00.00000065,36.06753185266792
2012-01-26 07:33:00.00000088,8.225797657108018
2012-01-26 07:33:00.000000119,18.9439449338469
2015-03-20 23:34:40.0000004,31.306754300361504
2010-12-09 07:29:00.0000001,8.314375818005798
2012-05-08 03:50:00.00000013,6.147581444938904
2015-03-12 19:43:24.0000003,17.75576276685024
2012-11-20 21:54:00.00000034,8.92926332307131
2012-11-20 21:54:00.000000170,7.302143841032329
2012-11-20 21:54:00.000000108,10.362368875965817
2012-11-20 21:54:00.00000031,10.325036014179227
2012-11-20 21:54:00.000000171,12.488107733027032
2012-11-20 21:54:00.00000023,7.302143841032329
2012-11-20 21:54:00.00000074,6.478216448041638
2012-11-20 21:54:00.000000122,10.575575727487738
2012-11-20 21:54:00.0000006,6.795986584294541
2012-11-20 21:54:00.000000160,9.385126460739878
2012-11-20 21:54:00.00000042,23.131163566875475
2012-11-20 21:54:00.00000039,9.385126460739878
2012-11-20 21:54:00.00000043,9.385126460739878
2012-11-20 21:54:00.000000219,5.0622216014544446
2012-11-20 21:54:00.00000020,5.714528496372447
2012-11-20 21:54:00.000000222,5.714528496372447
2012-11-20 21:54:00.0000005,7.378239665824825
2012-11-20 21:54:00.000000154,8.879525389936424
2014-06-23 00:16:00.00000060,18.899026122592485
2014-06-23 00:16:00.0000008,9.060414216743967
2014-06-23 00:16:00.00000035,25.778026617134934
2014-06-23 00:16:00.00000052,11.800967822517636
2014-06-23 00:16:00.00000053,8.37311974499486
2013-09-25 22:00:00.00000056,23.446342192285133
2013-09-25 22:00:00.00000083,6.810670814204915
2013-09-25 22:00:00.000000128,6.426262996657282
2013-09-25 22:00:00.00000037,16.439011396797184
2013-09-25 22:00:00.00000013,6.426262996657282
2013-09-25 22:00:00.000000168,8.173080772483608
2013-09-25 22:00:00.000000181,6.5648481340701
2013-09-25 22:00:00.00000016,12.848957446649486
2013-09-25 22:00:00.00000063,17.399258535102007
2013-09-25 22:00:00.00000047,8.33339837794112
2013-09-25 22:00:00.000000220,16.415045089259856
2013-09-25 22:00:00.000000163,9.76485712797565
2013-09-25 22:00:00.00000077,12.358490880727004
2013-09-25 22:00:00.00000060,40.62078077436644
2013-09-25 22:00:00.000000213,15.217961798555073
2013-09-25 22:00:00.000000150,19.94841154232566
2013-09-25 22:00:00.00000010,7.767192112414968
2013-09-25 22:00:00.000000146,9.18182888448865
2013-09-25 22:00:00.00000041,10.088687887730305
2013-09-25 22:00:00.000000109,10.882807626923471
2013-09-25 22:00:00.000000210,17.216502560853343
2013-09-25 22:00:00.000000151,10.533610111051967
2013-09-25 22:00:00.000000190,14.412631681055768
2013-09-25 22:00:00.000000153,11.160281742362935
2013-09-25 22:00:00.000000241,27.499470650921403
2013-09-25 22:00:00.000000127,9.69283912331171
2015-02-20 11:08:29.0000001,17.623705701944665
2015-01-12 15:36:37.0000002,4.849234304319745
2015-06-07 00:38:14.0000002,18.043845992540113
2015-04-12 21:56:22.0000005,7.944742060686655
2015-04-10 11:56:54.0000004,7.057152347164049
2015-06-25 01:01:46.0000002,13.199443814476806
2015-05-29 10:02:42.0000001,10.38922928156475
2015-06-30 20:03:50.0000002,41.22988620005767
2015-02-27 19:36:02.0000006,25.38075809156276
2015-06-15 01:00:06.0000002,5.0983787651022565
2015-02-03 09:00:58.0000001,38.88763627147176
2015-05-19 13:58:11.0000001,8.33339837794112
2015-05-10 12:37:51.0000002,8.835443056359502
2015-01-12 17:05:51.0000001,12.520001944519207
2015-04-19 20:44:15.0000001,55.266349490222744
2015-01-31 01:05:19.0000005,21.551546331930954
2015-01-18 14:06:23.0000006,6.879581586976842
