key,fare_amount
2015-01-27 13:08:24.0000002,10.079206078476204
2015-01-27 13:08:24.0000003,11.396943449811488
2011-10-08 11:53:44.0000002,5.356214897012819
2012-12-01 21:12:12.0000002,8.761775034059497
2012-12-01 21:12:12.0000003,14.60409429077049
2012-12-01 21:12:12.0000005,11.027214587691219
2011-10-06 12:10:20.0000001,5.832440916212931
2011-10-06 12:10:20.0000003,49.551932664194396
2011-10-06 12:10:20.0000002,11.936642778083524
2014-02-18 15:22:20.0000002,7.588143943839782
2014-02-18 15:22:20.0000003,9.737916732375425
2014-02-18 15:22:20.0000001,13.703480577630557
2010-03-29 20:20:32.0000002,5.291702758206611
2010-03-29 20:20:32.0000001,7.7362572600093245
2011-10-06 03:59:12.0000002,9.062322910801072
2011-10-06 03:59:12.0000001,13.679050747068572
2012-07-15 16:45:04.0000006,6.08264703004761
2012-07-15 16:45:04.0000002,8.377408530107687
2012-07-15 16:45:04.0000003,5.794947664728852
2012-07-15 16:45:04.0000004,5.433260751579155
2014-10-29 02:09:56.0000001,12.091444148566552
2014-06-14 13:39:00.00000010,9.03569192929615
2014-06-14 13:39:00.00000060,8.552609900132211
2014-06-14 13:39:00.00000087,9.284031610836223
2014-06-14 13:39:00.00000050,16.616087127715332
2014-06-14 13:39:00.0000003,8.632419986083391
2014-06-14 13:39:00.000000158,38.83646649875857
2014-06-14 13:39:00.00000015,24.71580460307564
2014-06-14 13:39:00.00000073,7.579398842124874
2014-06-14 13:39:00.00000077,14.556285677029337
2014-06-14 13:39:00.000000145,12.101750213871583
2014-06-14 13:39:00.00000079,8.13335602187351
2014-06-14 13:39:00.000000121,7.273458876331233
2014-06-14 13:39:00.00000021,9.747949329937342
2014-06-14 13:39:00.0000005,8.971549025046443
2014-06-14 13:39:00.000000165,8.70245193205892
2014-06-14 13:39:00.000000184,7.747075461717941
2014-06-14 13:39:00.00000059,7.399491809492702
2014-06-14 13:39:00.00000070,8.253072987416772
2014-06-14 13:39:00.00000068,7.216102401625335
2014-06-14 13:39:00.000000133,19.31115386659883
2014-06-14 13:39:00.000000128,10.19219292020739
2014-06-14 13:39:00.000000136,17.04274229984412
2014-06-14 13:39:00.00000017,10.40783249148626
2014-06-14 13:39:00.000000111,6.84807681987229
2014-06-14 13:39:00.000000115,11.080350092225103
2014-06-14 13:39:00.000000168,7.700446523204391
2014-06-14 13:39:00.00000031,7.897684418537892
2014-06-14 13:39:00.000000116,7.623480421630575
2014-06-14 13:39:00.00000051,6.929034718413504
2014-06-14 13:39:00.000000193,11.95587008305074
2014-06-14 13:39:00.000000132,11.2805389812753
2014-06-14 13:39:00.000000167,19.168861740069588
2014-06-14 13:39:00.00000044,7.494883701766753
2014-06-14 13:39:00.000000138,8.127998881058943
2014-06-14 13:39:00.00000066,14.35484161054569
2014-06-14 13:39:00.00000063,13.89346804159561
2014-06-14 13:39:00.000000154,11.310759619474425
2014-06-14 13:39:00.00000097,13.264735762529767
2014-06-14 13:39:00.00000067,12.860981682951888
2014-06-14 13:39:00.000000179,11.713263503372104
2014-06-14 13:39:00.00000092,10.16643882930532
2014-06-14 13:39:00.00000029,7.1027402391619034
2014-06-14 13:39:00.000000177,7.599253282238124
2014-06-14 13:39:00.000000192,8.34973623186113
2014-06-14 13:39:00.000000181,7.757679613429559
2014-06-14 13:39:00.000000120,10.636709944368363
2014-06-14 13:39:00.0000008,6.838807388598752
2014-06-14 13:39:00.000000103,6.944858193899449
2014-06-14 13:39:00.00000049,15.638928872606584
2014-06-14 13:39:00.000000108,7.809129252059506
2014-06-14 13:39:00.00000072,6.600176533636159
2014-06-14 13:39:00.000000182,12.462624514447725
2014-06-14 13:39:00.00000061,8.171628979418074
2014-06-14 13:39:00.00000093,10.342197767807988
2014-06-14 13:39:00.000000170,11.225207507753112
2014-06-14 13:39:00.000000147,46.86681848905312
2014-06-14 13:39:00.000000140,6.356728152460619
2014-06-14 13:39:00.000000159,6.198078733605712
2014-06-14 13:39:00.00000012,6.545191146042043
2014-06-14 13:39:00.00000025,8.054367036377243
2014-06-14 13:39:00.000000156,7.315703167729225
2014-06-14 13:39:00.000000152,8.393839565121652
2014-06-14 13:39:00.000000129,10.562753746151316
2014-06-14 13:39:00.000000119,17.104878853874425
2014-06-14 13:39:00.000000118,7.740204322009276
2014-06-14 13:39:00.00000076,6.692635809632179
2014-06-14 13:39:00.000000135,8.222451488161937
2014-06-14 13:39:00.00000023,15.327907721765769
2014-06-14 13:39:00.00000082,10.327406195206436
2014-06-14 13:39:00.000000125,10.08563923047518
2014-06-14 13:39:00.00000075,8.976503220931136
2014-06-14 13:39:00.000000124,8.856735736343467
2014-06-14 13:39:00.000000172,7.837916356172741
2014-06-14 13:39:00.00000024,13.304070949200309
2014-06-14 13:39:00.000000169,12.680713415804235
2014-06-14 13:39:00.00000052,11.424990889313108
2014-06-14 13:39:00.000000161,12.486482322962956
2014-06-14 13:39:00.00000038,7.766994835662899
2014-06-14 13:39:00.00000035,9.678996383362914
2014-06-14 13:39:00.00000053,10.941003025137434
2014-06-14 13:39:00.000000183,8.923144232413506
2014-06-14 13:39:00.000000131,49.55656447970466
2014-06-14 13:39:00.000000180,8.511119577243903
2014-06-14 13:39:00.000000130,6.122920554786447
2014-06-14 13:39:00.00000032,6.890079970527381
2014-06-14 13:39:00.000000148,10.143330053280465
2014-06-14 13:39:00.0000007,10.394001211999012
2014-06-14 13:39:00.00000095,11.256284428496315
2014-06-14 13:39:00.000000144,27.58352094444649
2014-06-14 13:39:00.000000141,34.621467234424586
2014-06-14 13:39:00.000000162,17.653853717296897
2014-06-14 13:39:00.00000018,12.127608222218328
2014-06-14 13:39:00.00000054,12.010704124215636
2014-06-14 13:39:00.00000040,7.804907241802539
2014-06-14 13:39:00.00000096,8.907896570120101
2014-06-14 13:39:00.00000055,22.71734509705118
2014-06-14 13:39:00.000000109,11.532803714948841
2014-06-14 13:39:00.000000151,8.178935397140208
2014-06-14 13:39:00.00000016,10.248823460382823
2014-06-14 13:39:00.00000062,10.778333130292935
2014-06-14 13:39:00.000000191,5.720775416552556
2014-06-14 13:39:00.00000034,8.92534942594466
2014-06-14 13:39:00.000000160,7.239527518819273
2014-06-14 13:39:00.00000013,7.5811727571799565
2014-06-14 13:39:00.000000188,7.121506649192838
2014-06-14 13:39:00.00000086,8.913431343239608
2014-06-14 13:39:00.000000185,11.707556312699467
2014-06-14 13:39:00.00000074,8.499178012601647
2014-06-14 13:39:00.00000022,16.37887932149249
2014-06-14 13:39:00.00000036,7.117532399091715
2014-06-14 13:39:00.000000126,5.964657215717239
2014-06-14 13:39:00.000000190,7.772930427629717
2014-06-14 13:39:00.00000042,8.609353776774014
2014-06-14 13:39:00.000000178,8.079774408525623
2014-06-14 13:39:00.000000163,6.243539857689825
2014-06-14 13:39:00.00000020,12.061177115311466
2014-06-14 13:39:00.00000098,7.052868693196956
2014-06-14 13:39:00.000000114,18.08803124627923
2014-06-14 13:39:00.00000045,8.862036118454512
2014-06-14 13:39:00.00000094,6.642226209809792
2014-06-14 13:39:00.000000146,9.92792080307413
2014-06-14 13:39:00.00000033,9.24727066940477
2014-06-14 13:39:00.000000143,7.554073539775686
2014-06-14 13:39:00.000000107,7.085841199302422
2014-06-14 13:39:00.00000048,9.972967753685111
2014-06-14 13:39:00.00000043,10.940005482286551
2014-06-14 13:39:00.000000123,9.79830384730792
2014-06-14 13:39:00.000000134,8.329274828950133
2014-06-14 13:39:00.000000142,7.419171952721172
2014-06-14 13:39:00.000000122,10.885196547626037
2014-06-14 13:39:00.000000176,9.467894901489672
2011-12-12 09:42:12.0000004,7.3363881164776785
2011-12-12 09:42:12.0000002,6.180433163622411
2011-12-12 09:42:12.0000001,11.806010694787801
2011-12-12 09:42:12.0000003,8.492301674233659
2011-12-12 09:42:12.0000005,8.047528552859262
2013-06-27 00:20:40.0000001,22.85189977672121
2013-06-27 00:20:40.0000003,10.44300059259831
2009-02-20 13:34:16.0000001,6.589467797831048
2009-02-20 13:34:16.0000002,12.17018080714115
2009-02-20 13:34:16.0000003,5.352819596972836
2010-08-22 21:14:08.0000001,23.56139193758031
2010-08-22 21:14:08.0000005,16.937776101705253
2010-08-22 21:14:08.0000003,5.868664060457149
2010-08-22 21:14:08.0000002,8.49090530759463
2012-08-06 08:58:08.0000002,5.730192268091514
2012-08-06 08:58:08.0000001,17.23084853284729
2013-11-04 08:34:12.0000003,7.441591772029824
2013-11-04 08:34:12.0000001,11.813924481086474
2013-11-04 08:34:12.0000002,9.759912310494542
2011-06-24 20:34:48.0000002,8.727445615813053
2011-06-24 20:34:48.0000001,21.318752386329493
2011-03-28 20:38:36.0000003,7.11994703013977
2011-03-28 20:38:36.0000004,5.941021833892364
2011-03-28 20:38:36.0000002,9.629636305333861
2011-08-14 20:36:28.0000004,6.929770271080315
2011-08-14 20:36:28.0000001,7.896942844741147
2011-08-14 20:36:28.0000003,23.920980816859014
2011-08-14 20:36:28.0000002,7.705933042123206
2015-02-21 15:52:44.0000004,16.770814853722413
2015-02-21 15:52:44.0000003,9.358495118938663
2015-02-21 15:52:44.0000002,16.50315901674867
2015-02-21 15:52:44.0000001,10.987403253445564
2013-01-29 11:29:52.0000001,9.802818235537188
2014-09-12 19:03:48.0000001,9.760650488841407
2013-11-09 18:52:40.0000004,8.74977684371413
2013-11-09 18:52:40.0000002,11.388148111534292
2013-04-25 16:10:04.0000001,48.67268287302329
2013-04-25 16:10:04.0000002,7.228036189630984
2013-09-07 14:37:52.0000001,9.744445692184172
2013-09-07 14:37:52.0000002,8.995005703928086
2013-09-07 14:37:52.0000003,8.165607230098317
2011-05-21 13:16:20.0000004,5.980995183753748
2011-05-21 13:16:20.0000001,6.055589323956042
2011-05-21 13:16:20.0000003,10.222658238807298
2011-11-25 16:36:24.0000002,6.873208763750995
2011-11-25 16:36:24.0000001,11.430875787924379
2015-01-31 20:54:04.0000001,7.639421178219209
2010-11-01 23:31:28.0000002,8.509262617340937
2010-11-01 23:31:28.0000001,9.937449594689383
2010-11-01 23:31:28.0000003,10.4165033286489
2011-03-24 15:57:04.0000003,4.59222015046123
2011-03-24 15:57:04.0000001,7.354498309540645
2010-05-10 10:37:04.0000005,6.2460205628926815
2010-05-10 10:37:04.0000002,4.8786056455633116
2010-05-10 10:37:04.0000003,9.742137822278323
2010-05-10 10:37:04.0000006,8.993932307096657
2012-06-09 16:53:44.0000002,8.398379183110364
2012-08-22 22:39:20.0000003,18.0930573008784
2012-08-22 22:39:20.0000001,7.298437041323723
2012-12-23 02:29:16.0000001,13.470401017547488
2012-06-30 15:55:12.0000004,11.079018033385069
2012-06-30 15:55:12.0000002,8.20434461029231
2012-06-30 15:55:12.0000003,13.712445201570063
2012-06-30 15:55:12.0000001,7.6797440442435345
2011-10-02 23:36:00.00000056,15.46550674380353
2011-10-02 23:36:00.00000086,16.89501427685832
2011-10-02 23:36:00.00000081,21.928039318580772
2011-10-02 23:36:00.0000009,5.273202285904063
2011-10-02 23:36:00.00000041,13.734066805539896
2011-10-02 23:36:00.00000091,5.744182993318759
2011-10-02 23:36:00.0000008,13.475338594292452
2011-10-02 23:36:00.00000015,25.65452375452321
2011-10-02 23:36:00.00000014,11.013525840735383
2011-10-02 23:36:00.00000047,7.325984634621591
2011-10-02 23:36:00.00000076,8.28030658467435
2011-10-02 23:36:00.00000011,8.950593206461122
2011-10-02 23:36:00.00000075,7.142987352979162
2011-10-02 23:36:00.00000035,8.410587733612715
2011-10-02 23:36:00.00000099,12.980595044579445
2011-10-02 23:36:00.00000062,10.16888062316707
2011-10-02 23:36:00.00000085,10.337066871873049
2011-10-02 23:36:00.00000043,21.08526027653454
2011-10-02 23:36:00.00000071,11.711976419481061
2011-10-02 23:36:00.00000023,7.536662244355284
2011-10-02 23:36:00.00000092,6.8587221931358044
2011-10-02 23:36:00.00000037,9.829452144519905
2011-10-02 23:36:00.00000083,10.629010991773498
2011-10-02 23:36:00.00000054,13.000976420476718
2011-10-02 23:36:00.00000073,11.007931605039516
2011-10-02 23:36:00.0000005,7.7872238989800735
2011-10-02 23:36:00.00000095,6.851982537799813
2011-10-02 23:36:00.00000088,8.970511944845839
2011-10-02 23:36:00.00000030,9.282197715887605
2011-10-02 23:36:00.0000007,14.229475778106575
2011-10-02 23:36:00.00000013,11.022674079968851
2011-10-02 23:36:00.00000065,23.83355776138967
2011-10-02 23:36:00.00000089,51.348271558795204
2011-10-02 23:36:00.00000096,9.286556010946356
2011-10-02 23:36:00.00000039,8.852625126031512
2011-10-02 23:36:00.00000038,21.90462042029617
2011-10-02 23:36:00.00000067,21.1714492945124
2011-10-02 23:36:00.00000077,9.757405253284674
2011-10-02 23:36:00.00000020,18.548092861018745
2011-10-02 23:36:00.00000063,20.13360629182864
2011-10-02 23:36:00.00000012,8.74194336092205
2011-10-02 23:36:00.00000058,16.077388818357576
2011-10-02 23:36:00.00000026,11.680372719556885
2011-10-02 23:36:00.00000074,24.63741950863698
2011-10-02 23:36:00.00000059,12.838521198970511
2011-10-02 23:36:00.00000090,15.384802689249568
2011-10-02 23:36:00.0000004,31.24065392221644
2011-10-02 23:36:00.0000003,14.421651775581722
2011-10-02 23:36:00.00000021,17.6201897725889
2011-10-02 23:36:00.00000097,8.664951254138714
2011-10-02 23:36:00.00000036,16.936653613836143
2011-10-02 23:36:00.00000024,23.502645184321523
2011-10-02 23:36:00.00000082,46.050515464719865
2011-10-02 23:36:00.000000100,9.959900977684356
2011-10-02 23:36:00.00000040,5.167089457037832
2011-10-02 23:36:00.00000022,5.746677948583283
2013-03-21 12:47:28.0000006,10.703679950760261
2013-03-21 12:47:28.0000008,10.005533120522387
2013-03-21 12:47:28.0000003,11.19541529508183
2013-03-21 12:47:28.0000005,7.523288127766705
2013-03-21 12:47:28.0000002,7.359369219670953
2013-06-07 03:02:56.0000002,23.199290231272585
2013-06-07 03:02:56.0000001,8.942882322578043
2010-09-05 22:31:32.0000002,8.29064961723725
2013-07-12 23:33:24.0000001,10.357941253141576
2009-12-03 02:32:08.0000001,22.42948578484925
2009-10-15 03:50:36.0000001,5.876918402427123
2011-09-25 22:36:32.0000002,25.044036420800353
2011-09-25 22:36:32.0000001,12.267033449090263
2015-06-08 20:02:56.0000001,12.409565021665344
2014-07-16 08:03:32.0000002,11.392120428758858
2014-07-16 08:03:32.0000001,13.15370477261672
2011-12-15 13:14:32.0000002,9.083514052081682
2011-12-15 13:14:32.0000001,6.217839555522573
2011-10-11 22:13:48.0000002,15.321828515587868
2011-10-11 22:13:48.0000005,10.555234409687614
2011-10-11 22:13:48.0000003,8.913231780486853
2013-09-14 16:53:20.0000001,10.392235728379774
2013-09-14 16:53:20.0000002,10.139863329706714
2014-02-06 09:09:56.0000004,6.66618151501234
2014-02-06 09:09:56.0000003,7.022638767765898
2014-02-06 09:09:56.0000001,7.1077430391516145
2009-06-10 16:55:00.00000081,26.108119515792623
2009-06-10 16:55:00.00000029,5.056317170265743
2009-06-10 16:55:00.000000109,6.905245044069829
2009-06-10 16:55:00.00000098,44.60683316737811
2009-06-10 16:55:00.00000054,10.941124575245908
2009-06-10 16:55:00.00000021,31.506242010876235
2009-06-10 16:55:00.00000012,6.704158602953839
2009-06-10 16:55:00.00000033,3.705888108382055
2009-06-10 16:55:00.00000024,8.782337147397016
2009-06-10 16:55:00.00000099,8.592717343858226
2009-06-10 16:55:00.0000009,6.194412594722394
2009-06-10 16:55:00.000000158,5.781357030686081
2009-06-10 16:55:00.000000141,4.562138337845795
2009-06-10 16:55:00.00000093,7.463126995415109
2009-06-10 16:55:00.000000161,8.43085008402079
2009-06-10 16:55:00.00000088,4.578053729324324
2009-06-10 16:55:00.0000003,7.390602174312335
2009-06-10 16:55:00.00000018,4.567968848422765
2009-06-10 16:55:00.00000047,5.416923934615738
2009-06-10 16:55:00.000000154,7.577487944850077
2009-06-10 16:55:00.000000131,3.3143735263171266
2009-06-10 16:55:00.00000046,10.910507404918235
2009-06-10 16:55:00.0000004,5.759662630188359
2009-06-10 16:55:00.000000107,3.5301319675144214
2009-06-10 16:55:00.000000114,7.740558601980524
2009-06-10 16:55:00.000000117,6.822995277106315
2009-06-10 16:55:00.000000162,8.51149001173576
2009-06-10 16:55:00.00000049,10.050311987477698
2009-06-10 16:55:00.00000069,9.357614174267724
2009-06-10 16:55:00.000000111,6.490366024522018
2009-06-10 16:55:00.00000083,3.9754586519504755
2009-06-10 16:55:00.000000166,61.241776868923466
2009-06-10 16:55:00.000000135,8.115329320593446
2009-06-10 16:55:00.00000044,25.758336371415567
2009-06-10 16:55:00.00000085,8.452575646322998
2009-06-10 16:55:00.000000115,5.188394362160238
2009-06-10 16:55:00.000000108,5.204216629723419
2009-06-10 16:55:00.00000034,5.280162341356231
2009-06-10 16:55:00.00000060,16.6469600049129
2009-06-10 16:55:00.000000120,5.02674830937076
2009-06-10 16:55:00.000000174,21.815181325148956
2009-06-10 16:55:00.0000007,5.757599416985727
2009-06-10 16:55:00.000000159,8.437373746340995
2009-06-10 16:55:00.000000171,15.652191226419404
2009-06-10 16:55:00.000000145,10.456236114664875
2009-06-10 16:55:00.00000074,6.713929854693674
2009-06-10 16:55:00.000000138,10.27577097726089
2009-06-10 16:55:00.00000048,5.27923773558291
2009-06-10 16:55:00.000000101,5.076262281514005
2009-06-10 16:55:00.000000153,4.344625461954479
2009-06-10 16:55:00.0000002,10.675554259957039
2009-06-10 16:55:00.00000037,7.2937801280496615
2009-06-10 16:55:00.000000151,8.665354636165716
2009-06-10 16:55:00.000000127,22.748899928522974
2009-06-10 16:55:00.000000144,16.327014696193373
2009-06-10 16:55:00.000000165,11.203971745634249
2009-06-10 16:55:00.0000008,4.580997141316175
2009-06-10 16:55:00.000000122,7.09434695291759
2009-06-10 16:55:00.00000055,23.858070811647394
2009-06-10 16:55:00.00000079,4.320954226178628
2009-06-10 16:55:00.00000016,14.687626176184153
2009-06-10 16:55:00.000000160,16.3532169244545
2009-06-10 16:55:00.000000139,4.0724675525965495
2009-06-10 16:55:00.00000075,5.204244939741784
2009-06-10 16:55:00.00000017,5.997101634542105
2009-06-10 16:55:00.00000070,5.6197579967297315
2009-06-10 16:55:00.000000118,10.18108346507222
2009-06-10 16:55:00.00000066,10.590641980973714
2009-06-10 16:55:00.000000164,5.130378973844586
2009-06-10 16:55:00.000000100,8.604496374290648
2009-06-10 16:55:00.00000082,7.062748117966066
2009-06-10 16:55:00.00000090,12.506848129349692
2009-06-10 16:55:00.000000125,10.733859639495336
2009-06-10 16:55:00.000000149,6.413762960219401
2009-06-10 16:55:00.00000068,10.160622358679802
2009-06-10 16:55:00.00000039,4.870561944770884
2009-06-10 16:55:00.000000124,4.125993070312347
2009-06-10 16:55:00.00000053,6.074611148245026
2009-06-10 16:55:00.00000045,8.047329301263517
2009-06-10 16:55:00.000000102,4.974987814502356
2009-06-10 16:55:00.000000140,8.434863365800311
2009-06-10 16:55:00.000000148,5.985728423978799
2009-06-10 16:55:00.000000147,4.905274947551561
2009-06-10 16:55:00.00000097,7.308348108904852
2009-06-10 16:55:00.00000094,6.894405496431887
2009-06-10 16:55:00.00000078,7.469903513798613
2009-06-10 16:55:00.00000035,5.727366086982556
2009-06-10 16:55:00.00000072,5.979448653585337
2009-06-10 16:55:00.00000031,4.811016902213055
2009-06-10 16:55:00.00000056,5.384176457611261
2009-06-10 16:55:00.000000128,17.983602311331765
2009-06-10 16:55:00.00000057,5.384085372919117
2009-06-10 16:55:00.00000030,6.258448735419734
2009-06-10 16:55:00.00000043,8.178390884550709
2009-06-10 16:55:00.000000146,7.56218853519897
2009-06-10 16:55:00.00000010,5.785148343008927
2009-06-10 16:55:00.00000067,13.610920769758991
2009-06-10 16:55:00.000000119,5.3474712652783865
2009-06-10 16:55:00.00000076,16.900547314557684
2009-06-10 16:55:00.00000025,6.436194486656177
2009-06-10 16:55:00.00000071,15.432762557193541
2009-06-10 16:55:00.000000143,7.534903360474459
2013-06-26 11:19:36.0000002,5.780973782169099
2014-09-05 10:02:48.0000004,7.016603141648943
2014-09-05 10:02:48.0000002,8.133578828200939
2014-09-05 10:02:48.0000001,26.354110073838342
2014-09-05 10:02:48.0000003,10.12602711271279
2012-09-19 12:31:40.0000001,10.193748710961472
2012-09-19 12:31:40.0000002,6.736006268977235
2009-03-22 04:31:40.0000002,19.050868076431243
2009-08-27 02:31:44.0000001,23.598775923820085
2009-05-02 20:11:32.0000001,9.800606724384352
2009-05-02 20:11:32.0000004,8.089733344928845
2011-02-20 02:31:16.0000002,8.768750515859892
2011-02-20 02:31:16.0000001,22.381652179204707
2011-06-24 12:03:00.00000010,6.479679027887073
2011-06-24 12:03:00.00000067,12.57751858588881
2011-06-24 12:03:00.00000071,11.154558038656319
2011-06-24 12:03:00.000000100,5.788484920648443
2011-06-24 12:03:00.000000145,3.1924824534935397
2011-06-24 12:03:00.000000152,7.692347986992445
2011-06-24 12:03:00.00000026,11.740209952049213
2011-06-24 12:03:00.000000199,5.496645544254875
2011-06-24 12:03:00.000000195,6.145404344201324
2011-06-24 12:03:00.000000119,5.648746980015858
2011-06-24 12:03:00.00000086,3.8392656140262034
2011-06-24 12:03:00.00000012,6.737206074918163
2011-06-24 12:03:00.00000097,25.106220494400645
2011-06-24 12:03:00.00000058,4.962538439685659
2011-06-24 12:03:00.000000176,4.6163398217643135
2011-06-24 12:03:00.000000139,4.439789225370191
2011-06-24 12:03:00.00000048,7.784019349631876
2011-06-24 12:03:00.000000159,7.462585524258429
2011-06-24 12:03:00.00000079,6.655900032259979
2011-06-24 12:03:00.000000138,7.093636606603127
2011-06-24 12:03:00.000000135,11.122088474633074
2011-06-24 12:03:00.000000173,3.377078399457446
2011-06-24 12:03:00.000000162,11.428958172636158
2011-06-24 12:03:00.00000018,8.3588875634656
2011-06-24 12:03:00.000000136,6.274576212437864
2011-06-24 12:03:00.000000185,7.932952539409484
2011-06-24 12:03:00.00000069,5.66788386396081
2011-06-24 12:03:00.000000105,7.060445542853358
2011-06-24 12:03:00.000000180,6.209544146524422
2011-06-24 12:03:00.00000053,9.766003963974413
2011-06-24 12:03:00.000000142,6.852510098132939
2011-06-24 12:03:00.000000188,8.910255459329846
2011-06-24 12:03:00.00000089,4.395985738308468
2011-06-24 12:03:00.000000109,7.213819998806912
2011-06-24 12:03:00.00000074,7.195840124584947
2011-06-24 12:03:00.000000113,10.075721781504626
2011-06-24 12:03:00.00000044,5.339060990907342
2011-06-24 12:03:00.000000183,5.84710658468066
2011-06-24 12:03:00.00000047,3.7047844056746726
2011-06-24 12:03:00.0000006,10.02713821587929
2011-06-24 12:03:00.0000005,7.524634829176193
2011-06-24 12:03:00.000000200,8.219642262817956
2011-06-24 12:03:00.000000127,8.019340597723044
2011-06-24 12:03:00.000000120,9.55646275434276
2011-06-24 12:03:00.000000133,6.0446898391084005
2011-06-24 12:03:00.00000073,6.276636409518687
2011-06-24 12:03:00.000000101,5.485012268861851
2011-06-24 12:03:00.000000187,9.50378399790543
2011-06-24 12:03:00.000000122,9.484321503502997
2011-06-24 12:03:00.000000175,6.789292786872579
2011-06-24 12:03:00.000000154,10.244867141955524
2011-06-24 12:03:00.000000197,8.372851328980687
2011-06-24 12:03:00.00000017,8.83619209953531
2011-06-24 12:03:00.000000186,9.12408232911946
2011-06-24 12:03:00.00000020,8.651736686795857
2011-06-24 12:03:00.00000035,10.115930284124829
2011-06-24 12:03:00.000000193,7.534174274442194
2011-06-24 12:03:00.000000201,6.939986062644721
2011-06-24 12:03:00.00000054,19.504173988702973
2011-06-24 12:03:00.00000075,7.402590235747084
2011-06-24 12:03:00.000000114,8.075214938535282
2011-06-24 12:03:00.00000062,23.663647015130323
2011-06-24 12:03:00.00000055,28.70301978879627
2011-06-24 12:03:00.00000025,6.806634209658455
2011-06-24 12:03:00.00000022,5.801392119477782
2011-06-24 12:03:00.000000144,15.6617235396767
2011-06-24 12:03:00.000000177,5.3649215845690605
2011-06-24 12:03:00.000000124,6.3199598488210995
2011-06-24 12:03:00.00000094,5.0941436462221645
2011-06-24 12:03:00.00000041,6.510266837294921
2011-06-24 12:03:00.000000141,6.652101951798841
2011-06-24 12:03:00.00000092,9.168005952742192
2011-06-24 12:03:00.000000189,17.6986526887938
2011-06-24 12:03:00.000000171,10.984922389812823
2011-06-24 12:03:00.000000157,6.490916884525291
2011-06-24 12:03:00.000000179,7.898507314691301
2011-06-24 12:03:00.000000107,10.799761428454303
2011-06-24 12:03:00.00000095,15.055091168154377
2011-06-24 12:03:00.00000076,11.983155560053888
2011-06-24 12:03:00.000000156,6.9782250757007205
2011-06-24 12:03:00.000000111,26.5144180034423
2011-06-24 12:03:00.000000116,9.129562379767322
2011-06-24 12:03:00.00000033,10.824905313404543
2011-06-24 12:03:00.00000082,4.574900091019572
2011-06-24 12:03:00.00000078,6.587837600660805
2011-06-24 12:03:00.00000051,5.03096162082295
2011-06-24 12:03:00.000000143,10.531647542094333
2011-06-24 12:03:00.000000126,12.143285613889134
2011-06-24 12:03:00.00000088,9.401669059783671
2011-06-24 12:03:00.000000191,16.606009267294326
2011-06-24 12:03:00.00000063,13.295045878805013
2011-06-24 12:03:00.00000045,16.018848658806064
2011-06-24 12:03:00.00000060,8.095574349128015
2011-06-24 12:03:00.00000040,24.115850622514472
2011-06-24 12:03:00.00000057,8.743336072748093
2011-06-24 12:03:00.00000013,5.6798998263752765
2011-06-24 12:03:00.00000068,28.221913030383575
2011-06-24 12:03:00.000000165,4.6981207530648135
2011-06-24 12:03:00.00000056,5.902688648340472
2011-06-24 12:03:00.000000150,7.607086366242584
2011-06-24 12:03:00.00000052,5.928534219090125
2011-06-24 12:03:00.00000085,45.39664483812669
2011-06-24 12:03:00.000000190,7.295807245864921
2011-06-24 12:03:00.00000072,6.442940696058486
2011-06-24 12:03:00.000000137,4.923234182061265
2011-06-24 12:03:00.000000102,6.628911574692438
2011-06-24 12:03:00.000000106,7.021465609740517
2011-06-24 12:03:00.000000118,4.677185124241305
2011-06-24 12:03:00.00000046,12.224433220034939
2011-06-24 12:03:00.000000110,11.139481852105519
2011-06-24 12:03:00.000000181,6.182107641184643
2011-06-24 12:03:00.000000194,6.010396753608461
2011-06-24 12:03:00.00000061,3.937071001417621
2011-06-24 12:03:00.0000001,9.333630932914843
2011-06-24 12:03:00.00000087,8.17308951966072
2011-06-24 12:03:00.00000066,5.766316876551969
2011-06-24 12:03:00.000000146,6.633416489460728
2011-06-24 12:03:00.000000149,46.84650070197961
2011-06-24 12:03:00.00000038,9.245260842965763
2011-06-24 12:03:00.000000196,6.826618356598033
2011-06-24 12:03:00.00000093,7.521667637855103
2011-06-24 12:03:00.000000170,5.474445043279388
2011-06-24 12:03:00.000000168,8.227289487148369
2011-06-24 12:03:00.0000002,12.026593327241358
2011-06-24 12:03:00.00000042,12.439919412002837
2014-06-15 07:06:00.0000006,6.547320118807193
2014-06-15 07:06:00.00000037,10.47733609936904
2014-06-15 07:06:00.00000025,7.773358480809748
2014-06-15 07:06:00.0000008,11.871554072326944
2014-06-15 07:06:00.00000036,43.77400016358217
2014-06-15 07:06:00.00000042,21.742573103865425
2014-06-15 07:06:00.00000033,6.950443315708867
2014-06-15 07:06:00.00000013,5.454319695433128
2014-06-15 07:06:00.00000035,50.7595231868454
2014-06-15 07:06:00.00000030,10.731767475893093
2014-06-15 07:06:00.00000024,8.32784097207832
2014-06-15 07:06:00.00000031,11.708146399417274
2014-06-15 07:06:00.0000009,15.488854451767338
2014-06-15 07:06:00.00000039,50.30148478865931
2014-06-15 07:06:00.00000010,6.512929171069004
2014-06-15 07:06:00.00000019,18.61808270675226
2014-06-15 07:06:00.00000041,8.983600030802222
2014-06-15 07:06:00.00000028,17.642467729229224
2014-06-15 07:06:00.00000014,46.394300038039546
2014-06-15 07:06:00.0000003,14.707670219672991
2014-06-15 07:06:00.00000017,49.280859384212704
2014-06-15 07:06:00.00000015,16.61431132828443
2014-06-15 07:06:00.00000026,7.302459678337982
2014-06-15 07:06:00.0000002,16.953811409767695
2014-06-15 07:06:00.00000040,7.157083322827589
2014-06-15 07:06:00.00000016,7.392244489246195
2014-06-06 16:22:20.0000003,6.561909697617693
2014-06-06 16:22:20.0000002,8.402376094763781
2015-05-30 21:29:04.0000004,13.562669504545852
2015-05-30 21:29:04.0000007,15.102472228847432
2015-05-30 21:29:04.0000003,11.626942161623106
2015-05-30 21:29:04.0000001,9.06758402656726
2009-10-26 12:01:36.0000001,8.976659821552971
2009-10-26 12:01:36.0000002,8.146227764982086
2009-10-26 12:01:36.0000005,5.515254682618661
2009-10-26 12:01:36.0000003,5.834753822678977
2013-02-02 15:45:08.0000003,7.737927870635303
2013-02-02 15:45:08.0000001,11.47977151569114
2013-02-02 15:45:08.0000002,8.774157056490026
2015-04-15 06:47:04.0000001,10.446912464231787
2015-04-15 06:47:04.0000002,12.57567025458036
2010-12-14 23:27:36.0000001,6.991731748568554
2009-03-05 11:03:04.0000002,3.9576219594574695
2009-03-05 11:03:04.0000001,12.493642790807257
2013-07-18 12:23:40.0000003,6.129046033650184
2013-07-18 12:23:40.0000002,5.882593999015285
2013-07-18 12:23:40.0000001,8.540573988633014
2014-04-14 13:48:32.0000004,9.62976144733534
2014-04-14 13:48:32.0000003,6.42099398919504
2014-08-18 05:33:08.0000001,11.029391488420174
2012-01-28 03:14:28.0000001,36.49205717997086
2009-09-14 02:19:00.00000014,11.294229036142838
2009-09-14 02:19:00.00000035,9.871728284737856
2009-09-14 02:19:00.00000040,7.834058699559819
2009-09-14 02:19:00.00000031,4.59866715706778
2009-09-14 02:19:00.0000003,4.956350626798894
2009-09-14 02:19:00.00000025,8.422517499221158
2009-09-14 02:19:00.0000008,8.079458275572847
2009-09-14 02:19:00.00000024,9.443179358495854
2009-09-14 02:19:00.00000021,14.686635724057055
2009-09-14 02:19:00.00000036,10.079035819846467
2009-09-14 02:19:00.0000009,55.87309077058251
2009-09-14 02:19:00.0000001,9.541470014120478
2009-09-14 02:19:00.00000018,5.496217915833881
2009-09-14 02:19:00.00000039,6.961669752756279
2009-09-14 02:19:00.0000002,11.61773634239762
2009-09-14 02:19:00.00000038,9.883656803670306
2009-09-14 02:19:00.00000020,16.73955238411611
2009-09-14 02:19:00.00000028,6.39418729248689
2009-09-14 02:19:00.00000026,21.34401344341279
2009-09-14 02:19:00.00000017,7.985704129295641
2009-09-14 02:19:00.00000030,8.470178097092571
2009-09-14 02:19:00.00000016,5.818363999050575
2009-09-14 02:19:00.0000006,7.378730924426236
2009-09-14 02:19:00.0000007,8.252979496807598
2011-08-14 14:17:28.0000003,8.094138779415289
2011-08-14 14:17:28.0000001,6.1567277376401535
2011-08-14 14:17:28.0000004,8.017552399409396
2011-08-14 14:17:28.0000002,8.9055969814018
2011-08-14 14:17:28.0000005,14.753567856610289
2014-03-17 16:07:56.0000002,49.580918103426825
2010-11-03 21:09:56.0000002,6.498888862912736
2010-11-03 21:09:56.0000001,11.573736294420769
2012-12-11 23:37:08.0000002,10.300324027320812
2012-12-11 23:37:08.0000005,9.18322877895821
2012-12-11 23:37:08.0000004,8.259322888232418
2012-12-11 23:37:08.0000006,9.470242364312185
2012-12-11 23:37:08.0000003,6.314243722437595
2012-12-11 23:37:08.0000001,16.88330509733703
2015-06-24 14:19:52.0000001,12.66023758520214
2015-06-24 14:19:52.0000002,52.88273391723931
2015-06-24 14:19:52.0000004,9.22536132141181
2010-08-21 22:21:32.0000004,13.79975306277413
2011-02-19 10:20:28.0000003,4.601140420203819
2011-02-19 10:20:28.0000002,11.27000558048178
2011-02-19 10:20:28.0000001,7.14498401712558
2011-02-19 10:20:28.0000004,7.745090923516045
2011-10-02 22:31:44.0000004,10.88115428405797
2011-10-02 22:31:44.0000002,20.48078374597344
2011-10-02 22:31:44.0000003,19.08807010620353
2012-01-26 11:17:36.0000002,5.2646993329228735
2012-05-06 23:37:24.0000002,26.480844846176183
2012-05-06 23:37:24.0000001,24.64666692340552
2013-06-12 20:03:36.0000001,8.275957071793073
2013-06-12 20:03:36.0000002,47.73742382837429
2015-02-27 14:15:52.0000003,71.77473638600645
2013-12-21 17:20:32.0000001,9.942597845095747
2009-06-29 08:09:40.0000002,7.700111671330433
2009-06-29 08:09:40.0000001,10.43203733278392
2014-09-14 17:22:12.0000002,9.453811148091631
2014-09-14 17:22:12.0000001,10.64239313822577
2014-09-14 17:22:12.0000003,15.778924839079991
2014-09-14 17:22:12.0000005,8.774402724949823
2014-08-20 14:37:56.0000001,13.160610963460158
2011-07-20 16:34:48.0000001,5.407931058375198
2011-07-20 16:34:48.0000003,6.967792182344624
2009-10-05 10:11:32.0000001,6.895736289810657
2009-10-05 10:11:32.0000002,13.552608744406825
2011-02-16 08:44:04.0000001,13.365326342608569
2011-02-16 08:44:04.0000007,8.042972282377718
2011-02-16 08:44:04.0000004,8.344734157133075
2011-02-16 08:44:04.0000003,7.360431459829783
2011-02-16 08:44:04.0000002,5.294992464320785
2011-02-16 08:44:04.0000006,17.63009746520629
2011-02-16 08:44:04.0000005,7.313368065262694
2009-01-01 11:04:24.0000002,4.420551835180731
2014-04-28 19:46:36.0000003,8.825000660557293
2012-11-11 20:35:40.0000001,42.322455763674725
2012-11-11 20:35:40.0000002,4.984800894340424
2011-06-01 07:37:00.000000171,9.422068769964199
2011-06-01 07:37:00.000000199,7.47015971820872
2011-06-01 07:37:00.00000032,5.9523254128152985
2011-06-01 07:37:00.000000175,9.042054477048055
2011-06-01 07:37:00.00000095,6.292552195811027
2011-06-01 07:37:00.000000106,5.805223379261179
2011-06-01 07:37:00.00000090,8.99323138400382
2011-06-01 07:37:00.000000169,14.690764798206828
2011-06-01 07:37:00.0000007,5.338701917058074
2011-06-01 07:37:00.000000151,14.310102262549321
2011-06-01 07:37:00.000000101,5.893480418323861
2011-06-01 07:37:00.00000099,13.155618136108615
2011-06-01 07:37:00.00000084,5.426532120912384
2011-06-01 07:37:00.00000083,5.4758499996040655
2011-06-01 07:37:00.00000043,6.950695295741525
2011-06-01 07:37:00.00000029,6.4631274192494175
2011-06-01 07:37:00.000000132,21.202729854244808
2011-06-01 07:37:00.000000208,6.39113802653651
2011-06-01 07:37:00.000000221,6.0333602122560706
2011-06-01 07:37:00.000000131,5.897850991658629
2011-06-01 07:37:00.000000220,7.855028346021641
2011-06-01 07:37:00.000000207,7.215234775523072
2011-06-01 07:37:00.000000205,5.185049466055943
2011-06-01 07:37:00.000000180,7.398702531591084
2011-06-01 07:37:00.000000103,11.768785362377116
2011-06-01 07:37:00.00000098,18.418136998998875
2011-06-01 07:37:00.000000189,8.215720689938053
2011-06-01 07:37:00.000000165,5.628912781167514
2011-06-01 07:37:00.000000184,41.071954625386866
2011-06-01 07:37:00.00000092,7.490754760030768
2011-06-01 07:37:00.00000020,10.799151272461245
2011-06-01 07:37:00.000000105,8.167283625883329
2011-06-01 07:37:00.00000088,10.667724159479917
2011-06-01 07:37:00.000000122,8.034143362616533
2011-06-01 07:37:00.000000219,13.541030749815832
2011-06-01 07:37:00.000000222,7.19822760048487
2011-06-01 07:37:00.00000049,7.921123558986437
2011-06-01 07:37:00.000000114,6.08331567829498
2011-06-01 07:37:00.000000181,5.873840190173837
2011-06-01 07:37:00.000000144,59.65029064455757
2011-06-01 07:37:00.000000155,7.052196581537601
2011-06-01 07:37:00.000000118,6.551815470006545
2011-06-01 07:37:00.000000142,6.1539770078686615
2011-06-01 07:37:00.000000223,7.350925948249255
2011-06-01 07:37:00.00000057,7.0483012039219375
2011-06-01 07:37:00.000000168,5.160768442254721
2011-06-01 07:37:00.000000226,8.288663102154487
2011-06-01 07:37:00.000000177,12.592380698886586
2011-06-01 07:37:00.000000185,29.791234031291538
2011-06-01 07:37:00.000000178,14.123704356887401
2011-06-01 07:37:00.000000140,10.205122311718696
2011-06-01 07:37:00.000000141,11.883179685519508
2011-06-01 07:37:00.00000045,8.92675393363902
2011-06-01 07:37:00.00000086,7.766769263531955
2011-06-01 07:37:00.000000145,6.286122759089608
2011-06-01 07:37:00.00000037,8.711130329210732
2011-06-01 07:37:00.00000094,8.141894275006962
2011-06-01 07:37:00.00000082,6.750166723257621
2011-06-01 07:37:00.000000179,10.051459544995396
2011-06-01 07:37:00.000000197,6.670646004467926
2011-06-01 07:37:00.000000154,13.336468309586394
2011-06-01 07:37:00.00000019,10.075073132466514
2011-06-01 07:37:00.00000075,5.869610402524586
2011-06-01 07:37:00.000000110,12.314152438871929
2011-06-01 07:37:00.00000078,7.029786996421535
2011-06-01 07:37:00.000000146,8.796975671346445
2011-06-01 07:37:00.000000143,8.762781972530206
2011-06-01 07:37:00.000000227,13.742994083488952
2011-06-01 07:37:00.00000070,5.395281082385736
2011-06-01 07:37:00.000000176,8.848626099437979
2011-06-01 07:37:00.000000217,8.634303799780014
2011-06-01 07:37:00.00000026,6.951151354807735
2011-06-01 07:37:00.000000209,6.922890047377564
2011-06-01 07:37:00.000000183,9.478353315476738
2011-06-01 07:37:00.000000210,6.274003880962482
2011-06-01 07:37:00.00000060,10.33921333352248
2011-06-01 07:37:00.000000174,7.031670691781869
2011-06-01 07:37:00.000000203,10.873016353337675
2011-06-01 07:37:00.000000139,7.615424051980085
2011-06-01 07:37:00.000000162,7.657832098083418
2011-06-01 07:37:00.000000125,8.366959235259742
2011-06-01 07:37:00.000000198,10.35710993303951
2011-06-01 07:37:00.00000055,12.240855554728569
2011-06-01 07:37:00.00000016,7.839162839615369
2011-06-01 07:37:00.00000027,8.577661195632913
2011-06-01 07:37:00.00000053,19.75840848787766
2011-06-01 07:37:00.000000201,20.888125757373018
2011-06-01 07:37:00.000000138,6.439368461775189
2011-06-01 07:37:00.00000077,5.744757127634557
2011-06-01 07:37:00.00000022,9.384937964186747
2011-06-01 07:37:00.000000182,10.785042716493763
2011-06-01 07:37:00.000000163,7.982436108998854
2011-06-01 07:37:00.000000204,9.958970907922549
2011-06-01 07:37:00.000000137,8.920427440073809
2011-06-01 07:37:00.000000152,7.941217939982721
2011-06-01 07:37:00.00000048,7.619561235726451
2011-06-01 07:37:00.00000025,8.295184281148408
2011-06-01 07:37:00.000000100,14.56816275497954
2011-06-01 07:37:00.00000015,5.468270940620869
2011-06-01 07:37:00.00000097,16.708573548253185
2011-06-01 07:37:00.000000127,9.201654262158968
2011-06-01 07:37:00.000000170,6.493864296929701
2011-06-01 07:37:00.00000091,13.838598303629965
2011-06-01 07:37:00.000000109,8.933008831709913
2011-06-01 07:37:00.00000028,9.160120991305462
2011-06-01 07:37:00.000000129,21.142424725284855
2011-06-01 07:37:00.000000158,5.178691818373636
2011-06-01 07:37:00.0000005,5.595127840154532
2011-06-01 07:37:00.00000034,8.518683775501813
2011-06-01 07:37:00.000000107,8.328451268968479
2011-06-01 07:37:00.00000036,6.846437264996098
2011-06-01 07:37:00.00000046,8.707530588981058
2011-06-01 07:37:00.000000108,5.826355587189823
2011-06-01 07:37:00.0000008,7.441461908115571
2011-06-01 07:37:00.000000212,4.27671858571216
2011-06-01 07:37:00.00000068,8.594535219321529
2011-06-01 07:37:00.00000065,6.407391423120089
2011-06-01 07:37:00.000000116,5.510972395101817
2011-06-01 07:37:00.000000196,7.8310987322262235
2011-06-01 07:37:00.000000172,10.346388286461092
2011-06-01 07:37:00.00000059,14.872685927875295
2011-06-01 07:37:00.000000167,5.384054138307533
2011-06-01 07:37:00.00000058,9.13134749629262
2011-06-01 07:37:00.00000061,5.394291591122055
2011-06-01 07:37:00.000000156,15.160274490918141
2011-06-01 07:37:00.000000128,8.99009408244649
2011-06-01 07:37:00.00000079,5.727037553375908
2011-06-01 07:37:00.000000206,8.550014953341815
2011-06-01 07:37:00.00000069,7.406106020744005
2011-06-01 07:37:00.000000190,6.803347036787727
2011-06-01 07:37:00.000000112,5.223386680485305
2011-06-01 07:37:00.000000104,7.171790193723609
2011-06-01 07:37:00.000000194,5.610418566929184
2011-06-01 07:37:00.0000002,6.692307893730003
2011-06-01 07:37:00.00000044,6.459783547687152
2011-06-01 07:37:00.00000010,8.633876432587726
2011-06-01 07:37:00.000000157,18.9321125568174
2011-06-01 07:37:00.000000147,7.0110155033040655
2011-06-01 07:37:00.000000120,5.724586592837454
2011-06-01 07:37:00.000000149,11.175857365479487
2011-06-01 07:37:00.000000119,8.668185322656768
2011-06-01 07:37:00.00000023,5.75061131017344
2011-06-01 07:37:00.00000017,8.849901023289362
2011-06-01 07:37:00.00000038,15.530663764386986
2011-06-01 07:37:00.000000113,8.859259579683112
2011-06-01 07:37:00.000000211,8.894409568212268
2011-06-01 07:37:00.00000051,8.311568206441052
2011-06-01 07:37:00.00000054,7.191158239786432
2011-06-01 07:37:00.000000186,10.625940822162988
2009-02-16 03:13:40.0000001,7.848069455849441
2010-08-27 18:45:00.000000234,4.338868645054276
2010-08-27 18:45:00.00000057,6.5795234158819085
2010-08-27 18:45:00.00000039,12.12862671678738
2010-08-27 18:45:00.000000161,8.166645978269571
2010-08-27 18:45:00.000000220,9.72424846595186
2010-08-27 18:45:00.00000028,8.481757530107757
2010-08-27 18:45:00.00000014,13.572925197151449
2010-08-27 18:45:00.000000226,11.772703722741653
2010-08-27 18:45:00.000000175,6.113356466032769
2010-08-27 18:45:00.00000040,19.381722738700205
2010-08-27 18:45:00.000000144,14.33996336124676
2010-08-27 18:45:00.00000085,8.49412036237402
2010-08-27 18:45:00.000000194,7.818932873550011
2010-08-27 18:45:00.00000094,7.79955777046564
2010-08-27 18:45:00.000000141,15.135504228958212
2010-08-27 18:45:00.00000067,4.445226205716494
2010-08-27 18:45:00.000000231,6.236269741940873
2010-08-27 18:45:00.000000214,12.787156197423542
2010-08-27 18:45:00.00000037,14.827087689999189
2010-08-27 18:45:00.000000165,5.342403520682069
2010-08-27 18:45:00.000000158,13.216712288269491
2010-08-27 18:45:00.000000217,7.58131832117067
2010-08-27 18:45:00.00000090,14.777943895882572
2010-08-27 18:45:00.000000142,8.951593094637929
2010-08-27 18:45:00.0000004,6.842935360506772
2010-08-27 18:45:00.00000070,5.296904286549875
2010-08-27 18:45:00.000000202,7.381421081647545
2010-08-27 18:45:00.000000177,7.122602617645612
2010-08-27 18:45:00.00000084,11.598498446683834
2010-08-27 18:45:00.000000209,9.833048039833557
2010-08-27 18:45:00.000000184,34.636483902531154
2010-08-27 18:45:00.000000173,7.410291804564849
2010-08-27 18:45:00.00000029,6.0528270884470885
2010-08-27 18:45:00.00000025,5.8452017992018455
2010-08-27 18:45:00.00000012,5.336625435241331
2010-08-27 18:45:00.00000010,4.944336437209586
2010-08-27 18:45:00.000000136,7.536940482476098
2010-08-27 18:45:00.00000073,10.300362442765163
2010-08-27 18:45:00.000000124,6.767682053171939
2010-08-27 18:45:00.000000125,5.582889195449752
2010-08-27 18:45:00.000000169,5.171277669431902
2010-08-27 18:45:00.000000208,4.60082200413467
2010-08-27 18:45:00.000000152,5.984437787889988
2010-08-27 18:45:00.000000196,4.314769981632367
2010-08-27 18:45:00.0000005,10.884332693505485
2010-08-27 18:45:00.00000077,5.909782874542657
2010-08-27 18:45:00.000000123,11.028857643293804
2010-08-27 18:45:00.00000046,10.11723910824196
2010-08-27 18:45:00.00000033,6.5452728799756414
2010-08-27 18:45:00.000000166,10.222965296733037
2010-08-27 18:45:00.000000190,5.75303071457995
2010-08-27 18:45:00.00000043,7.21519295667531
2010-08-27 18:45:00.00000081,5.993764777386559
2010-08-27 18:45:00.00000034,8.753151874685955
2010-08-27 18:45:00.00000089,16.883308770216786
2010-08-27 18:45:00.000000189,5.394985853679941
2010-08-27 18:45:00.00000078,7.204551725681654
2010-08-27 18:45:00.00000053,9.015280844734662
2010-08-27 18:45:00.000000188,7.192084106756965
2010-08-27 18:45:00.00000071,7.449013169280988
2010-08-27 18:45:00.00000097,15.821434147634818
2010-08-27 18:45:00.00000031,6.528162137889694
2010-08-27 18:45:00.000000101,11.730163177530358
2010-08-27 18:45:00.000000140,5.720121178636418
2010-08-27 18:45:00.00000054,24.242803222084717
2010-08-27 18:45:00.0000006,9.627839182375283
2010-08-27 18:45:00.00000011,8.264060734468217
2010-08-27 18:45:00.00000055,6.626938493386319
2010-08-27 18:45:00.000000160,10.668601749248069
2010-08-27 18:45:00.00000024,10.078402906426163
2010-08-27 18:45:00.000000106,5.598434905801696
2010-08-27 18:45:00.000000131,6.823749022995344
2010-08-27 18:45:00.00000087,11.276770156982138
2010-08-27 18:45:00.000000110,9.927984296896511
2010-08-27 18:45:00.000000197,11.610230672216971
2010-08-27 18:45:00.00000066,8.296802464934444
2010-08-27 18:45:00.000000205,9.988666447758305
2010-08-27 18:45:00.00000086,6.215858827747866
2010-08-27 18:45:00.000000207,6.934488456171152
2010-08-27 18:45:00.00000068,14.014099761867556
2010-08-27 18:45:00.00000050,5.7550658898944675
2010-08-27 18:45:00.00000045,26.055276115881497
2010-08-27 18:45:00.00000093,4.630740291361462
2010-08-27 18:45:00.00000061,9.981239092608348
2010-08-27 18:45:00.00000022,5.51431781005374
2010-08-27 18:45:00.00000018,5.255460619574706
2010-08-27 18:45:00.000000192,8.870514685379362
2010-08-27 18:45:00.000000148,4.711171453789916
2010-08-27 18:45:00.000000195,5.339110071677396
2010-08-27 18:45:00.000000155,5.24670374020036
2010-08-27 18:45:00.000000129,8.974557432248275
2010-08-27 18:45:00.000000133,4.966283730221335
2010-08-27 18:45:00.00000063,11.210819730093249
2010-08-27 18:45:00.00000076,5.936471505162558
2010-08-27 18:45:00.000000204,15.065406778439296
2010-08-27 18:45:00.000000179,4.742416651433473
2010-08-27 18:45:00.000000219,16.20489964024364
2010-08-27 18:45:00.000000107,6.38340135277349
2010-08-27 18:45:00.000000153,8.704815553903927
2010-08-27 18:45:00.00000026,11.24688424263968
2010-08-27 18:45:00.000000198,7.088653575341368
2010-08-27 18:45:00.00000016,10.189423386619978
2010-08-27 18:45:00.00000060,6.74711342853368
2010-08-27 18:45:00.00000017,24.377043370550837
2010-08-27 18:45:00.000000109,13.645365553644297
2010-08-27 18:45:00.000000227,10.178845313287525
2010-08-27 18:45:00.000000181,5.792037587302957
2010-08-27 18:45:00.000000191,6.686030198286971
2010-08-27 18:45:00.000000228,6.964249391257681
2010-08-27 18:45:00.00000069,11.612137032596252
2010-08-27 18:45:00.000000113,8.181317089069466
2010-08-27 18:45:00.00000049,8.53157208937705
2010-08-27 18:45:00.000000103,5.580666218636111
2010-08-27 18:45:00.0000003,5.778932923877619
2010-08-27 18:45:00.0000008,7.52246305146673
2010-08-27 18:45:00.000000134,6.4784699024016845
2010-08-27 18:45:00.000000183,27.0968183205448
2010-08-27 18:45:00.00000013,13.33956079033203
2010-08-27 18:45:00.000000235,5.608669596146342
2010-08-27 18:45:00.00000038,8.939825382886966
2010-08-27 18:45:00.00000030,16.058890070688108
2010-08-27 18:45:00.000000203,9.66928233603312
2010-08-27 18:45:00.000000182,10.223868852301848
2010-08-27 18:45:00.000000230,8.247058061942766
2010-08-27 18:45:00.00000065,7.4017032937373415
2011-02-12 00:43:24.0000003,10.536093288785878
2011-02-12 00:43:24.0000001,3.288161245121728
2014-05-07 06:50:20.0000002,7.651741498635943
2014-05-07 06:50:20.0000001,7.802372063207372
2014-05-07 06:50:20.0000003,9.259102244525252
2011-04-27 20:59:24.0000002,9.418737431915133
2011-04-27 20:59:24.0000003,12.033111991284727
2011-04-27 20:59:24.0000004,5.935297413401145
2011-04-27 20:59:24.0000001,7.996312580948143
2011-04-27 20:59:24.0000005,7.375637399646962
2010-08-14 02:13:00.00000069,7.92920109572151
2010-08-14 02:13:00.00000049,8.21174896387356
2010-08-14 02:13:00.00000059,5.709895293178647
2010-08-14 02:13:00.00000075,18.252709708645057
2010-08-14 02:13:00.00000020,6.643174973019654
2010-08-14 02:13:00.000000102,16.79420285754452
2010-08-14 02:13:00.00000060,5.563423949496837
2010-08-14 02:13:00.00000033,17.814730350738273
2010-08-14 02:13:00.000000166,12.891709201469439
2010-08-14 02:13:00.000000111,7.450683863582299
2010-08-14 02:13:00.00000056,9.92464664439342
2010-08-14 02:13:00.00000044,6.765392206633692
2010-08-14 02:13:00.000000132,6.8917467857543215
2010-08-14 02:13:00.00000073,5.6325700804436565
2010-08-14 02:13:00.00000043,7.630851726947299
2010-08-14 02:13:00.00000085,12.213037633764657
2010-08-14 02:13:00.000000108,21.896202905151995
2010-08-14 02:13:00.00000028,17.525371348721478
2010-08-14 02:13:00.00000076,6.077671091269622
2010-08-14 02:13:00.00000066,33.41127628936613
2010-08-14 02:13:00.00000080,23.608502847181512
2010-08-14 02:13:00.000000149,11.649614708845093
2010-08-14 02:13:00.00000054,10.255402076352652
2010-08-14 02:13:00.000000130,11.950198089966648
2010-08-14 02:13:00.00000032,3.6467582525630178
2010-08-14 02:13:00.000000158,6.396589150262457
2010-08-14 02:13:00.000000171,14.016597458450633
2010-08-14 02:13:00.00000092,6.084782647527504
2010-08-14 02:13:00.000000155,9.422310933948665
2010-08-14 02:13:00.000000116,3.7059454264132228
2010-08-14 02:13:00.000000109,13.00918792169466
2010-08-14 02:13:00.00000030,7.215101585235857
2010-08-14 02:13:00.00000015,14.325843574726605
2010-08-14 02:13:00.000000133,9.047648751899487
2010-08-14 02:13:00.00000072,9.536027440200769
2010-08-14 02:13:00.00000052,11.69602473842292
2010-08-14 02:13:00.000000170,15.189597489057633
2010-08-14 02:13:00.0000007,10.307435816081238
2010-08-14 02:13:00.000000165,9.76745094048215
2010-08-14 02:13:00.00000026,11.821718913223094
2010-08-14 02:13:00.000000148,5.9463672302489385
2010-08-14 02:13:00.00000034,10.3761792477045
2010-08-14 02:13:00.00000022,27.31522555582933
2010-08-14 02:13:00.000000100,5.148678163929503
2010-08-14 02:13:00.000000160,6.802607287367323
2010-08-14 02:13:00.0000009,17.157647489491524
2010-08-14 02:13:00.00000038,12.12714446712073
2010-08-14 02:13:00.0000001,8.602088428857769
2010-08-14 02:13:00.00000078,7.3280813666747235
2010-08-14 02:13:00.000000134,8.344391622770218
2010-08-14 02:13:00.00000077,20.842745343613615
2010-08-14 02:13:00.000000168,6.555771082137653
2010-08-14 02:13:00.000000161,8.983200737375228
2010-08-14 02:13:00.000000122,6.617431049333277
2010-08-14 02:13:00.00000035,6.044861708188364
2010-08-14 02:13:00.000000110,6.436856979481377
2010-08-14 02:13:00.000000146,12.227753799183347
2010-08-14 02:13:00.00000010,15.123700995825516
2010-08-14 02:13:00.000000141,4.890808086450647
2010-08-14 02:13:00.00000087,20.69416847501202
2010-08-14 02:13:00.000000137,6.273951974207648
2010-08-14 02:13:00.00000064,7.594567470624952
2010-08-14 02:13:00.00000084,8.068133910588813
2010-08-14 02:13:00.000000139,19.34176135590519
2010-08-14 02:13:00.00000089,36.179234016570945
2010-08-14 02:13:00.000000140,46.24689359686272
2010-08-14 02:13:00.00000012,10.747767549540526
2010-08-14 02:13:00.00000025,6.032312234422193
2010-08-14 02:13:00.00000070,4.61623682302843
2010-08-14 02:13:00.0000004,12.078383915707377
2010-08-14 02:13:00.00000090,10.858603651368071
2010-08-14 02:13:00.000000101,15.145140787351352
2010-08-14 02:13:00.00000017,5.779270365098796
2010-08-14 02:13:00.00000055,6.689472761990714
2010-08-14 02:13:00.00000014,9.900886521058737
2010-08-14 02:13:00.000000142,17.435673944444375
2010-08-14 02:13:00.00000021,15.907548005345575
2010-08-14 02:13:00.00000047,15.028764300034823
2010-08-14 02:13:00.00000083,4.831151908455126
2010-08-14 02:13:00.000000162,7.724409137329076
2015-04-16 22:32:48.0000006,11.711965530714451
2015-04-16 22:32:48.0000001,8.745886043988207
2015-04-16 22:32:48.0000004,7.800965290597219
2015-04-16 22:32:48.0000002,13.661135519543564
2015-04-16 22:32:48.0000005,10.217619268868134
2013-03-15 11:57:04.0000002,7.154916779002406
2013-03-15 11:57:04.0000001,7.983524309271274
2014-11-16 08:47:12.0000002,13.201599036461516
2014-11-16 08:47:12.0000001,8.260992780289257
2013-02-20 16:10:28.0000001,6.387700228171866
2011-07-03 00:36:04.0000001,7.794733393107208
2014-03-25 23:47:00.00000074,8.63841050400299
2014-03-25 23:47:00.00000088,11.630436195082893
2014-03-25 23:47:00.000000100,9.797715759761559
2014-03-25 23:47:00.00000094,7.375183996053238
2014-03-25 23:47:00.00000059,12.452173855635806
2014-03-25 23:47:00.00000066,9.895367715522866
2014-03-25 23:47:00.00000016,6.755132154037597
2014-03-25 23:47:00.0000003,16.189776872885545
2014-03-25 23:47:00.00000080,6.814803764266571
2014-03-25 23:47:00.00000048,42.237170076185976
2014-03-25 23:47:00.00000058,11.851289343709482
2014-03-25 23:47:00.00000070,24.368098250783078
2014-03-25 23:47:00.00000046,16.241586028890424
2014-03-25 23:47:00.00000053,7.122970539184735
2014-03-25 23:47:00.00000029,8.872510054195118
2014-03-25 23:47:00.00000087,11.502612718275714
2014-03-25 23:47:00.000000126,9.446182966596325
2014-03-25 23:47:00.00000024,11.703674674086074
2014-03-25 23:47:00.0000007,13.763161908363486
2014-03-25 23:47:00.00000071,17.35971662214456
2014-03-25 23:47:00.0000008,12.242904069014799
2014-03-25 23:47:00.00000049,20.610545565179564
2014-03-25 23:47:00.00000090,23.37347540457506
2014-03-25 23:47:00.00000089,21.012969444882174
2014-03-25 23:47:00.000000117,7.55647352002029
2014-03-25 23:47:00.00000043,10.981149394752947
2014-03-25 23:47:00.00000032,9.396502919591398
2014-03-25 23:47:00.00000081,8.05733107624792
2014-03-25 23:47:00.00000023,8.290709668000659
2014-03-25 23:47:00.00000099,30.122480826786386
2014-03-25 23:47:00.00000077,8.715447666784257
2014-03-25 23:47:00.00000065,8.49181429403518
2014-03-25 23:47:00.000000111,13.694168866956147
2014-03-25 23:47:00.000000118,24.950885523733405
2014-03-25 23:47:00.00000038,10.820486669507318
2014-03-25 23:47:00.000000110,8.06483133803863
2014-03-25 23:47:00.00000014,14.127792726285293
2014-03-25 23:47:00.00000086,36.67305794199001
2014-03-25 23:47:00.00000097,9.066221924551542
2014-03-25 23:47:00.00000092,20.46322080129812
2014-03-25 23:47:00.000000140,10.555304150256916
2014-03-25 23:47:00.000000123,22.658123588033163
2014-03-25 23:47:00.000000131,7.724337052944861
2014-03-25 23:47:00.00000033,14.009491404734831
2014-03-25 23:47:00.00000015,8.026069120808984
2014-03-25 23:47:00.000000125,22.562890408983662
2014-03-25 23:47:00.00000061,19.934616648546125
2014-03-25 23:47:00.00000027,13.220939486951693
2014-03-25 23:47:00.000000101,25.664954510894063
2014-03-25 23:47:00.000000136,9.434944620850047
2014-03-25 23:47:00.000000133,8.87931793039877
2014-03-25 23:47:00.0000006,29.06137839049734
2014-03-25 23:47:00.00000047,11.741420551953524
2014-03-25 23:47:00.00000056,10.405322089961942
2014-03-25 23:47:00.0000001,6.926448164710223
2014-03-25 23:47:00.00000045,8.008056296518703
2014-03-25 23:47:00.00000073,8.29370410634101
2014-03-25 23:47:00.00000030,18.35338153221653
2014-03-25 23:47:00.00000010,27.42328947114447
2014-03-25 23:47:00.00000072,12.976713806956468
2014-03-25 23:47:00.0000009,17.648666231820016
2014-03-25 23:47:00.00000082,10.874284551738242
2014-03-25 23:47:00.00000017,7.773649126751707
2014-03-25 23:47:00.00000050,10.493452928821284
2014-03-25 23:47:00.000000121,10.113442629438055
2014-03-25 23:47:00.000000109,21.36789481876349
2014-03-25 23:47:00.00000018,6.451311987003805
2014-03-25 23:47:00.00000078,8.929270368088964
2014-03-25 23:47:00.00000025,6.732847541799401
2014-03-25 23:47:00.00000044,7.870129344053794
2014-03-25 23:47:00.0000005,7.341561842794249
2014-03-25 23:47:00.00000062,8.882304156845748
2014-03-25 23:47:00.000000130,39.89044978621348
2014-03-25 23:47:00.00000037,10.13975045708321
2014-03-25 23:47:00.000000114,13.190655150535918
2014-03-25 23:47:00.0000002,23.7108444142566
2014-03-25 23:47:00.000000103,22.745493605416982
2014-03-25 23:47:00.000000106,14.705137633489244
2014-03-25 23:47:00.00000095,10.293675690596274
2014-03-25 23:47:00.000000113,25.825611837812858
2014-03-25 23:47:00.0000004,17.380209029179696
2014-03-25 23:47:00.00000041,18.262210408667784
2014-03-25 23:47:00.00000079,17.155278668142955
2011-06-21 13:19:20.0000001,8.978948880525877
2011-06-21 13:19:20.0000003,7.39371086759013
2011-06-21 13:19:20.0000002,11.34465571643284
2013-01-02 20:53:44.0000001,7.2695294745406045
2013-01-02 20:53:44.0000002,7.616363258656065
2009-10-07 08:16:24.0000001,11.34852918417414
2012-08-25 22:18:36.0000003,14.395243561261282
2012-08-25 22:18:36.0000004,11.174937465953235
2012-08-25 22:18:36.0000001,9.10246621396493
2012-08-25 22:18:36.0000002,9.878114681007332
2015-06-05 08:38:56.0000005,8.705576306338571
2015-06-05 08:38:56.0000007,10.613332931693662
2015-06-05 08:38:56.0000006,8.287196931325411
2015-06-05 08:38:56.0000004,28.491571146134334
2015-06-05 08:38:56.0000001,28.085560851103537
2015-06-05 08:38:56.0000002,14.330444098047906
2013-02-26 11:10:24.0000002,8.685267970131463
2013-02-26 11:10:24.0000001,28.609925355497012
2014-04-29 00:02:40.0000001,9.508003694824424
2014-04-29 00:02:40.0000002,15.630100422638293
2014-04-29 00:02:40.0000003,14.226586245667363
2010-08-06 20:27:12.0000002,13.997108397306079
2010-08-06 20:27:12.0000005,9.41127206966678
2010-08-06 20:27:12.0000004,5.208436044161317
2010-08-06 20:27:12.0000001,10.67497433097435
2012-06-07 00:25:40.0000001,9.14558215851514
2012-06-07 00:25:40.0000002,18.920124086576266
2011-09-24 07:42:32.0000001,7.349493143820496
2011-09-28 10:58:48.0000002,7.781266708273279
2011-09-28 10:58:48.0000001,7.233071891119835
2011-09-28 10:58:48.0000005,6.116644105836599
2011-09-28 10:58:48.0000004,13.077992752129262
2011-09-28 10:58:48.0000003,19.069880984869087
2011-09-28 10:58:48.0000006,11.40448342859861
2009-11-01 05:04:12.0000001,9.501268648906034
2009-11-01 05:04:12.0000002,13.07501867648216
2014-04-23 22:54:12.0000002,8.244468348072928
2014-04-23 22:54:12.0000001,25.392521328823705
2014-04-23 22:54:12.0000004,31.70678407285868
2014-04-23 22:54:12.0000003,12.742461126027933
2014-04-23 22:54:12.0000005,7.464484193375483
2014-04-23 22:54:12.0000006,14.888786131831921
2012-02-28 19:18:44.0000001,7.082515039231907
2012-02-28 19:18:44.0000002,10.691679075373031
2010-09-29 16:43:00.0000003,46.24524665943443
2010-09-29 16:43:00.000000143,5.915948032105803
2010-09-29 16:43:00.000000150,4.849773493808129
2010-09-29 16:43:00.00000077,6.804347584371044
2010-09-29 16:43:00.000000153,12.966844399093475
2010-09-29 16:43:00.00000048,5.237803469300502
2010-09-29 16:43:00.00000086,3.79885729639318
2010-09-29 16:43:00.000000108,9.267427021814456
2010-09-29 16:43:00.000000101,6.750709337015564
2010-09-29 16:43:00.000000132,6.969102832719614
2010-09-29 16:43:00.00000033,4.330934595787198
2010-09-29 16:43:00.00000055,6.032893486199896
2010-09-29 16:43:00.000000107,9.911794337898527
2010-09-29 16:43:00.000000147,4.451316290522527
2010-09-29 16:43:00.00000098,8.338766249991522
2010-09-29 16:43:00.00000053,12.781821479548853
2010-09-29 16:43:00.00000052,9.558700249667709
2010-09-29 16:43:00.00000085,6.63886044736023
2010-09-29 16:43:00.000000115,5.903899972061595
2010-09-29 16:43:00.000000133,3.221113753419104
2010-09-29 16:43:00.000000131,11.080286942398061
2010-09-29 16:43:00.00000031,13.709878778276902
2010-09-29 16:43:00.00000096,3.9806024456221394
2010-09-29 16:43:00.000000120,6.427139378880611
2010-09-29 16:43:00.000000175,14.008642104028581
2010-09-29 16:43:00.00000072,10.787865935144737
2010-09-29 16:43:00.00000038,9.423393266916037
2010-09-29 16:43:00.00000043,7.449440360615199
2010-09-29 16:43:00.0000007,40.00987140751806
2010-09-29 16:43:00.000000111,7.066892453153059
2010-09-29 16:43:00.00000067,7.869043124010432
2010-09-29 16:43:00.00000065,7.951953605162657
2010-09-29 16:43:00.00000046,5.000465634406055
2010-09-29 16:43:00.00000075,9.847244960941339
2010-09-29 16:43:00.000000155,6.431686342819603
2010-09-29 16:43:00.00000087,46.32066137449249
2010-09-29 16:43:00.000000160,8.638475039485456
2010-09-29 16:43:00.00000060,7.564831219954158
2010-09-29 16:43:00.00000020,8.119817978821857
2010-09-29 16:43:00.00000091,9.313973419517993
2010-09-29 16:43:00.00000068,14.182254059973502
2010-09-29 16:43:00.000000165,9.113467538388363
2010-09-29 16:43:00.000000146,6.004167061695057
2010-09-29 16:43:00.000000169,9.64893705207362
2010-09-29 16:43:00.000000141,6.166033022324996
2010-09-29 16:43:00.00000018,7.508096494306187
2010-09-29 16:43:00.000000100,9.105241135947608
2010-09-29 16:43:00.000000163,19.27066257545266
2010-09-29 16:43:00.00000076,5.243720069283313
2010-09-29 16:43:00.00000027,34.341035094001995
2010-09-29 16:43:00.000000137,8.786821589588953
2010-09-29 16:43:00.00000021,7.1966836856939835
2010-09-29 16:43:00.00000063,7.807192694669425
2010-09-29 16:43:00.00000058,9.43926887542591
2010-09-29 16:43:00.00000090,17.646115505129046
2010-09-29 16:43:00.00000066,10.167150415684432
2010-09-29 16:43:00.000000156,6.633545874378456
2010-09-29 16:43:00.000000104,5.842666341216159
2010-09-29 16:43:00.00000089,39.333735201667196
2010-09-29 16:43:00.00000029,24.34655870993572
2010-09-29 16:43:00.0000004,6.839975645626282
2010-09-29 16:43:00.00000051,10.545805612130494
2010-09-29 16:43:00.00000036,7.500107144248432
2010-09-29 16:43:00.000000158,8.817633227446436
2010-09-29 16:43:00.000000106,9.29854766743324
2010-09-29 16:43:00.00000047,5.790201958037301
2010-09-29 16:43:00.00000073,8.831133750747654
2010-09-29 16:43:00.00000024,7.302777343623461
2010-09-29 16:43:00.000000151,7.470476254562641
2010-09-29 16:43:00.000000134,4.140732637151018
2010-09-29 16:43:00.000000138,5.701564193829427
2010-09-29 16:43:00.000000125,7.076865619777664
2010-09-29 16:43:00.000000112,6.52667562123122
2010-09-29 16:43:00.0000006,5.799982739965344
2010-09-29 16:43:00.00000025,15.15829040360802
2010-09-29 16:43:00.0000008,6.5006214184834334
2010-09-29 16:43:00.00000049,24.160551071209852
2010-09-29 16:43:00.000000173,6.244239800186733
2010-09-29 16:43:00.00000050,6.943258228928244
2010-09-29 16:43:00.00000035,5.688194645079761
2010-09-29 16:43:00.00000097,43.241740385212324
2010-09-29 16:43:00.00000054,7.102802266936237
2010-09-29 16:43:00.000000166,6.560095701395767
2010-09-29 16:43:00.0000005,6.290532619039936
2010-09-29 16:43:00.00000030,26.0619526794394
2010-09-29 16:43:00.000000102,16.00065910540843
2010-09-29 16:43:00.00000056,9.657418257901895
2010-09-29 16:43:00.000000103,6.39186877148768
2010-09-29 16:43:00.00000092,36.09322047899582
2010-09-29 16:43:00.00000079,5.595864082932735
2010-09-29 16:43:00.000000149,6.077361792989791
2010-09-29 16:43:00.000000123,5.150741362979716
2010-09-29 16:43:00.000000128,5.5507459696988235
2010-09-29 16:43:00.000000121,7.876485988825721
2010-09-29 16:43:00.000000105,28.943197281548464
2010-09-29 16:43:00.00000026,12.155188199528425
2010-09-29 16:43:00.000000109,9.418015031534424
2010-09-29 16:43:00.000000124,4.647869768325222
2010-09-29 16:43:00.00000071,5.826591956012521
2010-09-29 16:43:00.00000061,19.268554345737243
2010-09-29 16:43:00.000000129,9.261025422823877
2010-09-29 16:43:00.00000095,5.9068645708659915
2010-09-29 16:43:00.00000010,10.806395746098929
2010-09-29 16:43:00.00000081,8.417840063157655
2010-09-29 16:43:00.00000017,11.090054307836908
2010-09-29 16:43:00.00000028,8.020345958516828
2010-09-29 16:43:00.000000167,4.150498474158212
2010-09-29 16:43:00.00000082,13.249457852594446
2010-09-29 16:43:00.000000116,9.164941507990648
2010-09-29 16:43:00.000000127,39.83217287110449
2014-10-27 14:58:00.00000095,8.93342326696802
2014-10-27 14:58:00.000000118,10.099290093728541
2014-10-27 14:58:00.00000098,9.472590365402311
2014-10-27 14:58:00.000000108,13.203381554260659
2014-10-27 14:58:00.00000074,6.944915067375291
2014-10-27 14:58:00.00000079,13.633813823888886
2014-10-27 14:58:00.000000137,8.57617063120631
2014-10-27 14:58:00.0000001,11.796284173503295
2014-10-27 14:58:00.00000018,8.181731140060151
2014-10-27 14:58:00.000000142,8.385211486205549
2014-10-27 14:58:00.00000082,8.62377978101199
2014-10-27 14:58:00.0000008,18.83484695996708
2014-10-27 14:58:00.00000016,8.70544114056031
2014-10-27 14:58:00.000000117,9.64135483966868
2014-10-27 14:58:00.00000048,10.58917631825068
2014-10-27 14:58:00.00000075,8.068066769517031
2014-10-27 14:58:00.000000112,16.65272274162737
2014-10-27 14:58:00.00000029,8.454627079753323
2014-10-27 14:58:00.00000058,9.275901043339104
2014-10-27 14:58:00.00000053,12.469548510271466
2014-10-27 14:58:00.00000052,7.4636959722118945
2014-10-27 14:58:00.00000071,12.308762431419382
2014-10-27 14:58:00.00000044,11.718887799228014
2014-10-27 14:58:00.000000120,8.164061780604015
2014-10-27 14:58:00.00000034,11.008329704505968
2014-10-27 14:58:00.000000105,8.549061468595823
2014-10-27 14:58:00.000000147,8.68094887627683
2014-10-27 14:58:00.00000030,8.415552269612817
2014-10-27 14:58:00.000000100,9.850518140570898
2014-10-27 14:58:00.00000086,8.942431377000617
2014-10-27 14:58:00.00000047,25.063246232783058
2014-10-27 14:58:00.000000107,26.71396764841802
2014-10-27 14:58:00.000000127,26.28802220115108
2014-10-27 14:58:00.000000119,7.4137942389886575
2014-10-27 14:58:00.00000013,26.370186814216254
2014-10-27 14:58:00.00000076,29.2175860948538
2014-10-27 14:58:00.00000085,8.577718441884258
2014-10-27 14:58:00.00000038,9.381435184751354
2014-10-27 14:58:00.0000004,8.649037239744416
2014-10-27 14:58:00.00000037,30.548621091089558
2014-10-27 14:58:00.00000041,6.971414484990191
2014-10-27 14:58:00.000000141,8.469097218105048
2014-10-27 14:58:00.000000140,9.807085906782504
2014-10-27 14:58:00.00000042,9.4848677816409
2014-10-27 14:58:00.000000109,8.307450048528722
2014-10-27 14:58:00.00000077,11.066349703801961
2014-10-27 14:58:00.00000026,17.062490211180716
2014-10-27 14:58:00.000000151,7.440531946649685
2014-10-27 14:58:00.00000061,9.26906396435993
2014-10-27 14:58:00.000000114,16.16660162293624
2014-10-27 14:58:00.00000021,15.19539633733018
2014-10-27 14:58:00.00000063,9.087607066346322
2014-10-27 14:58:00.00000072,50.389758593182364
2014-10-27 14:58:00.000000131,10.030282558571116
2014-10-27 14:58:00.0000005,29.795325479001804
2014-10-27 14:58:00.000000110,8.645966869194126
2014-10-27 14:58:00.00000011,8.527812128492997
2014-10-27 14:58:00.00000064,8.180998605824357
2014-10-27 14:58:00.00000033,7.463653988634974
2014-10-27 14:58:00.00000091,8.636867188175529
2014-10-27 14:58:00.0000003,12.94888130424215
2014-10-27 14:58:00.00000096,6.901049885340399
2014-10-27 14:58:00.00000051,10.545114684760506
2014-10-27 14:58:00.00000020,8.926461356122218
2014-10-27 14:58:00.000000138,49.48247243913045
2014-10-27 14:58:00.0000002,18.166642906820925
2014-10-27 14:58:00.00000039,11.612962037138232
2014-10-27 14:58:00.00000073,10.073523906090372
2014-10-27 14:58:00.000000116,9.742005665914576
2014-10-27 14:58:00.00000049,8.711427903349431
2014-10-27 14:58:00.00000025,14.152740987850507
2014-10-27 14:58:00.000000133,6.965756422969548
2014-10-27 14:58:00.00000043,9.922961547614818
2014-10-27 14:58:00.00000055,8.939549402471812
2014-10-27 14:58:00.000000124,24.13425532804149
2014-10-27 14:58:00.00000083,11.452038377607096
2014-10-27 14:58:00.00000010,9.273096544442296
2014-10-27 14:58:00.000000126,7.562965489887915
2014-10-27 14:58:00.00000017,11.571859876954932
2014-10-27 14:58:00.000000139,11.785375464802087
2014-10-27 14:58:00.00000014,8.05167295426861
2014-10-27 14:58:00.00000045,10.889841179866835
2014-10-27 14:58:00.000000132,8.355664467685415
2014-10-27 14:58:00.00000080,30.963917087487857
2014-10-27 14:58:00.00000019,8.926862900043375
2014-10-27 14:58:00.000000102,13.101924062111834
2014-10-27 14:58:00.00000062,11.704485802076874
2014-10-27 14:58:00.000000122,32.358082024719465
2014-10-27 14:58:00.00000032,15.466069420567237
2014-10-27 14:58:00.00000015,9.948395716417053
2014-10-27 14:58:00.00000084,50.63327827721275
2014-10-27 14:58:00.000000134,7.641162391598982
2014-10-27 14:58:00.00000093,10.613201529933804
2014-10-27 14:58:00.00000068,8.255174280132792
2014-10-27 14:58:00.00000089,46.69340966313598
2014-10-27 14:58:00.00000027,49.61847819654599
2009-10-08 23:44:56.0000004,16.26832851346137
2009-10-08 23:44:56.0000001,11.82021336239336
2012-11-03 17:11:00.00000035,6.857078136346217
2012-11-03 17:11:00.000000107,12.710091880278583
2012-11-03 17:11:00.00000069,10.185366700673626
2012-11-03 17:11:00.000000116,11.878342442190615
2012-11-03 17:11:00.000000145,6.613306250935466
2012-11-03 17:11:00.00000097,6.4736431567276895
2012-11-03 17:11:00.000000119,6.888511096132106
2012-11-03 17:11:00.000000134,6.868725138312243
2012-11-03 17:11:00.000000137,7.865512003796994
2012-11-03 17:11:00.00000010,15.922696182391064
2012-11-03 17:11:00.000000157,6.536955184617227
2012-11-03 17:11:00.000000121,17.939029101942992
2012-11-03 17:11:00.00000073,50.19893223129475
2012-11-03 17:11:00.00000062,9.082600928793568
2012-11-03 17:11:00.000000130,7.503671524542256
2012-11-03 17:11:00.000000141,8.95129337038702
2012-11-03 17:11:00.00000098,12.160135286757622
2012-11-03 17:11:00.00000066,7.578514205736269
2012-11-03 17:11:00.00000036,10.069702022651768
2012-11-03 17:11:00.00000026,5.464214377050098
2012-11-03 17:11:00.000000110,7.773023830340321
2012-11-03 17:11:00.00000021,8.287594683881025
2012-11-03 17:11:00.00000040,7.810471677880287
2012-11-03 17:11:00.00000087,10.085908006495629
2012-11-03 17:11:00.00000039,13.931066089183787
2012-11-03 17:11:00.00000033,11.722299580241156
2012-11-03 17:11:00.0000006,6.527432429516466
2012-11-03 17:11:00.00000025,15.617639879099215
2012-11-03 17:11:00.000000129,10.195997718614308
2012-11-03 17:11:00.000000153,12.232856487199342
2012-11-03 17:11:00.000000138,13.288195760260805
2012-11-03 17:11:00.000000143,4.883225658603806
2012-11-03 17:11:00.000000109,12.144482623869067
2012-11-03 17:11:00.00000042,12.442467270704014
2012-11-03 17:11:00.000000104,21.008038724630865
2012-11-03 17:11:00.0000005,8.30340482400402
2012-11-03 17:11:00.00000056,47.89221459255509
2012-11-03 17:11:00.00000045,5.582421197102349
2012-11-03 17:11:00.00000034,12.451293121916933
2012-11-03 17:11:00.000000120,9.906927191035834
2012-11-03 17:11:00.000000127,10.92865038462537
2012-11-03 17:11:00.00000022,5.809831563366288
2012-11-03 17:11:00.0000003,15.363971798915031
2012-11-03 17:11:00.00000084,8.562846498790236
2012-11-03 17:11:00.00000089,10.214546209433934
2012-11-03 17:11:00.00000041,13.581721712585022
2012-11-03 17:11:00.000000108,11.626823943418344
2012-11-03 17:11:00.000000158,8.604081751229046
2012-11-03 17:11:00.000000122,5.6785136599644375
2012-11-03 17:11:00.000000111,16.847584348881924
2012-11-03 17:11:00.00000027,10.264000051508447
2012-11-03 17:11:00.0000008,6.469026523829939
2012-11-03 17:11:00.000000148,18.24152960018648
2012-11-03 17:11:00.000000144,41.75909312849603
2012-11-03 17:11:00.00000029,10.02569385254833
2012-11-03 17:11:00.00000049,8.042964850612975
2012-11-03 17:11:00.00000011,6.488979810652154
2012-11-03 17:11:00.00000094,16.071384718759305
2012-11-03 17:11:00.000000152,15.532023830861476
2012-11-03 17:11:00.00000051,9.290703833175485
2012-11-03 17:11:00.00000048,8.35438581504161
2012-11-03 17:11:00.00000043,9.888410887820442
2012-11-03 17:11:00.00000059,8.627532755339189
2012-11-03 17:11:00.00000019,6.961641117573322
2012-11-03 17:11:00.000000135,10.30360060813905
2012-11-03 17:11:00.00000017,10.915335577070095
2012-11-03 17:11:00.000000146,8.317229025277584
2012-11-03 17:11:00.00000068,11.73044429805816
2012-11-03 17:11:00.00000092,11.62193669008957
2012-11-03 17:11:00.0000002,19.115537061199348
2012-11-03 17:11:00.000000133,6.74869218284573
2012-11-03 17:11:00.00000038,12.925929352687376
2012-11-03 17:11:00.000000123,6.98940649257861
2012-11-03 17:11:00.00000015,6.375012415916444
2012-11-03 17:11:00.000000131,6.73581554340592
2012-11-03 17:11:00.000000112,6.742646969782527
2012-11-03 17:11:00.000000100,7.88339923664023
2012-11-03 17:11:00.00000095,13.296673658436134
2012-11-03 17:11:00.0000004,7.902313455231138
2012-11-03 17:11:00.00000047,17.515707184366534
2012-11-03 17:11:00.00000020,18.89910266789866
2012-11-03 17:11:00.000000156,19.38476913534896
2012-11-03 17:11:00.00000014,6.327130862948934
2012-11-03 17:11:00.000000139,10.202380946832136
2012-11-03 17:11:00.000000154,8.319707600938386
2012-11-03 17:11:00.000000151,7.2186586634779815
2012-11-03 17:11:00.00000070,9.58656280265825
2012-11-03 17:11:00.00000023,10.826304733663846
2012-11-03 17:11:00.00000065,8.262545158001444
2012-11-03 17:11:00.00000018,8.87648003391405
2012-11-03 17:11:00.00000088,6.6335965463619
2012-11-03 17:11:00.000000140,14.073158121739084
2012-11-03 17:11:00.00000071,8.981396808708382
2009-05-07 13:58:32.0000003,5.991737112234205
2009-05-07 13:58:32.0000001,5.400777584504112
2011-12-25 21:26:32.0000001,5.972461418581702
2015-01-12 19:01:00.0000001,12.138370552281685
2015-01-12 19:01:00.0000003,6.918221106471265
2015-01-12 19:01:00.0000004,13.994089210283278
2015-01-12 19:01:00.0000002,8.538720977394064
2009-10-06 16:09:24.0000001,6.800932017705463
2009-10-06 16:09:24.0000003,6.509751028822052
2009-10-06 16:09:24.0000002,5.031998053754251
2009-05-06 01:49:12.0000003,34.65408672666729
2009-05-06 01:49:12.0000005,6.134472987231447
2009-05-06 01:49:12.0000001,12.149229211676925
2009-05-06 01:49:12.0000006,6.816750471406067
2014-10-07 11:20:56.0000002,35.06798203111384
2014-10-07 11:20:56.0000001,10.389634209376936
2014-10-07 11:20:56.0000003,9.246535474801135
2009-02-10 15:30:04.0000002,10.617095973882101
2009-02-10 15:30:04.0000001,7.002256056809188
2013-09-28 00:06:20.0000004,18.555572226486333
2013-09-28 00:06:20.0000001,15.357736560918056
2013-09-28 00:06:20.0000009,13.83942661555659
2013-09-28 00:06:20.0000008,11.70303999208852
2013-09-28 00:06:20.0000007,7.560023784242389
2013-09-28 00:06:20.0000006,13.364348060675638
2013-09-28 00:06:20.0000002,17.980046693321242
2013-07-18 08:25:04.0000001,7.9417265570169775
2013-07-18 08:25:04.0000002,6.985670791401617
2013-07-18 08:25:04.0000003,8.235147393495595
2011-03-11 01:44:00.00000010,6.662084856575461
2011-03-11 01:44:00.00000070,7.794858671410111
2011-03-11 01:44:00.00000088,20.920531512033335
2011-03-11 01:44:00.00000063,14.401288602221598
2011-03-11 01:44:00.00000058,18.050636419429907
2011-03-11 01:44:00.00000086,22.98736515006101
2011-03-11 01:44:00.00000053,6.236464231493073
2011-03-11 01:44:00.00000094,10.29094887910776
2011-03-11 01:44:00.00000069,5.426959400432679
2011-03-11 01:44:00.00000061,15.603888304690372
2011-03-11 01:44:00.0000008,5.3565311325397715
2011-03-11 01:44:00.0000002,15.354123790206359
2011-03-11 01:44:00.00000050,4.2533461814995235
2011-03-11 01:44:00.00000068,10.10513676594303
2011-03-11 01:44:00.00000018,9.20654709176722
2011-03-11 01:44:00.00000079,14.536606515440553
2011-03-11 01:44:00.00000037,5.085937185234798
2011-03-11 01:44:00.00000015,8.693590346749602
2011-03-11 01:44:00.00000071,5.597474585698819
2011-03-11 01:44:00.00000054,15.900784443056978
2011-03-11 01:44:00.00000080,4.527742779139885
2011-03-11 01:44:00.00000078,8.993725656042216
2011-03-11 01:44:00.00000055,8.467522518009332
2011-03-11 01:44:00.00000026,22.530235512437912
2011-03-11 01:44:00.00000045,10.477639786568034
2011-03-11 01:44:00.00000013,6.6533808621192065
2011-03-11 01:44:00.0000007,23.552883111608708
2011-03-11 01:44:00.00000024,5.004393507737404
2011-03-11 01:44:00.00000093,5.663802474495014
2011-03-11 01:44:00.00000089,9.394936598589425
2011-03-11 01:44:00.00000022,9.329401588521932
2011-03-11 01:44:00.00000020,5.4280970028407864
2011-03-11 01:44:00.00000025,4.724938684939843
2011-03-11 01:44:00.00000090,25.58986350200621
2011-03-11 01:44:00.00000087,16.04712292669967
2011-03-11 01:44:00.00000017,18.173759500950382
2011-03-11 01:44:00.00000031,22.951729884911288
2011-03-11 01:44:00.00000048,13.260699072096486
2011-03-11 01:44:00.00000076,19.282568803315826
2011-03-11 01:44:00.00000012,16.090909282297275
2011-03-11 01:44:00.00000066,11.2286958010842
2011-03-11 01:44:00.0000001,9.131921837381014
2011-03-11 01:44:00.00000091,15.395536155897958
2011-03-11 01:44:00.00000043,7.612551880972774
2011-03-11 01:44:00.00000060,6.9509873244230675
2011-03-11 01:44:00.00000049,15.56420652914096
2011-03-11 01:44:00.00000073,7.246935276796421
2011-03-11 01:44:00.0000004,14.846185520881022
2013-12-16 19:06:44.0000002,7.774602532849713
2013-12-18 03:49:24.0000001,9.336868315110792
2013-08-05 19:04:36.0000002,10.9152184756839
2013-08-05 19:04:36.0000001,8.475258830824828
2009-05-08 18:00:36.0000002,4.692645729533751
2013-01-27 00:09:12.0000002,12.112443529447319
2013-01-27 00:09:12.0000006,7.211164379352567
2013-01-27 00:09:12.0000009,8.449612395852
2013-01-27 00:09:12.0000001,6.378424429417578
2013-01-27 00:09:12.0000004,7.757119572861598
2013-01-27 00:09:12.0000007,16.320533998467795
2013-01-27 00:09:12.0000005,8.673186904565569
2012-06-18 22:51:56.0000002,7.297725680487247
2012-06-18 22:51:56.0000001,6.34272212458734
2011-06-20 09:55:24.0000004,4.8567785529118055
2011-06-20 09:55:24.0000003,6.002768260749804
2011-06-20 09:55:24.0000001,9.309608840764554
2011-06-20 09:55:24.0000002,5.444557834902071
2011-06-20 09:55:24.0000005,9.169713618986862
2015-02-22 09:48:32.0000002,8.8136304645667
2015-02-22 09:48:32.0000001,14.778343255878667
2015-02-22 09:48:32.0000003,20.987853970956166
2010-08-25 23:40:32.0000001,12.186513898947624
2012-01-07 11:21:56.0000002,13.704065948095717
2012-10-31 12:17:24.0000003,7.363255708704628
2012-10-31 12:17:24.0000001,6.8312006329781525
2012-10-20 02:05:08.0000001,14.759394112907103
2012-10-20 02:05:08.0000002,7.22136567907512
2012-05-06 08:52:08.0000001,11.601914773264753
2014-10-11 15:11:24.0000002,8.84236376214642
2014-10-11 15:11:24.0000004,34.529597023830775
2014-10-11 15:11:24.0000005,12.882329318411166
2014-10-11 15:11:24.0000006,45.0307264630419
2014-10-11 15:11:24.0000001,9.304455834765577
2009-08-17 12:27:08.0000004,5.588466743260938
2009-08-17 12:27:08.0000001,18.52309535565223
2009-08-17 12:27:08.0000003,5.801216643865587
2011-10-28 07:45:04.0000001,16.010401997772874
2011-10-28 07:45:04.0000003,7.290951576676662
2011-10-28 07:45:04.0000002,4.951513174200045
2014-04-09 09:23:12.0000003,7.790388392609316
2014-04-09 09:23:12.0000005,8.092727778635549
2014-04-09 09:23:12.0000002,6.964455045838008
2014-04-09 09:23:12.0000001,9.643827992296565
2013-09-15 02:37:52.0000001,13.533264607243268
2013-09-15 02:37:52.0000003,9.258035488672704
2009-11-25 19:32:52.0000005,12.508585456488277
2009-11-25 19:32:52.0000002,9.409189515867297
2009-11-25 19:32:52.0000003,17.64824492730429
2014-05-30 00:09:16.0000002,12.049826338952471
2014-05-30 00:09:16.0000005,11.766827766287292
2014-05-30 00:09:16.0000003,7.081136018157395
2014-05-30 00:09:16.0000004,6.8870092295517225
2014-05-30 00:09:16.0000001,9.468895205758372
2013-10-24 14:18:20.0000001,6.2404472519639285
2013-10-24 14:18:20.0000002,5.674965436192906
2013-10-24 14:18:20.0000003,11.910762183685392
2014-06-07 22:07:12.0000002,15.320832775561371
2014-06-07 22:07:12.0000001,11.65868912649887
2013-01-07 17:08:32.0000003,7.188050712834297
2013-01-07 17:08:32.0000001,8.23403128551547
2010-08-11 00:12:08.0000001,6.123053605320365
2011-10-04 09:37:00.0000007,7.189104048620493
2011-10-04 09:37:00.00000092,6.471738167815147
2011-10-04 09:37:00.000000150,6.312996594079436
2011-10-04 09:37:00.00000010,6.99277643434084
2011-10-04 09:37:00.00000065,24.235919245656078
2011-10-04 09:37:00.000000151,7.125398222289732
2011-10-04 09:37:00.00000089,6.641193667988887
2011-10-04 09:37:00.000000120,7.581068373460653
2011-10-04 09:37:00.0000009,7.09531433466816
2011-10-04 09:37:00.000000110,5.9360608397213355
2011-10-04 09:37:00.00000098,14.77021219545668
2011-10-04 09:37:00.00000011,5.435406929586293
2011-10-04 09:37:00.00000042,8.490298730869313
2011-10-04 09:37:00.00000024,7.663056001461541
2011-10-04 09:37:00.000000188,15.915626952554476
2011-10-04 09:37:00.00000071,9.923116964221322
2011-10-04 09:37:00.000000168,10.84999648704661
2011-10-04 09:37:00.000000159,9.384777586371342
2011-10-04 09:37:00.000000171,11.13086406084949
2011-10-04 09:37:00.000000129,7.117941042021698
2011-10-04 09:37:00.000000186,6.633087789567867
2011-10-04 09:37:00.000000123,13.129773783406222
2011-10-04 09:37:00.00000020,5.853561057444722
2011-10-04 09:37:00.00000033,7.5733734779764745
2011-10-04 09:37:00.00000058,12.631469227125308
2011-10-04 09:37:00.00000068,9.862745381015316
2011-10-04 09:37:00.000000131,5.993841609942706
2011-10-04 09:37:00.000000178,31.46729993580243
2011-10-04 09:37:00.000000103,22.91479644990534
2011-10-04 09:37:00.00000026,8.965255114489196
2011-10-04 09:37:00.000000115,7.593842160865279
2011-10-04 09:37:00.00000059,41.374301391623135
2011-10-04 09:37:00.00000090,14.379542671460626
2011-10-04 09:37:00.00000063,8.13683109319868
2011-10-04 09:37:00.000000169,5.575531055282909
2011-10-04 09:37:00.00000066,9.873881152594095
2011-10-04 09:37:00.000000181,5.38286096238221
2011-10-04 09:37:00.00000018,4.559784885290014
2011-10-04 09:37:00.000000112,6.46703070045578
2011-10-04 09:37:00.00000094,10.855963062727255
2011-10-04 09:37:00.0000001,7.791475302999629
2011-10-04 09:37:00.000000139,11.079322647677031
2011-10-04 09:37:00.000000152,10.155803118121298
2011-10-04 09:37:00.000000187,6.3201782414625995
2011-10-04 09:37:00.00000070,8.101536395075186
2011-10-04 09:37:00.00000050,6.202156773274396
2011-10-04 09:37:00.0000004,15.498795679425939
2011-10-04 09:37:00.000000153,12.085596352068023
2011-10-04 09:37:00.00000076,30.903016165709573
2011-10-04 09:37:00.00000079,24.78654697410468
2011-10-04 09:37:00.000000146,6.792518987240442
2011-10-04 09:37:00.000000192,9.065494217142145
2011-10-04 09:37:00.000000172,9.576680763124841
2011-10-04 09:37:00.000000154,7.4671597415425595
2011-10-04 09:37:00.000000124,8.067771676951452
2011-10-04 09:37:00.000000142,6.574473479924109
2011-10-04 09:37:00.000000167,9.489538815027913
2011-10-04 09:37:00.00000048,10.524199431404668
2011-10-04 09:37:00.00000074,13.881069379620726
2011-10-04 09:37:00.000000193,9.8592294045676
2011-10-04 09:37:00.000000166,6.915798705716952
2011-10-04 09:37:00.000000147,6.997162475519531
2011-10-04 09:37:00.000000189,6.884983544624561
2011-10-04 09:37:00.0000008,7.57145792166898
2011-10-04 09:37:00.000000125,6.295624590030457
2011-10-04 09:37:00.00000051,5.527557220089079
2011-10-04 09:37:00.000000173,8.757187572121552
2011-10-04 09:37:00.00000096,12.1978157342852
2011-10-04 09:37:00.000000174,6.366876877416189
2011-10-04 09:37:00.000000130,7.270370252311409
2011-10-04 09:37:00.00000016,7.377403532016274
2011-10-04 09:37:00.000000145,7.5292244185202435
2011-10-04 09:37:00.000000140,8.090882412683754
2011-10-04 09:37:00.00000040,23.9599209782117
2011-10-04 09:37:00.000000118,11.20289377165659
2011-10-04 09:37:00.00000081,7.04517743794338
2011-10-04 09:37:00.000000175,4.589266790253873
2011-10-04 09:37:00.00000072,8.412057105532654
2011-10-04 09:37:00.000000143,6.333866360079696
2011-10-04 09:37:00.000000104,7.470444502394116
2011-10-04 09:37:00.00000053,6.89829923554953
2011-10-04 09:37:00.00000084,6.167937476594375
2011-10-04 09:37:00.00000030,9.535336652646151
2011-10-04 09:37:00.000000100,7.555432032960539
2011-10-04 09:37:00.000000105,7.403088738529959
2011-10-04 09:37:00.00000041,5.903028934031681
2011-10-04 09:37:00.00000091,11.684516674985503
2011-10-04 09:37:00.00000078,7.696984557218229
2011-10-04 09:37:00.000000197,8.215869197464485
2011-10-04 09:37:00.000000119,9.639752934125795
2011-10-04 09:37:00.000000161,7.355315072449912
2011-10-04 09:37:00.00000039,6.976160700736045
2011-10-04 09:37:00.00000086,7.661297677869015
2011-10-04 09:37:00.000000195,8.629581617310123
2011-10-04 09:37:00.000000182,7.349591835366255
2011-10-04 09:37:00.000000133,7.2347217789755405
2011-10-04 09:37:00.00000029,8.217559688636584
2011-10-04 09:37:00.000000144,6.816765495865411
2011-10-04 09:37:00.000000128,7.000400256515377
2011-10-04 09:37:00.00000027,8.53029480218504
2011-10-04 09:37:00.00000032,7.305851100397149
2011-10-04 09:37:00.00000073,9.11185085846978
2011-10-04 09:37:00.00000083,8.901219982036991
2011-10-04 09:37:00.00000021,7.061265288563845
2011-10-04 09:37:00.000000137,5.469905332544499
2011-10-04 09:37:00.00000087,45.01425713021865
2011-10-04 09:37:00.00000060,25.744153693909198
2011-10-04 09:37:00.000000138,9.605843292880877
2011-10-04 09:37:00.00000046,8.410210115174777
2011-10-04 09:37:00.00000075,5.06523550476777
2011-10-04 09:37:00.000000198,5.821920268703934
2011-10-04 09:37:00.000000121,9.027622100871213
2011-10-04 09:37:00.000000116,5.339332464729296
2011-10-04 09:37:00.000000117,8.507684460337941
2011-10-04 09:37:00.00000097,13.698201959108701
2011-10-04 09:37:00.00000012,5.499318725706644
2011-10-04 09:37:00.00000093,34.404324126890174
2011-10-04 09:37:00.000000101,6.532496421891665
2011-10-04 09:37:00.00000082,21.48277784159052
2011-10-04 09:37:00.000000126,4.243902628096976
2011-10-04 09:37:00.00000035,10.510666869584156
2011-10-04 09:37:00.000000127,16.45051123152234
2011-10-04 09:37:00.000000156,7.057892077261158
2014-04-29 08:15:56.0000002,7.1606921212488714
2014-04-29 08:15:56.0000001,7.527292145234696
2012-10-23 14:15:04.0000003,10.385351075568906
2012-10-23 14:15:04.0000004,14.511387168357942
2012-10-23 14:15:04.0000001,6.647954426585329
2012-08-31 08:01:16.0000001,6.83733276144801
2012-10-18 21:06:20.0000003,10.135387975828507
2012-10-18 21:06:20.0000006,38.62018150893391
2012-10-18 21:06:20.0000002,8.496402833513685
2012-10-18 21:06:20.0000005,5.036072010757039
2012-10-18 21:06:20.0000004,8.701775547725106
2012-10-18 21:06:20.0000008,9.242143288180728
2012-10-18 21:06:20.00000010,8.927943467199157
2012-10-18 21:06:20.0000001,28.519591816181673
2014-02-26 04:36:28.0000001,12.467327683098006
2010-02-20 00:43:28.0000002,7.755545059735823
2010-02-20 00:43:28.0000004,28.408675436144108
2010-02-20 00:43:28.0000003,7.760070262481122
2010-02-20 00:43:28.0000001,11.572929235784613
2009-08-21 08:00:48.0000002,6.806961376921549
2009-08-21 08:00:48.0000001,6.280408851803827
2009-08-21 08:00:48.0000003,5.7113059955015615
2014-12-24 03:00:00.00000034,9.865580027750411
2014-12-24 03:00:00.00000013,26.28772691267966
2014-12-24 03:00:00.0000001,15.234554485594572
2014-12-24 03:00:00.00000032,9.877184049124821
2014-12-24 03:00:00.0000006,9.967768646023956
2014-12-24 03:00:00.00000037,8.719341164753246
2014-12-24 03:00:00.00000012,10.636905433361676
2014-12-24 03:00:00.00000023,22.1234967548819
2014-12-24 03:00:00.00000041,7.969902559751631
2014-12-24 03:00:00.0000008,8.99634913539387
2014-12-24 03:00:00.00000024,19.066176167980416
2014-12-24 03:00:00.00000038,11.38729394929669
2014-12-24 03:00:00.0000009,9.733709684177938
2014-12-24 03:00:00.00000018,15.454486433457532
2014-12-24 03:00:00.00000011,29.344545998375906
2014-12-24 03:00:00.00000021,12.851474478560817
2014-12-24 03:00:00.00000030,10.193949066801565
2014-12-24 03:00:00.00000010,8.033476659575172
2014-12-24 03:00:00.0000004,11.922383124408043
2014-12-24 03:00:00.00000022,19.417810808375975
2014-12-24 03:00:00.00000028,8.320962177880801
2012-08-19 12:46:40.0000003,14.816661310338532
2012-08-19 12:46:40.0000002,5.595930830267548
2012-08-19 12:46:40.0000001,9.591068453301546
2013-12-02 17:53:24.0000003,11.090611330630395
2013-12-02 17:53:24.0000001,12.224675268709916
2013-12-02 17:53:24.0000002,10.30099471575818
2011-11-07 18:53:08.0000002,11.623758613052132
2011-11-07 18:53:08.0000001,13.106132158239234
2009-05-16 23:36:24.0000001,6.858375602226374
2009-05-16 23:36:24.0000002,4.772729345238304
2011-01-10 10:56:56.0000003,7.781814282760138
2011-01-10 10:56:56.0000002,25.916956443461345
2011-01-10 10:56:56.0000001,5.400383755644157
2010-10-07 10:54:20.0000002,9.73607630579238
2010-10-07 10:54:20.0000005,12.829153715004622
2010-10-07 10:54:20.0000001,5.423149382639849
2010-10-07 10:54:20.0000004,6.714693433262482
2011-02-21 20:11:08.0000001,9.005159252245903
2011-02-21 20:11:08.0000005,6.448741449996874
2011-02-21 20:11:08.0000002,10.247429576613513
2011-02-21 20:11:08.0000003,8.603524992725056
2011-02-21 20:11:08.0000004,39.239421407166446
2009-10-04 22:54:56.0000003,8.931185012185097
2015-04-11 20:31:32.0000007,7.984331929908421
2015-04-11 20:31:32.00000012,8.019525694287836
2015-04-11 20:31:32.0000003,36.14441376121306
2015-04-11 20:31:32.0000006,15.057396400124958
2015-04-11 20:31:32.0000002,21.35152159928157
2015-04-11 20:31:32.0000009,12.170538139014184
2015-04-11 20:31:32.00000010,7.55871670644035
2015-04-11 20:31:32.0000001,9.52353612393722
2012-04-02 02:53:24.0000001,12.921582744348825
2014-04-21 16:00:36.0000001,7.025052063528165
2014-04-21 16:00:36.0000003,5.410416431316776
2014-04-21 16:00:36.0000002,7.232200426405711
2012-03-22 21:11:36.0000006,18.648969071671104
2012-03-22 21:11:36.0000008,9.85227293790308
2012-03-22 21:11:36.0000005,10.119563185560196
2012-03-22 21:11:36.0000001,10.6097312436342
2012-03-22 21:11:36.0000004,6.182385708371498
2012-03-22 21:11:36.0000007,6.6866930706659105
2012-03-22 21:11:36.0000002,10.209888938967424
2012-03-22 21:11:36.0000003,22.511471941193577
2011-04-08 00:57:44.0000001,5.251780376161946
2011-02-20 12:31:04.0000001,9.588696997854072
2011-02-20 12:31:04.0000003,4.2265496213123015
2011-02-06 17:08:24.0000004,17.013826441540687
2011-02-06 17:08:24.0000002,7.731854204937235
2011-02-06 17:08:24.0000001,8.829713656379454
2013-01-01 22:04:56.0000001,9.03360842856614
2013-04-23 17:52:44.0000001,15.27583781495889
2013-04-23 17:52:44.0000002,7.39089486057992
2013-07-02 21:47:24.0000003,6.944891625685955
2013-07-02 21:47:24.0000002,19.14700783135595
2013-07-02 21:47:24.0000001,18.317027192292585
2010-01-01 13:19:40.0000002,16.393808429523915
2010-01-01 13:19:40.0000005,7.449278645302456
2010-01-01 13:19:40.0000001,9.050293109896415
2010-01-01 13:19:40.0000003,68.68773474470049
2013-04-26 20:41:16.0000001,9.118532122688407
2010-03-06 23:51:08.0000002,11.051175347280491
2010-03-06 23:51:08.0000001,8.395909078614181
2014-04-17 16:58:28.0000001,8.791716383171206
2014-04-17 16:58:28.0000002,11.138357909148567
2014-01-06 16:39:16.0000001,23.68634645143584
2015-02-12 05:37:56.0000002,8.61530829967694
2011-12-22 01:00:08.0000001,18.84870361724643
2011-12-22 01:00:08.0000002,8.351202758481008
2011-08-20 17:04:24.0000001,6.096274187491758
2011-06-30 13:07:36.0000001,6.330802298480535
2011-06-30 13:07:36.0000005,8.82678697669246
2011-06-30 13:07:36.0000002,7.173265784732848
2011-06-30 13:07:36.0000004,7.004719346982597
2011-06-30 13:07:36.0000003,8.296968777919915
2014-04-27 02:57:00.000000100,7.093220088410703
2014-04-27 02:57:00.000000130,9.388596721199292
2014-04-27 02:57:00.000000109,25.95541744740524
2014-04-27 02:57:00.00000096,20.301907233430825
2014-04-27 02:57:00.00000063,20.99412970378728
2014-04-27 02:57:00.000000177,6.0505477678239
2014-04-27 02:57:00.000000132,13.236505476205139
2014-04-27 02:57:00.000000170,19.605336860942316
2014-04-27 02:57:00.00000021,13.16003753873008
2014-04-27 02:57:00.000000136,11.983626018623113
2014-04-27 02:57:00.00000032,12.129342802051724
2014-04-27 02:57:00.000000107,7.202893544589529
2014-04-27 02:57:00.00000028,42.81273264022582
2014-04-27 02:57:00.00000026,15.34862420139109
2014-04-27 02:57:00.000000139,9.593350128164843
2014-04-27 02:57:00.00000015,19.230513366514288
2014-04-27 02:57:00.00000095,6.191905888279734
2014-04-27 02:57:00.000000105,23.007766023066665
2014-04-27 02:57:00.000000196,9.76807093478567
2014-04-27 02:57:00.0000001,7.044938165826579
2014-04-27 02:57:00.000000175,14.171225840433408
2014-04-27 02:57:00.000000188,18.350939993370503
2014-04-27 02:57:00.00000051,20.087381499382786
2014-04-27 02:57:00.00000055,8.11637240042785
2014-04-27 02:57:00.00000016,18.524869119632513
2014-04-27 02:57:00.000000169,7.647899319083422
2014-04-27 02:57:00.00000086,13.486515633243698
2014-04-27 02:57:00.000000148,16.237689145516583
2014-04-27 02:57:00.00000087,16.811850299936395
2014-04-27 02:57:00.00000027,15.324426025320577
2014-04-27 02:57:00.000000120,22.750491985257895
2014-04-27 02:57:00.00000068,6.834170547885606
2014-04-27 02:57:00.00000099,9.004750064422069
2014-04-27 02:57:00.000000193,10.396007869422533
2014-04-27 02:57:00.00000081,18.065358276367306
2014-04-27 02:57:00.000000135,21.795157348106954
2014-04-27 02:57:00.000000181,7.3560174149153
2014-04-27 02:57:00.00000020,7.455441767054481
2014-04-27 02:57:00.000000157,16.099930695337207
2014-04-27 02:57:00.00000079,20.651382722849576
2014-04-27 02:57:00.00000019,8.80375068155422
2014-04-27 02:57:00.000000126,15.910594981466375
2014-04-27 02:57:00.0000002,7.1667242272367275
2014-04-27 02:57:00.00000062,10.591887196334824
2014-04-27 02:57:00.00000085,11.613673748799442
2014-04-27 02:57:00.00000014,15.869051557932949
2014-04-27 02:57:00.000000161,9.448890354616879
2014-04-27 02:57:00.00000084,14.085980052451873
2014-04-27 02:57:00.000000122,18.31842525999548
2014-04-27 02:57:00.000000111,9.370068132429537
2014-04-27 02:57:00.000000113,10.683103843756157
2014-04-27 02:57:00.00000071,10.637575289715755
2014-04-27 02:57:00.00000077,11.69530158324153
2014-04-27 02:57:00.000000134,41.37523251052153
2014-04-27 02:57:00.000000103,12.66469848578356
2014-04-27 02:57:00.000000102,13.906111348957097
2014-04-27 02:57:00.000000160,19.562400267666817
2014-04-27 02:57:00.00000042,6.866465275869473
2014-04-27 02:57:00.00000054,5.714356750275215
2014-04-27 02:57:00.00000049,16.450727505184886
2014-04-27 02:57:00.000000147,12.155434871218745
2014-04-27 02:57:00.00000045,9.144358562469847
2014-04-27 02:57:00.0000003,19.12041503835553
2014-04-27 02:57:00.000000182,13.574523500653868
2014-04-27 02:57:00.000000180,10.272009793526763
2014-04-27 02:57:00.00000038,18.99543550992962
2014-04-27 02:57:00.0000005,10.500293453028007
2014-04-27 02:57:00.000000108,6.820160155368626
2014-04-27 02:57:00.00000092,7.304876871880197
2014-04-27 02:57:00.000000192,11.56400272276494
2014-04-27 02:57:00.000000165,8.646446276623124
2014-04-27 02:57:00.000000115,9.12088506453847
2014-04-27 02:57:00.00000029,11.223694574093656
2014-04-27 02:57:00.00000050,7.637777861279801
2014-04-27 02:57:00.000000119,9.785529292578303
2014-04-27 02:57:00.00000011,18.915850258074443
2014-04-27 02:57:00.000000114,13.89199828126823
2014-04-27 02:57:00.000000190,14.340651865528798
2014-04-27 02:57:00.00000061,5.707473766624162
2014-04-27 02:57:00.00000098,12.001522036869915
2014-04-27 02:57:00.00000040,8.780719212845725
2014-04-27 02:57:00.000000117,18.047288269699266
2014-04-27 02:57:00.000000150,8.99053634923564
2014-04-27 02:57:00.00000035,9.537543399730907
2014-04-27 02:57:00.00000022,21.725343696170512
2014-04-27 02:57:00.000000146,7.883653431937432
2014-04-27 02:57:00.00000018,9.468895829203348
2014-04-27 02:57:00.00000041,17.993697645721113
2014-04-27 02:57:00.00000089,17.17994386014459
2014-04-27 02:57:00.00000088,12.951472987859006
2014-04-27 02:57:00.000000101,11.90360093542995
2014-04-27 02:57:00.00000058,25.9262505188143
2014-04-27 02:57:00.00000030,11.186395447359246
2014-04-27 02:57:00.000000156,13.588472933018465
2014-04-27 02:57:00.00000024,9.340873938830441
2014-04-27 02:57:00.000000163,9.045586127666411
2014-04-27 02:57:00.000000152,11.95263936148865
2014-04-27 02:57:00.00000037,7.565845952347104
2014-04-27 02:57:00.00000065,7.3746106979023125
2014-04-27 02:57:00.0000006,26.218886283581128
2014-04-27 02:57:00.00000060,10.148233655227273
2014-04-27 02:57:00.000000110,8.909146578703712
2014-04-27 02:57:00.00000034,7.4254179852188145
2014-04-27 02:57:00.000000149,23.66000201222971
2014-04-27 02:57:00.000000176,6.961003631157951
2014-04-27 02:57:00.000000184,8.261526305123425
2014-04-27 02:57:00.000000118,9.274391968264467
2014-04-27 02:57:00.000000186,14.9748709529581
2014-04-27 02:57:00.000000104,10.355192162175285
2014-04-27 02:57:00.00000080,26.738395720523158
2014-04-27 02:57:00.000000121,9.80765785444055
2014-04-27 02:57:00.00000093,7.837639575162825
2014-04-27 02:57:00.00000056,10.553799877938673
2014-04-27 02:57:00.00000044,17.02348872071741
2014-04-27 02:57:00.00000048,9.164426440910916
2014-04-27 02:57:00.00000059,14.299261716999126
2014-04-27 02:57:00.000000194,19.59080061515772
2014-04-27 02:57:00.000000185,21.89354264315557
2014-04-27 02:57:00.000000125,20.348614711852065
2014-04-27 02:57:00.00000046,13.427303840741843
2014-04-27 02:57:00.00000070,17.81134764224953
2014-04-27 02:57:00.000000133,14.731545581499518
2011-01-18 10:26:40.0000003,5.513074820586553
2011-01-18 10:26:40.0000002,8.298896064819132
2012-04-20 07:57:20.0000001,10.544888063794247
2012-04-20 07:57:20.0000004,6.426887327752979
2012-04-20 07:57:20.0000003,5.9662817819312295
2012-04-20 07:57:20.0000002,5.401281555450282
2011-12-13 22:00:00.00000071,13.947063079332793
2011-12-13 22:00:00.000000178,5.839935059638492
2011-12-13 22:00:00.00000016,9.324573355886855
2011-12-13 22:00:00.000000127,8.993645738861915
2011-12-13 22:00:00.00000065,6.207987795059125
2011-12-13 22:00:00.000000227,5.852117397618599
2011-12-13 22:00:00.000000257,7.332652331783606
2011-12-13 22:00:00.000000238,7.733600658362661
2011-12-13 22:00:00.0000008,9.708318255450536
2011-12-13 22:00:00.000000252,7.069679367115555
2011-12-13 22:00:00.000000204,14.25760262145559
2011-12-13 22:00:00.000000120,9.599891176802203
2011-12-13 22:00:00.000000175,6.0791774965591685
2011-12-13 22:00:00.00000010,12.93257532079815
2011-12-13 22:00:00.00000048,8.416154005003932
2011-12-13 22:00:00.000000189,6.512070587676817
2011-12-13 22:00:00.00000011,6.610040235423753
2011-12-13 22:00:00.000000247,8.16861254106584
2011-12-13 22:00:00.000000261,5.191201616544504
2011-12-13 22:00:00.0000004,15.395168617842273
2011-12-13 22:00:00.00000014,10.615706466811162
2011-12-13 22:00:00.000000151,38.68429540176555
2011-12-13 22:00:00.00000025,7.526399036138628
2011-12-13 22:00:00.00000039,11.458654060553386
2011-12-13 22:00:00.000000179,8.98144290686821
2011-12-13 22:00:00.000000137,12.182311567023703
2011-12-13 22:00:00.00000091,13.80614270666672
2011-12-13 22:00:00.000000109,7.146193654777562
2011-12-13 22:00:00.000000174,9.826226745429153
2011-12-13 22:00:00.000000225,17.170059927312877
2011-12-13 22:00:00.000000207,8.803248252320486
2011-12-13 22:00:00.000000269,26.47208355861062
2011-12-13 22:00:00.000000234,7.749734187730951
2011-12-13 22:00:00.00000017,9.001845109460533
2011-12-13 22:00:00.00000046,6.43784805900691
2011-12-13 22:00:00.00000057,14.162219035276053
2011-12-13 22:00:00.000000105,8.801914564634444
2011-12-13 22:00:00.000000114,15.98664844483369
2011-12-13 22:00:00.00000030,6.883143263878651
2011-12-13 22:00:00.000000100,7.385290248446722
2011-12-13 22:00:00.00000088,17.587405435669325
2011-12-13 22:00:00.000000242,10.101499111113526
2011-12-13 22:00:00.000000113,7.7571446795385555
2011-12-13 22:00:00.000000157,13.91831511354519
2011-12-13 22:00:00.000000177,13.717750788862304
2011-12-13 22:00:00.000000169,10.90477147699471
2011-12-13 22:00:00.000000123,5.677622618806481
2011-12-13 22:00:00.000000182,27.219064814078138
2011-12-13 22:00:00.000000129,9.164419216264491
2011-12-13 22:00:00.000000136,30.218704337263148
2011-12-13 22:00:00.000000187,7.9510489576804275
2011-12-13 22:00:00.000000218,9.317776260548953
2011-12-13 22:00:00.000000167,32.08738352195962
2011-12-13 22:00:00.000000192,11.889636596843388
2011-12-13 22:00:00.00000024,7.988676083454607
2011-12-13 22:00:00.00000093,10.56561583340806
2011-12-13 22:00:00.000000260,6.029175924472838
2011-12-13 22:00:00.00000038,6.249093915655635
2011-12-13 22:00:00.000000208,7.698802670105692
2011-12-13 22:00:00.000000210,7.3773193297651005
2011-12-13 22:00:00.000000181,7.469820789135042
2011-12-13 22:00:00.000000111,12.10110653430877
2011-12-13 22:00:00.000000161,17.104162736112812
2011-12-13 22:00:00.000000209,7.956462025197652
2011-12-13 22:00:00.00000029,7.653897560115411
2011-12-13 22:00:00.00000067,6.919596743519605
2011-12-13 22:00:00.000000202,6.8257397017149515
2011-12-13 22:00:00.000000245,9.848870154652786
2011-12-13 22:00:00.000000206,11.525404590140738
2011-12-13 22:00:00.0000003,7.5214687824239945
2011-12-13 22:00:00.00000060,13.36564773400471
2011-12-13 22:00:00.00000053,7.495241270893985
2011-12-13 22:00:00.000000201,10.317094915920848
2011-12-13 22:00:00.000000212,10.641136921203383
2011-12-13 22:00:00.000000235,19.16072602073143
2011-12-13 22:00:00.000000170,27.106454244736142
2011-12-13 22:00:00.000000253,6.958438736970834
2011-12-13 22:00:00.000000172,19.153187823856797
2011-12-13 22:00:00.00000086,6.265457506134339
2011-12-13 22:00:00.000000223,47.84182640396921
2011-12-13 22:00:00.0000009,14.780860292931038
2011-12-13 22:00:00.00000031,13.769704179456085
2011-12-13 22:00:00.000000243,10.059392082068143
2011-12-13 22:00:00.000000133,11.50308040575544
2011-12-13 22:00:00.000000199,8.91873448460592
2011-12-13 22:00:00.000000104,20.056051473549246
2011-12-13 22:00:00.00000023,48.146247224666354
2011-12-13 22:00:00.00000075,33.36351242175692
2011-12-13 22:00:00.000000217,6.234013276705127
2011-12-13 22:00:00.000000220,8.665151048956545
2011-12-13 22:00:00.000000211,5.856017689958321
2011-12-13 22:00:00.000000150,10.072300439008245
2011-12-13 22:00:00.00000020,6.493335161247387
2011-12-13 22:00:00.000000254,5.775012712668968
2011-12-13 22:00:00.000000183,8.5083731514992
2011-12-13 22:00:00.000000166,11.665759290677897
2011-12-13 22:00:00.00000063,8.312246006961004
2011-12-13 22:00:00.000000124,6.923885714673702
2011-12-13 22:00:00.000000219,10.117878038287586
2011-12-13 22:00:00.00000099,17.358432406929523
2011-12-13 22:00:00.00000041,8.933071140082006
2011-12-13 22:00:00.00000080,11.170909826060324
2011-12-13 22:00:00.000000216,26.29985029733143
2011-12-13 22:00:00.000000240,7.1259407730372
2011-12-13 22:00:00.000000153,9.359212139340002
2011-12-13 22:00:00.00000068,5.13810739740677
2011-12-13 22:00:00.000000263,9.655345847397484
2011-12-13 22:00:00.00000061,14.02157164773223
2011-12-13 22:00:00.000000162,6.815974337608054
2011-12-13 22:00:00.00000045,6.225312736660499
2011-12-13 22:00:00.000000193,15.05656653274616
2011-12-13 22:00:00.000000112,25.656876767185736
2011-12-13 22:00:00.000000165,7.346648649071312
2011-12-13 22:00:00.000000255,13.77311626415269
2011-12-13 22:00:00.000000106,26.29024714350271
2011-12-13 22:00:00.000000125,16.78935373461502
2011-12-13 22:00:00.000000250,8.009558422388181
2011-12-13 22:00:00.0000006,6.69798206517396
2011-12-13 22:00:00.00000090,5.752994219660877
2011-12-13 22:00:00.00000055,6.532573156309468
2011-12-13 22:00:00.000000188,9.14111553946816
2011-12-13 22:00:00.000000259,14.037046493460934
2011-12-13 22:00:00.000000142,17.210199825493532
2011-12-13 22:00:00.000000155,9.426066799926389
2011-12-13 22:00:00.00000082,6.5021034971135805
2011-12-13 22:00:00.00000069,11.220729877971621
2011-12-13 22:00:00.00000097,19.036458158494042
2011-12-13 22:00:00.000000107,23.589640882821186
2011-12-13 22:00:00.000000126,6.8993058197057735
2011-12-13 22:00:00.00000012,11.524814423947078
2011-12-13 22:00:00.000000158,8.581212524861144
2011-12-13 22:00:00.000000196,7.958211213299478
2011-12-13 22:00:00.000000132,26.099378924240114
2011-12-13 22:00:00.000000244,7.904185726555625
2011-12-13 22:00:00.000000268,10.02166054336135
2011-12-13 22:00:00.00000064,7.046678847545422
2011-12-13 22:00:00.000000159,11.304150764852125
2011-12-13 22:00:00.000000163,20.51725541634869
2011-12-13 22:00:00.000000232,20.456347633064752
2011-12-13 22:00:00.0000007,4.956409592349246
2011-12-13 22:00:00.00000054,6.350942931107625
2011-12-13 22:00:00.000000230,22.543730965874033
2011-12-13 22:00:00.000000256,6.676596515480355
2011-12-13 22:00:00.000000146,7.64512575085746
2011-12-13 22:00:00.000000265,9.823264036140813
2011-12-13 22:00:00.00000076,8.27536290036494
2011-12-13 22:00:00.00000062,18.894987242142633
2011-12-13 22:00:00.00000032,7.5706573862424875
2011-12-13 22:00:00.000000213,7.259441479937664
2011-12-13 22:00:00.00000083,13.43123334866766
2011-12-13 22:00:00.00000026,17.409696417736654
2011-12-13 22:00:00.000000239,13.025263351058811
2011-12-13 22:00:00.000000233,11.933683623589559
2011-12-13 22:00:00.00000089,5.047224425627178
2011-12-13 22:00:00.000000267,8.998919809425729
2011-12-13 22:00:00.000000176,8.966524234033045
2011-12-13 22:00:00.000000139,6.508208279844098
2011-12-13 22:00:00.00000027,5.579099392192802
2011-12-13 22:00:00.00000042,9.21118207819427
2011-12-13 22:00:00.000000241,14.719540098883613
2011-12-13 22:00:00.000000222,7.917198174076702
2012-03-12 09:50:24.0000001,4.469172126317062
2012-03-12 09:50:24.0000003,7.019152756363155
2012-03-12 09:50:24.0000002,7.366214802362151
2014-05-13 07:33:52.0000006,6.655548862608157
2014-05-13 07:33:52.0000004,7.9431609239642285
2014-05-13 07:33:52.0000001,8.92637642245461
2014-05-13 07:33:52.0000002,6.757566371770736
2014-05-13 07:33:52.0000003,13.658851361253028
2011-06-30 09:37:08.0000002,9.441656853243444
2011-06-30 09:37:08.0000003,3.849810731566663
2012-09-18 17:13:40.0000002,7.536187944731523
2012-09-18 17:13:40.0000001,7.657027837029432
2011-06-07 12:11:56.0000004,24.35205852922286
2011-06-07 12:11:56.0000001,10.439709575648408
2011-06-07 12:11:56.0000003,25.97949340174398
2011-06-07 12:11:56.0000002,5.602078217938811
2011-06-07 12:11:56.0000005,6.79542729326738
2010-05-21 23:04:44.0000002,18.854690575936957
2010-05-21 23:04:44.0000001,14.086388550768106
2009-01-28 16:36:28.0000002,5.427258507519127
2009-01-28 16:36:28.0000003,48.74282751513931
2009-01-28 16:36:28.0000005,6.205613929700348
2009-01-28 16:36:28.0000006,8.478965134909231
2009-01-28 16:36:28.0000001,4.663818149486815
2012-03-12 02:58:56.0000001,19.137936367832594
2010-07-21 22:06:12.0000005,8.953723196995156
2010-07-21 22:06:12.0000003,7.673461790774013
2010-07-21 22:06:12.0000001,22.470849348447246
2010-07-21 22:06:12.0000002,12.868912142377098
2009-04-12 16:00:56.0000001,10.72785654238237
2013-05-24 13:37:32.0000001,6.922345522176784
2011-07-29 20:50:36.0000001,13.198745883307879
2011-07-29 20:50:36.0000003,19.433342931101834
2011-07-29 20:50:36.0000002,6.209637861737292
2014-03-05 21:07:12.0000003,13.998389130163105
2014-03-05 21:07:12.0000004,9.127168652514001
2009-11-28 15:07:24.0000004,53.08111792230466
2009-11-28 15:07:24.0000001,13.433155402546845
2009-11-28 15:07:24.0000003,6.108304032382989
2015-04-11 14:16:12.0000003,7.397124284521283
2015-04-11 14:16:12.00000010,7.187668603185557
2015-04-11 14:16:12.00000011,7.595553337837828
2015-04-11 14:16:12.0000001,8.244355091292846
2015-04-11 14:16:12.0000002,8.101717569492848
2015-04-11 14:16:12.0000006,50.62895964819336
2015-04-11 14:16:12.0000007,7.33347403744358
2015-04-11 14:16:12.0000008,10.190465275603174
2014-11-15 10:57:20.0000002,6.465276823833733
2014-11-15 10:57:20.0000001,7.968810581005641
2010-07-31 15:47:28.0000001,4.8033784799399655
2014-05-12 20:56:48.0000005,7.779575447827369
2014-05-12 20:56:48.0000001,9.825924926062044
2014-05-12 20:56:48.0000004,5.120278303123769
2014-05-12 20:56:48.0000003,9.89061969052409
2014-05-12 20:56:48.0000002,11.993509531966538
2014-01-16 06:00:48.0000001,12.342181334367865
2014-04-23 11:18:40.0000003,9.833358440625489
2014-04-23 11:18:40.0000002,8.503740447278346
2014-04-23 11:18:40.0000001,9.717730897294132
2011-09-22 04:49:56.0000001,34.697455203565255
2011-10-28 07:35:52.0000003,6.718102205364289
2011-10-28 07:35:52.0000002,11.07397991900234
2011-10-28 07:35:52.0000001,7.301939854997158
2015-05-10 19:54:00.0000001,10.46143352349145
2015-05-10 19:54:00.0000003,8.084259975128134
2015-05-10 19:54:00.0000005,10.48584261735698
2015-05-10 19:54:00.0000004,11.680590404740428
2011-03-28 23:18:48.0000001,11.92627289919892
2014-08-26 01:31:04.0000001,26.75017934486675
2015-02-26 15:55:48.0000004,10.948915798164762
2015-02-26 15:55:48.0000003,9.95500288094604
2015-02-26 15:55:48.0000002,7.098866860826206
2013-11-22 15:36:36.0000002,6.061082337062658
2010-02-13 11:03:04.0000002,5.889107825022052
2010-02-13 11:03:04.0000001,4.415583385663808
2010-02-13 11:03:04.0000004,6.071722350738014
2010-02-13 11:03:04.0000003,5.340974378078158
2011-06-26 18:48:08.0000004,10.2223213747327
2011-06-26 18:48:08.0000005,16.951391634735728
2011-06-26 18:48:08.0000002,5.248617426217379
2011-06-26 18:48:08.0000001,7.883149121017141
2010-10-14 23:48:56.0000001,6.703957449569771
2010-10-14 23:48:56.0000002,46.88102096323712
2010-10-14 23:48:56.0000003,12.96229662472058
2010-10-14 23:48:56.0000004,6.391612945571069
2011-01-22 07:48:28.0000001,9.06204997248301
2011-10-17 18:49:20.0000003,16.505404041406564
2011-10-17 18:49:20.0000002,6.905585038367008
2011-10-17 18:49:20.0000005,9.666358368080068
2009-03-24 16:39:12.0000002,8.435596430811415
2009-03-24 16:39:12.0000004,6.888161121694679
2009-03-24 16:39:12.0000003,9.859096838796631
2009-03-24 16:39:12.0000001,5.3409382914809385
2014-07-21 18:19:00.000000102,9.101145770294124
2014-07-21 18:19:00.000000106,10.167519056483115
2014-07-21 18:19:00.000000107,8.03780506314149
2014-07-21 18:19:00.00000094,44.2632271847591
2014-07-21 18:19:00.000000161,8.285987265880067
2014-07-21 18:19:00.000000129,14.73376429377231
2014-07-21 18:19:00.00000083,8.049678861718917
2014-07-21 18:19:00.000000163,14.010321343818873
2014-07-21 18:19:00.000000117,12.1646166465124
2014-07-21 18:19:00.00000028,6.893076827957998
2014-07-21 18:19:00.00000089,13.5897072057777
2014-07-21 18:19:00.000000130,8.364459893875733
2014-07-21 18:19:00.000000105,7.74152252447891
2014-07-21 18:19:00.000000123,15.484973750399945
2014-07-21 18:19:00.000000103,49.11248054533917
2014-07-21 18:19:00.000000227,5.7636766351154165
2014-07-21 18:19:00.000000189,10.913089177025768
2014-07-21 18:19:00.000000168,10.02929697418017
2014-07-21 18:19:00.000000173,10.857263392815753
2014-07-21 18:19:00.000000128,14.01271394144635
2014-07-21 18:19:00.000000143,25.250156360841174
2014-07-21 18:19:00.00000018,19.906644591642817
2014-07-21 18:19:00.00000049,10.581967619107218
2014-07-21 18:19:00.00000022,8.350828496469717
2014-07-21 18:19:00.000000200,9.447224144514848
2014-07-21 18:19:00.000000193,9.86840198347511
2014-07-21 18:19:00.000000231,9.97328108683871
2014-07-21 18:19:00.000000202,13.419243808705346
2014-07-21 18:19:00.00000092,26.58314129884559
2014-07-21 18:19:00.000000148,7.886673190427473
2014-07-21 18:19:00.00000057,7.250017132728885
2014-07-21 18:19:00.00000074,8.59318572045072
2014-07-21 18:19:00.000000183,12.92530205222829
2014-07-21 18:19:00.000000221,19.486609979276977
2014-07-21 18:19:00.00000078,8.191790119955044
2014-07-21 18:19:00.00000058,8.951411199800418
2014-07-21 18:19:00.000000214,8.84805569595926
2014-07-21 18:19:00.000000122,9.650297193276401
2014-07-21 18:19:00.000000137,6.782242784852087
2014-07-21 18:19:00.00000027,9.442096209927513
2014-07-21 18:19:00.00000047,20.159553714525828
2014-07-21 18:19:00.00000061,12.353641455168827
2014-07-21 18:19:00.000000196,11.043257757897209
2014-07-21 18:19:00.000000125,14.565245296159446
2014-07-21 18:19:00.000000126,17.33838916788943
2014-07-21 18:19:00.000000145,7.021171953048906
2014-07-21 18:19:00.00000080,13.277787369343287
2014-07-21 18:19:00.00000055,9.720103541035542
2014-07-21 18:19:00.00000066,10.51275554933602
2014-07-21 18:19:00.000000111,8.141206787578312
2014-07-21 18:19:00.00000042,8.476326910445778
2014-07-21 18:19:00.000000215,9.73496080389259
2014-07-21 18:19:00.00000043,24.29123313525406
2014-07-21 18:19:00.000000119,18.47542717023134
2014-07-21 18:19:00.000000115,12.299572172198964
2014-07-21 18:19:00.0000009,11.066838607617797
2014-07-21 18:19:00.00000075,10.493612463866157
2014-07-21 18:19:00.000000118,6.5569922100944495
2014-07-21 18:19:00.00000038,16.915617688351972
2014-07-21 18:19:00.000000124,11.033972366799958
2014-07-21 18:19:00.000000242,12.101631557689416
2014-07-21 18:19:00.00000019,8.90895703301203
2014-07-21 18:19:00.00000056,12.484488176217496
2014-07-21 18:19:00.000000239,8.448062469134129
2014-07-21 18:19:00.000000101,10.006308376623679
2014-07-21 18:19:00.000000216,32.66435656214787
2014-07-21 18:19:00.000000198,8.095542237922132
2014-07-21 18:19:00.000000174,25.423728023122408
2014-07-21 18:19:00.00000070,8.127783838586993
2014-07-21 18:19:00.0000004,11.53696982189308
2014-07-21 18:19:00.000000135,11.463424833117301
2014-07-21 18:19:00.000000165,9.570465693070446
2014-07-21 18:19:00.00000010,11.296616531616223
2014-07-21 18:19:00.000000211,8.504784452903777
2014-07-21 18:19:00.000000190,9.987883604450985
2014-07-21 18:19:00.00000021,8.140828991864737
2014-07-21 18:19:00.000000204,8.285731687075668
2014-07-21 18:19:00.000000112,8.77568611300751
2014-07-21 18:19:00.000000169,19.14618043764301
2014-07-21 18:19:00.000000226,8.58405923495252
2014-07-21 18:19:00.000000109,8.518611585548797
2014-07-21 18:19:00.000000113,17.14770569431971
2014-07-21 18:19:00.000000127,18.00756441467979
2014-07-21 18:19:00.000000182,11.897300904225858
2014-07-21 18:19:00.00000036,9.563846274328625
2014-07-21 18:19:00.000000220,6.629654248163661
2014-07-21 18:19:00.000000121,8.103183340254873
2014-07-21 18:19:00.00000050,9.628438897923388
2014-07-21 18:19:00.000000178,7.54552914940075
2014-07-21 18:19:00.000000166,9.497149955335203
2014-07-21 18:19:00.000000224,7.790124656634703
2014-07-21 18:19:00.000000134,8.383012623665309
2014-07-21 18:19:00.000000195,12.693620610162839
2014-07-21 18:19:00.00000015,28.036877062742178
2014-07-21 18:19:00.0000005,45.2329010609634
2014-07-21 18:19:00.000000120,13.757108064679983
2014-07-21 18:19:00.000000133,9.158195060445905
2014-07-21 18:19:00.00000044,9.827322741554553
2014-07-21 18:19:00.000000233,8.47118518128616
2014-07-21 18:19:00.00000063,11.217797519803526
2014-07-21 18:19:00.000000167,11.983471786462246
2014-07-21 18:19:00.000000208,8.007211644184622
2014-07-21 18:19:00.00000030,12.330087293916677
2014-07-21 18:19:00.00000098,8.27523458152541
2014-07-21 18:19:00.000000179,8.76253357862231
2014-07-21 18:19:00.000000219,7.462144094530686
2014-07-21 18:19:00.0000006,7.0834661255931906
2014-07-21 18:19:00.0000008,12.650506299269864
2014-07-21 18:19:00.00000031,24.107428714005437
2014-07-21 18:19:00.000000225,8.474382041036506
2014-07-21 18:19:00.000000235,10.174612145125593
2014-07-21 18:19:00.000000104,11.12597355073649
2014-07-21 18:19:00.00000011,6.955153280220088
2014-07-21 18:19:00.00000026,7.515537098450409
2014-07-21 18:19:00.000000228,7.888333440733845
2014-07-21 18:19:00.000000154,9.209736535405455
2014-07-21 18:19:00.000000240,7.7875200635523925
2014-07-21 18:19:00.00000069,14.670723332306352
2014-07-21 18:19:00.000000210,9.190386040941462
2014-07-21 18:19:00.00000097,27.369647014669
2014-07-21 18:19:00.000000136,9.266766352676882
2014-07-21 18:19:00.000000150,11.125037733647332
2014-07-21 18:19:00.00000060,6.454762460753614
2014-07-21 18:19:00.00000073,7.492096041893205
2014-07-21 18:19:00.000000177,14.13423896883603
2014-07-21 18:19:00.000000222,9.387458121460213
2014-07-21 18:19:00.0000003,18.160497679377613
2014-07-21 18:19:00.00000012,7.484515401724366
2014-07-21 18:19:00.000000139,7.888976265464407
2014-07-21 18:19:00.000000194,10.956714905936792
2014-07-21 18:19:00.00000014,10.58248844981938
2014-07-21 18:19:00.00000051,8.484575074163786
2014-07-21 18:19:00.000000218,6.619290909464553
2014-07-21 18:19:00.000000181,7.882687321545063
2014-07-21 18:19:00.000000114,12.62810272234833
2014-07-21 18:19:00.00000072,9.019193292978002
2014-07-21 18:19:00.000000213,8.945065448929995
2014-07-21 18:19:00.00000064,6.863639200311582
2012-12-07 16:13:08.0000001,15.824601411015351
2011-06-13 09:55:04.0000005,9.886710162024542
2011-06-13 09:55:04.0000004,5.455797274604265
2011-06-13 09:55:04.0000001,10.596290711580195
2014-12-27 22:31:56.0000002,12.993577996626072
2014-11-24 09:50:20.0000001,7.2244667342445155
2014-11-24 09:50:20.0000002,17.676435470204183
2015-02-17 12:29:52.0000003,8.193202185220684
2015-02-17 12:29:52.0000002,9.113247934795936
2015-02-17 12:29:52.0000004,15.9662776046315
2015-02-17 12:29:52.0000001,7.037662349219545
2010-02-21 21:57:20.0000001,3.8546036197454896
2010-02-21 21:57:20.0000002,4.649576323561405
2010-09-20 16:48:00.000000101,12.074082450654032
2010-09-20 16:48:00.000000140,7.973717133959212
2010-09-20 16:48:00.00000052,6.397592361501665
2010-09-20 16:48:00.00000038,10.434769855388708
2010-09-20 16:48:00.000000135,8.205428281237573
2010-09-20 16:48:00.000000145,9.53259044377694
2010-09-20 16:48:00.00000090,12.03577452619902
2010-09-20 16:48:00.00000088,34.02340628862203
2010-09-20 16:48:00.000000161,15.682386391725117
2010-09-20 16:48:00.000000160,8.102628575970925
2010-09-20 16:48:00.00000012,6.886236225359767
2010-09-20 16:48:00.00000028,48.46884962569277
2010-09-20 16:48:00.000000117,24.961282651185343
2010-09-20 16:48:00.00000018,5.741236365000191
2010-09-20 16:48:00.00000059,9.0075030217522
2010-09-20 16:48:00.00000061,5.356567035636658
2010-09-20 16:48:00.00000037,6.297995561281596
2010-09-20 16:48:00.000000133,12.230145888697393
2010-09-20 16:48:00.000000141,9.761698571469424
2010-09-20 16:48:00.000000113,28.696363269011954
2010-09-20 16:48:00.00000067,18.159246133272177
2010-09-20 16:48:00.00000066,29.71694013846343
2010-09-20 16:48:00.000000128,11.079171237397645
2010-09-20 16:48:00.000000109,9.674570268225466
2010-09-20 16:48:00.000000167,34.88668063348746
2010-09-20 16:48:00.00000065,6.3307162979541545
2010-09-20 16:48:00.000000157,41.017906369507386
2010-09-20 16:48:00.00000045,11.560314750315797
2010-09-20 16:48:00.00000054,8.193448810526547
2010-09-20 16:48:00.00000076,6.233705753650042
2010-09-20 16:48:00.000000125,14.130389359306946
2010-09-20 16:48:00.00000031,12.467953343983481
2010-09-20 16:48:00.000000105,6.118258356241654
2010-09-20 16:48:00.00000017,8.52139700129976
2010-09-20 16:48:00.000000127,5.956386378030857
2010-09-20 16:48:00.000000149,47.02386912843474
2010-09-20 16:48:00.00000039,23.09847361622144
2010-09-20 16:48:00.00000095,43.1635466964492
2010-09-20 16:48:00.00000062,8.0484166531636
2010-09-20 16:48:00.00000029,7.752269632686421
2010-09-20 16:48:00.000000155,24.67693236384457
2010-09-20 16:48:00.000000123,7.627859718310333
2010-09-20 16:48:00.00000020,9.702889260811617
2010-09-20 16:48:00.0000003,9.908124411760241
2010-09-20 16:48:00.000000102,5.773504940257794
2010-09-20 16:48:00.00000096,8.359800940898367
2010-09-20 16:48:00.00000087,9.482235669162037
2010-09-20 16:48:00.00000063,25.93817102400544
2010-09-20 16:48:00.00000078,7.382981228624885
2010-09-20 16:48:00.00000049,4.714724295137444
2010-09-20 16:48:00.000000115,17.15486137561936
2010-09-20 16:48:00.00000080,9.62667560743364
2010-09-20 16:48:00.00000046,21.230177429372702
2010-09-20 16:48:00.00000048,7.842763836862446
2010-09-20 16:48:00.00000033,23.860359403091707
2010-09-20 16:48:00.000000136,5.893380397971555
2010-09-20 16:48:00.00000032,16.54470124563568
2010-09-20 16:48:00.00000082,16.861366643435304
2010-09-20 16:48:00.00000091,13.630959277620263
2010-09-20 16:48:00.00000051,31.79828129837415
2010-09-20 16:48:00.000000107,9.710887486205024
2010-09-20 16:48:00.000000150,6.7444631479920645
2010-09-20 16:48:00.00000070,6.354919518562838
2010-09-20 16:48:00.000000165,21.951762798569803
2010-09-20 16:48:00.00000097,30.232263303345803
2010-09-20 16:48:00.00000075,6.563488349833051
2010-09-20 16:48:00.000000164,10.581273620251977
2010-09-20 16:48:00.000000162,5.5681512078232345
2010-09-20 16:48:00.00000026,6.354942320512919
2010-09-20 16:48:00.000000126,9.497632610204846
2010-09-20 16:48:00.00000077,13.742669796352061
2010-09-20 16:48:00.000000138,6.649841647790936
2010-09-20 16:48:00.000000118,22.227476820866286
2010-09-20 16:48:00.00000011,15.454538920256596
2010-09-20 16:48:00.00000073,19.153773025803503
2010-09-20 16:48:00.000000120,7.394034268087012
2010-09-20 16:48:00.00000034,22.87654379376886
2010-09-20 16:48:00.00000057,9.637923145132959
2010-09-20 16:48:00.00000044,15.35570992936539
2010-09-20 16:48:00.00000079,9.421978902881392
2010-09-20 16:48:00.00000013,11.502748657122993
2010-09-20 16:48:00.00000060,7.097419797906127
2010-09-20 16:48:00.00000098,25.426686432794668
2010-09-20 16:48:00.00000022,5.094907437347729
2010-09-20 16:48:00.00000043,12.10826759089332
2010-09-20 16:48:00.000000130,5.720635569272531
2010-09-20 16:48:00.00000094,11.86371889337238
2010-09-20 16:48:00.000000153,14.125309364562213
2010-09-20 16:48:00.0000009,15.660057376264945
2010-09-20 16:48:00.000000119,8.228097765010375
2010-09-20 16:48:00.00000089,4.4209382659048515
2010-09-20 16:48:00.00000053,12.65222215614017
2010-09-20 16:48:00.00000014,11.258131618333778
2010-09-20 16:48:00.00000093,13.839227205673183
2010-09-20 16:48:00.000000144,7.898666617158369
2010-09-20 16:48:00.00000030,20.58480069321388
2010-09-20 16:48:00.000000147,21.305146831433376
2010-09-20 16:48:00.000000108,15.961215988994127
2010-09-20 16:48:00.00000064,7.003507397389967
2010-09-20 16:48:00.00000010,13.315052190589427
2010-09-20 16:48:00.00000042,11.402531435059018
2012-04-01 22:22:28.0000001,4.927100159363363
2012-03-05 09:19:32.0000001,6.978988337261285
2012-03-05 09:19:32.0000002,7.6144310820045575
2012-03-05 09:19:32.0000005,48.91561545662785
2012-03-05 09:19:32.0000003,9.240056846314587
2012-03-05 09:19:32.0000004,7.176875904875601
2012-08-20 14:47:36.0000003,9.463372487037987
2012-08-20 14:47:36.0000004,43.665693502542695
2011-12-01 01:36:08.0000002,6.40653584891686
2013-06-21 11:33:28.0000002,8.11806916016883
2013-06-21 11:33:28.0000004,7.653204123260252
2013-06-21 11:33:28.0000001,6.948303836465698
2013-06-21 11:33:28.0000003,13.594038508237304
2013-04-10 11:33:28.0000001,15.066505113701055
2013-04-10 11:33:28.0000002,9.68960996836688
2014-03-29 14:59:28.0000003,5.740220004515322
2014-03-29 14:59:28.0000002,7.585207647637162
2010-04-05 06:01:24.0000001,7.211931014672132
2014-12-01 00:12:44.0000001,29.749931055923525
2012-08-01 18:54:24.0000001,8.781558599372943
2012-08-01 18:54:24.0000002,6.812227041019241
2012-08-01 18:54:24.0000003,7.8455279763931
2013-07-13 18:28:20.0000005,7.5213277984310025
2013-07-13 18:28:20.0000001,6.8307661330587734
2013-07-13 18:28:20.0000002,8.941546280083571
2013-07-13 18:28:20.0000004,8.932075791941998
2014-03-06 04:23:32.0000001,9.147728017735972
2014-10-07 19:04:08.0000002,11.419128632005936
2014-10-07 19:04:08.0000005,11.244878479450335
2014-10-07 19:04:08.0000006,6.176621468948156
2014-10-07 19:04:08.0000004,7.077123784289711
2013-08-21 09:32:24.0000002,9.246220859413256
2013-08-21 09:32:24.0000004,11.555969811232217
2013-08-21 09:32:24.0000003,10.433526193058583
2015-01-26 07:13:44.0000006,9.389050351238666
2015-01-26 07:13:44.0000002,10.42005318474719
2015-01-26 07:13:44.0000004,8.703174210309726
2015-01-26 07:13:44.0000003,11.301079240266972
2009-03-16 09:55:24.0000003,5.548160948074383
2009-03-16 09:55:24.0000005,4.34240821303365
2009-03-16 09:55:24.0000004,9.050009394078756
2009-03-16 09:55:24.0000006,7.98156657698155
2009-03-16 09:55:24.0000002,3.958000079564613
2011-03-06 21:01:00.000000150,7.334991940561508
2011-03-06 21:01:00.00000026,4.886624683624973
2011-03-06 21:01:00.000000148,7.590980174370316
2011-03-06 21:01:00.00000088,6.255817950560527
2011-03-06 21:01:00.00000098,6.298496426973998
2011-03-06 21:01:00.00000054,12.27295168930425
2011-03-06 21:01:00.000000101,10.602268624820226
2011-03-06 21:01:00.000000175,8.35786991072132
2011-03-06 21:01:00.00000029,9.757673724087681
2011-03-06 21:01:00.000000106,7.271102507032197
2011-03-06 21:01:00.00000099,6.980014991514281
2011-03-06 21:01:00.000000158,8.305952167557962
2011-03-06 21:01:00.000000130,6.20107215054793
2011-03-06 21:01:00.00000027,7.285170348622387
2011-03-06 21:01:00.00000032,23.824667527712677
2011-03-06 21:01:00.000000111,14.470912394919083
2011-03-06 21:01:00.00000024,11.350357260254327
2011-03-06 21:01:00.000000118,9.511004348473989
2011-03-06 21:01:00.00000016,8.726619579720818
2011-03-06 21:01:00.00000066,11.179434949066376
2011-03-06 21:01:00.000000133,14.101081832758041
2011-03-06 21:01:00.00000070,5.906623985207148
2011-03-06 21:01:00.000000104,6.546047437184825
2011-03-06 21:01:00.00000076,9.56266319298527
2011-03-06 21:01:00.000000141,7.3617720037007075
2011-03-06 21:01:00.000000145,6.859858540804112
2011-03-06 21:01:00.000000143,6.964119773174389
2011-03-06 21:01:00.00000092,5.928595094734305
2011-03-06 21:01:00.00000080,5.812240177760486
2011-03-06 21:01:00.00000015,22.241566423173253
2011-03-06 21:01:00.000000153,16.810857707222453
2011-03-06 21:01:00.00000093,10.919600230600736
2011-03-06 21:01:00.000000162,30.701077375542923
2011-03-06 21:01:00.00000062,8.114893618162796
2011-03-06 21:01:00.000000129,17.65168645938047
2011-03-06 21:01:00.000000107,19.873096005912657
2011-03-06 21:01:00.00000045,5.455318909744733
2011-03-06 21:01:00.000000115,12.164927132410298
2011-03-06 21:01:00.0000002,4.312228920089183
2011-03-06 21:01:00.00000044,7.7242086806343195
2011-03-06 21:01:00.000000167,7.503169229837454
2011-03-06 21:01:00.000000169,5.411330474707597
2011-03-06 21:01:00.00000067,42.824300432416976
2011-03-06 21:01:00.0000007,6.147905296650606
2011-03-06 21:01:00.000000135,48.5640621205622
2011-03-06 21:01:00.000000128,15.93876308738129
2011-03-06 21:01:00.0000004,7.449935676969062
2011-03-06 21:01:00.00000010,9.607498419539297
2011-03-06 21:01:00.000000151,10.739091336386764
2011-03-06 21:01:00.00000055,9.335606875927965
2011-03-06 21:01:00.00000095,9.002664389303959
2011-03-06 21:01:00.000000102,10.512679818788797
2011-03-06 21:01:00.00000034,11.041510225899174
2011-03-06 21:01:00.000000108,5.100472398834995
2011-03-06 21:01:00.00000012,5.980081189742805
2011-03-06 21:01:00.00000085,4.7925653036305675
2011-03-06 21:01:00.0000001,9.555785384400338
2011-03-06 21:01:00.00000035,5.632509055883929
2011-03-06 21:01:00.00000097,10.700708582926836
2011-03-06 21:01:00.000000105,8.915441244661906
2011-03-06 21:01:00.00000020,11.440071018574372
2011-03-06 21:01:00.000000114,4.776022433730645
2011-03-06 21:01:00.00000038,5.204784461170902
2011-03-06 21:01:00.0000006,10.54746294803249
2011-03-06 21:01:00.00000086,9.092169153710074
2011-03-06 21:01:00.00000049,6.310314479785347
2011-03-06 21:01:00.000000147,6.786871085358143
2011-03-06 21:01:00.00000040,5.079135028624819
2011-03-06 21:01:00.00000064,7.246135581459612
2011-03-06 21:01:00.00000061,19.922526897012062
2011-03-06 21:01:00.0000005,4.791597061250172
2011-03-06 21:01:00.0000009,6.8565789294610795
2011-03-06 21:01:00.00000042,6.245367795204288
2011-03-06 21:01:00.00000022,24.06011813951227
2011-03-06 21:01:00.00000021,17.781366146418918
2011-03-06 21:01:00.00000094,5.791657425929429
2011-03-06 21:01:00.000000156,8.42278252890003
2011-03-06 21:01:00.00000072,5.725243719027617
2011-03-06 21:01:00.00000031,15.224493721365661
2011-03-06 21:01:00.00000089,7.487845782469094
2011-03-06 21:01:00.00000023,12.82187873358157
2011-03-06 21:01:00.00000046,4.483702559011704
2011-03-06 21:01:00.00000087,5.844860219187922
2011-03-06 21:01:00.00000053,13.77644130960823
2011-03-06 21:01:00.0000008,5.574545627973521
2011-03-06 21:01:00.000000157,6.4657936310226205
2011-03-06 21:01:00.00000077,11.951254124175762
2011-03-06 21:01:00.00000073,8.815619434168639
2011-03-06 21:01:00.00000047,5.184546332717559
2011-03-06 21:01:00.000000172,6.996142400451959
2011-03-06 21:01:00.00000084,11.012515543670588
2011-03-06 21:01:00.000000122,8.591792050743607
2011-03-06 21:01:00.000000154,16.99414368650912
2011-03-06 21:01:00.000000136,10.53418168934752
2011-03-06 21:01:00.00000075,4.760407255167479
2011-03-06 21:01:00.00000014,6.964588351636394
2009-09-04 20:52:28.0000002,5.3077501976559915
2009-09-04 20:52:28.0000003,5.302147474068988
2009-09-04 20:52:28.0000004,5.013376267386434
2009-09-04 20:52:28.0000001,5.131584082861764
2013-09-25 05:52:12.0000002,13.121751760558823
2013-09-25 05:52:12.0000001,32.06908472477244
2010-04-16 10:32:24.0000002,6.932491855592957
2010-04-16 10:32:24.0000001,22.5665112406665
2011-10-12 07:24:40.0000001,10.79688832404338
2011-10-12 07:24:40.0000003,8.404696430669787
2011-10-12 07:24:40.0000002,22.37444007414581
2010-06-13 13:34:56.0000001,7.539216609036089
2011-11-20 02:39:04.0000002,17.27618937044531
2011-11-20 02:39:04.0000001,5.415529171104481
2010-12-13 06:42:16.0000002,5.203270854228322
2010-12-13 06:42:16.0000001,9.642516343981129
2009-11-24 08:58:48.0000003,7.453508158020327
2009-11-24 08:58:48.0000001,4.650177065531011
2009-11-24 08:58:48.0000006,3.9625647617158393
2009-11-24 08:58:48.0000002,9.218537493794315
2009-11-24 08:58:48.0000005,7.665863561450578
2009-11-24 08:58:48.0000007,9.143317081745636
2014-09-22 07:14:16.0000002,15.832245689820184
2011-05-30 09:32:56.0000001,7.590327422563519
2012-09-21 05:41:36.0000001,5.027258770796493
2010-11-22 19:30:04.0000002,9.921853458875717
2010-11-22 19:30:04.0000001,12.040579956777151
2010-10-05 02:09:00.0000005,6.567000590182033
2010-10-05 02:09:00.0000006,28.036866662097168
2010-10-05 02:09:00.0000007,12.941565873983222
2010-10-05 02:09:00.00000018,27.687268624351645
2010-10-05 02:09:00.00000011,24.721339720493802
2010-10-05 02:09:00.00000023,13.596568288737558
2010-10-05 02:09:00.00000012,11.054846828130962
2010-10-05 02:09:00.00000022,5.41345335910421
2010-10-05 02:09:00.00000013,20.716528954612954
2010-10-05 02:09:00.0000003,22.221357489790194
2010-10-05 02:09:00.00000010,6.27393134290503
2010-10-05 02:09:00.0000001,7.481270007783678
2010-10-05 02:09:00.00000021,6.7099180491720745
2010-10-05 02:09:00.0000008,17.192166385525752
2010-10-05 02:09:00.00000027,7.461434383912547
2010-10-05 02:09:00.0000002,19.256555187986464
2010-10-05 02:09:00.00000015,6.734354434012516
2014-08-23 16:30:24.0000002,8.796761499881427
2014-08-23 16:30:24.0000001,7.955035773356144
2012-03-15 08:17:36.0000001,8.545678495432412
2012-03-15 08:17:36.0000002,6.5487278993725795
2012-03-15 08:17:36.0000005,18.07145505706228
2012-03-15 08:17:36.0000004,17.002733883826977
2012-03-15 08:17:36.0000003,6.554148210532276
2013-10-04 02:53:20.0000001,7.969833117153371
2013-10-04 02:53:20.0000002,5.194873350339321
2009-03-28 15:09:20.0000001,8.396079038821881
2009-03-28 15:09:20.0000003,17.05460665270573
2009-03-28 15:09:20.0000002,14.517133670724206
2012-01-25 22:43:44.0000003,13.34493069549751
2012-01-25 22:43:44.0000004,9.525496098762687
2012-01-25 22:43:44.0000002,5.985944623575847
2012-01-25 22:43:44.0000001,19.789879793398768
2011-07-21 07:51:32.0000002,6.176011040831895
2011-07-21 07:51:32.0000003,12.248926747566088
2011-07-21 07:51:32.0000001,6.667651743928673
2010-12-01 22:04:52.0000001,9.124746842742752
2013-06-23 02:54:32.0000003,7.788368914509306
2013-06-23 02:54:32.0000002,7.944084521388277
2014-03-24 22:36:24.0000004,10.937116262470681
2014-03-24 22:36:24.0000002,10.476565768996352
2014-03-24 22:36:24.0000001,7.588992104743966
2014-03-24 22:36:24.0000003,10.042995862461453
2013-09-13 01:54:20.0000001,8.603044774761543
2013-10-14 18:30:36.0000003,15.070211589636983
2013-10-14 18:30:36.0000002,7.850159890232135
2013-10-14 18:30:36.0000004,12.621798610296082
2013-10-14 18:30:36.0000001,6.64217054578728
2013-11-18 15:07:28.0000006,11.834981274983761
2013-11-18 15:07:28.0000004,48.94244297987359
2013-11-18 15:07:28.0000001,7.276751065303188
2013-11-18 15:07:28.0000005,6.480229883526022
2013-11-18 15:07:28.0000002,8.940818560320167
2011-02-20 23:35:12.0000001,8.609765701095625
2011-02-20 23:35:12.0000004,9.363917906882534
2011-02-20 23:35:12.0000005,19.693323262020158
2011-02-20 23:35:12.0000003,13.277502944637945
2011-02-20 23:35:12.0000002,14.783425848723596
2010-02-06 19:59:16.0000001,11.114405491962884
2012-03-10 02:36:04.0000003,12.131017887961434
2012-03-10 02:36:04.0000002,12.750247453467637
2012-03-10 02:36:04.0000001,6.5926183398423746
2014-04-13 17:35:52.0000002,8.54423569407561
2010-04-04 21:59:56.0000002,8.008335306833487
2010-04-04 21:59:56.0000001,13.236279688519062
2010-04-04 21:59:56.0000003,12.088776755531853
2010-04-04 21:59:56.0000004,5.910706381106365
2013-03-23 04:51:12.0000001,17.454172377752457
2010-06-29 00:22:24.0000002,50.3156807976784
2010-06-29 00:22:24.0000001,4.805079814920305
2011-10-17 12:37:56.0000002,6.860368622186456
2011-10-17 12:37:56.0000001,8.553891065540029
2012-01-30 19:07:52.0000003,11.661848448900173
2012-01-30 19:07:52.0000002,7.998576092168491
2012-01-30 19:07:52.0000004,11.152875977732833
2012-01-30 19:07:52.0000001,7.085278140862101
2012-01-30 19:07:52.0000005,10.914749313003995
2011-05-30 01:44:40.0000001,9.006964582342562
2011-05-30 01:44:40.0000002,6.480392145361861
2011-02-08 01:04:08.0000001,9.363405740460166
2012-05-23 16:25:16.0000002,6.527775066161553
2011-09-20 18:02:28.0000001,4.74702652908627
2009-10-08 10:04:36.0000001,27.228400607966478
2009-10-08 10:04:36.0000003,9.918196460060017
2009-10-08 10:04:36.0000002,24.070618826824898
2010-07-02 22:03:04.0000002,12.554615663940353
2010-07-02 22:03:04.0000001,11.988473765084677
2012-05-03 14:11:36.0000002,6.625105229433984
2012-05-03 14:11:36.0000005,10.761999571666593
2012-05-03 14:11:36.0000004,22.072123262442915
2012-05-03 14:11:36.0000003,14.941189791638635
2012-05-03 14:11:36.0000001,6.546306058687151
2013-04-04 16:31:56.0000001,17.59316499515512
2013-04-04 16:31:56.0000002,9.296980817765984
2009-12-02 15:59:56.0000001,21.969559721952464
2009-12-02 15:59:56.0000002,5.748020118222939
2010-01-03 02:03:40.0000002,7.645732143628834
2010-01-03 02:03:40.0000003,7.444287088369833
2011-08-21 10:54:24.0000003,8.773961334874002
2011-08-21 10:54:24.0000002,67.93990256072937
2011-08-21 10:54:24.0000001,15.302725497117649
2011-01-30 14:38:24.0000003,5.6822147726616095
2011-01-30 14:38:24.0000002,13.912686141295808
2011-04-16 21:23:16.0000004,18.02009697772428
2011-04-16 21:23:16.0000002,9.890477057727026
2011-04-16 21:23:16.0000006,5.465087228574703
2013-10-05 19:51:04.0000006,9.14036591312447
2013-10-05 19:51:04.0000005,12.781292092593048
2013-10-05 19:51:04.0000003,14.960356195791405
2013-10-05 19:51:04.0000002,13.621734881906377
2014-10-31 08:17:44.0000002,9.130695745754451
2014-10-31 08:17:44.0000004,9.221943923919184
2014-10-31 08:17:44.0000005,9.337372953432236
2014-10-31 08:17:44.0000001,11.364497583109369
2014-10-31 08:17:44.0000003,18.142552990067884
2009-05-31 21:24:56.0000001,13.496276982553013
2014-06-04 01:50:40.0000001,11.338596634551436
2009-07-14 17:59:12.0000001,5.353980611280349
2009-07-14 17:59:12.0000003,4.896724440177536
2012-12-05 16:33:52.0000002,12.42043552970756
2012-12-05 16:33:52.0000001,30.534951291162315
2009-12-18 12:37:04.0000005,7.504897905741586
2009-12-18 12:37:04.0000001,6.9071628568542565
2009-12-18 12:37:04.0000006,11.778561007381768
2009-12-18 12:37:04.0000004,8.252800872768717
2009-12-18 12:37:04.0000007,8.285203340607154
2009-12-18 12:37:04.0000002,8.838470829259222
2012-11-21 15:12:48.0000001,6.149078107174319
2011-05-03 07:01:40.0000001,11.725332400421507
2011-05-03 07:01:40.0000002,5.386888948487012
2011-05-03 07:01:40.0000003,6.413651638621559
2010-09-21 06:27:32.0000002,19.36639223681641
2010-09-21 06:27:32.0000001,9.628307716119934
2011-10-07 22:08:20.0000003,5.486854848031953
2011-10-07 22:08:20.0000006,9.552702553602558
2009-02-08 08:48:20.0000001,4.471476827021434
2013-09-24 21:16:40.0000006,8.57230867385681
2013-09-24 21:16:40.0000003,11.069389498848977
2013-09-24 21:16:40.0000001,10.128801809563356
2013-09-24 21:16:40.0000007,12.429427796657365
2013-09-24 21:16:40.0000002,13.06605254502108
2013-09-24 21:16:40.0000004,11.801429562503017
2012-03-14 19:10:48.0000005,14.135168045443493
2012-03-14 19:10:48.0000008,5.7247322088898045
2012-03-14 19:10:48.0000002,10.62287028147091
2012-03-14 19:10:48.0000004,7.70669441953828
2012-03-14 19:10:48.0000001,7.966156455587566
2012-03-14 19:10:48.0000009,10.033435708048842
2012-03-14 19:10:48.0000006,12.071485857360472
2009-11-12 11:01:20.0000001,6.227646401294464
2009-11-12 11:01:20.0000002,4.404979878869312
2009-06-21 04:28:48.0000002,14.564879437902164
2009-06-21 04:28:48.0000003,11.435504778279096
2014-01-25 12:36:52.0000002,10.434278776541305
2014-01-25 12:36:52.0000001,7.51606523911471
2012-12-27 13:23:48.0000001,9.25318268748299
2011-06-28 16:09:44.0000001,5.979631510762829
2010-12-01 08:35:20.0000001,10.24817982805871
2012-11-19 12:40:40.0000005,6.296881657771337
2012-11-19 12:40:40.0000001,7.491477446360136
2012-11-19 12:40:40.0000002,7.998261665732571
2012-11-19 12:40:40.0000003,11.600676825646815
2012-11-19 12:40:40.0000004,42.555398001863296
2009-07-13 17:58:04.0000001,10.045922026897642
2009-07-13 17:58:04.0000003,6.385500984826649
2009-07-13 17:58:04.0000002,6.876560743535833
2011-06-25 11:42:36.0000003,5.122407336984793
2011-06-25 11:42:36.0000002,23.845734138463854
2012-01-26 07:33:00.000000128,12.119102786872872
2012-01-26 07:33:00.00000032,10.62263024387812
2012-01-26 07:33:00.000000163,6.682433839962528
2012-01-26 07:33:00.000000155,6.7894395031307795
2012-01-26 07:33:00.000000153,8.099791795784768
2012-01-26 07:33:00.00000049,6.454625582574749
2012-01-26 07:33:00.00000095,5.480261842272057
2012-01-26 07:33:00.000000158,15.87558327954116
2012-01-26 07:33:00.00000050,6.6738530398205285
2012-01-26 07:33:00.00000015,8.076104160736236
2012-01-26 07:33:00.00000062,7.696906422923462
2012-01-26 07:33:00.00000037,17.362495994822325
2012-01-26 07:33:00.00000069,13.00364736096094
2012-01-26 07:33:00.000000142,4.849535534240545
2012-01-26 07:33:00.000000150,5.584499166065257
2012-01-26 07:33:00.000000147,8.374569929588688
2012-01-26 07:33:00.000000125,6.462855861088542
2012-01-26 07:33:00.000000124,26.936935851820294
2012-01-26 07:33:00.000000129,7.364947384031325
2012-01-26 07:33:00.00000033,9.3609587815439
2012-01-26 07:33:00.0000004,24.68810911381445
2012-01-26 07:33:00.00000029,12.884317183807298
2012-01-26 07:33:00.000000113,6.04635928575658
2012-01-26 07:33:00.00000017,12.011145265006121
2012-01-26 07:33:00.00000067,10.83079959808606
2012-01-26 07:33:00.000000141,33.676401296552626
2012-01-26 07:33:00.00000036,13.591831602395928
2012-01-26 07:33:00.000000162,20.10258005462606
2012-01-26 07:33:00.000000118,10.47365924022938
2012-01-26 07:33:00.000000154,22.39462002042876
2012-01-26 07:33:00.000000143,11.06424701299295
2012-01-26 07:33:00.00000083,8.811476694161911
2012-01-26 07:33:00.000000191,7.779204416207222
2012-01-26 07:33:00.000000140,12.8284747244644
2012-01-26 07:33:00.00000086,5.911652388091966
2012-01-26 07:33:00.0000002,8.392657370399661
2012-01-26 07:33:00.000000170,6.548616506569942
2012-01-26 07:33:00.00000010,8.382570643228973
2012-01-26 07:33:00.00000053,7.919706489610576
2012-01-26 07:33:00.000000102,11.639933399240931
2012-01-26 07:33:00.00000055,7.298153977824086
2012-01-26 07:33:00.0000007,10.80146162255744
2012-01-26 07:33:00.00000013,6.99016450517297
2012-01-26 07:33:00.000000165,26.977786488220886
2012-01-26 07:33:00.00000026,5.8445515389076945
2012-01-26 07:33:00.000000137,7.0061752765036545
2012-01-26 07:33:00.00000048,9.606567352040543
2012-01-26 07:33:00.00000059,11.379932214389328
2012-01-26 07:33:00.000000132,8.01800385627189
2012-01-26 07:33:00.00000096,14.843520281597762
2012-01-26 07:33:00.000000190,4.671239513276532
2012-01-26 07:33:00.000000156,7.5576064083147685
2012-01-26 07:33:00.00000075,7.874510220135448
2012-01-26 07:33:00.00000084,7.070355016494204
2012-01-26 07:33:00.0000006,4.811163437609139
2012-01-26 07:33:00.00000021,7.9817172387779465
2012-01-26 07:33:00.0000001,15.646086650608368
2012-01-26 07:33:00.0000005,5.482687961186343
2012-01-26 07:33:00.00000034,6.410524195111634
2012-01-26 07:33:00.000000117,4.938734683767393
2012-01-26 07:33:00.000000106,10.521183686622635
2012-01-26 07:33:00.00000077,8.641678476479342
2012-01-26 07:33:00.00000045,5.929286656082581
2012-01-26 07:33:00.000000116,10.336443432908595
2012-01-26 07:33:00.0000009,7.964192440375086
2012-01-26 07:33:00.000000146,5.856611061842841
2012-01-26 07:33:00.00000027,21.56380993020298
2012-01-26 07:33:00.000000127,8.368649541928903
2012-01-26 07:33:00.000000172,5.733967379144019
2012-01-26 07:33:00.00000074,5.485740179576851
2012-01-26 07:33:00.00000014,24.344575546566602
2012-01-26 07:33:00.000000108,12.083421955611925
2012-01-26 07:33:00.000000109,15.517951103250994
2012-01-26 07:33:00.000000152,6.943906175111579
2012-01-26 07:33:00.00000047,6.512987868834671
2012-01-26 07:33:00.000000192,10.598926593233614
2012-01-26 07:33:00.00000054,6.281039921374941
2012-01-26 07:33:00.000000185,6.212368138904026
2012-01-26 07:33:00.000000187,10.329245953528925
2012-01-26 07:33:00.00000060,11.463714880430302
2012-01-26 07:33:00.000000130,9.9364328499056
2012-01-26 07:33:00.00000046,8.90289703193639
2012-01-26 07:33:00.000000182,7.854295701105002
2012-01-26 07:33:00.000000177,12.402693369181748
2012-01-26 07:33:00.000000135,24.452028049871956
2012-01-26 07:33:00.00000063,5.299601697808043
2012-01-26 07:33:00.00000079,6.500389282320953
2012-01-26 07:33:00.000000169,9.63518459542206
2012-01-26 07:33:00.00000094,8.95969449672748
2012-01-26 07:33:00.000000176,12.322705067391212
2012-01-26 07:33:00.00000061,6.614442590883414
2012-01-26 07:33:00.000000188,6.3368890857402675
2012-01-26 07:33:00.000000174,11.47839917795261
2012-01-26 07:33:00.000000126,6.788832836447568
2012-01-26 07:33:00.000000139,33.2244366801599
2012-01-26 07:33:00.000000184,5.650199894829825
2012-01-26 07:33:00.000000107,5.352454888832085
2012-01-26 07:33:00.00000038,5.681049053316315
2012-01-26 07:33:00.000000134,6.573506355340442
2012-01-26 07:33:00.00000058,21.788209910641285
2012-01-26 07:33:00.00000078,4.110936971462706
2012-01-26 07:33:00.00000019,5.320074470569352
2012-01-26 07:33:00.000000111,9.5870290674128
2012-01-26 07:33:00.000000178,18.442625847849854
2012-01-26 07:33:00.0000003,13.089588135521012
2012-01-26 07:33:00.00000052,16.216751315561396
2012-01-26 07:33:00.00000040,9.719032889147684
2012-01-26 07:33:00.000000148,9.586376254226934
2012-01-26 07:33:00.00000066,12.523538780468357
2012-01-26 07:33:00.00000041,5.634711792376606
2012-01-26 07:33:00.00000070,10.550269168965428
2012-01-26 07:33:00.000000157,31.17727551435553
2012-01-26 07:33:00.000000179,8.187724085384843
2012-01-26 07:33:00.000000112,18.933766905782818
2012-01-26 07:33:00.00000073,7.764955455577365
2012-01-26 07:33:00.000000138,18.485781355757126
2012-01-26 07:33:00.00000092,13.47280000971034
2012-01-26 07:33:00.000000164,16.537506294022023
2012-01-26 07:33:00.000000123,4.264895144653565
2012-01-26 07:33:00.00000043,5.9793709725151984
2012-01-26 07:33:00.00000093,5.945386442101153
2012-01-26 07:33:00.00000016,12.354781130522497
2012-01-26 07:33:00.000000144,7.902842784410609
2012-01-26 07:33:00.00000042,7.796829115110199
2012-01-26 07:33:00.00000011,10.479697151725759
2012-01-26 07:33:00.00000035,9.604330014130142
2012-01-26 07:33:00.00000098,4.6175981672705575
2012-01-26 07:33:00.000000149,18.824540470583884
2012-01-26 07:33:00.000000110,5.296557612860397
2012-01-26 07:33:00.000000159,11.0486760234636
2015-03-20 23:34:40.0000007,9.613824095260952
2015-03-20 23:34:40.0000002,21.079787871188387
2015-03-20 23:34:40.0000006,7.480221800439722
2013-12-14 03:20:48.0000001,27.566781670650016
2013-12-14 03:20:48.0000002,7.518735547381084
2014-04-14 07:03:52.0000001,9.866866946566347
2014-04-14 07:03:52.0000002,13.074326936558236
2015-05-21 07:08:08.0000002,8.38168384324888
2011-08-30 16:48:24.0000003,7.687082807890988
2011-08-30 16:48:24.0000002,10.278326068968454
2011-08-30 16:48:24.0000001,8.06456876279401
2010-12-09 07:29:00.000000189,4.52226282915467
2010-12-09 07:29:00.00000027,18.621178761189526
2010-12-09 07:29:00.000000184,10.964136757811048
2010-12-09 07:29:00.00000030,5.3595327386054805
2010-12-09 07:29:00.00000011,4.828298716748691
2010-12-09 07:29:00.00000065,11.002198922428079
2010-12-09 07:29:00.00000063,10.925025606430268
2010-12-09 07:29:00.000000133,15.568661186135387
2010-12-09 07:29:00.00000054,6.347870151843267
2010-12-09 07:29:00.00000021,13.366692483080556
2010-12-09 07:29:00.000000162,7.0346300437664695
2010-12-09 07:29:00.000000144,8.189756016999809
2010-12-09 07:29:00.000000116,10.63419858699956
2010-12-09 07:29:00.000000142,5.859148390650603
2010-12-09 07:29:00.000000113,10.648578888279985
2010-12-09 07:29:00.000000105,3.447233632086295
2010-12-09 07:29:00.00000047,5.746860347340657
2010-12-09 07:29:00.0000008,6.761416112647794
2010-12-09 07:29:00.00000099,5.829571770245138
2010-12-09 07:29:00.00000048,5.469987973457364
2010-12-09 07:29:00.00000076,12.425051525738468
2010-12-09 07:29:00.000000174,16.209488517523596
2010-12-09 07:29:00.000000130,22.526939964569465
2010-12-09 07:29:00.000000177,7.8446284184364
2010-12-09 07:29:00.00000088,7.560838704258231
2010-12-09 07:29:00.00000091,5.892626512942229
2010-12-09 07:29:00.00000072,5.74723299613288
2010-12-09 07:29:00.00000014,12.299399328200138
2010-12-09 07:29:00.000000157,6.971347098497176
2010-12-09 07:29:00.000000109,4.33538344464489
2010-12-09 07:29:00.00000016,7.877499836254515
2010-12-09 07:29:00.00000023,6.124061055979496
2010-12-09 07:29:00.000000118,7.611856157855414
2010-12-09 07:29:00.00000017,5.791684295616051
2010-12-09 07:29:00.00000032,9.801350024075646
2010-12-09 07:29:00.000000188,9.023740934580246
2010-12-09 07:29:00.00000040,5.476387196489554
2010-12-09 07:29:00.00000037,9.977237788083244
2010-12-09 07:29:00.000000128,7.910490750743293
2010-12-09 07:29:00.00000057,5.868415105621807
2010-12-09 07:29:00.000000125,8.989233426412056
2010-12-09 07:29:00.000000159,8.059929855832138
2010-12-09 07:29:00.00000018,6.1437862362621445
2010-12-09 07:29:00.000000107,5.684166253045419
2010-12-09 07:29:00.00000051,17.26825586360303
2010-12-09 07:29:00.00000042,7.128442249498221
2010-12-09 07:29:00.00000059,6.115503572797024
2010-12-09 07:29:00.00000075,5.934271074593198
2010-12-09 07:29:00.00000035,9.125586016781995
2010-12-09 07:29:00.00000029,6.8047210294867
2010-12-09 07:29:00.00000045,8.571953483571178
2010-12-09 07:29:00.00000055,6.7614744381259015
2010-12-09 07:29:00.000000140,7.2606863440292955
2010-12-09 07:29:00.00000060,10.738882712375926
2010-12-09 07:29:00.000000185,18.25918144539628
2010-12-09 07:29:00.000000120,5.2756436586806785
2010-12-09 07:29:00.000000104,7.05069012535796
2010-12-09 07:29:00.000000191,5.5939577124588595
2010-12-09 07:29:00.000000106,5.220503549895966
2010-12-09 07:29:00.00000039,5.9337647817434345
2010-12-09 07:29:00.000000132,5.121693701741265
2010-12-09 07:29:00.00000019,6.437525160118184
2010-12-09 07:29:00.000000166,4.667272381198472
2010-12-09 07:29:00.000000111,8.285607602871323
2010-12-09 07:29:00.00000013,5.224061827594596
2010-12-09 07:29:00.000000138,6.0184793423384235
2010-12-09 07:29:00.00000085,22.23515966989521
2010-12-09 07:29:00.000000169,7.160455579801919
2010-12-09 07:29:00.000000153,12.18161488293481
2010-12-09 07:29:00.00000033,47.02876178341103
2010-12-09 07:29:00.000000173,9.366995083773759
2010-12-09 07:29:00.00000077,5.718949199277176
2010-12-09 07:29:00.000000190,5.315064956378706
2010-12-09 07:29:00.000000137,6.133030580665377
2010-12-09 07:29:00.0000009,8.435780398937027
2010-12-09 07:29:00.000000155,8.624449120273539
2010-12-09 07:29:00.0000004,18.266912872347007
2010-12-09 07:29:00.000000119,5.720440537080208
2010-12-09 07:29:00.000000100,7.462571524629766
2010-12-09 07:29:00.00000024,5.680551684757802
2010-12-09 07:29:00.00000096,12.167022493303193
2010-12-09 07:29:00.000000170,8.669435875369345
2010-12-09 07:29:00.000000131,7.036484231138957
2010-12-09 07:29:00.00000022,13.544313697852544
2010-12-09 07:29:00.00000053,6.2505962072535795
2010-12-09 07:29:00.000000165,66.47720959716537
2010-12-09 07:29:00.000000114,9.036479196223127
2010-12-09 07:29:00.00000074,9.71252707481301
2010-12-09 07:29:00.00000070,7.923394320024272
2010-12-09 07:29:00.000000167,5.685342132155597
2010-12-09 07:29:00.000000110,6.693292869928655
2010-12-09 07:29:00.00000020,11.744504759013921
2010-12-09 07:29:00.000000147,6.72539091928013
2010-12-09 07:29:00.000000178,25.976672357613097
2010-12-09 07:29:00.000000146,6.889607774100227
2010-12-09 07:29:00.000000103,8.084287962012809
2010-12-09 07:29:00.000000149,11.976195595407944
2010-12-09 07:29:00.000000182,9.127930422676513
2010-12-09 07:29:00.000000124,6.867566300646104
2010-12-09 07:29:00.000000154,14.515950936122294
2010-12-09 07:29:00.000000117,9.004780295674664
2010-12-09 07:29:00.00000034,11.42625336438357
2010-12-09 07:29:00.00000084,11.360507325772915
2010-12-09 07:29:00.00000064,6.34466287195562
2010-12-09 07:29:00.000000126,16.226712322395542
2010-12-09 07:29:00.00000082,7.070194403632058
2010-12-09 07:29:00.00000092,12.0139212679195
2010-12-09 07:29:00.00000087,6.202690131854524
2010-12-09 07:29:00.00000095,24.47021419930013
2010-12-09 07:29:00.000000101,8.750508900222258
2010-12-09 07:29:00.000000122,7.360837773649109
2010-12-09 07:29:00.000000160,7.665946953037064
2010-12-09 07:29:00.000000175,9.2060144666616
2010-12-09 07:29:00.00000043,8.28708232475401
2010-12-09 07:29:00.00000061,12.426542486320386
2010-12-09 07:29:00.000000179,5.29625536683568
2010-12-09 07:29:00.00000049,8.135096754346705
2010-12-09 07:29:00.000000172,42.44719438138486
2010-12-09 07:29:00.000000192,6.200693599816304
2010-12-09 07:29:00.000000194,5.906012456497706
2010-12-09 07:29:00.00000052,10.175515343230359
2010-12-09 07:29:00.00000058,5.849763576601276
2010-12-09 07:29:00.00000010,6.21413061417411
2010-12-09 07:29:00.000000108,5.401167197179461
2010-12-09 07:29:00.000000129,10.50058805967501
2010-12-09 07:29:00.000000163,8.219984826570567
2010-12-09 07:29:00.000000161,9.362854575458073
2010-12-09 07:29:00.000000187,6.454082591316251
2010-12-09 07:29:00.000000158,6.03456663606255
2010-12-09 07:29:00.000000121,12.570169543144289
2010-12-09 07:29:00.000000176,6.973177236979382
2011-09-25 13:01:20.0000005,9.155541109547585
2011-09-25 13:01:20.0000001,8.178195013733443
2011-09-25 13:01:20.0000004,7.835859431889276
2011-09-25 13:01:20.0000006,13.216745247623749
2011-09-25 13:01:20.0000003,6.496595061311609
2012-09-08 04:35:16.0000001,26.857517056093116
2012-05-08 03:50:00.00000011,22.98270057841171
2012-05-08 03:50:00.0000002,6.5562474379090645
2012-05-08 03:50:00.0000008,18.43880567481574
2012-05-08 03:50:00.0000007,9.262392754896268
2012-05-08 03:50:00.00000015,15.891029531605
2012-05-08 03:50:00.00000016,9.488152029438083
2012-05-08 03:50:00.0000003,6.820373286366134
2012-05-08 03:50:00.00000014,6.886966087367568
2012-05-08 03:50:00.0000004,19.303351236331878
2010-10-06 21:23:24.0000003,6.0635534831723135
2010-10-06 21:23:24.0000001,7.957007473339331
2010-10-06 21:23:24.0000005,9.516213213583
2010-10-06 21:23:24.0000002,8.34394884030337
2010-10-06 21:23:24.0000004,6.046955528433273
2014-05-17 02:47:12.0000002,13.11343014548902
2009-07-31 07:30:56.0000002,4.413304324591081
2009-07-31 07:30:56.0000001,3.5698213809689605
2012-03-06 07:33:04.0000002,10.666417473598926
2009-01-29 22:15:48.0000001,10.66023373937935
2013-03-17 12:44:04.0000001,7.826945362376364
2014-06-18 09:23:32.0000001,17.20785437309462
2011-09-21 13:15:36.0000004,7.425257945171666
2011-09-21 13:15:36.0000003,9.603353298982029
2011-09-21 13:15:36.0000001,7.495566996578191
2011-09-21 13:15:36.0000002,49.34657351049543
2015-03-12 19:43:24.0000001,20.927971429493823
2015-03-12 19:43:24.0000002,31.727702615140856
2015-03-12 19:43:24.0000007,9.418556761648574
2015-03-12 19:43:24.0000004,13.303952355516913
2014-01-18 17:43:28.0000005,7.837960964025228
2014-01-18 17:43:28.0000003,7.020999437922683
2014-01-18 17:43:28.0000002,14.285560001755243
2014-01-18 17:43:28.0000004,11.799439268072206
2011-04-05 01:15:44.0000001,12.38730357265922
2011-04-05 01:15:44.0000002,12.616588862671733
2011-09-04 01:36:36.0000002,18.05883087705331
2010-08-09 08:53:56.0000004,10.237624055806918
2010-08-09 08:53:56.0000006,8.079387944724544
2010-08-09 08:53:56.0000002,12.214978746759016
2010-08-09 08:53:56.0000003,18.1820936474395
2010-08-09 08:53:56.0000005,9.100218897388345
2010-03-27 07:05:08.0000001,4.966860791717636
2011-11-16 12:52:52.0000002,7.991044310308666
2011-11-16 12:52:52.0000003,6.114488106980389
2011-11-16 12:52:52.0000001,48.47929362833054
2009-10-29 10:48:40.0000002,7.565671540672497
2009-10-29 10:48:40.0000001,10.357484490286538
2015-02-01 00:48:44.0000009,21.292009281752144
2015-02-01 00:48:44.0000004,11.122943165511629
2015-02-01 00:48:44.0000008,9.962049516650836
2015-02-01 00:48:44.0000006,9.237587896133846
2015-02-01 00:48:44.0000007,14.893150056661625
2014-04-03 02:31:08.0000001,9.05040791436329
2010-07-04 03:28:44.0000001,19.499025764620228
2009-03-31 23:01:36.0000002,7.595562393721707
2009-03-31 23:01:36.0000001,22.825610560917653
2009-03-31 23:01:36.0000003,13.5172984124182
2012-02-02 00:49:56.0000002,6.790188414514773
2012-02-02 00:49:56.0000001,18.89172176684133
2012-02-02 00:49:56.0000003,17.234270539300837
2012-02-02 00:49:56.0000004,15.886126951726851
2014-01-26 15:28:52.0000003,8.570629761637292
2012-02-14 15:32:40.0000002,6.472422614442053
2012-02-14 15:32:40.0000004,6.119149913942238
2012-02-14 15:32:40.0000001,8.473552629095366
2012-02-14 15:32:40.0000003,7.105732721089339
2011-12-06 11:07:40.0000001,15.585498295153343
2011-12-06 11:07:40.0000005,6.654119911377279
2011-07-12 19:41:48.0000002,15.174969717125919
2011-07-12 19:41:48.0000003,9.671709842615655
2011-07-12 19:41:48.0000004,8.80101527845818
2010-09-16 14:27:16.0000001,8.032873224075502
2010-09-16 14:27:16.0000003,10.94180757424192
2010-09-16 14:27:16.0000004,10.203631590053305
2010-09-16 14:27:16.0000005,10.875241084946992
2014-06-11 01:13:40.0000001,11.933510850475841
2013-05-18 15:28:40.0000003,11.015003818179139
2013-05-18 15:28:40.0000002,8.557018549457666
2015-02-14 20:20:56.0000001,10.54964278672071
2015-02-14 20:20:56.0000002,9.061150301389944
2015-02-14 20:20:56.0000004,7.698990280264184
2009-01-22 12:27:20.0000003,5.50762331810779
2011-04-23 21:22:20.0000001,5.349396137889016
2013-09-01 17:57:04.0000002,7.342177210228215
2013-09-01 17:57:04.0000003,8.87085588882087
2013-04-22 13:19:16.0000001,15.207057232192483
2013-04-22 13:19:16.0000002,8.968276006621522
2013-04-22 13:19:16.0000003,8.273630934268226
2015-02-21 18:39:16.0000002,7.947134189922053
2009-04-23 00:05:40.0000001,25.64839293878356
2009-04-23 00:05:40.0000003,8.128679668431346
2012-05-28 05:48:40.0000001,34.75186080890023
2010-01-03 20:04:52.0000001,14.961343474335195
2013-03-09 21:40:52.0000003,12.68062613773236
2013-03-09 21:40:52.0000002,9.012181877768057
2011-04-21 08:22:32.0000001,4.665896543339727
2011-02-20 09:22:16.0000002,28.310847024231293
2011-02-20 09:22:16.0000001,8.999694367370239
2010-07-22 09:37:12.0000003,7.374075036105637
2010-07-22 09:37:12.0000004,6.110496191656807
2010-07-22 09:37:12.0000001,8.592648566995422
2011-01-24 20:47:04.0000002,11.296248097172906
2013-07-22 15:05:16.0000004,10.62457241224513
2013-07-22 15:05:16.0000001,6.629128323324835
2013-07-22 15:05:16.0000002,21.049500950127936
2013-07-22 15:05:16.0000003,7.3346063692248435
2013-01-23 16:22:04.0000003,10.900028378308434
2013-01-23 16:22:04.0000002,7.955565704029368
2013-01-23 16:22:04.0000001,8.83378626440549
2013-01-06 12:46:36.0000001,5.337567604749552
2013-01-06 12:46:36.0000002,7.3542093016423
2012-02-13 04:52:32.0000001,46.50911847458451
2013-02-07 08:34:24.0000001,7.802894074948995
2013-02-07 08:34:24.0000003,9.698479563562614
2013-02-07 08:34:24.0000004,8.943808492641097
2013-02-07 08:34:24.0000002,11.192159582504587
2015-02-21 17:23:28.0000005,13.842957288848424
2015-02-21 17:23:28.0000003,8.826166753997427
2015-02-21 17:23:28.0000002,12.707135655898696
2015-02-21 17:23:28.0000001,10.611538936037846
2015-02-21 17:23:28.0000006,6.986121140605405
2013-06-19 13:36:52.0000004,9.02170157228818
2013-06-19 13:36:52.0000001,7.612196239181003
2013-06-19 13:36:52.0000002,8.46005078613814
2013-06-19 13:36:52.0000005,39.331682341443525
2013-06-19 13:36:52.0000003,17.81672077199312
2015-06-26 16:04:04.0000002,7.559912747972589
2015-06-26 16:04:04.0000001,6.839270347325737
2010-06-05 07:08:36.0000001,8.784452697911888
2011-10-28 13:48:16.0000002,8.430235459020423
2011-10-28 13:48:16.0000001,7.872964927047292
2011-10-28 13:48:16.0000003,6.716818530072715
2012-09-29 02:53:20.0000001,10.615249592126588
2011-08-06 12:59:12.0000001,14.63999476271681
2012-11-19 22:15:32.0000002,26.506287819569252
2013-11-29 20:09:12.0000002,9.645007289335126
2012-05-31 17:54:48.0000003,10.707476723849936
2012-05-31 17:54:48.0000002,4.365516865759105
2012-05-31 17:54:48.0000001,6.328491451694845
2012-05-31 17:54:48.0000004,8.15292963293075
2012-04-20 08:03:52.0000001,10.259615383018286
2012-04-20 08:03:52.0000002,7.396437302084678
2012-04-20 08:03:52.0000003,8.283433490050697
2009-01-26 18:26:48.0000001,6.3585930916517555
2009-01-26 18:26:48.0000003,4.944569856789826
2009-01-26 18:26:48.0000004,11.931204859311833
2009-01-26 18:26:48.0000002,6.484704351836967
2011-10-20 00:50:48.0000003,17.821843444235924
2011-10-20 00:50:48.0000002,8.479073644292157
2011-10-20 00:50:48.0000001,6.359475254070276
2011-06-03 11:45:16.0000002,10.493059499433684
2011-06-03 11:45:16.0000004,8.162845083297725
2011-06-03 11:45:16.0000005,5.701482783809524
2011-06-03 11:45:16.0000001,4.285910944972102
2011-06-03 11:45:16.0000003,5.778865437414879
2011-10-25 20:34:20.0000001,8.586102272421385
2012-07-05 18:30:36.0000005,11.68768566592928
2012-07-05 18:30:36.0000006,8.074403793013062
2012-07-05 18:30:36.0000003,6.341413249567836
2012-07-05 18:30:36.0000001,10.358776948946911
2012-07-05 18:30:36.0000007,8.475941900306566
2012-07-05 18:30:36.0000002,6.4362534752502825
2015-04-07 14:31:12.0000002,10.047195142737792
2015-04-07 14:31:12.0000003,9.044885539560141
2013-08-28 00:27:36.0000002,10.46252898634566
2013-08-28 00:27:36.0000001,10.9899908949767
2012-11-20 21:54:00.00000037,8.035751415428422
2012-11-20 21:54:00.00000081,11.470906279839028
2012-11-20 21:54:00.000000210,5.67195305443488
2012-11-20 21:54:00.00000050,5.827845159913068
2012-11-20 21:54:00.000000175,49.88921571488572
2012-11-20 21:54:00.000000208,7.116103735838806
2012-11-20 21:54:00.000000198,6.627005214151723
2012-11-20 21:54:00.000000185,8.8373678320213
2012-11-20 21:54:00.00000028,11.318154938438056
2012-11-20 21:54:00.000000134,9.033441936364625
2012-11-20 21:54:00.00000091,7.334985565759098
2012-11-20 21:54:00.00000033,6.263572202253954
2012-11-20 21:54:00.00000082,8.787372839863792
2012-11-20 21:54:00.000000142,26.146565017569515
2012-11-20 21:54:00.000000180,27.139018977743262
2012-11-20 21:54:00.00000093,16.00279962220793
2012-11-20 21:54:00.000000159,6.244900915527978
2012-11-20 21:54:00.000000165,8.755228319759908
2012-11-20 21:54:00.000000235,10.980951613030015
2012-11-20 21:54:00.00000089,6.097775543297189
2012-11-20 21:54:00.000000168,16.31134634675459
2012-11-20 21:54:00.000000224,6.639982042265956
2012-11-20 21:54:00.000000158,7.431410825444914
2012-11-20 21:54:00.000000212,48.56050326826039
2012-11-20 21:54:00.000000147,32.86686542499831
2012-11-20 21:54:00.000000140,13.346981058918118
2012-11-20 21:54:00.00000018,19.75642859428922
2012-11-20 21:54:00.000000124,7.058515386107388
2012-11-20 21:54:00.000000181,9.085673627982374
2012-11-20 21:54:00.000000187,12.735147842280526
2012-11-20 21:54:00.00000058,20.906980697184167
2012-11-20 21:54:00.000000151,18.6075190869243
2012-11-20 21:54:00.000000126,7.857701261929151
2012-11-20 21:54:00.00000099,13.303508299717805
2012-11-20 21:54:00.000000120,9.292389480584916
2012-11-20 21:54:00.0000009,6.116518757078779
2012-11-20 21:54:00.000000206,7.745985360625809
2012-11-20 21:54:00.00000079,7.897026731783399
2012-11-20 21:54:00.000000237,13.276398815184848
2012-11-20 21:54:00.000000143,14.612710694242992
2012-11-20 21:54:00.000000111,7.583846282229388
2012-11-20 21:54:00.000000106,9.397119092138155
2012-11-20 21:54:00.000000245,6.649692241008097
2012-11-20 21:54:00.00000032,10.938732807187876
2012-11-20 21:54:00.00000075,9.96210737992999
2012-11-20 21:54:00.000000244,23.215635779208924
2012-11-20 21:54:00.00000094,5.789868270447187
2012-11-20 21:54:00.000000118,35.33288541173124
2012-11-20 21:54:00.000000188,8.853537500540028
2012-11-20 21:54:00.00000051,17.898129336568104
2012-11-20 21:54:00.000000109,12.655346485079008
2012-11-20 21:54:00.0000003,8.832717572415277
2012-11-20 21:54:00.000000114,32.83319915942718
2012-11-20 21:54:00.00000013,7.202744881168314
2012-11-20 21:54:00.000000192,8.231457789813817
2012-11-20 21:54:00.000000228,6.121864600102185
2012-11-20 21:54:00.000000236,11.361284048244897
2012-11-20 21:54:00.000000178,13.40796210261567
2012-11-20 21:54:00.00000027,12.507110190963886
2012-11-20 21:54:00.000000176,5.984733549178145
2012-11-20 21:54:00.0000008,8.339245114016308
2012-11-20 21:54:00.00000061,20.344361042674905
2012-11-20 21:54:00.00000011,13.948800139265359
2012-11-20 21:54:00.00000096,8.343067341434903
2012-11-20 21:54:00.000000231,12.771503398190248
2012-11-20 21:54:00.000000190,13.439547514317951
2012-11-20 21:54:00.000000166,41.82349518685044
2012-11-20 21:54:00.00000022,6.757491496590205
2012-11-20 21:54:00.000000234,14.359877839413457
2012-11-20 21:54:00.00000035,8.567899656930422
2012-11-20 21:54:00.00000041,14.98074465365164
2012-11-20 21:54:00.000000113,5.040376345203299
2012-11-20 21:54:00.00000045,12.302489871796638
2012-11-20 21:54:00.000000157,13.940615142821002
2012-11-20 21:54:00.000000163,17.603275935614874
2012-11-20 21:54:00.000000193,12.870253033986046
2012-11-20 21:54:00.00000063,8.57000652296324
2012-11-20 21:54:00.000000183,8.422598562761891
2012-11-20 21:54:00.000000182,17.495618615819012
2012-11-20 21:54:00.000000117,9.512357595753542
2012-11-20 21:54:00.000000156,16.801831860100265
2012-11-20 21:54:00.000000220,9.457135064769886
2012-11-20 21:54:00.000000227,8.668363617600335
2012-11-20 21:54:00.000000194,12.800041764980733
2012-11-20 21:54:00.000000201,8.452387869275185
2012-11-20 21:54:00.000000115,46.279915062414375
2012-11-20 21:54:00.000000217,10.953650932614437
2012-11-20 21:54:00.00000017,11.76596702537256
2012-11-20 21:54:00.000000139,5.7896542697483255
2012-11-20 21:54:00.00000038,11.28746991397827
2012-11-20 21:54:00.000000107,6.057880775084868
2012-11-20 21:54:00.000000218,17.448749543032932
2012-11-20 21:54:00.000000214,21.51201199099114
2012-11-20 21:54:00.000000213,11.601875810222623
2012-11-20 21:54:00.000000215,30.81094623300271
2012-11-20 21:54:00.000000112,10.357751051529249
2012-11-20 21:54:00.00000067,23.93721333187625
2012-11-20 21:54:00.00000044,14.350947986265282
2012-11-20 21:54:00.00000029,10.871030658556151
2012-11-20 21:54:00.000000119,14.496597004668956
2012-11-20 21:54:00.000000203,7.810948105644229
2012-11-20 21:54:00.000000239,6.930060802279286
2012-11-20 21:54:00.000000125,16.27022674520083
2012-11-20 21:54:00.00000064,8.859263584698738
2012-11-20 21:54:00.000000153,7.88474789477732
2012-11-20 21:54:00.00000054,8.456188384233883
2012-11-20 21:54:00.000000177,10.204450650935428
2012-11-20 21:54:00.000000243,11.949293910930237
2012-11-20 21:54:00.000000128,7.034896667844009
2012-11-20 21:54:00.00000095,8.584039954151194
2012-11-20 21:54:00.00000088,11.538847861794693
2012-11-20 21:54:00.000000200,8.561850885137346
2012-11-20 21:54:00.00000053,9.295303236057975
2012-11-20 21:54:00.000000199,7.1665083806768735
2012-11-20 21:54:00.000000191,13.45150714973829
2012-11-20 21:54:00.00000057,8.088770845761474
2012-11-20 21:54:00.000000145,10.941278044614478
2012-11-20 21:54:00.00000072,10.779892753445665
2012-11-20 21:54:00.0000001,8.633664813886526
2012-11-20 21:54:00.000000241,7.63779860683519
2012-11-20 21:54:00.000000230,10.761645738883885
2012-11-20 21:54:00.000000146,28.434305686867333
2012-11-20 21:54:00.000000155,10.091480806434333
2012-11-20 21:54:00.00000046,9.765610469222338
2012-11-20 21:54:00.000000242,23.93620872832514
2012-11-20 21:54:00.00000060,10.12049381176098
2012-11-20 21:54:00.000000116,9.03066239362522
2012-11-20 21:54:00.00000059,11.59691075972637
2012-11-20 21:54:00.000000232,7.034864348422843
2012-11-20 21:54:00.000000162,9.72253414512602
2012-11-20 21:54:00.00000070,9.7686270426276
2012-11-20 21:54:00.00000052,30.937609541284246
2012-11-20 21:54:00.000000129,28.569308317698642
2012-11-20 21:54:00.000000136,16.462439654380432
2012-11-20 21:54:00.000000226,11.322168529843225
2012-11-20 21:54:00.000000240,13.479750299861166
2012-11-20 21:54:00.000000141,10.155124927867519
2012-11-20 21:54:00.000000204,14.039308111008381
2012-11-20 21:54:00.000000137,8.032511712690393
2011-02-22 14:18:40.0000001,8.272836485808284
2014-06-23 00:16:00.00000066,35.92057737465234
2014-06-23 00:16:00.00000039,9.254916712622048
2014-06-23 00:16:00.00000076,9.761886254981732
2014-06-23 00:16:00.00000030,29.999210943042613
2014-06-23 00:16:00.00000070,15.177119741381944
2014-06-23 00:16:00.00000065,8.758854125034645
2014-06-23 00:16:00.00000056,27.257666839676176
2014-06-23 00:16:00.00000038,8.326402958562198
2014-06-23 00:16:00.00000071,26.608016342792553
2014-06-23 00:16:00.00000013,10.312892784723886
2014-06-23 00:16:00.00000073,12.221203098173419
2014-06-23 00:16:00.0000001,18.925691972975528
2014-06-23 00:16:00.00000026,12.98957324979608
2014-06-23 00:16:00.00000090,11.33693443100799
2014-06-23 00:16:00.00000092,22.668292042569647
2014-06-23 00:16:00.00000044,10.164926600003241
2014-06-23 00:16:00.00000064,10.255753202487426
2014-06-23 00:16:00.00000068,26.63638426779835
2014-06-23 00:16:00.00000033,10.523145120381855
2014-06-23 00:16:00.00000089,30.895819861503583
2014-06-23 00:16:00.0000004,8.696499856134096
2014-06-23 00:16:00.00000062,11.29232219886319
2014-06-23 00:16:00.00000019,10.529911003260963
2014-06-23 00:16:00.00000041,11.53376196411682
2014-06-23 00:16:00.00000024,18.800892789855197
2014-06-23 00:16:00.00000074,21.212461553570847
2014-06-23 00:16:00.00000018,14.237916322094065
2014-06-23 00:16:00.00000043,7.698911207555625
2014-06-23 00:16:00.00000022,8.65434653276543
2014-06-23 00:16:00.00000088,9.728327834950733
2014-06-23 00:16:00.00000057,5.954935518393086
2014-06-23 00:16:00.00000087,9.893704842947841
2014-06-23 00:16:00.00000016,27.5183529212336
2014-06-23 00:16:00.00000078,6.05796338802304
2014-06-23 00:16:00.00000040,12.266228133393952
2014-06-23 00:16:00.00000077,10.771507963564318
2014-06-23 00:16:00.00000015,14.775945763869913
2014-06-23 00:16:00.00000047,8.310355976782716
2014-06-23 00:16:00.0000005,7.0823137086838415
2014-06-23 00:16:00.00000034,46.54447720420967
2014-06-23 00:16:00.00000028,13.308933867661494
2014-06-23 00:16:00.00000081,22.51977417803596
2014-06-23 00:16:00.00000067,11.018509153916057
2014-06-23 00:16:00.00000085,7.548674911499006
2014-06-23 00:16:00.00000082,10.017749952699546
2014-06-23 00:16:00.00000063,22.028075747192815
2014-06-23 00:16:00.00000079,8.473267920656895
2014-06-23 00:16:00.00000061,8.657264657886117
2014-06-23 00:16:00.00000037,19.26698958603174
2014-06-23 00:16:00.00000036,7.573225623568987
2014-06-23 00:16:00.00000049,16.55210242449232
2014-06-23 00:16:00.00000025,41.76917496480246
2014-06-23 00:16:00.0000009,8.88359708746816
2014-06-23 00:16:00.00000069,16.020349925215896
2011-11-24 02:36:48.0000003,13.992770794595003
2011-11-24 02:36:48.0000002,7.017142449747894
2011-11-24 02:36:48.0000001,14.47828712034186
2013-06-05 01:34:56.0000001,12.399181312266933
2013-03-18 12:51:12.0000001,9.216417208444113
2013-03-18 12:51:12.0000003,5.8237273823853
2013-03-18 12:51:12.0000002,14.02389846697065
2014-12-14 09:04:36.0000001,9.468993714856765
2014-12-14 09:04:36.0000003,8.27399908709242
2014-12-14 09:04:36.0000002,8.774429247364537
2012-05-31 13:14:12.0000004,7.704851827854782
2012-05-31 13:14:12.0000001,12.223088024410686
2012-05-31 13:14:12.0000002,9.312966398121262
2012-05-31 13:14:12.0000003,6.177142498799981
2011-01-16 18:57:12.0000001,6.181114236009876
2011-01-16 18:57:12.0000002,5.170207039284378
2009-04-25 10:52:56.0000004,8.826869089993806
2009-04-25 10:52:56.0000002,9.712642431642507
2009-04-25 10:52:56.0000005,7.400075922864062
2009-04-20 11:11:40.0000001,5.181584690423165
2012-07-20 06:53:32.0000001,5.4368466211244595
2009-10-22 21:57:36.0000005,12.273170451534725
2009-10-22 21:57:36.0000002,16.728879534692396
2009-10-22 21:57:36.0000004,6.751391738486632
2009-10-22 21:57:36.0000003,5.484719236713204
2009-03-16 10:30:12.0000001,11.535794660910597
2009-07-14 12:12:36.0000004,6.284166822507132
2009-07-14 12:12:36.0000001,7.254394469558633
2009-07-14 12:12:36.0000003,9.387423445936406
2009-07-14 12:12:36.0000007,9.953588235336724
2009-07-14 12:12:36.0000002,11.76230301721796
2009-07-14 12:12:36.0000005,10.589674977207096
2009-07-14 12:12:36.0000008,8.142127365896386
2009-07-14 12:12:36.0000006,5.458943685890745
2014-11-12 09:06:32.0000004,7.8427389962956795
2014-11-12 09:06:32.0000001,7.340521700142631
2014-11-12 09:06:32.0000003,8.126460606938736
2014-11-12 09:06:32.0000005,17.48642044490714
2014-11-12 09:06:32.0000002,9.56769408271316
2011-04-10 11:57:12.0000002,8.987594507422273
2011-04-10 11:57:12.0000003,3.915571742160182
2011-04-10 11:57:12.0000004,5.851924939726928
2011-04-10 11:57:12.0000001,7.011888538170751
2011-09-20 11:58:52.0000003,5.240549804075158
2011-09-20 11:58:52.0000001,11.480750765884977
2011-09-20 11:58:52.0000002,14.262513506626874
2010-09-24 17:16:16.0000001,7.007366576669028
2010-02-12 13:51:28.0000004,9.153191305863857
2010-02-12 13:51:28.0000005,7.834115218121951
2010-02-12 13:51:28.0000001,5.849372020705346
2010-02-12 13:51:28.0000003,6.015038587461277
2010-02-12 13:51:28.0000002,10.346260027449148
2011-01-03 21:51:28.0000002,9.182012027802898
2011-01-03 21:51:28.0000001,4.622867671235895
2011-07-26 13:10:56.0000003,5.469946899154252
2011-07-26 13:10:56.0000002,8.504649644004644
2011-07-26 13:10:56.0000001,6.8678499572462215
2011-08-18 13:00:16.0000003,10.538017397088765
2011-08-18 13:00:16.0000002,6.900663854992331
2013-06-20 19:49:52.0000004,8.17597004261063
2013-06-20 19:49:52.0000001,8.002044639575956
2013-06-20 19:49:52.0000005,6.170509051694694
2013-06-20 19:49:52.0000002,18.217540369679796
2013-06-20 19:49:52.0000003,10.457419874868833
2013-09-25 22:00:00.00000079,12.042586795524016
2013-09-25 22:00:00.00000025,11.170012614535949
2013-09-25 22:00:00.000000225,9.296660130265991
2013-09-25 22:00:00.000000204,13.257354449344916
2013-09-25 22:00:00.00000053,20.56000426954472
2013-09-25 22:00:00.000000111,13.708806253256853
2013-09-25 22:00:00.00000014,8.637613916818054
2013-09-25 22:00:00.000000172,49.342914113278425
2013-09-25 22:00:00.000000154,7.068464469495211
2013-09-25 22:00:00.000000133,6.53322787122886
2013-09-25 22:00:00.000000160,10.083564560330956
2013-09-25 22:00:00.000000119,6.999499870552654
2013-09-25 22:00:00.000000223,7.493146765354254
2013-09-25 22:00:00.0000008,8.872812300623309
2013-09-25 22:00:00.000000103,10.760801273525544
2013-09-25 22:00:00.000000178,8.729851763477086
2013-09-25 22:00:00.00000023,7.078395654290489
2013-09-25 22:00:00.00000022,7.222963974823642
2013-09-25 22:00:00.00000076,7.815307163422403
2013-09-25 22:00:00.00000020,8.458158948565597
2013-09-25 22:00:00.000000142,13.454002042520983
2013-09-25 22:00:00.00000059,8.302501909789385
2013-09-25 22:00:00.000000110,7.73745978181546
2013-09-25 22:00:00.000000205,10.799114678488877
2013-09-25 22:00:00.000000182,11.3279784265211
2013-09-25 22:00:00.00000081,9.088561541728609
2013-09-25 22:00:00.000000230,22.473991291236075
2013-09-25 22:00:00.000000164,11.442736930040496
2013-09-25 22:00:00.00000090,10.72482355799923
2013-09-25 22:00:00.000000106,9.580582488225673
2013-09-25 22:00:00.00000078,8.998564928384098
2013-09-25 22:00:00.0000001,46.31635965289922
2013-09-25 22:00:00.000000126,12.229676485110645
2013-09-25 22:00:00.000000156,8.24590626677525
2013-09-25 22:00:00.000000137,11.702225718166574
2013-09-25 22:00:00.00000039,9.328211321218646
2013-09-25 22:00:00.00000017,16.669509702201026
2013-09-25 22:00:00.00000054,13.594901490532152
2013-09-25 22:00:00.000000135,17.464813212998024
2013-09-25 22:00:00.000000112,19.877743441129383
2013-09-25 22:00:00.000000148,7.667834595350428
2013-09-25 22:00:00.000000143,28.53039327000795
2013-09-25 22:00:00.00000043,7.188580462808659
2013-09-25 22:00:00.000000203,8.397874577211383
2013-09-25 22:00:00.00000040,9.62104220958122
2013-09-25 22:00:00.00000035,11.30641322327574
2013-09-25 22:00:00.000000117,15.968860425272624
2013-09-25 22:00:00.000000244,9.342277038935777
2013-09-25 22:00:00.0000002,16.952430881794385
2013-09-25 22:00:00.000000246,66.56217312930414
2013-09-25 22:00:00.00000091,18.466901537978174
2013-09-25 22:00:00.000000235,8.672568237653081
2013-09-25 22:00:00.000000237,28.658658802110722
2013-09-25 22:00:00.000000185,8.778025177420432
2013-09-25 22:00:00.000000233,9.07766328966727
2013-09-25 22:00:00.00000075,8.502510173665655
2013-09-25 22:00:00.00000026,12.770586663891777
2013-09-25 22:00:00.00000061,10.611172009966367
2013-09-25 22:00:00.000000179,14.43969031918698
2013-09-25 22:00:00.000000120,10.021689537633165
2013-09-25 22:00:00.000000165,19.378114092796864
2013-09-25 22:00:00.000000224,12.066638934498428
2013-09-25 22:00:00.000000192,20.46432539566206
2013-09-25 22:00:00.00000084,13.1712746196622
2013-09-25 22:00:00.000000169,7.513584552269322
2013-09-25 22:00:00.000000175,27.80232419644085
2013-09-25 22:00:00.000000132,8.628874463687453
2013-09-25 22:00:00.00000048,12.487955450162076
2013-09-25 22:00:00.000000229,9.115810731269903
2013-09-25 22:00:00.00000036,18.286035088827475
2013-09-25 22:00:00.000000177,9.059163304308868
2013-09-25 22:00:00.000000217,8.410524405662159
2013-09-25 22:00:00.000000183,11.271161873223832
2013-09-25 22:00:00.000000107,12.69020426139025
2013-09-25 22:00:00.00000058,13.195910705761207
2013-09-25 22:00:00.00000073,8.415912808237067
2013-09-25 22:00:00.000000245,8.762047823231228
2013-09-25 22:00:00.000000157,15.725841355421721
2013-09-25 22:00:00.000000227,23.72875665510469
2013-09-25 22:00:00.00000064,13.881276910144265
2013-09-25 22:00:00.00000024,45.75607637699375
2013-09-25 22:00:00.000000221,9.834387447758104
2013-09-25 22:00:00.000000139,28.892696191269465
2013-09-25 22:00:00.00000028,8.905577205935174
2013-09-25 22:00:00.00000057,8.687731779612477
2013-09-25 22:00:00.000000222,11.9291650811806
2013-09-25 22:00:00.000000215,21.18970536857489
2013-09-25 22:00:00.00000094,14.844458618475983
2013-09-25 22:00:00.000000214,10.9037743148873
2013-09-25 22:00:00.000000101,7.630713538621194
2013-09-25 22:00:00.00000055,9.038585908601135
2013-09-25 22:00:00.00000049,21.280063907337762
2013-09-25 22:00:00.000000216,16.41113460549559
2013-09-25 22:00:00.000000123,9.802738333421416
2013-09-25 22:00:00.000000136,7.978771741309856
2013-09-25 22:00:00.000000211,15.838870115569193
2013-09-25 22:00:00.000000145,7.16911021631654
2013-09-25 22:00:00.000000250,44.32439172295494
2013-09-25 22:00:00.000000188,11.141976855369762
2013-09-25 22:00:00.000000202,7.604675287518148
2013-09-25 22:00:00.000000242,11.499868220707981
2013-09-25 22:00:00.000000140,9.49257624993902
2013-09-25 22:00:00.000000171,9.268184147878287
2013-09-25 22:00:00.00000099,7.032821320919652
2013-09-25 22:00:00.000000187,8.738233509703832
2013-09-25 22:00:00.000000161,10.36351481836141
2013-09-25 22:00:00.000000189,10.586868556306285
2013-09-25 22:00:00.0000003,10.91171538068022
2013-09-25 22:00:00.000000249,9.32770771572018
2013-09-25 22:00:00.000000195,7.940730871317214
2013-09-25 22:00:00.00000072,11.682195291503263
2013-09-25 22:00:00.00000012,11.220105145680122
2013-09-25 22:00:00.000000149,9.785582261883064
2013-09-25 22:00:00.000000197,11.606037616381627
2013-09-25 22:00:00.00000038,47.79708310809178
2013-09-25 22:00:00.0000009,17.367874367191007
2013-09-25 22:00:00.00000089,15.298316149838001
2013-09-25 22:00:00.000000199,23.379102434384663
2013-09-25 22:00:00.000000219,8.477631977510214
2013-09-25 22:00:00.000000159,11.818350093765844
2013-09-25 22:00:00.000000173,11.832762220780523
2013-09-25 22:00:00.000000209,19.642343579049793
2013-09-25 22:00:00.000000196,12.42230050567457
2013-09-25 22:00:00.00000093,7.792477947129896
2013-09-25 22:00:00.000000155,18.10433385117767
2013-09-25 22:00:00.000000121,10.122440939789954
2013-09-25 22:00:00.000000134,12.253903869742317
2013-09-25 22:00:00.000000228,9.57521441412348
2013-09-25 22:00:00.00000092,11.676675269588486
2013-09-25 22:00:00.00000030,7.384773893226452
2013-09-25 22:00:00.00000062,12.100330301089116
2013-09-25 22:00:00.0000005,10.365222457649338
2013-09-25 22:00:00.00000097,36.55351236847582
2013-09-25 22:00:00.00000019,17.001874597518054
2013-09-25 22:00:00.000000180,8.033929164987285
2013-09-25 22:00:00.000000200,15.777388092747401
2013-09-25 22:00:00.000000186,6.002937953281503
2013-09-25 22:00:00.000000176,9.052912550867745
2013-09-25 22:00:00.00000082,9.090526004159983
2013-09-25 22:00:00.00000098,9.567158426638343
2013-09-25 22:00:00.00000085,10.886672252330527
2013-09-25 22:00:00.0000004,7.106676935723499
2013-09-25 22:00:00.00000032,17.837827093686883
2013-09-25 22:00:00.00000070,9.370592895905475
2013-09-25 22:00:00.00000074,12.26249400279346
2013-09-25 22:00:00.000000118,11.615105307443855
2013-09-25 22:00:00.0000007,8.805943413739215
2013-09-25 22:00:00.00000050,10.780283954294077
2013-09-25 22:00:00.00000044,8.411813376673535
2013-09-25 22:00:00.00000095,7.111949668602733
2009-01-15 02:42:48.0000001,3.0325587443339828
2011-07-06 18:07:44.0000001,10.002922138733197
2011-07-06 18:07:44.0000003,6.529271377865371
2011-07-06 18:07:44.0000005,6.728871396975137
2011-09-08 01:28:24.0000001,40.87097046895178
2014-07-11 12:36:08.0000002,7.3793582009363945
2010-11-04 05:01:44.0000001,5.53593824003201
2009-10-04 10:04:12.0000001,6.333536311750777
2009-10-04 10:04:12.0000003,4.23011802159931
2009-10-04 10:04:12.0000002,4.354305977963236
2009-10-04 10:04:12.0000004,4.43522718093061
2013-02-28 12:52:44.0000001,7.862770096536792
2013-02-28 12:52:44.0000003,7.943836243649798
2013-02-28 12:52:44.0000004,7.447210559309497
2013-02-28 12:52:44.0000002,5.706601472682678
2013-08-03 07:11:53.0000001,25.915460870703896
2015-01-26 23:13:33.0000001,13.103431278477615
2012-10-31 11:09:53.0000001,10.584266379870655
2012-10-31 11:09:53.0000002,15.659455632751701
2011-12-23 23:30:09.0000001,10.618807190044322
2015-01-29 11:01:21.0000001,7.388832935245773
2015-01-29 11:01:21.0000002,8.82497421844846
2014-01-31 11:11:05.0000001,16.37799701460483
2014-01-31 11:11:05.0000003,9.930933091272436
2014-01-31 11:11:05.0000004,8.526666849128674
2014-01-31 11:11:05.0000006,7.427033936248677
2014-01-31 11:11:05.0000005,8.678272167615319
2015-02-20 11:08:29.0000006,7.249756138692987
2015-02-20 11:08:29.0000002,12.31338340817706
2015-02-20 11:08:29.0000004,9.916605398308207
2015-02-20 11:08:29.0000003,8.265118240731454
2015-02-20 11:08:29.0000005,6.732043889096303
2014-08-31 04:03:29.0000001,8.889027302127488
2014-08-01 18:38:09.0000001,8.074743088963942
2014-08-01 18:38:09.0000002,7.755844531523394
2009-05-16 14:53:41.0000007,5.510705490478358
2009-05-16 14:53:41.0000006,5.385227838886067
2009-12-17 06:28:05.0000001,7.917166608283765
2009-12-17 06:28:05.0000002,4.169592237519282
2009-12-17 06:28:05.0000003,7.65797512480151
2010-02-23 17:25:09.0000001,5.660042002437876
2010-02-23 17:25:09.0000002,4.825160501547998
2012-07-30 16:54:49.0000003,8.021613113327817
2012-07-30 16:54:49.0000001,12.87619583425385
2012-07-30 16:54:49.0000005,8.633616128464155
2012-07-30 16:54:49.0000004,7.059386331436485
2012-07-30 16:54:49.0000002,12.216160392050483
2013-08-26 11:47:37.0000003,16.60948998353092
2013-08-26 11:47:37.0000002,8.161099184588352
2013-08-26 11:47:37.0000004,33.86554553781582
2013-03-06 23:49:53.0000006,6.84032299313094
2013-03-06 23:49:53.0000005,7.954513762747979
2013-03-06 23:49:53.0000003,9.255726438888928
2013-03-06 23:49:53.0000002,7.1430749508926965
2013-03-06 23:49:53.0000001,17.17819385365067
2013-03-06 23:49:53.0000004,10.399851554113297
2010-10-30 13:31:13.0000005,7.597681443300871
2010-10-30 13:31:13.0000003,5.3627381501841
2010-10-30 13:31:13.0000004,4.05814502497833
2010-10-30 13:31:13.0000002,6.729243038220716
2012-03-25 16:56:01.0000001,6.323826766674642
2012-03-25 16:56:01.0000002,8.335372107079479
2013-10-17 22:21:57.0000002,11.092737267675489
2013-10-17 22:21:57.0000004,13.89470953740954
2013-10-17 22:21:57.0000005,14.761667028065858
2013-10-17 22:21:57.0000001,15.140772449284214
2010-09-15 16:44:25.0000001,14.83353876277431
2010-09-15 16:44:25.0000002,12.940573830842595
2010-09-15 16:44:25.0000003,7.415331676886694
2014-05-09 00:30:41.0000003,11.965379396172011
2014-05-09 00:30:41.0000001,45.58471195869481
2014-05-09 00:30:41.0000002,15.751482347171759
2010-12-11 17:32:33.0000001,5.788731188490374
2010-06-14 05:10:09.0000001,10.875718322177363
2012-03-05 13:24:37.0000003,9.0741419205483
2012-03-05 13:24:37.0000001,7.162309461065092
2011-03-03 07:09:09.0000002,9.610431429422306
2011-03-03 07:09:09.0000001,9.393982030569305
2010-07-01 22:11:33.0000001,9.668725307358045
2010-07-01 22:11:33.0000002,8.093078697317765
2010-07-01 22:11:33.0000004,5.562860841306019
2012-01-07 21:39:05.0000002,9.988864252316489
2010-08-22 12:30:21.0000002,5.205614881840802
2010-08-22 12:30:21.0000001,5.658166726140166
2012-05-26 00:31:25.0000002,24.7351075459228
2011-12-16 09:20:01.0000001,12.38966596950877
2012-01-26 20:09:45.0000003,11.600066677322616
2012-01-26 20:09:45.0000004,10.759551009849247
2012-01-26 20:09:45.0000002,7.744921524948268
2012-01-26 20:09:45.0000001,8.330603783879837
2010-02-03 11:33:29.0000002,5.927202746817784
2010-02-03 11:33:29.0000001,7.337179660187871
2014-10-07 11:52:13.0000005,29.78549585758458
2014-10-07 11:52:13.0000001,7.756361627299157
2014-10-07 11:52:13.0000004,12.803813248781239
2014-10-07 11:52:13.0000002,7.7578616940646725
2014-10-07 11:52:13.0000007,8.76162975493287
2014-10-07 11:52:13.0000003,9.141806510166475
2013-05-06 23:46:25.0000001,10.435346460547862
2015-06-13 19:17:09.0000006,10.246408534089255
2015-06-13 19:17:09.0000004,11.417761109450112
2015-06-13 19:17:09.0000002,17.85930659691587
2015-06-13 19:17:09.0000003,14.00948060112512
2015-06-13 19:17:09.0000001,7.130182330359048
2011-06-29 00:15:21.0000001,8.15299593913744
2011-06-29 00:15:21.0000002,6.358254599858128
2011-06-29 00:15:21.0000003,12.139532551239427
2009-11-28 13:50:17.0000003,7.1253772511714715
2009-11-28 13:50:17.0000001,4.644102542750716
2010-05-02 12:05:45.0000001,7.994099306407634
2009-10-12 14:18:01.0000001,6.9471637425870085
2015-01-13 12:07:53.0000002,9.144333025887704
2015-01-13 12:07:53.0000007,10.839647179847248
2015-01-13 12:07:53.0000001,13.169208622537326
2015-01-13 12:07:53.0000004,6.258991135581823
2015-01-13 12:07:53.0000006,9.309326673095597
2015-03-04 21:42:57.0000002,9.239768139537318
2015-03-04 21:42:57.0000009,8.452816055122412
2015-03-04 21:42:57.0000005,8.84966626551875
2015-03-04 21:42:57.0000003,14.036227923442311
2015-03-04 21:42:57.00000010,9.884970440733014
2015-03-04 21:42:57.0000004,20.201444404253948
2015-03-04 21:42:57.0000008,7.2187835071424615
2015-03-04 21:42:57.0000001,12.681132189466666
2015-03-04 21:42:57.0000007,7.834681055482633
2012-01-31 09:15:49.0000005,7.04963209582786
2012-01-31 09:15:49.0000002,8.553368741396298
2012-01-31 09:15:49.0000006,10.428393670608443
2012-01-31 09:15:49.0000003,7.285653465816949
2012-01-31 09:15:49.0000004,10.693367614638191
2011-03-22 12:59:49.0000003,12.948777455386335
2011-03-22 12:59:49.0000005,5.196497024467135
2011-03-22 12:59:49.0000004,7.155490451040237
2014-10-05 17:21:45.0000001,7.649782398280195
2013-07-05 00:58:17.0000003,11.20990488763914
2013-07-05 00:58:17.0000002,17.99117935337904
2010-09-28 21:50:05.0000001,5.612970894016144
2010-09-28 21:50:05.0000003,23.11429699149585
2010-09-28 21:50:05.0000002,7.057516237506206
2010-09-28 21:50:05.0000004,12.41758643588571
2010-09-28 21:50:05.0000005,5.453227810321891
2012-05-25 09:21:17.0000001,5.713610860779227
2012-05-25 09:21:17.0000002,7.454847913555341
2012-05-25 09:21:17.0000003,6.643769657601865
2010-01-30 00:57:21.0000003,7.747051100919862
2010-01-30 00:57:21.0000004,5.86161423042347
2009-10-16 16:14:41.0000004,5.112877764807195
2009-10-16 16:14:41.0000001,5.607253608812243
2009-10-16 16:14:41.0000003,4.951762948959072
2012-04-02 08:39:21.0000003,7.226928482423887
2012-04-02 08:39:21.0000001,6.071785334025776
2009-09-04 06:54:49.0000001,6.262801089424443
2012-08-29 09:53:33.0000002,10.615486916795021
2012-08-29 09:53:33.0000001,10.440903438487908
2011-03-13 05:34:57.0000001,12.085303338712379
2010-10-22 00:49:05.0000001,7.4890113678417265
2010-09-12 22:12:53.0000001,11.935866727617395
2014-09-13 04:51:21.0000001,22.93462139268081
2014-09-13 04:51:21.0000002,15.110367097078665
2010-08-17 07:59:05.0000003,8.668415613430852
2010-08-17 07:59:05.0000001,4.426119431553616
2010-08-17 07:59:05.0000002,8.894431487096767
2011-03-06 23:14:17.0000001,10.67279570588721
2014-06-19 08:41:17.0000001,7.132477845442963
2014-06-19 08:41:17.0000002,7.346684157436357
2014-06-19 08:41:17.0000006,13.795431814647827
2014-06-19 08:41:17.0000004,10.442202554617324
2014-06-19 08:41:17.0000003,7.382797088278721
2014-06-19 08:41:17.0000005,6.819036912380966
2015-02-26 23:20:13.0000004,7.856794630815557
2015-02-26 23:20:13.0000002,8.770986005168083
2015-02-26 23:20:13.0000009,20.802715127648753
2015-02-26 23:20:13.0000007,8.169643092882666
2015-02-26 23:20:13.0000005,10.873430426898835
2015-02-26 23:20:13.0000001,22.6949149068638
2015-02-26 23:20:13.0000006,21.307431527268704
2015-02-26 23:20:13.0000003,7.57099987181482
2013-10-09 15:11:41.0000001,8.659076118114967
2013-10-09 15:11:41.0000003,7.371337599279286
2013-10-09 15:11:41.0000002,19.755207030156726
2011-09-01 09:53:49.0000002,6.030558353520746
2011-09-01 09:53:49.0000003,11.082181912881424
2011-09-01 09:53:49.0000005,5.796199800424688
2011-09-01 09:53:49.0000001,10.153342472779059
2011-11-28 14:13:37.0000001,10.396719662933947
2011-11-28 14:13:37.0000003,7.327883888768156
2010-09-28 00:16:53.0000002,20.91474395091643
2010-09-28 00:16:53.0000004,11.200123842423068
2010-09-28 00:16:53.0000001,5.894010528481431
2013-08-30 11:20:21.0000002,14.538759568167734
2013-08-30 11:20:21.0000001,12.362150550828233
2013-09-19 21:24:21.0000002,6.676365800039889
2013-09-19 21:24:21.0000003,7.2409604302629305
2012-07-01 22:30:29.0000001,7.332542688487479
2013-01-19 08:04:21.0000001,8.0421038136152
2011-07-02 00:38:01.0000003,7.714124168564354
2011-07-02 00:38:01.0000002,9.31543416491661
2014-02-08 17:24:57.0000001,13.316395498038673
2010-01-13 01:56:57.0000001,5.397067810725048
2014-01-05 12:00:13.0000005,9.576503135017106
2014-01-05 12:00:13.0000003,10.185797369919669
2014-01-05 12:00:13.0000002,8.213794165215177
2014-01-05 12:00:13.0000004,8.579971129907335
2014-01-05 12:00:13.0000006,6.169452846580498
2014-01-05 12:00:13.0000001,31.55149423165267
2011-02-04 09:12:53.0000003,9.357335901500505
2011-02-04 09:12:53.0000001,8.711584959781476
2011-02-04 09:12:53.0000005,5.183860196180376
2011-02-04 09:12:53.0000002,6.717255864860135
2012-03-08 12:33:25.0000005,6.777008261293304
2012-03-08 12:33:25.0000002,15.082770455537116
2012-03-08 12:33:25.0000001,7.97223547872909
2012-03-08 12:33:25.0000004,13.858397105278868
2009-07-31 18:15:57.0000002,5.025090056680483
2009-07-10 20:17:05.0000001,4.731352857554157
2009-07-10 20:17:05.0000002,3.754594246077886
2010-11-05 14:33:37.0000002,18.5886898581183
2010-11-05 14:33:37.0000003,6.529219536736832
2010-11-05 14:33:37.0000001,12.148122903732201
2010-11-05 14:33:37.0000004,25.732008673919154
2010-03-09 08:49:13.0000002,7.022328354288788
2010-03-09 08:49:13.0000001,6.012020956810261
2010-03-09 08:49:13.0000003,4.4880754275899335
2010-08-21 21:56:25.0000001,6.214779128167379
2011-07-27 09:24:33.0000004,6.680507764304025
2011-07-27 09:24:33.0000002,5.15810575961973
2011-07-27 09:24:33.0000005,11.62440612371006
2011-07-27 09:24:33.0000001,7.820698594444934
2011-07-27 09:24:33.0000003,8.340539138100894
2010-10-09 17:11:17.0000002,6.512174430443565
2014-01-16 23:24:37.0000001,13.650940727351099
2009-09-25 15:13:57.0000005,25.928354166120585
2009-09-25 15:13:57.0000007,5.293991060759026
2009-09-25 15:13:57.0000006,5.373255988070241
2009-09-25 15:13:57.0000004,7.8934985207556565
2009-12-13 20:44:37.0000001,8.324822258259587
2009-12-13 20:44:37.0000004,9.583071396885543
2009-12-13 20:44:37.0000002,7.568042469045281
2009-12-13 20:44:37.0000003,6.532488233430286
2010-05-26 21:31:05.0000004,8.507204387389152
2010-05-26 21:31:05.0000003,11.787197862243943
2010-05-26 21:31:05.0000005,4.876718143283256
2010-05-26 21:31:05.0000001,10.070369253807257
2010-05-26 21:31:05.0000002,6.418257870479238
2010-05-03 08:36:41.0000003,5.21546958039778
2010-05-03 08:36:41.0000005,6.174814416165418
2010-05-03 08:36:41.0000001,6.266020381953126
2010-05-03 08:36:41.0000002,6.607331517502075
2009-06-22 08:08:29.0000001,14.403196091033124
2009-06-22 08:08:29.0000002,8.201920582261778
2009-01-20 17:38:05.0000003,5.546440664237139
2009-01-20 17:38:05.0000005,3.8366208464748297
2009-01-20 17:38:05.0000004,5.894954095264211
2009-01-20 17:38:05.0000001,4.442811028694678
2009-01-20 17:38:05.0000002,35.20888004220649
2013-02-04 16:08:01.0000002,11.674209503203087
2013-02-04 16:08:01.0000001,8.357521159160456
2009-07-22 09:50:25.0000001,4.320964853522696
2009-07-22 09:50:25.0000002,5.8312376483107755
2009-07-22 09:50:25.0000003,4.921593522305557
2013-07-17 06:50:17.0000001,16.71311652329439
2011-01-24 20:18:49.0000002,8.780272343658112
2011-01-24 20:18:49.0000004,7.0213697551865835
2011-01-24 20:18:49.0000001,5.304411632378105
2012-04-25 17:29:21.0000002,16.99969445610168
2012-04-25 17:29:21.0000004,6.558370155730813
2012-04-25 17:29:21.0000001,9.865350204214565
2012-04-25 17:29:21.0000003,12.926692447008122
2010-01-23 14:32:17.0000001,6.051358519479095
2010-01-23 14:32:17.0000002,5.169600476183632
2012-03-07 01:22:57.0000001,9.28643335677316
2012-03-07 01:22:57.0000002,13.604901906194868
2012-06-02 01:16:05.0000002,5.709528422180256
2012-06-02 01:16:05.0000005,42.56595763606481
2011-02-18 20:57:57.0000003,5.941548422293181
2011-02-18 20:57:57.0000001,12.306281468185375
2011-02-18 20:57:57.0000002,6.18411327113165
2010-11-03 17:52:21.0000001,5.731135891576855
2011-10-20 13:46:33.0000004,10.83824884352748
2011-10-20 13:46:33.0000001,42.99001975250178
2013-11-29 15:09:45.0000002,7.83579900413838
2013-11-29 15:09:45.0000001,10.95240307709821
2015-06-24 07:28:01.0000001,6.799031041362127
2015-06-24 07:28:01.0000003,66.5537863803105
2015-06-24 07:28:01.0000004,7.646364666426962
2015-06-24 07:28:01.0000002,14.745290913074655
2015-06-24 07:28:01.0000005,6.9794884073230605
2010-03-27 11:29:05.0000001,5.508343210318685
2010-03-27 11:29:05.0000003,5.093069505683047
2010-03-27 11:29:05.0000002,4.307575483085657
2014-06-09 11:18:25.0000005,7.423312853969605
2014-06-09 11:18:25.0000003,10.388928857031146
2014-06-09 11:18:25.0000001,8.026977049907941
2014-06-09 11:18:25.0000004,6.451008738371229
2014-06-09 11:18:25.0000002,9.743790206794415
2012-08-08 09:47:53.0000002,6.694485283200038
2012-08-08 09:47:53.0000003,6.004848141095522
2012-08-08 09:47:53.0000001,8.783499396144407
2014-10-28 12:23:09.0000003,15.33102952846923
2014-10-28 12:23:09.0000006,10.384446183558794
2014-10-28 12:23:09.0000004,9.516892456588266
2014-10-28 12:23:09.0000005,9.31020674114393
2014-10-28 12:23:09.0000002,7.2569963517378255
2013-04-04 02:55:13.0000001,19.105932773391487
2011-07-11 20:43:33.0000003,13.717478590308929
2011-07-11 20:43:33.0000002,8.250159887739642
2013-02-23 14:25:29.0000001,12.06445651917511
2010-01-30 18:58:33.0000007,6.7472662106847565
2010-01-30 18:58:33.0000002,10.727189554774327
2010-01-30 18:58:33.0000003,4.691013519713692
2010-01-30 18:58:33.0000004,14.723333590037555
2010-01-30 18:58:33.0000005,6.226334727317635
2013-10-07 11:12:33.0000003,10.228352732684357
2013-10-07 11:12:33.0000002,7.752327649482481
2013-10-07 11:12:33.0000001,8.732854428910287
2012-10-08 12:29:21.0000001,8.055583734471838
2014-08-22 06:49:41.0000002,9.77112011219208
2014-08-22 06:49:41.0000001,7.65956224546801
2014-04-26 22:02:17.0000001,11.76231189665134
2010-05-13 08:48:41.0000004,19.7331063940685
2010-05-13 08:48:41.0000002,5.088667289133014
2010-05-13 08:48:41.0000001,14.297763580239689
2010-05-13 08:48:41.0000003,8.018399673918339
2014-06-22 14:49:13.0000004,7.031542339911766
2014-06-22 14:49:13.0000003,7.5465603542127155
2013-01-22 14:06:33.0000002,6.773046644095871
2013-01-22 14:06:33.0000004,8.110989114044855
2013-01-22 14:06:33.0000001,9.216174839951009
2013-01-22 14:06:33.0000003,45.81952484064027
2010-10-08 11:25:09.0000001,6.1710679552039664
2010-10-08 11:25:09.0000002,5.60900047672726
2015-03-14 02:23:17.0000001,6.245555081594148
2015-03-14 02:23:17.0000005,22.91578166069303
2015-03-14 02:23:17.0000007,17.397856007412884
2015-03-14 02:23:17.0000003,23.70458250403101
2014-09-20 00:55:21.0000001,10.85379650137645
2014-09-25 20:52:09.0000003,16.15173139435717
2014-09-25 20:52:09.0000007,16.779644491388922
2014-09-25 20:52:09.0000008,9.441546595147656
2014-09-25 20:52:09.0000006,9.04723778595303
2014-09-25 20:52:09.0000001,7.735460256678493
2014-09-25 20:52:09.0000004,13.856321725028579
2013-08-20 09:05:33.0000001,10.35683198240929
2012-01-19 00:39:29.0000001,12.582037035770213
2009-12-23 09:09:21.0000002,14.5791447433337
2009-12-23 09:09:21.0000003,9.658166219441227
2009-12-23 09:09:21.0000001,12.021612311614717
2012-12-15 06:35:45.0000002,14.271466185866188
2012-12-15 06:35:45.0000003,50.76681174390819
2012-12-15 06:35:45.0000004,7.027439342995535
2013-09-30 07:03:29.0000001,10.208591195187523
2014-06-10 11:21:37.0000001,8.222966647164526
2014-06-10 11:21:37.0000002,10.621603511259764
2015-05-30 05:00:57.0000001,9.956051056708475
2015-05-30 05:00:57.0000002,18.56422118103592
2014-04-15 08:04:25.0000001,7.482726356452304
2014-04-15 08:04:25.0000002,9.90645456419918
2012-09-04 21:59:45.0000001,7.614815804399086
2012-06-23 19:15:29.0000001,8.108492445507181
2014-09-23 18:20:01.0000002,9.948846771428407
2014-09-23 18:20:01.0000001,9.646625827994285
2011-06-30 21:50:17.0000002,9.496961570653298
2011-06-30 21:50:17.0000006,7.406277479658343
2011-06-30 21:50:17.0000005,8.28513763498404
2011-06-30 21:50:17.0000004,10.351357677011492
2011-06-30 21:50:17.0000001,6.235286897829724
2011-06-30 21:50:17.0000003,7.873017876869085
2013-04-09 08:59:41.0000001,6.27083083219884
2013-02-14 03:56:45.0000001,7.7912271243905025
2009-02-23 21:09:17.0000002,8.790674337958762
2009-02-23 21:09:17.0000003,4.419183068521079
2009-02-23 21:09:17.0000001,5.8577528691350835
2013-04-05 20:47:57.0000001,13.019405820145494
2013-04-05 20:47:57.0000003,11.18189764783176
2013-04-05 20:47:57.0000002,14.28747576792864
2013-03-11 06:58:05.0000001,9.117651525688984
2012-01-05 05:51:01.0000002,8.528797763611465
2009-05-11 10:47:33.0000001,14.229376929799855
2014-02-22 02:07:01.0000001,15.00608481430561
2014-02-22 02:07:01.0000004,8.886338244341005
2014-02-22 02:07:01.0000005,8.995491343248773
2014-02-22 02:07:01.0000002,12.56939623239407
2014-02-22 02:07:01.0000003,12.017584519190677
2013-07-25 01:56:37.0000002,16.427553210962174
2013-07-25 01:56:37.0000001,11.209714909975787
2013-10-15 08:16:21.0000001,7.333335317168576
2014-08-26 23:35:49.0000003,15.503830352735463
2014-08-26 23:35:49.0000004,17.072029620761782
2014-08-26 23:35:49.0000001,9.889366979391639
2009-08-28 23:01:41.0000007,8.041130537331128
2009-08-28 23:01:41.0000004,6.081686484517718
2009-08-28 23:01:41.0000003,4.590023858937343
2009-08-28 23:01:41.0000005,46.65838948822284
2009-08-07 07:07:37.0000003,10.99784137981078
2009-08-07 07:07:37.0000002,12.225683370859997
2009-08-07 07:07:37.0000001,9.108326059518845
2013-11-11 13:49:53.0000004,49.16544045670173
2013-11-11 13:49:53.0000003,11.002075765411405
2013-11-11 13:49:53.0000006,16.6778868994744
2013-11-11 13:49:53.0000005,7.380720210809727
2013-11-11 13:49:53.0000001,8.404002755528609
2013-11-11 13:49:53.0000002,9.146255170389622
2012-08-11 19:58:29.0000002,8.964942701984796
2012-08-11 19:58:29.0000003,6.953222458006962
2012-08-11 19:58:29.0000004,8.415063929591383
2012-08-11 19:58:29.0000001,10.997319241637115
2011-06-29 06:25:41.0000001,31.789285305962835
2014-10-19 15:14:45.0000001,19.30343163089117
2014-12-16 13:40:25.0000001,8.708928911570979
2014-12-16 13:40:25.0000002,10.628245644081858
2010-06-11 13:37:21.0000004,188.29473298365366
2010-06-11 13:37:21.0000001,5.283203147720428
2010-06-11 13:37:21.0000002,8.666820766915748
2012-12-09 22:30:13.0000003,18.131651835872503
2012-12-09 22:30:13.0000001,13.339161938427537
2010-06-21 20:21:45.0000001,21.35764689422342
2011-05-11 19:56:09.0000002,10.959787277698183
2013-06-17 06:37:49.0000001,6.321304154871768
2009-07-29 07:52:01.0000004,5.064084680386827
2009-07-29 07:52:01.0000002,14.86494040169498
2009-07-29 07:52:01.0000003,4.787045092362064
2009-07-29 07:52:01.0000001,4.760353254728329
2014-08-08 00:02:41.0000001,11.355800773324518
2014-08-08 00:02:41.0000003,14.179392823358057
2014-08-08 00:02:41.0000005,12.553712999402478
2009-02-19 09:17:21.0000001,8.545957261299918
2013-09-12 12:50:13.0000004,6.599413752218425
2013-09-12 12:50:13.0000002,12.410175236066948
2013-09-12 12:50:13.0000006,41.27700851260738
2013-09-12 12:50:13.0000005,8.786299581103776
2011-06-26 03:33:25.0000001,19.344565976723516
2013-09-28 09:59:33.0000002,9.297890263888348
2013-09-28 09:59:33.0000001,7.575558644109833
2010-04-20 07:32:21.0000001,7.910196921428678
2010-04-20 07:32:21.0000002,8.247435266278103
2011-04-16 06:38:33.0000001,6.659910898621092
2011-09-18 18:33:13.0000001,7.499551351186028
2011-09-18 18:33:13.0000002,23.738627460133785
2014-03-04 16:24:45.0000003,14.262097616145752
2014-03-04 16:24:45.0000002,8.574786752978184
2013-08-03 15:48:29.0000001,7.344237331046543
2012-06-21 19:47:25.0000003,6.808617808023882
2012-06-21 19:47:25.0000001,8.488514289408158
2012-06-21 19:47:25.0000002,7.723418750116252
2014-03-10 12:25:21.0000003,7.516118310973184
2014-03-10 12:25:21.0000002,9.535341952114436
2014-03-10 12:25:21.0000001,12.494101581054906
2014-11-10 10:52:41.0000002,20.63150302995291
2014-11-10 10:52:41.0000003,13.87617292862626
2010-10-17 23:04:25.0000001,8.35594801842285
2009-12-22 15:59:53.0000001,4.875723045596146
2009-12-22 15:59:53.0000002,4.845202001641724
2009-12-22 15:59:53.0000004,12.755239372745109
2014-05-08 21:23:41.0000002,7.710549726861018
2014-05-08 21:23:41.0000003,10.911829547703178
2014-05-08 21:23:41.0000004,8.570166021678574
2014-05-08 21:23:41.0000005,11.32551192493645
2009-10-28 17:56:45.0000002,5.9401346747273465
2009-10-28 17:56:45.0000001,4.968611236734546
2014-07-10 07:03:29.0000002,12.408102931329154
2014-07-10 07:03:29.0000001,8.38030560679465
2012-07-15 03:53:37.0000004,15.683905049055852
2010-03-31 05:33:53.0000001,5.606672516895287
2010-03-31 05:33:53.0000002,11.322937761542676
2010-07-06 20:52:53.0000003,8.096406074595052
2010-07-06 20:52:53.0000001,6.8292905653624985
2010-07-06 20:52:53.0000002,6.380239424677711
2013-06-10 11:29:13.0000002,6.557526126140374
2013-06-10 11:29:13.0000006,6.818325171998367
2013-06-10 11:29:13.0000004,7.093630148037846
2013-06-10 11:29:13.0000005,6.788304994728264
2013-06-10 11:29:13.0000003,12.505092820334653
2015-04-25 01:06:17.0000008,8.757272641488953
2015-04-25 01:06:17.0000004,7.755601709545431
2015-04-25 01:06:17.0000001,7.582371860694707
2015-04-25 01:06:17.0000006,9.930708713065656
2015-04-25 01:06:17.0000002,11.660339951628998
2011-05-27 14:47:09.0000001,6.932248710018143
2011-05-27 14:47:09.0000004,9.001930450109057
2011-05-27 14:47:09.0000002,9.167621328350265
2011-05-27 14:47:09.0000003,8.108937413838703
2012-10-28 13:55:57.0000002,8.685260942312652
2011-06-12 01:07:57.0000002,22.035313526239634
2011-06-12 01:07:57.0000001,14.578793747971758
2014-12-11 15:20:49.0000002,41.801973526402776
2014-12-11 15:20:49.0000003,9.020238843535822
2011-06-19 04:08:49.0000001,9.586252857292607
2015-06-02 09:11:17.0000003,8.127731036322075
2015-06-02 09:11:17.0000006,7.856391037432218
2015-06-02 09:11:17.0000001,10.959983047631226
2015-06-02 09:11:17.0000004,7.589989088608604
2015-06-02 09:11:17.0000005,12.320232212812925
2014-05-09 02:23:21.0000001,11.370538583897655
2011-10-08 12:54:49.0000003,8.645793162350287
2011-10-08 12:54:49.0000001,12.466127175502152
2009-06-02 08:34:33.0000003,7.444636001362824
2009-06-02 08:34:33.0000002,5.420609011898819
2010-12-09 17:21:29.0000001,6.437352365750144
2013-06-22 01:59:25.0000001,7.873362484898394
2014-12-07 19:56:45.0000002,8.358400984688842
2014-12-07 19:56:45.0000003,10.551110332025814
2013-12-04 17:40:13.0000006,8.78985956344593
2013-12-04 17:40:13.0000004,9.636959797225359
2013-12-04 17:40:13.0000002,9.84750780826323
2013-12-04 17:40:13.0000005,6.2194378441303115
2013-12-04 17:40:13.0000001,6.9546324374015285
2013-12-04 17:40:13.0000007,12.617256559971224
2013-12-04 17:40:13.0000003,25.692512772560917
2014-07-20 17:05:09.0000001,19.42010430988239
2010-12-15 08:39:33.0000003,6.250649168738505
2010-12-15 08:39:33.0000002,6.990581375934312
2010-12-15 08:39:33.0000004,47.61696168276478
2010-12-15 08:39:33.0000001,5.149183971249727
2011-02-07 08:56:09.0000001,8.626601055908964
2012-05-26 11:54:53.0000003,8.418007953342226
2012-04-24 17:57:05.0000002,8.01400022810833
2012-04-24 17:57:05.0000003,22.54644289862972
2012-04-24 17:57:05.0000001,12.35796748924713
2014-01-11 19:20:17.0000002,8.507714501546047
2015-01-05 21:43:13.0000003,11.494991492634767
2015-01-05 21:43:13.0000002,11.403608302249154
2013-04-23 13:19:17.0000002,9.495663474873481
2013-04-23 13:19:17.0000003,8.21698477759685
2011-07-19 22:20:41.0000003,18.115145150319336
2012-03-18 02:27:41.0000002,40.53670379208381
2012-03-18 02:27:41.0000003,12.985972489146206
2009-01-19 19:48:17.0000003,10.176578486630433
2011-06-21 22:19:45.0000002,6.262292205648578
2011-06-21 22:19:45.0000003,15.86576652388112
2011-06-21 22:19:45.0000001,14.640692070939735
2012-02-10 06:28:17.0000001,9.976953059970356
2013-01-13 00:20:53.0000002,10.160101646003795
2013-01-13 00:20:53.0000003,10.339002869280648
2015-03-28 09:52:37.0000002,6.339494740507121
2015-03-28 09:52:37.0000001,8.650621897044175
2015-05-02 15:18:33.0000001,9.76723085285903
2015-05-02 15:18:33.0000005,8.725943879722536
2015-05-02 15:18:33.0000002,9.200672051503716
2015-05-02 15:18:33.0000006,8.926046031944793
2015-05-02 15:18:33.0000004,10.938383972805127
2015-05-02 15:18:33.0000007,15.295088845876194
2015-05-02 15:18:33.0000003,12.012773862090853
2012-01-01 00:37:29.0000005,15.435026038161254
2012-01-01 00:37:29.0000001,8.2041109147915
2012-01-01 00:37:29.0000003,10.221936082644675
2012-01-01 00:37:29.0000002,11.981129719995238
2010-06-24 19:32:25.0000001,8.498856194360542
2010-06-24 19:32:25.0000002,4.961412696984098
2010-04-25 09:00:01.0000001,12.627155223915793
2010-04-25 09:00:01.0000002,11.645328862683982
2009-08-11 21:41:09.0000001,15.502106380851842
2012-06-12 07:19:17.0000002,9.104024995784812
2012-06-12 07:19:17.0000001,6.340881769391672
2011-12-30 11:16:05.0000002,11.23252938956091
2011-12-30 11:16:05.0000001,8.03768255984005
2011-12-30 11:16:05.0000003,6.9913545165538835
2011-12-30 11:16:05.0000004,7.076094986673979
2013-11-28 13:17:13.0000001,8.43065484935346
2010-06-14 20:51:37.0000001,16.75967267206329
2010-06-14 20:51:37.0000002,12.10722469153859
2012-06-10 00:46:17.0000004,15.251969105968556
2012-06-10 00:46:17.0000002,14.480075822788649
2013-02-10 19:51:53.0000001,9.80153977629675
2013-02-10 19:51:53.0000002,13.458035247626526
2010-02-20 04:04:13.0000001,8.216959171741792
2010-02-20 04:04:13.0000002,8.540515412739978
2010-02-20 04:04:13.0000003,5.341072193063269
2014-01-01 16:33:01.0000004,7.372120164398552
2014-01-01 16:33:01.0000001,9.215431662723404
2014-01-01 16:33:01.0000002,12.314839219618307
2014-01-01 16:33:01.0000003,10.107341734378906
2013-06-04 08:06:57.0000002,8.662155546562417
2013-06-04 08:06:57.0000005,9.06148673907171
2013-06-04 08:06:57.0000003,10.102782456035925
2013-06-04 08:06:57.0000004,6.520614715153783
2013-06-04 08:06:57.0000001,5.935180344877722
2012-07-13 08:45:21.0000001,24.664564917592315
2012-07-13 08:45:21.0000003,7.085440564223859
2012-07-13 08:45:21.0000004,6.663629325021475
2012-07-13 08:45:21.0000002,11.515288224111487
2014-06-09 13:01:21.0000002,8.984694018479104
2014-06-09 13:01:21.0000001,8.799739459136731
2010-10-01 13:11:05.0000002,5.919014695330134
2010-10-01 13:11:05.0000004,8.01164100409244
2010-10-01 13:11:05.0000003,25.24311616689215
2010-02-27 22:55:09.0000002,7.085296907592351
2010-02-27 22:55:09.0000003,7.44513896078422
2012-11-23 05:37:53.0000001,14.701392615844952
2009-10-05 15:41:37.0000001,5.59497338282074
2009-12-01 02:33:57.0000001,10.016846735365903
2013-04-30 14:43:33.0000003,17.85434622315381
2013-04-30 14:43:33.0000002,15.732139863339057
2013-04-30 14:43:33.0000001,12.468341274097156
2015-05-17 04:17:33.0000001,11.970582831964066
2015-05-17 04:17:33.0000002,10.754102489991055
2015-05-17 04:17:33.0000003,11.508927705287647
2015-05-17 04:17:33.0000004,10.856409616704696
2014-07-26 23:31:41.0000001,8.754635849382908
2009-11-07 16:37:49.0000001,5.431087958317448
2009-11-07 16:37:49.0000003,5.477030583540227
2009-11-07 16:37:49.0000002,49.541537270309846
2009-11-07 16:37:49.0000005,4.778635648090358
2012-11-07 12:46:29.0000003,7.742863157459055
2012-11-07 12:46:29.0000001,12.685880326066922
2012-11-07 12:46:29.0000002,6.999045888239266
2011-01-07 09:25:57.0000002,4.855759604125296
2011-01-07 09:25:57.0000001,6.461721643320743
2012-07-18 16:28:21.0000002,7.614765253723704
2009-12-17 10:33:45.0000001,8.765710148951825
2009-12-17 10:33:45.0000002,10.806402586251806
2009-12-17 10:33:45.0000003,4.615880742714239
2009-12-17 10:33:45.0000004,5.73876872622543
2013-03-08 19:03:09.0000001,12.074905302368848
2013-03-08 19:03:09.0000004,7.779389443341756
2011-03-11 23:36:13.0000001,7.923548986007631
2011-03-11 23:36:13.0000002,6.1165363379188875
2011-03-11 23:36:13.0000004,6.595733126370305
2011-03-11 23:36:13.0000003,5.635461783273627
2009-12-10 22:45:01.0000002,4.932105383480803
2009-12-10 22:45:01.0000001,13.143351823681769
2009-12-10 22:45:01.0000003,5.053506608137582
2009-12-10 22:45:01.0000005,19.473623947517808
2012-07-13 11:00:05.0000003,27.78985793593938
2012-07-13 11:00:05.0000002,14.495044263859995
2012-07-13 11:00:05.0000006,49.11926192104522
2012-07-13 11:00:05.0000001,10.066994813378983
2012-07-21 17:57:17.0000001,9.567492240159709
2009-04-23 02:42:05.0000002,5.811493800908579
2009-04-23 02:42:05.0000001,12.0752505330222
2012-11-03 23:49:17.0000003,11.240483134430974
2012-11-03 23:49:17.0000002,6.55852942153183
2012-11-03 23:49:17.0000004,6.924487158105876
2012-11-03 23:49:17.0000001,12.50932817049511
2012-02-21 20:07:25.0000002,6.145241423903485
2012-02-21 20:07:25.0000001,6.332270437180114
2012-03-26 05:24:13.0000001,19.224754343407767
2010-02-01 20:28:45.0000001,5.9174943559442
2010-02-01 20:28:45.0000002,6.6373228035377
2010-02-01 20:28:45.0000003,4.711457363677596
2009-09-26 04:36:49.0000001,4.298381197425556
2009-01-29 15:29:09.0000002,25.352817148373788
2009-01-29 15:29:09.0000001,3.7025991818845796
2009-12-29 02:06:33.0000002,16.66158595579884
2009-12-29 02:06:33.0000001,9.38636586840596
2010-09-06 00:39:05.0000001,7.257692405361922
2012-09-08 21:13:49.0000004,8.785680977587276
2012-09-08 21:13:49.0000001,9.94773645180885
2012-09-08 21:13:49.0000002,7.278640563691397
2012-09-08 21:13:49.0000003,8.210789454092605
2010-11-04 16:19:25.0000001,9.64410383977497
2009-12-08 07:36:17.0000001,10.851968004894502
2009-12-08 07:36:17.0000002,11.704914379201341
2012-08-30 20:32:49.0000001,11.202437124921289
2013-06-08 16:55:13.0000002,7.450276153368577
2013-06-08 16:55:13.0000001,9.3438564343204
2014-07-01 11:05:21.0000002,6.755795680146093
2014-07-01 11:05:21.0000001,9.327086180968877
2013-08-19 16:21:05.0000002,14.907519219170922
2014-12-26 21:10:45.0000001,9.933797924102123
2012-10-25 16:20:37.0000001,11.110735072830266
2012-10-25 16:20:37.0000002,27.079797765911508
2013-08-14 11:02:17.0000001,7.033697590772704
2013-08-14 11:02:17.0000002,17.746918200985874
2010-10-01 01:22:01.0000001,11.0407260287908
2012-12-07 19:33:49.0000002,68.02313649419136
2012-12-07 19:33:49.0000001,6.156856112063451
2011-07-11 01:40:45.0000001,8.818649999425247
2013-07-18 01:45:01.0000001,7.693956067008116
2013-07-18 01:45:01.0000002,7.098486520096458
2009-06-25 10:29:21.0000002,4.397969720853666
2009-06-25 10:29:21.0000001,4.28181360375163
2012-07-31 20:04:53.0000005,7.435580377261317
2012-07-31 20:04:53.0000003,7.418644873920698
2012-07-31 20:04:53.0000004,6.499782964012979
2012-07-31 20:04:53.0000001,11.761155655892026
2010-11-15 22:25:13.0000001,7.20413195817946
2015-06-08 05:02:45.0000002,14.041558620567116
2015-06-08 05:02:45.0000001,21.920915810341512
2013-12-08 20:26:29.0000001,7.142993131584717
2013-12-08 20:26:29.0000002,10.680125761797399
2013-12-08 20:26:29.0000003,5.916402337540603
2009-05-10 00:24:57.0000002,12.344609106208964
2009-05-10 00:24:57.0000004,4.1084929109681525
2009-05-10 00:24:57.0000003,8.079595591086445
2009-05-10 00:24:57.0000005,4.36674984791955
2009-05-10 00:24:57.0000001,3.899153694701454
2009-02-28 10:19:41.0000002,3.668672378060023
2009-02-28 10:19:41.0000001,5.257863143801501
2011-08-19 17:42:57.0000001,5.351050476201635
2011-08-19 17:42:57.0000002,9.439411330793291
2014-06-05 22:56:05.0000007,12.123122279703011
2014-06-05 22:56:05.0000002,21.45412366654898
2014-06-05 22:56:05.0000001,49.678382691768775
2014-06-05 22:56:05.0000006,7.20232323720802
2014-06-05 22:56:05.0000005,7.776002584111552
2014-06-05 22:56:05.0000003,23.981625659705287
2014-07-16 18:33:41.0000001,9.49265021221811
2014-07-16 18:33:41.0000002,10.081746346500267
2014-07-16 18:33:41.0000003,13.556076959886695
2009-07-14 22:41:09.0000002,5.496379125774865
2009-07-14 22:41:09.0000004,4.941337092985236
2009-07-14 22:41:09.0000001,39.972620027010635
2013-11-21 14:19:21.0000002,6.907675732592793
2015-01-02 11:55:57.0000005,7.762910403744058
2015-01-02 11:55:57.0000002,8.627708774101961
2015-01-02 11:55:57.0000004,22.235067532585504
2015-01-02 11:55:57.0000001,9.114094852731455
2011-09-26 22:26:57.0000001,8.099875807390049
2015-04-14 01:41:05.0000001,12.766844270916636
2013-05-14 16:23:49.0000002,10.4248133170139
2013-05-14 16:23:49.0000001,11.442993861854916
2013-11-23 22:19:37.0000002,15.560101584011704
2013-11-23 22:19:37.0000001,9.870535823795876
2014-07-14 16:18:37.0000001,7.362712437193295
2010-07-30 12:04:17.0000001,4.634038540814117
2010-07-30 12:04:17.0000002,7.153405853513732
2011-07-27 21:48:49.0000002,7.41732472065496
2011-07-27 21:48:49.0000001,7.099953768319779
2014-03-18 19:55:17.0000003,7.663221412839334
2014-03-18 19:55:17.0000002,14.214243090543278
2014-03-18 19:55:17.0000004,8.002817088947836
2014-07-28 21:44:21.0000001,13.051215050242718
2009-05-23 07:56:37.0000001,6.26883938507558
2010-06-05 23:05:25.0000004,12.937013756728106
2010-06-05 23:05:25.0000005,5.587885393871261
2010-06-05 23:05:25.0000003,10.643619573868591
2010-06-05 23:05:25.0000001,10.329189832239763
2010-06-05 23:05:25.0000002,9.600296938615543
2012-07-01 19:59:49.0000001,7.397855566078192
2015-06-07 17:23:09.0000004,9.761269461188931
2015-06-07 17:23:09.0000003,9.250940716382388
2015-06-07 17:23:09.0000002,8.323580466881026
2015-06-07 17:23:09.0000001,10.266943182491332
2013-03-10 07:31:45.0000001,7.79074808492021
2011-03-24 17:44:01.0000001,10.354068718075155
2011-03-24 17:44:01.0000003,8.293369916301003
2014-03-28 21:55:17.0000002,18.221021320988484
2014-03-28 21:55:17.0000004,7.858699047755522
2014-03-28 21:55:17.0000005,9.308587275809373
2014-03-28 21:55:17.0000006,8.883990535523822
2013-04-28 20:00:05.0000002,49.36266682006362
2013-04-28 20:00:05.0000001,7.614661683439294
2013-04-28 20:00:05.0000004,11.690578973054585
2013-04-28 20:00:05.0000003,6.627187399811078
2012-04-27 18:37:09.0000003,10.64444760024378
2012-04-27 18:37:09.0000001,12.023123591837475
2012-04-27 18:37:09.0000004,10.59069250904588
2014-04-05 18:11:33.0000001,11.669642654352742
2013-11-07 22:25:25.0000002,18.25164234240242
2010-06-19 03:06:33.0000002,5.1523082725017275
2012-06-30 03:53:29.0000003,14.806728785714427
2012-06-30 03:53:29.0000001,16.645792365389866
2011-09-15 02:11:49.0000002,20.601101942104606
2011-09-15 02:11:49.0000001,22.306202140772257
2012-08-08 04:45:25.0000001,47.41371228267474
2011-05-19 16:01:41.0000004,5.9528971998383895
2011-05-19 16:01:41.0000002,6.703461269568606
2011-05-19 16:01:41.0000005,6.183388410887005
2011-05-19 16:01:41.0000003,23.584958165402213
2009-12-27 04:00:09.0000001,18.271792540496676
2010-01-11 12:38:33.0000006,33.75379046976741
2010-01-11 12:38:33.0000003,7.311534743615539
2010-01-11 12:38:33.0000005,4.910831226344612
2010-01-11 12:38:33.0000001,7.365868136368022
2010-01-11 12:38:33.0000004,6.225462155740615
2010-10-16 09:26:33.0000004,31.970234581235445
2010-10-16 09:26:33.0000002,7.38978569216772
2014-07-25 18:06:37.0000002,8.699688371770662
2014-07-25 18:06:37.0000004,9.7820429773343
2014-07-25 18:06:37.0000005,12.79494409298809
2014-07-25 18:06:37.0000003,8.447634267656099
2014-07-25 18:06:37.0000001,11.00323818718141
2013-03-18 15:54:21.0000001,9.833014287002129
2013-03-18 15:54:21.0000002,6.9630602336698075
2010-05-13 06:34:57.0000002,6.356876991834952
2010-05-13 06:34:57.0000001,8.640462620841504
2009-05-16 08:13:05.0000001,21.469984956995177
2014-05-13 21:07:29.0000003,8.851009952860181
2014-05-13 21:07:29.0000002,10.021397563463438
2010-04-23 16:10:29.0000001,5.023050129155763
2010-04-23 16:10:29.0000003,10.150530115314382
2010-04-23 16:10:29.0000002,6.002811255243273
2015-05-25 22:13:09.0000002,40.62881813455181
2015-05-25 22:13:09.0000001,15.68660650026186
2013-11-16 18:33:25.0000003,8.70026953751335
2013-11-16 18:33:25.0000004,13.475444482981516
2013-11-16 18:33:25.0000002,12.51751185427429
2013-11-16 18:33:25.0000001,10.336143082524018
2012-04-16 17:48:09.0000001,8.099104662241984
2012-04-16 17:48:09.0000002,8.507462180254379
2012-04-16 17:48:09.0000003,9.59783433547068
2014-12-29 12:55:53.0000002,10.28356557983193
2014-12-29 12:55:53.0000001,22.67737650972356
2014-12-29 12:55:53.0000003,13.508455463236373
2009-08-02 14:01:33.0000002,5.365708618360259
2009-08-02 14:01:33.0000003,29.13766053496954
2009-08-02 14:01:33.0000001,5.300377377554355
2015-01-12 15:36:37.0000003,21.219384433539403
2015-01-12 15:36:37.0000004,42.07143886552592
2015-01-12 15:36:37.0000005,13.094122692317114
2015-01-12 15:36:37.0000009,16.580541301240487
2015-01-12 15:36:37.0000006,8.931015516540356
2015-01-12 15:36:37.0000001,16.237521545638174
2015-01-12 15:36:37.0000007,12.25898065677245
2014-09-04 19:52:09.0000002,8.277448502851144
2014-09-04 19:52:09.0000001,7.6552382391743095
2014-09-04 19:52:09.0000003,7.541226866573993
2014-09-04 19:52:09.0000004,20.86485370643959
2009-06-01 17:42:01.0000001,10.985682154468691
2009-06-01 17:42:01.0000002,8.457288294728073
2009-06-01 17:42:01.0000003,5.877316076750844
2010-09-21 01:35:09.0000001,11.971694637967403
2010-09-21 01:35:09.0000002,5.733001175514687
2013-05-26 15:18:37.0000004,19.18853501788999
2013-05-26 15:18:37.0000002,10.005232903467345
2009-09-20 23:07:01.0000002,10.685587658584836
2009-08-12 23:00:37.0000001,20.194412701942497
2012-07-18 09:44:53.0000005,8.784111108529942
2012-07-18 09:44:53.0000001,7.304515299022796
2012-07-18 09:44:53.0000004,5.620820261622725
2012-07-18 09:44:53.0000002,7.3326902647407906
2009-09-25 21:43:49.0000005,8.191956464674718
2009-09-25 21:43:49.0000007,11.814535660939669
2009-09-25 21:43:49.0000003,6.405365964012958
2009-09-25 21:43:49.0000006,4.4093396746333156
2009-09-25 21:43:49.0000008,9.53807566137391
2009-09-25 21:43:49.0000001,8.073391467143892
2009-03-22 20:58:33.0000002,9.51453771802835
2009-03-22 20:58:33.0000001,10.09393225576116
2011-12-09 21:19:25.0000002,9.133486039608897
2011-12-09 21:19:25.0000005,13.663414489319166
2011-12-09 21:19:25.0000006,6.598856995123356
2013-07-05 20:44:49.0000002,6.336009507071253
2013-12-20 15:58:29.0000005,11.993082185367712
2013-12-20 15:58:29.0000002,9.922058599925776
2013-12-20 15:58:29.0000003,33.435004135355484
2013-12-20 15:58:29.0000004,12.446714959972269
2014-10-06 14:37:25.0000004,12.99493981292801
2014-10-06 14:37:25.0000003,16.705428313729726
2014-10-06 14:37:25.0000002,9.527340427799572
2014-10-06 14:37:25.0000001,9.62261591146023
2015-01-18 23:09:25.0000003,22.711904565008012
2015-01-18 23:09:25.0000002,10.737297711417455
2014-05-01 14:11:21.0000002,12.203354382467182
2014-05-01 14:11:21.0000004,8.635080444204164
2014-05-01 14:11:21.0000005,9.229919918388305
2014-05-01 14:11:21.0000006,8.094424916559433
2014-05-01 14:11:21.0000001,11.703199330518373
2014-05-01 14:11:21.0000003,22.163307715368887
2012-05-22 14:54:45.0000002,7.008143667177137
2012-05-22 14:54:45.0000001,7.052865435663648
2009-06-17 14:41:57.0000001,8.760955132012896
2009-09-16 10:27:37.0000001,7.572602170142886
2009-09-16 10:27:37.0000002,3.639876175826771
2014-02-06 13:26:49.0000001,9.836851113747343
2015-04-16 02:42:33.0000001,15.957760417126678
2011-06-06 07:28:25.0000002,24.33375845202636
2011-06-06 07:28:25.0000003,5.507951121211363
2011-06-06 07:28:25.0000001,5.087611663497
2011-06-06 07:28:25.0000005,16.261602030612607
2011-06-06 07:28:25.0000004,7.046526290644806
2013-02-27 19:25:13.0000003,16.16866491650046
2013-02-27 19:25:13.0000007,12.242953699626923
2013-02-27 19:25:13.0000006,12.099974294724802
2013-02-27 19:25:13.0000004,6.640002592267479
2013-02-27 19:25:13.0000002,7.166203361249472
2013-02-27 19:25:13.0000005,9.22354238428602
2014-10-03 01:06:05.0000001,9.203792411873678
2014-10-03 01:06:05.0000002,10.402385911260353
2010-06-26 00:14:53.0000001,6.8872497935028605
2009-09-15 08:28:53.0000001,7.497570179018453
2009-09-15 08:28:53.0000002,10.020574241823851
2009-09-15 08:28:53.0000004,5.972900553054615
2009-09-15 08:28:53.0000005,4.697365520402741
2011-08-09 05:27:05.0000001,10.435318609565911
2010-10-20 08:49:45.0000001,6.544827317862428
2010-10-20 08:49:45.0000002,5.92373589587703
2012-02-08 11:14:49.0000002,6.053891249278081
2012-02-08 11:14:49.0000001,7.965575962425419
2012-02-08 11:14:49.0000004,8.04173085911009
2013-08-07 02:16:45.0000001,33.75011979022577
2012-10-26 00:32:13.0000001,15.938336664013718
2012-07-18 22:34:53.0000001,7.337953638529484
2011-05-17 22:09:17.0000001,13.676136111304686
2009-04-04 00:20:37.0000001,12.751658962710053
2009-04-04 00:20:37.0000003,8.063252470427983
2009-04-04 00:20:37.0000002,12.083205867863057
2009-09-04 18:43:33.0000003,6.160021213030973
2009-09-04 18:43:33.0000004,8.280310793001263
2010-09-19 17:13:29.0000001,9.54080660001921
2010-09-19 17:13:29.0000007,11.264917907434324
2010-09-19 17:13:29.0000005,7.526274096035763
2010-09-19 17:13:29.0000004,5.114801986710745
2010-09-19 17:13:29.0000003,13.588235680900766
2010-09-19 17:13:29.0000002,8.00366002198848
2013-03-19 18:08:29.0000003,10.667198936319664
2013-03-19 18:08:29.0000004,12.376789205552882
2011-11-22 00:15:25.0000002,6.429168458578943
2011-11-22 00:15:25.0000001,11.26685386084091
2011-04-23 11:01:49.0000005,5.595659813440648
2011-04-23 11:01:49.0000004,5.927190595894331
2011-04-23 11:01:49.0000003,5.239194480795163
2012-10-19 06:56:29.0000001,8.158688458492065
2012-10-19 06:56:29.0000002,6.173797610212887
2009-12-16 14:45:21.0000002,5.65913514053409
2009-12-16 14:45:21.0000003,5.372214191909734
2009-12-16 14:45:21.0000001,3.5256795914347094
2012-08-13 21:49:53.0000002,7.6694888536098915
2012-08-13 21:49:53.0000003,5.8624124219896885
2012-08-13 21:49:53.0000001,5.913633156923993
2010-11-08 10:01:37.0000001,5.853074997845397
2010-11-08 10:01:37.0000002,6.676952008579633
2010-11-08 10:01:37.0000006,6.962821528819973
2010-11-08 10:01:37.0000007,11.343404442676615
2010-11-08 10:01:37.0000005,23.99040641431452
2010-11-08 10:01:37.0000004,5.502326713979073
2010-12-05 16:35:49.0000001,6.62376364655006
2010-12-05 16:35:49.0000002,8.952596503888799
2014-10-15 12:10:49.0000001,10.113463500349212
2009-04-01 19:28:09.0000004,11.741268864535414
2009-04-01 19:28:09.0000002,7.912548438467525
2009-04-01 19:28:09.0000003,5.687028181636947
2009-04-01 19:28:09.0000007,20.099727026625374
2009-04-01 19:28:09.0000005,6.050330470280301
2009-04-01 19:28:09.0000006,7.428700034554936
2011-11-26 02:04:29.0000002,13.174324002230264
2011-11-26 02:04:29.0000001,14.690485100517662
2009-01-11 07:56:01.0000003,4.7050906108922845
2009-01-11 07:56:01.0000002,3.059211427828245
2012-05-30 09:19:13.0000001,6.962877430743902
2014-06-10 01:06:25.0000001,19.341551041576054
2014-06-10 01:06:25.0000003,18.99515739211904
2014-06-10 01:06:25.0000002,43.8573806941198
2014-10-28 22:42:33.0000002,28.287348640560367
2014-10-28 22:42:33.0000001,18.631052126150053
2009-03-20 12:14:53.0000004,7.035652437441854
2009-03-20 12:14:53.0000007,4.1645486169852575
2009-03-20 12:14:53.0000002,6.682814494957142
2009-03-20 12:14:53.0000005,3.124506906029751
2009-03-20 12:14:53.0000001,3.994816990565141
2009-03-20 12:14:53.0000006,5.663714106094858
2009-03-20 12:14:53.0000003,17.60779103818618
2010-06-20 12:42:37.0000003,6.950082356092253
2010-06-20 12:42:37.0000001,12.966278750606762
2014-08-05 16:09:05.0000001,8.395588893001218
2014-11-06 01:40:49.0000003,6.933067673500091
2014-11-06 01:40:49.0000002,16.220620391959756
2014-11-06 01:40:49.0000001,10.515958971722512
2014-07-19 21:05:37.0000005,7.19276458552315
2014-07-19 21:05:37.0000001,10.011653367390863
2014-07-19 21:05:37.0000004,11.144210021797107
2014-07-19 21:05:37.0000003,9.652865565010302
2015-02-19 11:39:21.0000005,7.503672282561183
2015-02-19 11:39:21.0000002,9.121094835227154
2015-02-19 11:39:21.0000003,8.0216869467165
2012-10-02 14:17:13.0000003,7.690257455671372
2012-10-02 14:17:13.0000002,8.317517285891313
2012-04-17 09:47:57.0000001,7.667367447085439
2012-04-17 09:47:57.0000003,15.017316255355695
2012-04-17 09:47:57.0000002,23.217607890440604
2011-04-16 00:01:17.0000002,16.34861265486279
2011-04-16 00:01:17.0000001,4.931721380162571
2010-06-18 08:54:37.0000003,8.781330667599377
2010-06-18 08:54:37.0000002,17.917906445257586
2010-06-18 08:54:37.0000001,9.049966236933756
2012-10-20 00:36:37.0000005,9.286355916888397
2012-10-20 00:36:37.0000003,34.51530781718952
2012-10-20 00:36:37.0000004,6.051439937895793
2014-06-19 22:37:09.0000001,9.294093287993405
2014-06-19 22:37:09.0000003,11.39728260721813
2014-06-19 22:37:09.0000005,15.917851662256567
2011-05-11 13:24:37.0000004,8.013613274268437
2011-05-11 13:24:37.0000001,8.36303480286631
2011-05-11 13:24:37.0000003,6.111992173681756
2014-04-09 08:42:05.0000002,10.464646958739309
2014-04-09 08:42:05.0000001,8.082526217637337
2014-10-13 00:42:05.0000001,16.718966298338046
2013-12-08 10:41:05.0000003,7.301289506897888
2013-12-08 10:41:05.0000008,17.034893120748052
2013-12-08 10:41:05.0000006,10.14244113268353
2013-12-08 10:41:05.0000004,7.64397799523681
2013-12-08 10:41:05.0000001,11.644578655987743
2013-12-08 10:41:05.0000005,9.467556539486964
2013-02-14 02:02:13.0000001,6.658264668686002
2009-07-04 13:00:57.0000001,10.008123754084409
2009-07-04 13:00:57.0000003,8.345239499322588
2013-03-20 03:01:29.0000001,6.3045622128477135
2010-08-25 12:03:21.0000002,10.501008935687537
2010-08-25 12:03:21.0000001,5.491914950232513
2013-09-08 03:47:57.0000001,14.195845820613386
2013-09-08 03:47:57.0000003,8.603367017406981
2012-12-19 16:29:33.0000002,9.691729895486446
2012-12-19 16:29:33.0000001,6.488720255627982
2009-05-15 21:19:13.0000001,9.798280731111731
2009-05-15 21:19:13.0000002,11.213007313199114
2012-06-06 17:33:05.0000001,10.911690401512146
2012-06-06 17:33:05.0000002,6.325985533953485
2012-06-06 17:33:05.0000003,12.017086832435211
2012-06-06 17:33:05.0000004,9.019554058816539
2011-09-20 00:07:17.0000001,11.385237283209904
2010-01-29 08:32:53.0000007,5.790844424610441
2010-01-29 08:32:53.0000004,8.33310910147361
2010-01-29 08:32:53.0000001,3.827390066700559
2010-01-29 08:32:53.0000003,10.166998213126135
2010-01-29 08:32:53.0000005,5.613530373140179
2010-01-29 08:32:53.0000006,5.534889023179858
2015-05-15 01:51:49.0000002,11.820483882724602
2015-05-15 01:51:49.0000001,14.951291505501558
2015-05-15 01:51:49.0000005,10.45057642202346
2015-05-15 01:51:49.0000004,7.4760304431327995
2011-07-26 05:14:29.0000001,48.26246554244403
2011-09-09 03:00:05.0000002,19.05778191269883
2011-09-09 03:00:05.0000001,5.562408772693516
2012-11-12 10:06:17.0000004,6.798174420968735
2012-11-12 10:06:17.0000005,9.859432473309425
2012-11-12 10:06:17.0000002,7.253429107034549
2012-11-12 10:06:17.0000001,9.809990625862838
2012-01-05 22:37:13.0000001,10.930425936413712
2012-01-05 22:37:13.0000002,12.511903266723493
2012-12-07 02:02:01.0000002,15.501316313042139
2012-12-07 02:02:01.0000001,11.81311155422111
2011-08-18 08:36:13.0000001,5.267087094810336
2011-08-18 08:36:13.0000004,6.661942386366491
2011-08-18 08:36:13.0000003,9.888795448489759
2011-08-18 08:36:13.0000006,7.38980588854281
2011-08-18 08:36:13.0000002,14.959626184151148
2014-05-16 15:30:05.0000002,9.037510772316978
2014-05-16 15:30:05.0000001,7.988126948190484
2014-03-15 07:19:25.0000001,14.454806735481498
2009-12-21 17:23:09.0000001,5.858162837074929
2013-12-01 22:23:57.0000002,8.41678770262547
2013-12-01 22:23:57.0000001,17.796834101341915
2014-01-03 15:48:49.0000003,9.122748218126617
2014-01-03 15:48:49.0000002,7.73582006375284
2013-01-19 20:19:45.0000003,14.28304290999381
2013-01-19 20:19:45.0000001,8.976134442533862
2013-01-19 20:19:45.0000004,7.608487027410774
2012-08-31 03:00:21.0000001,7.543210578561343
2012-07-21 16:32:41.0000001,8.077062428435624
2012-07-21 16:32:41.0000002,5.8899639809322935
2012-12-20 23:43:09.0000002,19.222149110173746
2012-12-20 23:43:09.0000006,9.068003061213744
2012-12-20 23:43:09.0000005,10.724835590254315
2012-12-20 23:43:09.0000003,7.868853763133188
2009-06-13 18:40:13.0000002,11.40180412752909
2009-06-13 18:40:13.0000003,10.471929934358968
2014-11-16 09:12:45.0000001,13.753768988031993
2013-03-25 15:17:33.0000001,5.364824784589018
2009-09-28 05:36:49.0000001,9.217667748840654
2013-07-08 17:31:29.0000001,8.670396186284393
2013-07-08 17:31:29.0000002,18.760693266776684
2010-11-27 12:54:09.0000005,6.228009930002031
2010-11-27 12:54:09.0000004,6.770041394127929
2010-11-27 12:54:09.0000001,5.982346671421055
2010-11-27 12:54:09.0000003,4.5882201757536905
2010-11-27 12:54:09.0000002,15.671426389137991
2011-02-15 02:43:33.0000002,13.266842833152168
2011-02-15 02:43:33.0000001,16.018508960212102
2012-10-25 06:12:37.0000001,8.52820752716741
2014-05-01 06:39:54.0000001,7.506957203293041
2015-03-17 21:44:26.0000001,13.138439250467172
2015-03-17 21:44:26.0000006,10.394126964460838
2015-03-17 21:44:26.0000005,18.11213113905842
2015-03-17 21:44:26.0000003,11.634143264626118
2015-03-17 21:44:26.0000004,12.939682355377272
2011-05-02 13:26:54.0000003,6.546242600015262
2011-05-02 13:26:54.0000001,5.3411528072693955
2011-05-02 13:26:54.0000002,11.566605261906375
2009-01-06 07:36:34.0000003,6.644076875210999
2009-01-06 07:36:34.0000002,5.191077010244953
2009-01-06 07:36:34.0000004,10.804128948153561
2010-06-23 10:29:22.0000005,4.326291362675988
2010-06-23 10:29:22.0000001,14.047417411592846
2010-06-23 10:29:22.0000004,4.984628042779036
2010-06-23 10:29:22.0000003,9.928900953811763
2010-06-23 10:29:22.0000002,9.751801571652095
2013-01-22 08:20:26.0000001,5.668826479561403
2013-01-22 08:20:26.0000002,6.3325263529822
2009-11-25 11:14:26.0000001,4.1505901544105654
2009-11-25 11:14:26.0000002,7.361624135334523
2012-12-04 06:52:02.0000001,14.691924151952435
2012-12-04 06:52:02.0000002,12.30838560137147
2012-12-04 06:52:02.0000003,10.572590836675204
2014-05-27 10:31:46.0000001,8.491351099553981
2014-05-27 10:31:46.0000003,16.922202552121917
2014-05-27 10:31:46.0000002,16.66107052644668
2009-09-20 22:15:46.0000001,7.5356926174696355
2011-06-30 08:40:22.0000001,4.910756749932716
2011-06-30 08:40:22.0000002,7.165154249379384
2010-05-10 09:14:30.0000003,6.2187489389019674
2010-05-10 09:14:30.0000001,5.701480236618181
2010-05-10 09:14:30.0000002,6.351044493660083
2010-05-10 09:14:30.0000004,5.143956508031238
2010-11-25 16:10:30.0000001,13.458466833424836
2014-11-18 16:06:14.0000001,10.439283449552363
2013-01-20 20:41:26.0000003,12.112144739860241
2013-01-20 20:41:26.0000001,17.172914618027676
2015-06-07 00:38:14.0000003,9.585827854146828
2009-01-03 00:51:02.0000004,8.821928504675043
2009-01-03 00:51:02.0000003,3.0165803761290135
2010-09-28 11:54:02.0000004,6.328470532580241
2010-09-28 11:54:02.0000005,8.212882638129031
2010-09-28 11:54:02.0000003,5.30951682915213
2010-09-28 11:54:02.0000001,6.964509398491941
2010-09-28 11:54:02.0000002,20.51140206294167
2013-11-07 17:01:14.0000001,32.77265224981022
2013-11-07 17:01:14.0000006,6.77121462523337
2013-11-07 17:01:14.0000002,8.144427306365856
2013-11-07 17:01:14.0000003,7.61965917155328
2013-11-07 17:01:14.0000005,7.952717339099991
2013-11-07 17:01:14.0000004,10.473901406600703
2009-11-29 08:05:46.0000001,6.125919647914202
2012-10-21 17:43:26.0000003,7.639791590034292
2012-10-21 17:43:26.0000002,10.463102904558127
2012-10-21 17:43:26.0000006,5.894925170325337
2012-10-21 17:43:26.0000001,8.41230513598407
2012-10-21 17:43:26.0000004,5.463228213643561
2012-10-21 17:43:26.0000005,8.846119269856672
2013-07-31 06:52:46.0000001,7.701498360280766
2013-02-04 12:10:10.0000002,7.117090739041714
2013-02-04 12:10:10.0000001,7.093212908020405
2013-10-18 09:06:14.0000001,7.405379251016711
2009-04-26 17:29:42.0000004,5.624783079172744
2009-04-26 17:29:42.0000002,6.324560134320109
2009-04-26 17:29:42.0000005,9.49537886445978
2009-04-26 17:29:42.0000003,6.67408520705294
2009-04-26 17:29:42.0000006,7.744395736577076
2015-04-12 21:56:22.0000004,14.101499673169087
2015-04-12 21:56:22.0000002,11.827515919135067
2015-04-12 21:56:22.0000001,50.95605883700625
2015-02-25 22:00:38.0000003,28.447954874527454
2015-02-25 22:00:38.0000006,12.172076365084763
2015-02-25 22:00:38.0000001,18.59213234250751
2015-02-25 22:00:38.0000004,12.496961789707711
2015-02-25 22:00:38.0000005,22.32689296553974
2013-12-30 00:48:42.0000003,7.147853696829316
2013-12-30 00:48:42.0000002,25.085570670234347
2013-12-30 00:48:42.0000001,11.665775038610832
2012-11-20 21:15:22.0000004,10.520181727174418
2012-11-20 21:15:22.0000001,7.304215942532892
2012-11-20 21:15:22.0000003,14.396752497157763
2012-11-20 21:15:22.0000006,9.548018032931623
2012-11-20 21:15:22.0000005,12.21498906614363
2012-11-20 21:15:22.0000002,18.227931059458115
2012-11-20 21:15:22.0000007,9.275900390811216
2010-03-21 16:52:58.0000002,22.466967449876506
2010-03-21 16:52:58.0000001,9.71775826004216
2010-03-21 16:52:58.0000004,14.678221353970912
2010-10-06 23:31:54.0000002,6.479076241402936
2013-07-09 21:59:42.0000002,42.8588657126046
2012-06-23 09:43:42.0000006,17.77374377448018
2012-06-23 09:43:42.0000001,5.938099214696194
2012-06-23 09:43:42.0000003,10.122203837630195
2012-06-23 09:43:42.0000005,7.813512036498196
2009-01-21 20:04:30.0000004,6.417390119422521
2009-01-21 20:04:30.0000008,5.6357869103475196
2009-01-21 20:04:30.0000009,5.948883403909463
2009-01-21 20:04:30.0000003,6.795648186603444
2009-01-21 20:04:30.0000001,5.012357339536834
2009-01-21 20:04:30.0000005,5.546609685834369
2009-01-21 20:04:30.0000002,5.979224083423105
2009-01-21 20:04:30.0000007,4.306077786032233
2013-12-18 14:26:58.0000003,26.548454737888505
2013-12-18 14:26:58.0000001,9.316303939466025
2014-04-26 18:02:26.0000002,11.891984680072824
2014-04-26 18:02:26.0000001,9.717657191170474
2010-11-21 00:32:50.0000003,5.497591523363667
2010-11-21 00:32:50.0000002,12.744839438455188
2010-11-21 00:32:50.0000001,5.844153838252055
2013-02-07 21:29:22.0000003,11.027913139940551
2013-02-07 21:29:22.0000002,8.332911343175624
2013-02-07 21:29:22.0000004,10.68032464575208
2013-02-07 21:29:22.0000001,10.601491312305598
2010-11-15 18:15:14.0000002,7.473457718707664
2010-11-15 18:15:14.0000001,8.193730880327848
2010-11-15 18:15:14.0000003,5.951544926242036
2010-11-15 18:15:14.0000004,7.769851581354487
2013-10-26 10:46:46.0000005,8.65631022810203
2013-10-26 10:46:46.0000002,13.197873082816955
2013-10-26 10:46:46.0000004,11.703018590041438
2013-10-26 10:46:46.0000001,7.279963913655365
2013-07-18 10:24:58.0000001,7.666935463074083
2010-05-14 04:15:54.0000001,7.573225732333299
2013-09-14 18:51:46.0000002,10.405123009222848
2009-05-27 23:09:54.0000001,9.479106391493133
2013-05-23 23:54:42.0000002,9.128522545409169
2013-05-23 23:54:42.0000006,8.01570847952837
2013-05-23 23:54:42.0000001,13.447671125299166
2013-05-23 23:54:42.0000005,19.177620821770688
2013-05-23 23:54:42.0000003,9.803287133328695
2015-05-23 01:00:22.0000001,7.174830888512133
2009-11-23 19:06:14.0000004,10.205121819475494
2009-11-23 19:06:14.0000003,8.01342286597469
2009-11-23 19:06:14.0000002,5.6829261573363965
2009-11-23 19:06:14.0000006,63.44561964168861
2011-06-22 00:06:34.0000001,6.650013610921178
2014-07-02 02:27:22.0000001,6.283439775815168
2012-11-18 14:55:42.0000002,7.6523240163072614
2012-11-18 14:55:42.0000003,9.041605414285186
2012-11-18 14:55:42.0000004,7.289775508042794
2009-01-12 17:54:26.0000001,4.449735822210641
2012-10-10 06:59:02.0000002,9.71466202614215
2012-10-10 06:59:02.0000003,7.586888113922669
2012-10-10 06:59:02.0000001,9.871860230801758
2010-01-24 14:09:58.0000001,5.339317272489666
2010-09-01 08:23:54.0000001,12.177772625118223
2011-12-10 23:39:06.0000002,29.280667910362126
2011-05-22 03:09:50.0000002,25.58152563799399
2011-05-22 03:09:50.0000005,6.068517843365498
2011-05-22 03:09:50.0000001,7.79178470371653
2011-05-22 03:09:50.0000004,24.18244616117272
2011-05-22 03:09:50.0000003,20.614549070848966
2013-06-29 14:26:06.0000004,15.679203994053182
2013-06-29 14:26:06.0000003,8.202554114469649
2013-06-29 14:26:06.0000002,7.703907532234325
2013-06-29 14:26:06.0000001,12.847353005524383
2011-01-25 10:31:26.0000001,11.798010044906277
2011-01-25 10:31:26.0000002,7.3828274456787994
2013-02-11 01:03:30.0000001,27.393268752402378
2009-12-17 15:54:46.0000005,10.644151277326614
2009-12-17 15:54:46.0000003,5.55186080605074
2009-12-17 15:54:46.0000001,7.318512518179546
2009-12-17 15:54:46.0000004,5.307348138395923
2012-03-17 05:33:02.0000001,10.350095844129214
2009-10-24 19:48:30.0000001,5.262994760288734
2009-10-24 19:48:30.0000002,7.1068642404993625
2009-10-24 19:48:30.0000003,11.118546673135484
2013-03-23 00:10:26.0000004,32.17455573534846
2013-03-23 00:10:26.0000002,6.642600791659106
2013-03-23 00:10:26.0000001,46.51932917605188
2013-03-23 00:10:26.0000003,17.57850267120307
2010-06-16 18:41:54.0000001,7.901405377735955
2010-06-16 18:41:54.0000002,7.292747009512823
2011-01-15 04:13:38.0000002,4.661897385555562
2014-07-27 11:25:18.0000001,6.754144096468394
2014-07-27 11:25:18.0000002,7.8544159226049715
2011-11-02 08:21:50.0000002,7.665327566164365
2015-05-16 04:37:50.0000001,12.508667375836126
2015-05-16 04:37:50.0000002,12.344808336206256
2009-03-15 03:31:14.0000002,8.298468334678432
2009-03-15 03:31:14.0000001,5.034053915187087
2014-09-08 19:07:46.0000002,13.502379359210295
2009-08-28 11:58:58.0000001,4.08304477487502
2010-04-24 23:31:50.0000001,5.89242725259453
2010-04-24 23:31:50.0000003,10.07881377679223
2013-06-13 14:50:50.0000002,12.756859509359174
2013-06-13 14:50:50.0000001,8.316593443098213
2010-07-07 06:22:38.0000002,22.387943119098395
2010-07-07 06:22:38.0000001,9.148408960739289
2009-03-24 00:11:26.0000001,8.470916956682913
2009-03-24 00:11:26.0000002,7.632002891608408
2013-10-23 14:27:10.0000001,7.973575274901691
2011-03-03 21:31:42.0000007,12.61201229400558
2011-03-03 21:31:42.0000001,7.602541010350819
2011-03-03 21:31:42.0000008,10.051990322586107
2011-03-03 21:31:42.0000006,7.547558884156729
2011-03-03 21:31:42.0000005,6.585330978295588
2011-09-05 10:47:26.0000002,12.315135615446934
2011-09-05 10:47:26.0000003,14.398614581658876
2011-09-05 10:47:26.0000004,11.631489709303082
2012-08-04 23:34:58.0000001,12.822892933876233
2012-08-04 23:34:58.0000004,7.082909979972783
2012-08-04 23:34:58.0000002,9.60812998018639
2015-01-29 13:15:50.0000003,10.42406890459722
2015-01-29 13:15:50.0000004,7.98504931479772
2015-01-29 13:15:50.0000007,9.376214624545696
2015-01-29 13:15:50.0000006,9.844728956785502
2015-01-29 13:15:50.0000008,6.715619692677478
2015-01-29 13:15:50.0000005,7.178514286034556
2015-01-29 13:15:50.0000002,8.600881581976068
2015-01-29 13:15:50.0000009,7.749966106135389
2012-09-16 12:48:06.0000004,6.506696445557395
2012-09-16 12:48:06.0000001,12.74143985077717
2012-09-16 12:48:06.0000003,13.318263893607309
2015-04-10 11:56:54.0000008,7.724373676253435
2015-04-10 11:56:54.0000001,11.758500373169113
2015-04-10 11:56:54.0000002,23.068479597662986
2015-04-10 11:56:54.0000007,50.47783379118198
2015-04-10 11:56:54.0000003,8.16777210327723
2015-05-05 12:32:14.0000007,10.77997561566076
2015-05-05 12:32:14.0000006,9.291508909014283
2015-05-05 12:32:14.0000003,10.999817579779233
2015-05-05 12:32:14.0000004,8.260078458317935
2015-05-05 12:32:14.0000002,9.463013178644587
2015-05-05 12:32:14.0000005,10.190516119087988
2015-05-05 12:32:14.0000001,12.723871028670715
2013-10-15 23:31:26.0000001,8.902805034672497
2014-08-24 01:17:38.0000001,7.939841980020333
2013-04-04 07:01:06.0000003,10.098369513238481
2013-04-04 07:01:06.0000001,6.050087379393972
2013-04-04 07:01:06.0000002,8.971209165370624
2013-06-21 18:06:14.0000001,9.490194364244871
2013-06-21 18:06:14.0000005,9.799733917746494
2013-06-21 18:06:14.0000004,6.970820578409416
2013-06-21 18:06:14.0000003,11.11194392716709
2013-06-21 18:06:14.0000006,7.579010418577809
2009-08-03 21:09:42.0000001,7.574122780429207
2009-08-03 21:09:42.0000003,6.138964684137591
2009-08-03 21:09:42.0000002,8.224085143030265
2009-08-03 21:09:42.0000004,5.678077907490888
2013-10-13 19:52:54.0000003,7.0049755427542095
2013-10-13 19:52:54.0000001,6.821771228670059
2014-11-14 11:09:46.0000001,8.879878651954755
2014-11-14 11:09:46.0000002,23.62771720657861
2015-06-25 01:01:46.0000003,7.173939670901859
2015-06-25 01:01:46.0000001,9.228521755053407
2009-05-19 15:44:30.0000003,8.254046943770845
2014-01-26 08:48:30.0000001,16.709643362531324
2014-01-26 08:48:30.0000002,6.068769547803981
2012-01-19 02:06:02.0000001,5.648437431084176
2014-12-25 21:32:58.0000001,10.331529549204333
2012-08-09 07:49:02.0000001,11.333017822246234
2012-08-09 07:49:02.0000003,19.35446457065393
2012-08-09 07:49:02.0000002,8.08110743337727
2014-08-10 05:03:50.0000001,26.949742379107533
2010-01-11 15:18:14.0000002,6.3649127394024845
2010-01-11 15:18:14.0000003,4.800467390195877
2010-01-11 15:18:14.0000004,9.289425381144156
2010-01-11 15:18:14.0000001,8.012229532872198
2009-11-10 15:56:38.0000006,5.603820473319956
2009-11-10 15:56:38.0000002,6.4959596056521605
2009-11-10 15:56:38.0000004,9.224796464498809
2009-11-10 15:56:38.0000003,46.821550209672296
2009-11-10 15:56:38.0000005,5.387884592726664
2009-11-10 15:56:38.0000001,8.576222471547794
2012-10-18 09:17:42.0000002,7.014314616072966
2012-10-18 09:17:42.0000001,10.149783430078173
2010-12-06 13:19:58.0000003,6.911335966500587
2010-12-06 13:19:58.0000002,8.012618715885537
2010-12-06 13:19:58.0000001,4.352160967402938
2011-07-30 15:27:58.0000003,7.561648529367744
2011-07-30 15:27:58.0000002,6.990712379132333
2011-07-20 04:21:54.0000001,7.256869740491425
2011-07-20 04:21:54.0000002,8.693889760579054
2009-03-10 19:51:34.0000003,5.819220771048208
2009-03-10 19:51:34.0000004,8.706846030784277
2009-03-10 19:51:34.0000005,4.750718919121255
2009-03-10 19:51:34.0000002,11.972568096492182
2009-03-10 19:51:34.0000001,5.0157424423532575
2011-11-15 22:33:42.0000001,10.640278246864682
2011-11-15 22:33:42.0000002,16.173099296215014
2010-09-24 22:40:06.0000005,8.610500715839635
2010-09-24 22:40:06.0000003,28.51485321412258
2010-09-24 22:40:06.0000006,6.113474248651869
2010-09-24 22:40:06.0000002,6.788003595859436
2010-09-24 22:40:06.0000001,6.518759202281899
2010-02-06 17:37:10.0000007,3.5563252445000444
2010-02-06 17:37:10.0000004,6.1745063805987
2010-02-06 17:37:10.0000006,6.513921231182167
2010-02-06 17:37:10.0000003,5.804025831379249
2012-05-11 02:43:18.0000002,9.096175807755344
2012-05-11 02:43:18.0000001,5.1261298758844305
2011-09-25 21:18:06.0000001,8.071399229069357
2011-09-25 21:18:06.0000002,12.632211670703896
2013-12-18 03:16:02.0000001,16.2560843935305
2012-01-26 01:32:42.0000001,10.911567602285686
2012-01-26 01:32:42.0000002,5.905392384589732
2011-10-02 03:06:34.0000001,7.547769034607654
2012-03-31 12:52:46.0000002,8.355477718428006
2012-03-31 12:52:46.0000001,19.297454911039495
2014-06-15 00:51:42.0000001,18.123622231458626
2009-04-21 17:27:58.0000001,7.388587601900781
2009-04-21 17:27:58.0000002,5.533901833578625
2012-08-13 15:02:26.0000002,7.035538013424798
2012-08-13 15:02:26.0000003,7.72271015307615
2014-10-27 11:56:50.0000001,8.698242430319851
2014-10-27 11:56:50.0000002,14.786544075697293
2014-10-27 11:56:50.0000003,9.668862922509447
2009-09-29 18:03:18.0000001,12.11655862768987
2011-10-30 16:52:26.0000001,7.076881937038593
2011-10-30 16:52:26.0000002,6.431376946559908
2014-11-24 23:39:26.0000002,16.03620998197266
2014-11-24 23:39:26.0000001,27.143988029469142
2011-08-16 14:41:50.0000001,8.41481081400434
2011-08-16 14:41:50.0000003,6.076164985041601
2011-08-16 14:41:50.0000002,7.306768044803221
2013-01-14 18:42:54.0000002,19.818465256033164
2013-01-14 18:42:54.0000006,7.795029364285483
2013-01-14 18:42:54.0000001,6.605513100880216
2013-01-14 18:42:54.0000007,5.9458360969968
2013-01-14 18:42:54.0000008,8.869849124121856
2009-04-18 23:09:34.0000002,11.854976997589006
2009-11-11 21:20:18.0000001,5.88965696182197
2009-11-11 21:20:18.0000003,30.990219622627478
2012-07-24 01:12:50.0000004,17.937660710716955
2012-07-24 01:12:50.0000003,7.9928508669949
2012-07-24 01:12:50.0000001,16.575151607881594
2012-07-24 01:12:50.0000002,7.956271281059685
2012-07-24 01:12:50.0000005,12.809201979477848
2009-04-18 02:44:34.0000003,8.09016943623601
2009-04-18 02:44:34.0000002,13.46399759730184
2014-07-18 06:32:22.0000001,8.972493907890794
2014-01-10 12:28:38.0000001,10.920980158526845
2011-08-08 15:27:22.0000001,5.249837226324075
2014-07-30 14:42:34.0000001,10.033992835583604
2014-07-30 14:42:34.0000003,23.381080455244273
2014-07-30 14:42:34.0000002,16.598119545421127
2014-08-26 16:39:54.0000002,11.573897893964386
2014-10-11 00:26:38.0000002,14.835717013935778
2014-10-11 00:26:38.0000003,12.82896689291772
2014-10-11 00:26:38.0000001,16.823323091192265
2014-10-11 00:26:38.0000005,12.478632288252811
2014-10-11 00:26:38.0000007,7.24428263043842
2014-10-11 00:26:38.0000006,18.652388298762844
2009-08-15 14:25:02.0000001,9.262042895851778
2009-09-22 06:43:46.0000001,5.718930928695272
2014-05-14 00:00:34.0000001,10.355937086475365
2014-05-14 00:00:34.0000002,10.792230458246422
2014-10-14 01:57:26.0000001,7.852800098055127
2009-05-31 20:56:38.0000002,42.072543178817114
2009-05-31 20:56:38.0000003,7.748183427996196
2009-05-31 20:56:38.0000001,4.937863339333148
2009-07-11 12:59:58.0000001,6.935634382605144
2010-06-02 15:33:06.0000001,6.019654991574157
2010-06-02 15:33:06.0000002,5.6336494752176804
2010-06-02 15:33:06.0000003,4.7522333226478395
2010-01-30 02:13:06.0000002,4.439326866732699
2010-01-30 02:13:06.0000001,3.7001333514734824
2010-01-30 02:13:06.0000003,9.439164364598469
2014-01-05 17:47:02.0000003,9.835467950722318
2014-01-05 17:47:02.0000002,11.155401737958641
2009-03-21 09:59:50.0000003,44.69020153625547
2009-03-21 09:59:50.0000002,11.594028156401123
2009-03-21 09:59:50.0000001,5.121650909048071
2009-08-26 23:55:38.0000002,8.55130963131046
2009-06-09 15:10:50.0000002,48.578027896886056
2009-06-09 15:10:50.0000001,4.383195135295182
2011-09-18 06:14:54.0000001,9.231105889739638
2009-03-27 16:05:22.0000004,25.91375895483759
2009-03-27 16:05:22.0000005,5.1354470281767135
2009-03-27 16:05:22.0000001,8.395439992472689
2009-03-27 16:05:22.0000006,5.5935339403843045
2009-03-27 16:05:22.0000003,8.201218774368499
2009-03-27 16:05:22.0000002,6.307599073399729
2015-05-29 10:02:42.0000005,9.054087253850412
2015-05-29 10:02:42.0000003,8.697783665630936
2015-05-29 10:02:42.0000004,8.878225990090868
2012-09-07 23:20:34.0000004,20.246695381420636
2012-09-07 23:20:34.0000003,15.443362483602527
2012-09-07 23:20:34.0000001,7.473534186010625
2014-03-07 10:36:50.0000002,8.442119231481229
2014-03-07 10:36:50.0000001,10.366742697998575
2013-03-17 23:47:50.0000002,21.715857494390434
2013-03-17 23:47:50.0000001,9.24228167671913
2015-06-30 20:03:50.0000005,10.872178798514483
2015-06-30 20:03:50.0000001,88.89231562245976
2015-06-30 20:03:50.0000003,12.996796469101128
2015-06-30 20:03:50.0000004,8.719954586923564
2015-05-11 02:21:26.0000002,7.314492326494246
2015-05-11 02:21:26.0000001,13.9640246104168
2015-01-10 14:32:14.0000001,9.520910531924756
2014-12-05 14:14:14.0000001,10.558783947150914
2014-12-05 14:14:14.0000002,11.945728631304291
2012-04-23 12:23:18.0000001,7.290868494409551
2012-04-23 12:23:18.0000003,6.804797477958914
2012-04-23 12:23:18.0000002,25.000029779986335
2012-09-01 13:33:14.0000003,8.569041982904423
2012-09-01 13:33:14.0000002,11.110858765596618
2012-09-01 13:33:14.0000001,11.476537643908046
2011-04-17 14:55:58.0000001,4.29829663825717
2010-05-31 20:43:42.0000002,9.308693520518545
2013-11-22 23:44:34.0000002,12.45424671323292
2013-11-22 23:44:34.0000001,8.294909918130998
2013-05-17 05:30:10.0000002,13.401148024025588
2013-05-17 05:30:10.0000001,8.479826774002277
2009-07-28 11:13:10.0000001,13.689233937560061
2014-05-18 14:43:26.0000001,8.818743798731816
2014-05-18 14:43:26.0000002,7.942625123514631
2014-05-18 14:43:26.0000003,8.248818636523197
2011-10-08 18:18:26.0000005,10.46114713455529
2011-10-08 18:18:26.0000001,5.9650951682923505
2011-10-08 18:18:26.0000004,12.899098746111235
2013-09-27 04:39:14.0000001,5.262542051276114
2011-02-08 01:44:18.0000001,12.438210499491333
2015-01-12 06:21:38.0000001,8.316669303900198
2015-01-12 06:21:38.0000002,17.953737405679476
2010-03-23 13:23:34.0000004,4.814331058983612
2010-03-23 13:23:34.0000002,13.474175313099067
2010-03-23 13:23:34.0000001,4.634347572431352
2009-04-02 06:19:02.0000001,11.716154933885264
2012-01-12 18:05:10.0000003,10.43566028009559
2012-01-12 18:05:10.0000001,22.377052232645724
2014-11-21 02:04:42.0000002,12.848316789281967
2014-11-21 02:04:42.0000003,14.344086785789386
2014-11-21 02:04:42.0000001,24.584787494020702
2010-10-09 03:54:42.0000001,10.972557237840874
2012-04-03 12:26:14.0000002,5.881930475156992
2012-04-03 12:26:14.0000001,29.03746733548701
2012-04-03 12:26:14.0000003,11.101303584604011
2010-12-21 08:46:02.0000005,11.154350360324543
2010-12-21 08:46:02.0000004,7.903105564035741
2010-12-21 08:46:02.0000003,9.333338906374252
2010-06-19 22:52:30.0000002,5.722646838822698
2010-06-19 22:52:30.0000001,9.084015902136116
2013-01-03 01:43:10.0000001,18.771598509459636
2013-11-24 03:44:46.0000004,11.363995050915719
2013-11-24 03:44:46.0000002,18.142088644437422
2013-11-24 03:44:46.0000005,15.20050743544607
2011-04-16 12:57:18.0000001,6.803352654006517
2012-10-11 22:24:18.0000001,11.2006456645762
2010-12-13 23:24:02.0000002,12.07837339548928
2010-12-13 23:24:02.0000001,12.1378761191786
2011-09-14 23:42:46.0000001,11.37314826625925
2011-05-17 23:42:46.0000001,6.239645582281241
2011-05-17 23:42:46.0000004,48.62274377939525
2011-05-17 23:42:46.0000002,11.307109960748221
2011-05-17 23:42:46.0000005,6.128956886119909
2011-05-17 23:42:46.0000007,7.7638951373515965
2013-06-30 03:37:26.0000002,6.677193384767975
2013-06-30 03:37:26.0000005,19.09160406373121
2013-06-30 03:37:26.0000001,6.007300894547484
2013-06-30 03:37:26.0000004,17.01957369427555
2011-05-26 21:36:54.0000001,10.012564541776328
2009-11-09 06:00:22.0000001,4.656154685339743
2014-01-09 17:27:18.0000002,42.29864598442305
2014-01-09 17:27:18.0000001,7.984787599358924
2014-01-09 17:27:18.0000005,10.385654722650088
2014-01-09 17:27:18.0000006,7.59412690566171
2014-01-09 17:27:18.0000007,7.842906306087343
2012-07-01 00:24:58.0000003,8.237866560840871
2012-07-01 00:24:58.0000001,8.586983135215746
2012-07-01 00:24:58.0000002,10.380228562422758
2010-06-02 14:55:22.0000003,8.448406756407508
2010-06-02 14:55:22.0000002,5.052481986481098
2010-06-02 14:55:22.0000004,4.991845777998606
2010-06-02 14:55:22.0000006,7.537771800196083
2010-06-02 14:55:22.0000001,9.297271419232061
2010-06-02 14:55:22.0000005,8.291978599039567
2013-03-07 08:50:34.0000001,17.74227759655139
2013-03-07 08:50:34.0000005,8.246352349083963
2013-03-07 08:50:34.0000002,12.411494082844229
2013-03-07 08:50:34.0000006,10.330156163027254
2013-03-07 08:50:34.0000003,12.07841843518952
2013-03-07 08:50:34.0000004,11.545573613018405
2013-10-28 00:33:30.0000001,9.566351688102145
2013-11-23 16:33:30.0000003,11.662856438714016
2013-11-23 16:33:30.0000001,8.776474208660147
2014-11-06 07:56:46.0000002,8.405700969585837
2014-11-06 07:56:46.0000001,9.770803913821737
2013-04-05 12:38:22.0000001,14.606813319357911
2014-11-06 02:02:10.0000001,7.839110213385538
2012-10-09 07:47:46.0000002,8.008212517883521
2012-10-09 07:47:46.0000001,12.058924017523168
2012-10-09 07:47:46.0000003,10.8768541246111
2012-10-09 07:47:46.0000004,10.324050084069313
2012-10-09 07:47:46.0000005,6.048390737943009
2013-11-21 22:21:58.0000001,15.270559045472623
2014-12-20 01:57:26.0000001,11.556554930315656
2014-12-20 01:57:26.0000004,8.980964918607128
2014-12-20 01:57:26.0000003,11.62717288201327
2014-12-20 01:57:26.0000002,7.926345293046552
2010-01-09 13:24:22.0000003,5.967620071876468
2011-11-02 02:18:18.0000001,25.628469800932862
2009-03-11 21:46:54.0000003,7.130370954959858
2009-03-11 21:46:54.0000005,18.675960912268238
2009-03-11 21:46:54.0000001,7.224001849456499
2009-03-11 21:46:54.0000004,28.834078434211392
2014-12-07 03:45:18.0000001,8.720540768928458
2014-12-07 03:45:18.0000002,17.333876608588525
2014-12-07 03:45:18.0000004,20.058722588958858
2014-12-07 03:45:18.0000003,9.92197074396563
2014-11-29 19:23:58.0000001,12.05890816019928
2010-03-04 09:49:38.0000002,18.54180232689373
2010-03-04 09:49:38.0000001,8.387325234310083
2010-03-04 09:49:38.0000003,4.304249143288416
2009-10-10 06:52:06.0000001,6.080105549410746
2009-10-10 06:52:06.0000002,9.919797529389143
2012-08-22 20:54:46.0000003,9.633079643186534
2012-08-22 20:54:46.0000001,8.94092939834104
2012-08-22 20:54:46.0000002,7.920375097823694
2015-05-01 07:49:14.0000001,7.197109782462462
2009-02-21 20:49:34.0000001,8.288189131546915
2012-08-10 14:04:14.0000005,8.82840075859042
2012-08-10 14:04:14.0000006,22.901592473099527
2012-08-10 14:04:14.0000004,6.60892762901517
2012-08-10 14:04:14.0000003,6.533673946368708
2012-08-10 14:04:14.0000007,5.733773501840233
2012-08-10 14:04:14.0000002,11.048988816540032
2013-05-10 21:08:18.0000002,17.653183771280396
2013-05-10 21:08:18.0000003,8.033427023670583
2013-05-10 21:08:18.0000005,6.914065522267379
2013-05-10 21:08:18.0000004,13.763821238445985
2013-05-10 21:08:18.0000001,6.724755691647374
2009-09-25 12:59:18.0000001,6.285053262760357
2014-08-02 21:05:42.0000002,14.008437972630759
2014-08-02 21:05:42.0000001,7.626486611508426
2013-10-29 20:16:10.0000002,7.2135243974745435
2013-10-29 20:16:10.0000001,17.790141769634488
2009-11-11 22:49:46.0000003,9.832723832294505
2009-11-11 22:49:46.0000002,7.34516788158453
2009-11-11 22:49:46.0000001,5.722386165833427
2009-10-17 03:52:42.0000002,7.949570206239287
2009-10-17 03:52:42.0000007,4.830753691349628
2009-10-17 03:52:42.0000006,6.987097128883875
2009-10-17 03:52:42.0000003,14.923814497187436
2009-10-17 03:52:42.0000001,5.123803832364615
2009-10-17 03:52:42.0000004,5.456318267008442
2014-02-27 09:36:26.0000007,10.800796209654436
2014-02-27 09:36:26.0000008,8.032671662130497
2014-02-27 09:36:26.0000002,6.228361968689114
2014-02-27 09:36:26.0000005,6.441426202968728
2014-02-27 09:36:26.0000003,7.32623717006652
2014-02-27 09:36:26.0000006,9.527774782627262
2014-02-27 09:36:26.0000004,12.764169336608234
2014-02-27 09:36:26.0000009,6.659116444776373
2012-12-26 17:12:30.0000003,9.808172696315182
2012-12-26 17:12:30.0000005,18.684644585422802
2012-12-26 17:12:30.0000001,8.46032111211332
2012-12-26 17:12:30.0000004,9.693660778382196
2014-03-11 20:24:02.0000003,9.22738301568154
2014-03-11 20:24:02.0000002,8.978137537479029
2014-03-11 20:24:02.0000004,8.811254548369789
2011-01-29 09:28:38.0000002,5.801346545014894
2011-01-29 09:28:38.0000001,7.255563883672153
2011-01-29 09:28:38.0000003,7.907171374606719
2011-01-29 09:28:38.0000005,6.721825830152511
2011-01-29 09:28:38.0000004,6.765013793294884
2015-05-07 15:33:26.0000003,6.905047250657731
2015-05-07 15:33:26.0000007,7.87155341919663
2015-05-07 15:33:26.0000001,11.203038521517215
2015-05-07 15:33:26.0000002,12.292302970602691
2015-05-07 15:33:26.0000006,8.359687334332648
2010-10-25 13:31:22.0000003,5.363012578046096
2010-10-25 13:31:22.0000002,15.465300207910332
2010-10-25 13:31:22.0000001,6.106393248776499
2010-10-25 13:31:22.0000004,9.667384114989659
2012-09-10 21:07:54.0000005,23.758380665563777
2012-09-10 21:07:54.0000004,12.954721637132707
2012-09-10 21:07:54.0000003,7.427381375193022
2012-09-10 21:07:54.0000007,10.832492804250478
2012-09-10 21:07:54.0000002,11.543568068071522
2012-09-10 21:07:54.0000006,9.926835629257312
2012-09-10 21:07:54.0000001,8.246084291388684
2012-04-15 21:54:22.0000001,9.508811783524493
2012-04-20 00:06:10.0000007,6.741210826435122
2012-04-20 00:06:10.0000001,7.769911521765948
2012-04-20 00:06:10.0000002,9.002256855038354
2012-04-20 00:06:10.0000006,8.161664820276997
2012-04-20 00:06:10.0000005,6.225129724856174
2012-04-20 00:06:10.0000008,16.054194314023448
2012-06-12 23:10:42.0000001,14.038799677471388
2012-06-12 23:10:42.0000003,14.938103271697287
2012-06-12 23:10:42.0000002,13.661408365835428
2009-04-30 22:25:26.0000004,12.546734661932419
2009-04-30 22:25:26.0000003,11.705979532594142
2009-04-30 22:25:26.0000002,7.025642266117188
2009-04-30 22:25:26.0000001,5.911730012759335
2011-02-20 06:18:34.0000001,33.90078087257655
2011-02-20 06:18:34.0000002,6.839680537248682
2013-04-21 19:50:54.0000003,40.12328228418755
2011-06-11 21:33:18.0000001,9.759965748572881
2013-02-06 18:21:18.0000006,7.942526341556118
2013-02-06 18:21:18.0000002,7.6510927883400655
2013-02-06 18:21:18.0000003,10.208876285459837
2013-02-06 18:21:18.0000004,8.504811012448954
2014-05-01 21:05:34.0000002,7.622228537045771
2014-05-01 21:05:34.0000003,15.953463592442858
2013-07-21 11:41:26.0000001,15.328854253939767
2013-07-21 11:41:26.0000002,6.984408227215681
2011-04-22 19:23:54.0000001,10.571342955112868
2011-04-22 19:23:54.0000003,6.947264588920007
2011-04-22 19:23:54.0000002,45.87663557227461
2012-09-04 05:46:50.0000001,8.12614851025171
2012-09-04 05:46:50.0000002,22.8404889658907
2009-03-24 11:57:34.0000005,10.528411664917257
2009-03-24 11:57:34.0000004,5.885730137940413
2009-03-24 11:57:34.0000003,3.6039299957919866
2009-03-24 11:57:34.0000002,3.8104155629123397
2009-03-24 11:57:34.0000001,5.364326145128757
2011-07-05 22:05:34.0000001,10.139005366457127
2011-09-17 15:41:06.0000001,8.311043307833529
2011-09-17 15:41:06.0000003,4.623093594420993
2011-12-25 04:37:10.0000001,14.058034700597773
2015-03-05 13:21:58.0000002,10.485059009860606
2015-03-05 13:21:58.0000003,8.369011767107736
2014-09-01 09:16:10.0000001,9.193197473159444
2015-06-21 17:16:10.0000007,9.218134671543112
2015-06-21 17:16:10.0000002,13.436607459554125
2015-06-21 17:16:10.0000006,13.198462765901695
2015-06-21 17:16:10.0000003,12.058627373486502
2015-06-21 17:16:10.0000004,10.401164767822365
2010-06-02 22:04:10.0000003,8.264509937899334
2010-06-02 22:04:10.0000004,15.253190061584178
2010-06-02 22:04:10.0000005,7.575426490784935
2010-06-02 22:04:10.0000006,5.863458389479774
2014-03-01 09:37:02.0000001,7.671889054191297
2014-03-01 09:37:02.0000002,7.861041083113037
2014-03-01 09:37:02.0000003,53.91375563499639
2011-07-18 12:12:18.0000001,6.553544757908867
2011-07-18 12:12:18.0000003,7.266359824860501
2011-07-18 12:12:18.0000002,8.087757188650926
2015-02-27 19:36:02.0000009,13.02103438824804
2015-02-27 19:36:02.00000010,7.610939338953472
2015-02-27 19:36:02.00000012,14.764011038625995
2015-02-27 19:36:02.0000004,7.4250060748879605
2015-02-27 19:36:02.00000011,9.030902684877788
2015-02-27 19:36:02.0000003,9.364533735131204
2015-02-27 19:36:02.0000001,21.02374472086524
2015-02-27 19:36:02.0000002,8.33669583555968
2015-02-27 19:36:02.0000007,16.283929707910033
2012-04-16 21:10:10.0000001,9.743917008101334
2015-06-14 08:26:26.0000001,8.270080813984919
2014-01-15 22:45:42.0000003,8.131697543813402
2014-01-15 22:45:42.0000001,51.96416362415562
2014-01-15 22:45:42.0000002,13.154432307752131
2013-04-06 19:16:10.0000001,6.053306641581003
2013-04-06 19:16:10.0000003,8.290059362386955
2013-04-06 19:16:10.0000004,8.609885215578629
2013-04-06 19:16:10.0000005,14.392999035453386
2014-03-08 16:08:26.0000002,10.795239649268183
2014-03-08 16:08:26.0000004,6.1232552808317
2013-12-06 23:40:42.0000001,10.388703089819387
2013-12-06 23:40:42.0000006,44.0740848378814
2013-12-06 23:40:42.0000002,34.10145650803713
2013-12-06 23:40:42.0000003,13.892823577886816
2013-08-19 17:09:50.0000001,6.798102809199008
2013-08-19 17:09:50.0000002,9.169797792509598
2013-08-19 17:09:50.0000004,8.183707847106803
2013-08-19 17:09:50.0000003,11.104650711279987
2009-11-02 21:38:38.0000001,11.886315176422158
2009-06-03 09:11:30.0000004,6.922656658203664
2009-06-03 09:11:30.0000003,16.925057492140354
2009-06-03 09:11:30.0000002,6.662546419816522
2009-06-03 09:11:30.0000005,4.557170257619305
2015-03-12 13:01:54.0000002,9.198633222100284
2015-03-12 13:01:54.0000005,12.047776063399397
2015-03-12 13:01:54.0000004,9.272885484877293
2015-03-12 13:01:54.0000001,7.555120807745766
2013-02-05 06:13:58.0000003,13.137999978133166
2013-02-05 06:13:58.0000002,49.21957942564916
2013-02-05 06:13:58.0000001,16.0717358464442
2014-05-19 06:39:34.0000001,8.238288507745096
2014-10-04 21:48:22.0000003,9.076274995548374
2014-10-04 21:48:22.0000002,9.79066831594514
2014-10-04 21:48:22.0000004,33.727551302399206
2012-01-22 04:13:34.0000005,13.321563187285847
2012-01-22 04:13:34.0000006,7.439468999038581
2012-01-22 04:13:34.0000004,9.493856596676324
2012-01-22 04:13:34.0000002,14.524943242784389
2010-07-27 06:13:02.0000001,29.229147536706023
2013-06-21 11:19:18.0000002,6.878729140395876
2013-06-21 11:19:18.0000001,9.329743773108703
2010-12-23 05:52:26.0000001,25.575253499896462
2010-12-23 05:52:26.0000002,47.137268145540816
2010-12-17 10:33:34.0000004,8.80124491547167
2010-12-17 10:33:34.0000002,5.2384214506066655
2012-06-04 11:34:58.0000003,9.12713506095406
2012-06-04 11:34:58.0000004,6.523221425397878
2012-06-04 11:34:58.0000001,15.916518692365116
2009-07-05 16:31:30.0000001,5.848555697116581
2009-07-05 16:31:30.0000002,6.461459774099467
2009-07-05 16:31:30.0000003,25.232497044069532
2012-12-08 20:08:38.0000004,6.03527421026206
2012-12-08 20:08:38.0000003,8.785003300751669
2012-12-08 20:08:38.0000005,11.807253311877616
2010-06-23 08:34:50.0000003,9.044138020973605
2010-06-23 08:34:50.0000002,5.141873904019121
2010-06-23 08:34:50.0000001,7.0546184986790195
2012-03-07 10:57:46.0000001,8.509521452547347
2012-03-07 10:57:46.0000004,13.893141529125273
2012-03-07 10:57:46.0000005,6.689640917318911
2012-03-07 10:57:46.0000002,6.9168391893877015
2012-03-07 10:57:46.0000003,7.582134233761167
2010-02-24 07:06:54.0000001,5.69437000963444
2013-12-29 01:20:50.0000003,18.328217482820946
2013-12-29 01:20:50.0000001,8.368900026955657
2014-03-28 22:34:26.0000001,34.13206644161369
2014-03-28 22:34:26.0000004,6.663895778174492
2014-03-28 22:34:26.0000003,9.1402132112554
2010-12-04 21:08:38.0000002,10.705898951726226
2010-12-04 21:08:38.0000001,19.202468338747735
2010-12-04 21:08:38.0000006,7.835756900227011
2010-12-04 21:08:38.0000003,7.7643213292730024
2010-03-07 17:09:42.0000002,16.337855525365057
2010-03-07 17:09:42.0000003,6.271315124049352
2010-03-07 17:09:42.0000001,13.29404415432623
2010-03-07 17:09:42.0000004,12.415034978576614
2013-09-07 19:43:18.0000004,12.609113299190085
2013-09-07 19:43:18.0000005,17.114146870715103
2013-09-07 19:43:18.0000006,10.530573367027955
2013-09-07 19:43:18.0000008,8.168218178050097
2013-09-07 19:43:18.0000001,7.791463064217737
2013-12-20 15:31:06.0000001,9.748586031789046
2013-12-20 15:31:06.0000002,8.22013682936722
2010-09-06 04:31:54.0000001,24.59693268282058
2013-11-01 05:26:54.0000001,48.370178945239104
2010-03-07 00:47:26.0000004,14.549071186487254
2012-03-20 01:55:42.0000001,19.462374051794086
2011-10-02 05:06:46.0000001,15.166452521430188
2010-10-31 18:45:58.0000003,5.59934000200974
2010-10-31 18:45:58.0000002,17.356337696149467
2010-10-31 18:45:58.0000001,8.424450152667418
2010-10-31 18:45:58.0000005,5.464110135412739
2015-02-03 09:00:58.0000002,9.938012964084123
2012-08-08 08:58:50.0000001,8.15875505523843
2012-08-08 08:58:50.0000004,5.927252781045581
2012-08-08 08:58:50.0000005,8.709504163502288
2012-08-08 08:58:50.0000003,8.01753300199482
2011-04-08 15:01:02.0000001,7.91488428735488
2011-04-08 15:01:02.0000003,6.4276208020482954
2009-01-14 03:42:38.0000001,11.11382223908197
2015-01-10 09:38:54.0000007,12.25468279464826
2015-01-10 09:38:54.0000003,8.6413973128017
2015-01-10 09:38:54.0000004,13.325260340564228
2010-12-04 09:25:10.0000001,12.662126087998331
2010-12-04 09:25:10.0000002,8.261049708725295
2009-05-12 17:08:06.0000001,12.848081452084557
2013-11-07 02:07:22.0000001,17.68901447906012
2014-10-03 00:50:06.0000004,18.76874068171287
2014-10-03 00:50:06.0000001,8.42354876895763
2014-10-03 00:50:06.0000002,14.620105014686146
2010-06-18 19:19:26.0000001,24.125866559729616
2010-06-18 19:19:26.0000002,4.818300404104889
2010-06-18 19:19:26.0000003,6.55345684927488
2010-05-10 03:55:14.0000001,7.789752417569389
2013-06-21 00:00:34.0000001,20.838531151381744
2013-06-21 00:00:34.0000002,15.098962812461991
2013-06-21 00:00:34.0000003,12.834576276001485
2009-03-11 16:02:14.0000006,5.712794774329495
2009-03-11 16:02:14.0000004,6.059615913196922
2009-03-11 16:02:14.0000002,8.756847003910366
2009-03-11 16:02:14.0000001,3.6887973932044815
2009-03-11 16:02:14.0000005,6.3581033221572625
2009-03-11 16:02:14.0000003,6.62785586592463
2013-07-05 17:38:14.0000001,9.112084893570795
2013-08-26 01:11:14.0000002,12.92384501676952
2013-08-26 01:11:14.0000001,11.829455034715352
2012-07-30 01:49:10.0000001,5.765469656876007
2012-07-30 01:49:10.0000002,25.661801739952125
2011-05-13 03:57:10.0000001,7.041781949133224
2012-02-29 12:03:34.0000004,10.142381268720328
2012-02-29 12:03:34.0000002,5.94681766132112
2012-02-29 12:03:34.0000001,8.119433991783922
2013-12-17 17:59:22.0000001,7.141959060013733
2012-09-18 09:58:54.0000003,9.069109636912572
2012-09-18 09:58:54.0000002,25.270625063226703
2012-09-18 09:58:54.0000001,11.345494094461515
2013-07-23 18:56:30.0000002,8.189205319815642
2013-07-23 18:56:30.0000001,8.874222057045472
2014-05-15 01:39:14.0000001,29.215693676675755
2013-09-16 14:16:34.0000003,7.788224223987299
2013-09-16 14:16:34.0000001,36.963937811761866
2014-01-04 17:27:38.0000001,23.067467007048776
2014-01-04 17:27:38.0000002,9.160665927270884
2014-01-04 17:27:38.0000003,9.320362927110068
2011-03-10 18:16:14.0000003,6.894218933283582
2011-03-10 18:16:14.0000004,6.437919705588342
2011-03-10 18:16:14.0000001,6.627171329225803
2013-04-05 06:42:26.0000002,7.565562694488449
2013-04-05 06:42:26.0000001,15.253662239596451
2009-03-11 12:01:30.0000001,12.480992883663816
2009-03-11 12:01:30.0000002,4.297962170578671
2009-03-11 12:01:30.0000004,5.230202876241265
2015-01-20 05:31:06.0000001,51.920542288086835
2009-08-03 17:06:06.0000001,4.76920630595157
2014-01-05 08:51:10.0000001,8.308333842813909
2010-03-13 01:23:10.0000002,19.8181656637488
2010-03-13 01:23:10.0000003,5.324459642866827
2012-05-30 02:28:50.0000001,12.743841399468238
2012-07-26 12:40:38.0000002,6.638565881911859
2012-07-26 12:40:38.0000001,29.701229922220023
2012-07-26 12:40:38.0000003,8.360501223600522
2010-09-22 16:28:54.0000003,5.7007522018471946
2010-09-22 16:28:54.0000001,6.628618501671667
2010-09-22 16:28:54.0000002,23.168992490716846
2014-05-26 22:57:10.0000002,8.852244814511437
2014-05-26 22:57:10.0000003,14.927949509552604
2014-05-26 22:57:10.0000005,8.822525915978645
2014-05-26 22:57:10.0000004,9.99561255172057
2012-02-11 07:03:34.0000001,7.261810020770781
2010-06-27 05:03:38.0000001,7.164491751805031
2014-09-29 11:51:06.0000001,17.33531959708273
2014-09-29 11:51:06.0000002,8.931401146857866
2010-09-04 18:31:42.0000002,11.638928011678217
2010-09-04 18:31:42.0000001,20.233829475884136
2015-04-14 19:20:46.0000001,11.51900269407895
2015-04-14 19:20:46.0000005,8.373581740834766
2015-04-14 19:20:46.00000010,8.602616182996144
2015-04-14 19:20:46.0000007,7.0686963559433025
2015-04-14 19:20:46.0000004,8.193526729431369
2015-04-14 19:20:46.0000003,12.644566020189359
2015-04-14 19:20:46.0000006,8.84034454962864
2015-04-14 19:20:46.0000002,9.47171507651774
2015-04-14 19:20:46.0000009,11.272277042977407
2009-07-20 08:53:34.0000002,5.292099475674036
2009-07-20 08:53:34.0000001,6.376006883096579
2013-04-03 16:09:02.0000002,5.805869559615644
2013-04-03 16:09:02.0000001,62.55356253513196
2009-11-20 23:19:58.0000001,7.458211504631095
2009-11-20 23:19:58.0000002,10.043677139497731
2012-08-04 09:01:54.0000002,11.048974021678646
2012-08-04 09:01:54.0000001,6.188695684199956
2011-09-22 20:05:22.0000007,10.19439111365989
2011-09-22 20:05:22.0000001,11.121467797818582
2011-09-22 20:05:22.0000005,12.789876555745082
2011-09-22 20:05:22.0000006,6.165057841820612
2014-08-09 01:27:30.0000002,8.434850760753307
2011-02-15 05:44:42.0000002,13.569766368192404
2011-02-15 05:44:42.0000001,48.33122796365001
2014-10-31 12:04:26.0000002,24.63163524763047
2014-10-31 12:04:26.0000001,7.939551162231282
2015-02-09 07:16:26.0000006,7.019247644999609
2015-02-09 07:16:26.0000004,7.675713227611368
2015-02-09 07:16:26.0000007,8.378037717520328
2015-02-09 07:16:26.0000001,7.17343006242038
2015-02-09 07:16:26.0000002,10.65808116477308
2015-02-09 07:16:26.0000008,7.431708240592798
2015-02-09 07:16:26.0000003,10.882732965788819
2011-09-08 17:26:34.0000001,7.999936129357479
2011-09-08 17:26:34.0000003,10.447558267432441
2011-09-08 17:26:34.0000002,8.599356969326777
2011-09-08 17:26:34.0000004,6.824288574400271
2013-04-10 21:03:42.0000004,7.771154999429541
2013-04-10 21:03:42.0000005,9.425532780067215
2013-04-10 21:03:42.0000003,7.798843804677858
2013-04-10 21:03:42.0000002,12.395701725624463
2013-04-10 21:03:42.0000001,7.826464796174491
2011-12-29 19:29:50.0000003,8.66767406932945
2011-12-29 19:29:50.0000004,14.334071515803885
2011-12-29 19:29:50.0000001,9.940508814396367
2013-09-26 15:50:06.0000003,7.193722299385513
2013-09-26 15:50:06.0000005,11.987782651847738
2013-09-26 15:50:06.0000002,7.404792126726306
2013-09-26 15:50:06.0000001,10.613204321814578
2013-09-26 15:50:06.0000004,8.17008352489131
2012-10-01 07:18:06.0000001,6.33590143618369
2012-10-01 07:18:06.0000002,8.471460922862207
2013-03-14 21:43:46.0000001,13.53341203709249
2012-10-05 23:47:02.0000001,9.940199896198578
2009-02-08 00:04:06.0000004,11.556009197027834
2009-02-08 00:04:06.0000002,36.677909182330154
2012-02-04 22:47:18.0000001,6.846061019791705
2012-02-04 22:47:18.0000003,8.048612136735642
2012-05-06 03:01:10.0000003,7.7867771253816045
2012-05-06 03:01:10.0000002,12.039601635777672
2014-07-08 08:56:58.0000001,8.91933826489958
2010-01-09 08:29:14.0000003,4.195039680614741
2010-01-09 08:29:14.0000002,7.4160616764897895
2010-01-09 08:29:14.0000001,14.529750763395441
2010-01-09 08:29:14.0000004,5.554879849956592
2010-12-06 03:36:58.0000001,5.583480218956197
2011-10-19 05:25:18.0000002,26.233467649499175
2011-10-19 05:25:18.0000001,8.248753534209413
2014-06-14 08:13:22.0000002,14.998558341512762
2014-06-14 08:13:22.0000003,15.430139785850997
2014-06-14 08:13:22.0000001,17.491281283350872
2011-02-19 10:14:58.0000002,6.849826870566403
2014-12-25 03:10:26.0000001,13.45820666385157
2009-06-16 14:32:38.0000003,5.41946289677287
2009-06-16 14:32:38.0000001,6.383614797015753
2009-06-16 14:32:38.0000005,4.466793056902588
2009-06-16 14:32:38.0000006,8.393439967895233
2009-06-16 14:32:38.0000002,5.870916574564603
2009-06-16 14:32:38.0000004,15.207260455435062
2010-08-16 17:14:18.0000001,47.56823339815526
2013-04-29 09:18:06.0000004,7.244249107531232
2013-04-29 09:18:06.0000002,7.3860526848235395
2013-04-29 09:18:06.0000005,9.10577267642816
2013-04-29 09:18:06.0000001,22.068581021671434
2013-04-29 09:18:06.0000003,8.568209394945825
2013-06-23 14:52:34.0000002,30.937178824703437
2013-06-23 14:52:34.0000001,6.319593409776189
2013-03-28 05:22:58.0000001,7.354438256977119
2015-06-08 20:18:30.0000006,10.814304154339197
2015-06-08 20:18:30.0000003,8.24994374448488
2015-06-08 20:18:30.0000002,16.59497644790042
2015-06-08 20:18:30.0000001,11.897219198700668
2015-06-08 20:18:30.0000004,11.265577511383412
2015-06-08 20:18:30.0000005,13.220489338056268
2011-09-08 13:39:06.0000001,6.65834383936749
2012-03-03 02:30:54.0000001,8.888800601400362
2012-03-03 02:30:54.0000002,10.04515997523879
2012-03-03 02:30:54.0000004,11.51157461954324
2010-03-27 20:11:10.0000003,6.225499382391831
2010-03-27 20:11:10.0000001,7.8034019409014945
2010-03-27 20:11:10.0000002,9.823984192889839
2009-08-11 22:40:02.0000002,11.678354165778615
2009-08-11 22:40:02.0000003,44.287490933360914
2009-08-11 22:40:02.0000004,5.274184488206856
2009-08-11 22:40:02.0000005,15.452177275814279
2009-08-11 22:40:02.0000001,6.134570366189223
2012-12-27 21:01:54.0000001,7.190167193300795
2012-12-27 21:01:54.0000003,7.938382660081857
2012-12-27 21:01:54.0000006,10.30494894349522
2012-12-27 21:01:54.0000007,18.180001835576036
2012-12-27 21:01:54.0000008,10.286506190176738
2015-04-16 18:45:22.0000003,9.382869035620047
2015-04-16 18:45:22.0000002,7.519303242282717
2015-04-16 18:45:22.0000001,9.89625655615896
2015-04-16 18:45:22.0000005,17.398553210239015
2014-05-17 10:51:46.0000001,8.408652116180292
2014-05-17 10:51:46.0000004,9.108128315903173
2014-05-17 10:51:46.0000002,24.470922635076704
2009-05-04 11:23:18.0000001,6.314447996255922
2009-05-04 11:23:18.0000003,6.994714987476868
2009-05-04 11:23:18.0000002,8.069566118345392
2013-07-22 14:30:06.0000002,7.031607725226877
2013-07-22 14:30:06.0000001,15.909453734056001
2015-05-31 20:48:54.0000005,6.703267454171623
2015-05-31 20:48:54.0000004,6.299881344127925
2015-05-31 20:48:54.0000001,7.8993149229526125
2010-07-16 06:44:06.0000001,5.587919455582892
2010-07-16 06:44:06.0000003,13.930945929429754
2010-07-16 06:44:06.0000004,18.671238827965226
2010-07-16 06:44:06.0000002,21.333004109321905
2013-01-06 12:39:54.0000003,7.397237530801135
2013-01-06 12:39:54.0000001,8.550300811902503
2013-01-06 12:39:54.0000004,9.24296307606403
2013-01-06 12:39:54.0000002,9.253421293428914
2013-01-06 12:39:54.0000005,5.506099161018142
2012-12-15 15:55:42.0000001,7.705114845779576
2012-12-15 15:55:42.0000002,8.688821170350707
2010-05-06 11:35:26.0000001,6.786006040097732
2010-05-06 11:35:26.0000003,3.987011402352664
2014-01-06 10:16:02.0000001,15.801270625174539
2014-01-06 10:16:02.0000002,7.111782033477539
2012-07-24 04:44:26.0000001,10.14965027175083
2010-08-06 15:37:14.0000007,7.153712573665757
2010-08-06 15:37:14.0000003,6.9898536686657735
2010-08-06 15:37:14.0000006,6.112269149492249
2010-08-06 15:37:14.0000005,33.68457321134554
2010-08-06 15:37:14.0000004,9.150056128656615
2010-08-06 15:37:14.0000002,10.625412834145209
2010-08-06 15:37:14.0000001,6.175047676861141
2010-11-10 23:21:50.0000002,7.722017219967029
2010-11-10 23:21:50.0000003,9.134791224083529
2013-03-31 00:09:58.0000002,9.251891405381684
2013-03-31 00:09:58.0000003,9.05081804076542
2010-02-01 00:05:42.0000001,11.116407408587065
2010-02-01 00:05:42.0000002,15.961858588899076
2009-06-18 18:47:22.0000003,11.969327753071866
2009-06-18 18:47:22.0000001,7.627588466937368
2009-06-18 18:47:22.0000002,9.427518363818763
2015-01-03 08:47:26.0000001,10.055057213494251
2015-01-03 08:47:26.0000002,11.699880053399283
2014-06-20 02:16:34.0000001,8.35411690692979
2011-02-03 07:13:06.0000001,5.1909757901177045
2014-01-14 18:48:06.0000007,10.219202186017583
2014-01-14 18:48:06.0000002,8.440944715260684
2014-01-14 18:48:06.0000003,7.343895101451153
2014-01-14 18:48:06.0000004,8.822952565707169
2014-01-14 18:48:06.0000001,9.063026080722693
2014-01-14 18:48:06.0000005,8.437761249451569
2014-01-14 18:48:06.0000006,7.2456012625333415
2013-10-18 05:08:54.0000001,33.0150522171208
2011-07-20 08:05:02.0000003,8.036664772740437
2011-07-20 08:05:02.0000002,5.587983295423669
2011-07-20 08:05:02.0000004,8.074587481029994
2009-05-03 16:02:54.0000005,6.665392771988422
2009-05-03 16:02:54.0000003,5.075707844176691
2009-05-03 16:02:54.0000002,6.2769439482553935
2009-05-03 16:02:54.0000001,13.787687828647563
2012-09-06 17:58:06.0000001,5.356307699629042
2012-09-06 17:58:06.0000003,8.008166220222506
2014-04-06 16:47:14.0000003,8.191992888520417
2014-09-06 03:52:50.0000002,12.614397517533803
2013-07-27 09:59:18.0000001,7.426182006854106
2014-12-26 20:19:38.0000002,8.482021457806354
2014-01-01 13:06:34.0000001,7.164577758544624
2011-12-25 15:35:54.0000003,8.3925246190297
2011-12-25 15:35:54.0000004,8.850755014508422
2015-05-14 23:11:58.0000001,17.71290880535844
2015-05-14 23:11:58.0000007,11.309326833483851
2015-05-14 23:11:58.0000003,9.511685916501051
2015-05-14 23:11:58.0000005,9.271399529723112
2015-05-14 23:11:58.0000008,11.762219936808378
2015-05-14 23:11:58.0000002,15.910698965290862
2015-05-14 23:11:58.0000006,9.864350684045121
2015-04-22 09:54:06.0000002,9.13906815539383
2015-04-22 09:54:06.0000003,7.470349570596795
2009-03-22 07:02:02.0000001,8.33320168377793
2012-04-30 04:34:50.0000001,20.036187319331475
2009-01-21 09:13:50.0000003,3.5947137566079164
2009-01-21 09:13:50.0000004,4.564900637149094
2009-01-21 09:13:50.0000001,7.504153398862627
2009-01-21 09:13:50.0000002,4.904856680851026
2010-06-11 18:07:10.0000002,6.024950737374979
2010-06-11 18:07:10.0000001,4.33946347879089
2010-06-11 18:07:10.0000004,12.185726430487989
2010-06-11 18:07:10.0000003,12.085595170378724
2012-09-01 19:04:18.0000002,8.747948770638686
2014-06-18 06:22:42.0000001,8.30712153038769
2014-06-18 06:22:42.0000002,12.454637240346756
2009-12-09 08:34:30.0000001,7.0173738350164285
2009-12-09 08:34:30.0000002,5.271129295859282
2009-12-09 08:34:30.0000003,43.49080624750604
2009-12-09 08:34:30.0000004,46.32566012985603
2013-06-06 02:54:50.0000002,10.725460032984302
2013-06-06 02:54:50.0000003,7.652704979504506
2010-07-19 12:15:54.0000003,5.967103399665916
2010-07-19 12:15:54.0000002,12.808754219378557
2010-07-19 12:15:54.0000001,7.371621600086087
2010-07-19 12:15:54.0000004,6.522691261389809
2013-12-18 12:36:46.0000001,8.263769634256505
2013-12-18 12:36:46.0000003,24.83784821617394
2013-12-18 12:36:46.0000004,8.957817503948036
2013-12-18 12:36:46.0000002,10.752435939502789
2009-01-25 21:17:18.0000002,9.355762243845675
2009-01-25 21:17:18.0000003,5.980097168658972
2012-10-03 09:18:22.0000002,7.949438465216076
2012-10-03 09:18:22.0000003,8.21728590970406
2012-10-03 09:18:22.0000004,7.317590227883898
2012-10-03 09:18:22.0000001,12.563870744316091
2012-10-03 09:18:22.0000005,10.568528224243664
2012-06-13 19:49:50.0000003,11.098484822437285
2012-06-13 19:49:50.0000002,12.311998483968978
2012-06-13 19:49:50.0000001,6.581478526167416
2011-09-03 00:03:42.0000004,5.528227702617414
2011-09-03 00:03:42.0000009,16.032801162791543
2011-09-03 00:03:42.0000001,5.978888889047084
2011-09-03 00:03:42.0000003,7.0059511254471545
2011-09-03 00:03:42.0000006,8.65027978095543
2011-09-03 00:03:42.0000002,7.212282198840626
2011-09-03 00:03:42.0000005,10.084534362368004
2009-01-27 13:27:30.0000002,9.366668960892753
2009-01-27 13:27:30.0000001,5.264031190548849
2009-07-03 00:41:38.0000001,9.858313412713073
2009-07-03 00:41:38.0000002,4.099829244260718
2010-05-29 11:51:30.0000001,4.891203388840495
2013-07-02 22:27:14.0000005,8.977581112435928
2013-07-02 22:27:14.0000003,15.095349287873773
2015-05-09 11:33:58.0000004,8.057139617379676
2015-05-09 11:33:58.0000001,8.652401759308418
2015-05-09 11:33:58.0000003,33.66447691390897
2011-07-18 00:04:54.0000002,5.910646282100743
2011-04-03 03:46:18.0000002,9.748180906219659
2009-11-03 13:04:46.0000003,5.387317373953238
2009-11-03 13:04:46.0000002,15.891714911094482
2009-11-03 13:04:46.0000001,7.821234251482565
2010-06-25 14:00:14.0000002,7.256382168966979
2010-12-20 09:39:02.0000001,12.324091850996638
2010-12-20 09:39:02.0000002,6.50299383392246
2014-05-20 14:43:10.0000001,9.73484195011929
2014-05-20 14:43:10.0000002,7.230906904184053
2010-09-16 05:07:10.0000001,6.814089454407622
2011-08-01 17:44:30.0000006,4.796649266113604
2011-08-01 17:44:30.0000005,6.318394273230979
2011-08-01 17:44:30.0000001,10.277952446813174
2011-08-01 17:44:30.0000002,9.243025456421037
2011-08-01 17:44:30.0000004,5.995680003582265
2011-03-01 07:23:14.0000003,6.349621165394979
2011-03-01 07:23:14.0000001,5.997803059279249
2011-06-24 13:23:18.0000004,10.599840487830306
2011-06-24 13:23:18.0000001,12.80087771365504
2011-06-24 13:23:18.0000002,14.4973136268502
2011-06-24 13:23:18.0000003,10.07384361885272
2013-11-19 02:41:10.0000001,13.501823060959055
2012-01-01 18:02:46.0000003,6.046735881152472
2012-01-01 18:02:46.0000002,8.716697834559568
2015-03-28 19:31:26.0000002,8.234186137531424
2015-03-28 19:31:26.0000006,8.698173006491515
2015-03-28 19:31:26.0000001,9.235859806053213
2015-03-28 19:31:26.0000005,12.534588082602568
2010-07-13 11:53:15.0000004,7.728784135700039
2010-07-13 11:53:15.0000001,10.093209252000975
2010-07-13 11:53:15.0000007,12.53432495828065
2010-07-13 11:53:15.0000002,8.71150199148326
2013-02-07 13:47:59.0000004,8.845923875601216
2013-02-07 13:47:59.0000001,5.39961098935828
2013-02-07 13:47:59.0000003,7.290165406826759
2013-08-08 14:38:43.0000001,5.812494299630771
2013-08-08 14:38:43.0000003,7.1504336350757285
2015-05-19 13:58:11.0000003,25.471534051085087
2015-05-19 13:58:11.0000008,10.470181358006926
2015-05-19 13:58:11.0000005,11.312234735990387
2015-05-19 13:58:11.0000007,34.196747283754576
2015-05-19 13:58:11.0000004,8.163286814804906
2015-05-19 13:58:11.0000002,12.670119003838067
2012-07-31 22:21:11.0000001,9.723388135119876
2012-07-31 22:21:11.0000002,6.954267530111224
2013-01-03 08:50:31.0000001,8.633350846984513
2013-01-03 08:50:31.0000002,8.11049617093488
2013-01-03 08:50:31.0000007,7.087043467349531
2013-01-03 08:50:31.0000004,7.122329244497678
2013-01-03 08:50:31.0000006,18.44344791502192
2013-01-03 08:50:31.0000005,17.284344847385228
2009-04-14 17:43:23.0000003,5.346484272553084
2009-04-14 17:43:23.0000007,11.164029545111248
2009-04-14 17:43:23.0000006,8.89131103445311
2009-04-14 17:43:23.0000008,5.950447202630926
2009-04-14 17:43:23.0000004,9.424195079634615
2009-04-14 17:43:23.0000005,5.657207701154221
2009-11-19 22:48:27.0000003,8.415754163596148
2009-11-19 22:48:27.0000002,21.446426824083915
2009-11-19 22:48:27.0000004,7.173707990980461
2013-02-15 00:37:15.0000003,14.32564037313648
2013-02-15 00:37:15.0000002,12.88922443981312
2013-02-15 00:37:15.0000001,8.204871393906387
2012-03-25 04:50:39.0000002,10.997002937299385
2012-03-24 23:33:59.0000001,6.8400499873407625
2012-12-26 18:28:55.0000002,7.937858644637458
2012-12-26 18:28:55.0000005,13.119618012200931
2012-12-26 18:28:55.0000001,10.668025110852795
2012-12-26 18:28:55.0000003,6.1451420649488
2012-12-26 18:28:55.0000007,23.081145385556965
2012-12-26 18:28:55.0000006,53.61127367845938
2011-07-06 19:56:23.0000004,7.6003438825187
2011-07-06 19:56:23.0000002,6.584584606198632
2011-07-06 19:56:23.0000006,13.821018619022652
2011-07-06 19:56:23.0000007,9.312927920362995
2011-07-06 19:56:23.0000003,7.68481724435469
2014-12-15 10:41:15.0000001,7.686700422035756
2014-12-15 10:41:15.0000002,20.337630057004958
2014-12-15 10:41:15.0000003,12.619305488271493
2011-08-14 21:39:31.0000001,8.746269417181338
2011-08-14 21:39:31.0000002,8.816630901022677
2010-06-06 21:04:55.0000001,6.984507940029971
2013-09-27 19:02:51.0000001,11.99146112487756
2013-09-27 19:02:51.0000003,30.93400336758748
2013-09-27 19:02:51.0000004,7.961719493636906
2013-09-27 19:02:51.0000002,9.5733268724033
2013-05-28 18:24:27.0000003,11.383344128348426
2013-05-28 18:24:27.0000001,8.170413030175268
2013-05-28 18:24:27.0000004,7.834438552496181
2013-05-28 18:24:27.0000002,5.765425202802021
2015-06-15 14:34:03.0000002,9.231528046565927
2010-07-04 16:44:11.0000001,7.765813426781051
2010-07-04 16:44:11.0000002,183.59450013085927
2014-11-26 06:46:23.0000001,14.482885896482117
2010-07-27 11:37:43.0000001,13.437629181242642
2010-07-27 11:37:43.0000003,8.247722395879237
2010-07-27 11:37:43.0000005,15.166490642812278
2010-07-27 11:37:43.0000006,10.340379000783742
2010-07-27 11:37:43.0000004,8.12306461929768
2010-07-27 11:37:43.0000002,19.27918499737075
2010-12-19 16:25:15.0000004,10.749559931673957
2010-12-19 16:25:15.0000003,6.281389871689612
2010-12-19 16:25:15.0000001,8.311584192120222
2012-08-19 12:06:39.0000001,5.481893806081189
2011-02-26 12:32:15.0000001,5.134544877337817
2011-02-26 12:32:15.0000002,9.55907901977082
2015-06-18 20:56:55.0000003,9.719401930721347
2015-06-18 20:56:55.0000005,31.015836985941178
2015-06-18 20:56:55.0000007,37.9256704466992
2015-06-18 20:56:55.0000006,7.668859423247682
2013-11-24 21:33:11.0000001,53.989001636898024
2013-11-24 21:33:11.0000002,11.942447904553887
2015-04-28 20:15:27.0000002,45.126955660761496
2015-04-28 20:15:27.0000006,9.773003177653322
2015-04-28 20:15:27.0000001,9.648734418926665
2015-04-28 20:15:27.0000005,8.484855656139302
2015-04-28 20:15:27.0000008,13.917158951560168
2013-01-23 13:49:19.0000002,9.114590751961373
2013-01-23 13:49:19.0000003,29.31379376381119
2014-03-12 19:19:31.0000003,22.978433871764764
2014-03-12 19:19:31.0000001,22.52365153377923
2014-03-12 19:19:31.0000002,8.580952284797945
2010-07-26 09:54:11.0000001,5.0739803816070435
2012-01-03 08:49:15.0000002,6.865662269000609
2012-01-03 08:49:15.0000001,47.827112607417234
2012-01-03 08:49:15.0000004,8.004690854918408
2012-01-03 08:49:15.0000003,6.497523483895634
2012-11-05 14:49:19.0000002,14.485315468598174
2012-11-05 14:49:19.0000001,6.309026387672134
2012-06-09 19:03:11.0000004,8.468218825251824
2012-06-09 19:03:11.0000006,9.928499742091503
2012-06-09 19:03:11.0000002,4.710763371860708
2012-06-09 19:03:11.0000003,11.344425034395613
2012-06-09 19:03:11.0000001,9.021209042852206
2010-10-17 23:12:19.0000004,9.32313712474945
2010-10-17 23:12:19.0000005,5.9776052156306605
2010-10-17 23:12:19.0000001,5.948548007166664
2010-10-17 23:12:19.0000002,10.971115201787711
2010-10-17 23:12:19.0000003,6.184948855681
2014-06-07 12:21:11.0000001,24.26237911019018
2014-06-07 12:21:11.0000004,7.984944781737454
2011-09-08 22:37:43.0000004,7.5742744784161005
2011-09-08 22:37:43.0000003,10.412998612005026
2011-09-08 22:37:43.0000005,18.41096895735177
2011-09-08 22:37:43.0000002,11.513659695987599
2014-10-30 19:25:15.0000003,47.21434169097461
2014-10-30 19:25:15.0000005,8.008212049730446
2014-10-30 19:25:15.0000001,7.686124407170837
2014-10-30 19:25:15.0000002,36.521336726170375
2014-10-30 19:25:15.0000004,9.77398945220591
2010-06-18 22:52:11.0000002,5.048132834476519
2011-02-16 05:49:51.0000001,7.063869825038864
2011-09-13 13:31:51.0000004,6.70111756342601
2011-09-13 13:31:51.0000003,49.08646295592587
2011-09-13 13:31:51.0000002,6.362424107586435
2009-09-28 04:31:39.0000001,11.050208604454042
2009-01-11 03:31:55.0000001,15.451949027973114
2009-01-11 03:31:55.0000003,10.127775486375526
2009-01-11 03:31:55.0000004,14.08839439193332
2009-01-11 03:31:55.0000002,6.024468755112935
2014-01-24 03:38:19.0000001,18.186571805106837
2014-08-06 18:03:31.0000002,10.169178601925637
2014-08-06 18:03:31.0000001,9.195738246821293
2009-08-26 00:46:43.0000001,6.5958746357007385
2014-01-19 09:28:55.0000001,18.502130939643166
2010-01-27 06:01:59.0000001,6.782537049102189
2011-11-30 23:09:47.0000003,11.634298296528868
2011-11-30 23:09:47.0000002,12.628272777952361
2011-11-30 23:09:47.0000001,7.6193591315447975
2014-08-03 23:37:31.0000003,10.322743280116583
2014-08-03 23:37:31.0000002,17.338858162342603
2014-08-03 23:37:31.0000001,9.799613725328072
2014-10-06 09:24:11.0000002,16.7665181920745
2014-10-06 09:24:11.0000004,27.42159755541877
2014-10-06 09:24:11.0000003,11.277648426878272
2014-10-06 09:24:11.0000001,9.790736736400731
2009-08-28 12:38:19.0000001,11.292745264458063
2009-08-28 12:38:19.0000004,15.724768035460784
2009-08-28 12:38:19.0000003,25.40118717260941
2009-08-28 12:38:19.0000002,7.434664037285756
2012-03-15 18:23:55.0000001,7.2080974009003285
2012-03-15 18:23:55.0000004,11.937259334972737
2012-03-15 18:23:55.0000005,8.027492988732433
2012-03-15 18:23:55.0000003,8.400580731134482
2011-11-23 21:07:43.0000003,6.0674680651741255
2011-11-23 21:07:43.0000002,11.789088097813988
2012-11-23 07:58:23.0000001,7.982887424257683
2010-11-17 19:10:23.0000007,22.13826366533931
2010-11-17 19:10:23.0000006,7.594355048791385
2010-11-17 19:10:23.0000001,6.4241201695678
2010-11-17 19:10:23.0000002,23.609235848733306
2010-11-17 19:10:23.0000008,10.376847887052122
2010-11-17 19:10:23.0000004,5.64148964223557
2015-02-14 13:15:19.0000003,11.749733964121333
2015-02-14 13:15:19.0000006,10.183609503121374
2015-02-14 13:15:19.0000004,7.506255213207851
2015-02-14 13:15:19.0000008,8.284310070809738
2015-02-14 13:15:19.0000001,15.555674196082691
2013-01-12 22:40:39.0000003,5.818167653056548
2013-01-12 22:40:39.0000004,11.1856166489207
2013-01-12 22:40:39.0000001,14.455812457415504
2013-01-12 22:40:39.0000005,8.524887887467344
2013-01-12 22:40:39.0000006,5.982542452746543
2011-04-12 12:06:07.0000002,6.521867650987019
2011-04-12 12:06:07.0000001,22.49579420272869
2010-11-04 20:14:39.0000005,5.846668031957961
2010-11-04 20:14:39.0000002,6.679390206913354
2010-11-04 20:14:39.0000004,8.393259708312371
2010-11-04 20:14:39.0000003,6.590659038840158
2010-11-04 20:14:39.0000001,6.582278765180831
2011-04-25 19:14:55.0000003,8.434120965157717
2011-04-25 19:14:55.0000001,6.737929887549626
2011-04-25 19:14:55.0000004,7.093231807702068
2011-04-25 19:14:55.0000002,6.8988832748948425
2011-04-25 19:14:55.0000005,7.062910045458125
2010-02-15 14:20:31.0000001,7.8695211347045415
2013-03-23 15:41:07.0000001,8.963653051125675
2013-03-23 15:41:07.0000004,8.514620600708781
2013-03-23 15:41:07.0000005,7.337030341111813
2012-12-09 06:04:39.0000001,48.68163435749409
2013-11-07 16:38:15.0000003,5.779977365919876
2013-11-07 16:38:15.0000002,8.174218543285747
2013-11-07 16:38:15.0000001,8.527095547523572
2011-08-08 11:18:15.0000004,8.691977664343995
2011-08-08 11:18:15.0000003,7.476523971728852
2011-08-08 11:18:15.0000002,8.189205244202412
2009-05-08 22:14:51.0000004,5.080804225725615
2009-05-08 22:14:51.0000001,11.94493973353542
2009-05-08 22:14:51.0000003,11.55929817387937
2012-11-15 18:22:19.0000002,15.794098855024004
2012-11-15 18:22:19.0000007,7.873849591519615
2012-11-15 18:22:19.0000003,6.005106900591045
2012-11-15 18:22:19.0000005,7.713565858394759
2012-11-15 18:22:19.0000001,18.81696971289773
2012-11-15 18:22:19.0000004,8.277128261872576
2012-11-15 18:22:19.0000006,8.856073201731533
2010-01-31 00:33:03.0000002,6.116290820410654
2010-01-31 00:33:03.0000004,4.049277803769087
2010-01-31 00:33:03.0000001,22.1380103448314
2010-01-31 00:33:03.0000007,4.830705307313451
2010-01-31 00:33:03.0000003,10.950327652950364
2012-04-20 07:30:43.0000003,7.185336186667314
2012-04-20 07:30:43.0000002,14.39357376725036
2012-04-20 07:30:43.0000004,8.325390316181029
2012-04-20 07:30:43.0000001,11.210595563337051
2009-09-29 09:38:15.0000002,5.820798679438212
2009-09-29 09:38:15.0000001,8.063106455720913
2010-12-31 05:30:19.0000002,7.1134439778835485
2010-12-31 05:30:19.0000001,13.037598684770046
2009-01-18 18:22:07.0000001,29.92419329776385
2009-01-28 11:27:19.0000002,4.372291057215875
2013-05-04 05:00:43.0000001,10.807594245461132
2014-02-23 13:22:03.0000002,7.438767286680331
2014-02-23 13:22:03.0000001,6.283815728235595
2010-10-28 12:38:55.0000003,7.833361617765377
2010-10-28 12:38:55.0000002,5.793503838493848
2010-10-28 12:38:55.0000001,10.689931439785596
2015-05-20 19:39:11.0000002,14.811233629182652
2015-05-20 19:39:11.0000009,12.648190979371975
2015-05-20 19:39:11.0000001,12.069588487106216
2015-05-20 19:39:11.0000008,12.473493565766262
2015-05-20 19:39:11.0000007,33.85078202581201
2015-05-20 19:39:11.0000005,9.334816542378803
2015-05-20 19:39:11.0000006,10.120746817302916
2015-03-20 16:33:07.0000002,9.90618173708549
2015-03-20 16:33:07.0000001,8.45127844596027
2013-04-26 17:05:07.0000001,7.93891990352995
2014-01-11 17:47:47.0000005,27.56297089853649
2014-01-11 17:47:47.0000006,7.534242644273149
2014-01-11 17:47:47.0000002,15.23848841819688
2014-01-11 17:47:47.0000003,7.483560280363463
2014-01-11 17:47:47.0000004,9.542001772643744
2012-03-10 10:48:43.0000001,7.981016346012325
2012-03-10 10:48:43.0000004,10.800402211609935
2012-03-10 10:48:43.0000003,7.468983438094142
2012-03-10 10:48:43.0000005,6.279419042119571
2012-03-10 10:48:43.0000002,9.419794325345947
2012-07-12 02:46:07.0000002,26.608597791616944
2009-01-06 14:48:51.0000003,4.418892543806805
2009-01-06 14:48:51.0000002,4.525052142717641
2009-01-06 14:48:51.0000001,5.213509701872908
2015-04-15 03:30:27.0000001,8.054166345785575
2015-04-26 21:44:23.0000001,25.054982201165785
2015-04-26 21:44:23.0000003,15.962409877388609
2014-11-24 05:03:51.0000001,16.88132525665526
2014-03-05 23:16:07.0000002,17.187095809269863
2015-01-04 00:28:11.0000005,8.41381922944447
2015-01-04 00:28:11.0000001,10.8314342261001
2015-01-04 00:28:11.0000002,7.407756839037461
2015-01-04 00:28:11.0000003,11.282892383525109
2014-12-17 20:56:31.0000004,8.692781626666829
2014-12-17 20:56:31.0000002,15.9385731729202
2014-12-17 20:56:31.0000001,11.94500491075928
2010-10-04 16:17:03.0000002,5.443251277385116
2010-10-04 16:17:03.0000003,5.051812229327879
2010-10-04 16:17:03.0000005,9.6209380496324
2010-10-04 16:17:03.0000004,11.838385902348932
2010-10-09 15:48:51.0000001,5.905520230031129
2010-10-09 15:48:51.0000005,10.89308522880367
2010-10-09 15:48:51.0000002,4.847409541645334
2013-10-10 11:09:23.0000006,5.937574647804354
2013-10-10 11:09:23.0000004,9.053685211838115
2013-10-10 11:09:23.0000002,6.819211528189612
2013-10-10 11:09:23.0000003,8.488959365563801
2013-10-10 11:09:23.0000005,9.594183213089195
2010-12-14 00:39:07.0000001,20.91410676442638
2010-12-14 00:39:07.0000002,6.227680100861221
2010-12-14 00:39:07.0000003,11.815310209151903
2013-01-08 07:03:07.0000004,8.039621558119734
2013-01-08 07:03:07.0000003,10.520228002096246
2013-01-08 07:03:07.0000002,6.7807036969854835
2012-10-28 17:21:19.0000004,7.988514694785522
2012-10-28 17:21:19.0000002,6.536129654273168
2010-03-10 10:37:39.0000003,7.185990150799512
2010-03-10 10:37:39.0000004,7.476498355818421
2010-03-10 10:37:39.0000001,5.385047997034462
2010-03-10 10:37:39.0000002,14.65110941529133
2012-04-27 22:32:19.0000001,7.100624274057282
2012-04-27 22:32:19.0000003,5.953367545059564
2009-04-14 06:55:19.0000001,46.7553304257209
2009-04-14 06:55:19.0000002,4.198928246450464
2013-07-22 14:22:51.0000001,18.97459628678348
2012-02-11 21:23:07.0000002,5.472571183730906
2012-02-11 21:23:07.0000001,8.57135446069924
2012-02-11 21:23:07.0000004,5.118630492483476
2012-02-11 21:23:07.0000003,6.190150227648019
2015-05-10 12:37:51.0000001,18.310685033518325
2015-05-10 12:37:51.0000004,7.834560619255626
2015-05-10 12:37:51.0000006,8.552372521453321
2010-12-11 13:31:11.0000001,9.04697480848813
2010-12-11 13:31:11.0000002,10.162647132741881
2010-03-01 22:21:55.0000001,4.509780789931028
2010-03-01 22:21:55.0000004,10.894978078509439
2014-11-03 22:00:07.0000001,11.819665062525928
2009-08-26 16:50:19.0000001,4.246861178925428
2009-08-26 16:50:19.0000002,6.293012679285653
2010-06-07 10:02:51.0000002,4.355408666282528
2010-06-07 10:02:51.0000001,6.689873426042709
2010-06-07 10:02:51.0000004,15.220103922999442
2010-06-07 10:02:51.0000003,11.648625482085663
2015-03-08 14:59:23.0000002,15.13280299104133
2015-03-08 14:59:23.0000004,50.45441636323983
2015-03-08 14:59:23.0000005,22.270703893621544
2010-12-13 05:52:47.0000001,9.632493519506966
2012-10-12 15:21:55.0000001,7.086713887346264
2011-05-17 07:53:55.0000002,6.2912739560619
2011-05-17 07:53:55.0000004,8.069788093588045
2011-05-17 07:53:55.0000001,3.710429586467967
2012-12-26 20:55:27.0000002,13.492058938851414
2012-12-26 20:55:27.0000005,11.25146792913415
2012-12-26 20:55:27.0000004,12.77428532051647
2009-02-22 14:59:11.0000001,11.414928291808451
2011-12-17 16:19:47.0000003,12.58480492631918
2011-12-17 16:19:47.0000001,10.977675152790653
2014-12-02 23:54:11.0000002,11.9009832103701
2014-12-02 23:54:11.0000001,12.0390056490819
2014-11-11 11:21:07.0000001,7.427692185375804
2014-07-11 12:35:19.0000003,10.601569127173434
2014-07-11 12:35:19.0000001,8.865269051256291
2014-07-11 12:35:19.0000002,14.03543953405017
2010-01-25 15:04:11.0000001,5.267173041881392
2010-01-25 15:04:11.0000002,8.563822850422412
2014-01-26 13:51:39.0000002,5.2209052631196755
2014-01-26 13:51:39.0000003,8.342951042708023
2011-11-18 04:49:19.0000002,6.33821382465112
2011-11-18 04:49:19.0000003,47.646270094709166
2011-11-18 04:49:19.0000001,5.611462029542622
2014-11-30 15:46:23.0000001,9.767675319289424
2014-11-30 15:46:23.0000004,10.042029713150328
2014-11-30 15:46:23.0000006,24.64737207511598
2014-11-30 15:46:23.0000005,7.1674588773172445
2011-08-20 15:50:39.0000002,28.91097416447826
2010-06-22 14:25:19.0000005,11.651820097412156
2010-06-22 14:25:19.0000003,5.6177182191783
2010-06-22 14:25:19.0000002,6.106592215210981
2010-06-22 14:25:19.0000006,6.006132340041745
2010-06-22 14:25:19.0000004,7.1821766826680005
2010-12-06 18:51:31.0000001,10.153080851482855
2010-12-06 18:51:31.0000002,15.566769821048979
2014-05-25 19:46:59.0000004,16.435486682890883
2014-05-25 19:46:59.0000002,6.226541810441859
2014-05-25 19:46:59.0000001,9.6035049869771
2009-11-20 14:03:03.0000003,6.112728859621029
2009-11-20 14:03:03.0000004,12.529750979614846
2009-11-20 14:03:03.0000001,9.928890945946819
2009-11-20 14:03:03.0000005,7.059738091076952
2009-11-20 14:03:03.0000002,7.511046978678564
2010-09-17 18:21:11.0000001,15.023851140647594
2011-02-23 21:35:19.0000001,5.89616700042086
2011-02-23 21:35:19.0000002,12.417655829926957
2013-01-03 11:41:47.0000001,5.419867294266282
2014-04-04 05:47:11.0000001,16.08915349241306
2014-08-18 19:09:19.0000001,9.8353544044611
2014-08-18 19:09:19.0000002,14.706012579933713
2010-04-12 08:22:27.0000001,5.143831215140381
2010-04-12 08:22:27.0000002,9.079271528388858
2010-06-05 08:18:11.0000002,17.601256467417215
2010-06-05 08:18:11.0000001,5.133150364596759
2010-06-05 08:18:11.0000003,29.341799143534445
2013-05-07 23:58:31.0000001,22.015183026278464
2013-01-11 20:08:07.0000002,7.148598185706987
2013-02-17 23:55:55.0000001,13.117280141067226
2013-02-17 23:55:55.0000002,19.99871170477411
2013-02-17 23:55:55.0000003,16.875474914886354
2010-11-26 06:04:59.0000001,5.7444027582942
2013-10-09 17:27:39.0000002,8.039582461694067
2013-02-27 13:28:43.0000003,7.724416891522765
2013-02-27 13:28:43.0000001,6.664414923754521
2013-02-27 13:28:43.0000004,7.543276708605617
2013-02-27 13:28:43.0000002,6.270162491218457
2009-08-28 07:10:39.0000001,8.919875457430408
2009-08-28 07:10:39.0000002,9.699517022989994
2009-08-28 07:10:39.0000004,5.332421191195635
2009-08-28 07:10:39.0000003,4.944746049465721
2015-01-12 17:05:51.0000006,9.011053799726028
2015-01-12 17:05:51.0000007,8.259355791799408
2015-01-12 17:05:51.0000002,7.468184564936564
2015-01-12 17:05:51.0000003,7.513844551729562
2014-05-01 07:16:07.0000001,6.962226170902909
2009-01-12 07:47:39.0000004,4.510728337907608
2009-01-12 07:47:39.0000002,7.831772633531386
2009-01-12 07:47:39.0000003,5.961686810715946
2014-02-09 21:05:31.0000001,21.39851020082824
2014-02-09 21:05:31.0000002,13.0480624757638
2012-05-14 03:52:59.0000001,9.09265359933704
2011-04-28 19:39:43.0000005,6.990067774105228
2011-04-28 19:39:43.0000001,6.934570830304551
2011-04-28 19:39:43.0000002,4.960994992775454
2011-04-28 19:39:43.0000004,4.539247439337487
2010-02-15 10:14:23.0000002,8.43261618239319
2010-02-15 10:14:23.0000003,22.994154487404558
2010-02-15 10:14:23.0000004,10.182060336287464
2010-08-18 05:24:15.0000002,10.857149429854303
2010-08-18 05:24:15.0000001,9.417155373498417
2010-05-31 06:46:59.0000001,45.4083046157059
2014-11-17 00:03:47.0000002,6.788351207737264
2012-11-16 00:09:43.0000001,10.322366745510976
2012-03-09 06:03:23.0000001,10.782099699101423
2013-10-18 13:05:19.0000002,8.129092286485616
2013-10-18 13:05:19.0000001,19.60424740811277
2013-10-18 13:05:19.0000003,7.2219098290913735
2010-01-16 04:52:31.0000001,37.40850424008181
2013-08-18 00:32:15.0000002,15.519284117538405
2013-08-18 00:32:15.0000001,8.405608453731475
2010-12-11 16:12:35.0000004,13.26527809405843
2010-12-11 16:12:35.0000005,7.125725043560578
2010-12-11 16:12:35.0000001,7.796220381244666
2010-12-11 16:12:35.0000002,6.997911791535103
2013-05-23 12:09:23.0000001,10.633172228197282
2013-05-23 12:09:23.0000003,7.143218855367991
2013-05-23 12:09:23.0000002,7.1430079701769955
2014-12-11 08:20:39.0000003,8.208298628798957
2014-12-11 08:20:39.0000002,7.8243435700308055
2011-01-28 19:41:11.0000002,5.38546547591875
2011-01-28 19:41:11.0000001,10.449604552551705
2011-03-24 04:46:51.0000001,27.370311790406163
2013-04-07 00:24:27.0000001,6.661783366563327
2013-04-07 00:24:27.0000003,7.300062701324919
2013-04-07 00:24:27.0000004,8.051944191328516
2010-08-17 21:22:39.0000002,23.10423469060038
2010-08-17 21:22:39.0000003,6.538020047509576
2010-08-17 21:22:39.0000001,7.1560936676069105
2013-12-10 14:00:35.0000004,8.570830352670555
2013-12-10 14:00:35.0000001,10.79549998908817
2013-12-10 14:00:35.0000003,7.792709419354992
2011-09-18 05:32:51.0000002,50.32721951874021
2011-09-18 05:32:51.0000001,10.521358978171975
2011-09-18 05:32:51.0000003,12.840846211810685
2011-09-10 20:44:59.0000002,8.926535484736632
2011-09-10 20:44:59.0000001,7.909204038993607
2011-04-28 09:50:03.0000002,32.37089215129936
2011-04-28 09:50:03.0000003,6.805393747645667
2011-04-28 09:50:03.0000004,8.04823824902303
2010-02-26 18:34:51.0000002,6.198848485460758
2013-12-05 23:29:15.0000001,12.754021647464697
2013-12-05 23:29:15.0000004,6.825755332168569
2013-12-05 23:29:15.0000003,29.748339512875646
2013-12-05 23:29:15.0000005,50.607761160859354
2010-01-13 08:28:59.0000003,9.088611444256003
2010-01-13 08:28:59.0000001,8.812497183198843
2010-01-13 08:28:59.0000004,10.27040557772034
2010-01-13 08:28:59.0000005,5.738673313989011
2010-07-16 07:07:27.0000001,8.179570892470565
2012-06-16 14:33:19.0000002,8.804826339992474
2013-05-08 17:02:39.0000001,12.330000258953078
2013-05-08 17:02:39.0000003,10.88286280656473
2013-05-08 17:02:39.0000005,8.344331866457196
2013-05-08 17:02:39.0000004,6.7465198049102355
2013-05-08 17:02:39.0000002,8.047649103155777
2013-05-08 17:02:39.0000006,6.908208050051144
2013-05-08 17:02:39.0000007,8.956008257994654
2011-02-28 08:34:27.0000004,8.948640556331839
2011-02-28 08:34:27.0000002,5.39122399805467
2011-02-28 08:34:27.0000006,13.522446698519502
2011-02-28 08:34:27.0000007,5.695706125566062
2011-02-28 08:34:27.0000005,16.558936472748428
2011-02-28 08:34:27.0000003,8.638164435094723
2011-02-28 08:34:27.0000001,9.603661198667055
2012-12-13 19:05:27.0000001,6.400709317615451
2012-12-13 19:05:27.0000002,7.873726626026837
2012-12-13 19:05:27.0000003,9.952771791282657
2009-03-25 01:20:55.0000001,8.812126493806772
2011-01-18 12:43:35.0000001,10.397276942548501
2010-07-13 07:38:03.0000007,10.338314152151838
2010-07-13 07:38:03.0000004,10.312298915400333
2010-07-13 07:38:03.0000002,10.723433579553557
2010-07-13 07:38:03.0000006,15.232247690790587
2010-07-13 07:38:03.0000005,6.596496383941485
2010-07-13 07:38:03.0000001,7.048035479090572
2009-01-26 15:16:43.0000001,30.621027649772827
2009-01-26 15:16:43.0000002,3.918445914287645
2015-05-18 01:13:35.0000001,8.392685432075496
2012-11-09 18:17:35.0000001,12.661998278340548
2012-11-09 18:17:35.0000006,9.559604867352732
2012-11-09 18:17:35.0000005,7.51058967677443
2012-11-09 18:17:35.0000003,9.228733427837483
2010-07-05 19:21:35.0000005,5.600461579990451
2010-07-05 19:21:35.0000003,4.93296296371318
2010-07-05 19:21:35.0000004,11.22073996616075
2010-07-05 19:21:35.0000002,11.29633454373402
2014-09-11 00:28:47.0000001,10.688950893788387
2014-09-11 00:28:47.0000002,8.085186277722073
2010-03-22 16:20:15.0000001,26.195016085715338
2010-03-22 16:20:15.0000002,7.57003596839013
2009-06-21 00:54:23.0000003,13.289918680189544
2009-06-21 00:54:23.0000001,15.258083200629699
2013-05-02 14:48:31.0000001,11.684650283943597
2011-09-12 09:15:15.0000003,6.576976798478313
2011-09-12 09:15:15.0000004,7.100745347461498
2011-09-12 09:15:15.0000002,7.361310567727287
2011-09-12 09:15:15.0000001,6.747686112768861
2009-02-27 07:09:23.0000001,8.824648499220075
2011-08-22 10:42:15.0000003,10.413193111463329
2011-08-22 10:42:15.0000002,17.334646234841784
2011-08-22 10:42:15.0000001,7.549311689761339
2011-11-29 22:19:51.0000001,15.491256767342861
2011-11-29 22:19:51.0000002,13.231657907303088
2009-01-30 22:47:07.0000004,15.072310211720264
2009-01-30 22:47:07.0000001,4.68823394798801
2009-01-30 22:47:07.0000003,3.9584857075384434
2012-04-18 20:03:35.0000004,4.723852859016006
2012-04-18 20:03:35.0000003,5.228605901308015
2012-04-18 20:03:35.0000001,11.218973126543233
2012-04-18 20:03:35.0000002,6.673042314326381
2013-09-26 20:54:19.0000002,12.909930598628534
2011-06-25 23:18:27.0000001,13.847168150680545
2009-01-17 02:21:55.0000001,6.926350747401898
2009-01-17 02:21:55.0000002,2.8906747394318018
2014-11-01 15:31:15.0000002,13.873045921715743
2014-11-01 15:31:15.0000003,10.020310089685154
2014-11-01 15:31:15.0000004,7.74000165685311
2011-06-08 11:31:51.0000003,5.324792890195113
2011-06-08 11:31:51.0000002,6.968469045332313
2011-06-08 11:31:51.0000001,8.113540010952534
2013-07-12 23:17:31.0000004,8.129645471938602
2013-07-12 23:17:31.0000005,49.957122311078365
2012-07-10 18:24:47.0000002,9.406504381381751
2012-07-10 18:24:47.0000001,22.07950770317609
2012-07-10 18:24:47.0000003,7.6689091055445715
2013-05-14 03:15:31.0000001,18.2103792811389
2009-04-20 21:08:35.0000006,6.321619370767621
2009-04-20 21:08:35.0000003,5.947069686375812
2009-04-20 21:08:35.0000002,15.834787983091132
2009-04-20 21:08:35.0000001,11.155298607030545
2011-01-19 08:30:47.0000003,8.57188787620828
2011-01-19 08:30:47.0000002,8.277217803772487
2011-01-19 08:30:47.0000001,7.380430421426013
2009-09-25 10:19:35.0000003,4.707715179067691
2009-09-25 10:19:35.0000001,7.007339087343098
2009-09-25 10:19:35.0000002,6.622026780603846
2012-02-17 15:11:23.0000001,6.337422642616275
2009-12-23 20:14:19.0000003,8.493951670522506
2009-12-23 20:14:19.0000001,6.364768151821181
2009-12-23 20:14:19.0000002,10.1353227748981
2012-09-14 05:42:59.0000001,10.771851652978512
2012-09-14 05:42:59.0000002,8.627892006117918
2009-04-06 13:47:15.0000002,20.031779525823936
2013-11-29 21:36:07.0000004,10.469932501608696
2011-11-07 00:22:31.0000001,6.79506911056626
2011-11-07 00:22:31.0000002,9.421167850006668
2009-09-04 08:02:51.0000001,9.25966932622714
2015-02-16 17:32:27.0000004,12.240944959160743
2015-02-16 17:32:27.0000002,10.290335784483773
2015-02-16 17:32:27.0000003,9.789028733047758
2015-02-16 17:32:27.0000001,9.065702330838349
2012-04-14 11:59:11.0000004,20.82758567498206
2012-04-14 11:59:11.0000002,5.587378312403871
2012-04-14 11:59:11.0000001,7.594064243961043
2011-12-11 11:05:51.0000001,6.8589438447177145
2011-12-11 11:05:51.0000003,8.839375140134734
2010-01-03 13:07:27.0000001,9.980924753152976
2009-03-06 00:13:03.0000003,6.728889222973862
2009-03-06 00:13:03.0000001,10.049238966942994
2010-01-04 19:54:27.0000002,9.62790566525257
2010-01-04 19:54:27.0000001,5.997248106042207
2010-01-04 19:54:27.0000003,4.852722735910447
2014-08-01 16:50:03.0000004,17.25540635123923
2014-08-01 16:50:03.0000001,7.044387001567088
2014-08-01 16:50:03.0000003,12.248498334177384
2014-08-01 16:50:03.0000002,11.734804482343748
2010-11-25 16:22:19.0000001,4.934299455919131
2010-09-04 10:06:23.0000001,19.856195448624135
2009-04-28 13:35:27.0000002,9.003326160145775
2009-04-28 13:35:27.0000001,4.801298071726137
2009-04-28 13:35:27.0000003,24.348161742673256
2009-04-28 13:35:27.0000004,6.000235906340777
2012-07-26 00:23:59.0000006,8.619068232256154
2012-07-26 00:23:59.0000007,6.306811118963083
2012-07-26 00:23:59.0000001,9.55777684540999
2012-07-26 00:23:59.0000004,7.868813836428785
2012-07-26 00:23:59.0000005,8.999311008360905
2012-07-26 00:23:59.0000002,13.900939443971652
2012-07-26 00:23:59.0000003,8.045731089434753
2014-04-29 15:15:43.0000002,11.910347364266613
2014-04-29 15:15:43.0000001,8.618424482276396
2014-04-29 15:15:43.0000003,6.9723574623589
2010-04-23 00:00:03.0000002,15.529813340001397
2010-04-23 00:00:03.0000003,5.288027729500527
2010-05-22 23:46:19.0000001,7.7696641271223825
2010-05-22 23:46:19.0000002,18.200996929263397
2010-05-22 23:46:19.0000003,11.523051900283122
2014-06-14 12:32:11.0000005,10.08008206674242
2014-06-14 12:32:11.0000002,11.365449341273234
2014-06-14 12:32:11.0000004,11.090456204748534
2014-06-14 12:32:11.0000006,10.863406988002225
2014-06-14 12:32:11.0000003,25.18362386164995
2012-06-09 22:57:15.0000002,7.722096700718794
2012-06-09 22:57:15.0000005,8.916953485860972
2014-04-22 01:28:15.0000001,32.40056039646197
2013-01-31 01:19:15.0000001,21.155220738533558
2013-01-31 01:19:15.0000002,13.25612406390212
2014-12-19 21:54:27.0000003,10.07010695131396
2014-12-19 21:54:27.0000002,16.365036458917984
2014-12-19 21:54:27.0000004,10.016271790837777
2014-12-19 21:54:27.0000001,13.796092005058995
2010-10-22 20:56:51.0000004,7.157119444663749
2010-10-22 20:56:51.0000001,15.676153766950847
2011-10-04 11:48:35.0000004,7.529157972591861
2011-10-04 11:48:35.0000003,12.115452207856265
2011-10-04 11:48:35.0000002,7.157836474534292
2010-12-31 13:32:39.0000001,7.616586829370931
2010-04-10 11:05:27.0000002,6.266003616015496
2010-04-10 11:05:27.0000001,6.256207023177467
2013-10-02 21:12:59.0000001,10.672203432776087
2013-10-02 21:12:59.0000002,12.082398635313893
2013-10-02 21:12:59.0000004,8.03475835474569
2013-10-02 21:12:59.0000005,13.929488932383606
2013-10-02 21:12:59.0000006,12.314170257734304
2013-10-02 21:12:59.0000007,25.58350705799171
2013-10-02 21:12:59.0000008,14.581036598470519
2013-10-02 21:12:59.0000003,23.61089339477701
2009-03-14 05:27:55.0000001,6.3880188739939285
2009-04-20 14:05:51.0000003,5.889057568009093
2009-04-20 14:05:51.0000002,13.893960780632938
2009-04-20 14:05:51.0000001,18.693261554325545
2009-04-20 14:05:51.0000004,8.224587347827423
2011-02-21 23:46:07.0000001,6.146580579415968
2010-08-21 20:25:07.0000001,6.048499476324196
2009-11-16 21:03:31.0000003,9.693076642044048
2009-11-16 21:03:31.0000002,15.292950125470156
2009-11-16 21:03:31.0000004,8.408979732422495
2009-11-16 21:03:31.0000001,16.254475490279106
2014-11-29 11:16:23.0000002,10.415945413437157
2014-11-29 11:16:23.0000001,9.336162248086794
2010-12-01 21:02:35.0000001,7.380191153767555
2010-12-01 21:02:35.0000002,7.825479516960286
2009-04-13 18:30:39.0000002,6.0329603051237655
2009-04-13 18:30:39.0000001,7.016073739139529
2010-06-02 19:45:19.0000002,10.10107242307538
2010-06-02 19:45:19.0000001,8.458553258692632
2010-06-02 19:45:19.0000004,8.547883806747564
2012-04-16 14:29:35.0000001,6.081882524278967
2014-08-06 18:15:43.0000001,8.154989102395007
2014-08-06 18:15:43.0000002,13.679784623358728
2010-04-20 11:53:23.0000005,8.283965435306186
2010-04-20 11:53:23.0000002,5.564313475832478
2010-04-20 11:53:23.0000006,4.2151746720655865
2010-04-20 11:53:23.0000003,13.684261830770424
2010-04-20 11:53:23.0000004,9.398110625478807
2009-05-21 20:50:31.0000005,8.42811803915913
2009-05-21 20:50:31.0000006,8.514749368459889
2009-05-21 20:50:31.0000002,14.832966387378974
2009-05-21 20:50:31.0000001,14.767774480378876
2014-08-16 21:59:59.0000002,10.694810803850146
2014-08-16 21:59:59.0000001,15.473667722753135
2010-09-13 07:05:39.0000001,5.909915962158152
2010-09-13 07:05:39.0000002,5.410794107834704
2010-01-28 12:25:11.0000001,5.584977072777065
2013-10-13 19:39:55.0000005,6.800272111099389
2013-10-13 19:39:55.0000004,9.0593502484993
2013-10-13 19:39:55.0000007,7.066831677880032
2013-10-13 19:39:55.0000001,12.172164786197413
2013-10-13 19:39:55.0000003,9.556089720166256
2013-10-13 19:39:55.0000006,6.720775732357765
2013-10-13 19:39:55.0000002,10.343755277973514
2013-09-20 13:38:55.0000003,7.964091115785436
2013-09-20 13:38:55.0000002,11.109152482057652
2013-09-20 13:38:55.0000006,9.156472339100674
2013-09-20 13:38:55.0000001,9.417322651772224
2014-11-11 12:10:59.0000003,10.728493209227622
2014-11-11 12:10:59.0000002,11.501504909456912
2012-09-09 23:40:03.0000001,17.841734763923228
2013-02-18 11:13:23.0000004,19.684282441232654
2013-02-18 11:13:23.0000001,6.5474472770467855
2013-02-18 11:13:23.0000003,21.32004188208782
2013-02-18 11:13:23.0000002,7.246200506433411
2011-06-05 12:38:43.0000002,6.886812179906997
2011-06-05 12:38:43.0000003,7.042874463774183
2011-06-05 12:38:43.0000001,45.22055134487482
2014-11-27 07:37:55.0000001,10.397168476888623
2010-05-23 15:28:55.0000001,9.847079711064453
2012-10-15 20:10:31.0000001,6.57992691948607
2012-10-15 20:10:31.0000004,14.765816535781823
2012-10-15 20:10:31.0000002,18.418961837330016
2012-10-15 20:10:31.0000003,7.283755447977683
2012-06-27 06:52:39.0000001,9.359979444760484
2013-06-07 13:52:55.0000001,7.333336813925484
2013-06-07 13:52:55.0000002,7.563335221040688
2013-06-07 13:52:55.0000006,23.881843186308515
2013-06-07 13:52:55.0000003,9.313723419000098
2013-06-07 13:52:55.0000004,7.645822173975716
2009-06-04 19:34:15.0000003,8.734353765069045
2009-06-04 19:34:15.0000001,3.673337148659698
2009-06-04 19:34:15.0000004,9.961693258115474
2009-06-04 19:34:15.0000002,8.415662589341764
2013-09-29 22:12:07.0000002,15.605245470826276
2013-09-29 22:12:07.0000003,8.925217417595377
2013-12-04 08:37:11.0000003,6.849954677188975
2013-12-04 08:37:11.0000002,11.734695612636983
2013-12-04 08:37:11.0000001,12.740526491126388
2010-05-02 12:39:55.0000002,3.3563687565040254
2009-07-13 01:18:55.0000002,4.74485761803362
2009-07-13 01:18:55.0000001,5.411129922442342
2015-05-20 00:59:15.0000004,6.811206398108197
2015-05-20 00:59:15.0000003,23.448724274426127
2009-12-03 18:02:47.0000001,7.96359100407858
2014-06-24 02:41:11.0000001,34.493910334785596
2012-01-13 02:08:43.0000001,8.565708375869576
2012-08-06 21:07:55.0000001,14.826889105410373
2012-08-06 21:07:55.0000002,11.019872755916936
2012-08-06 21:07:55.0000004,7.7328719483060695
2012-08-06 21:07:55.0000005,9.730459712511333
2012-08-06 21:07:55.0000003,8.993919927573643
2009-07-13 07:32:31.0000001,7.420438509370797
2009-07-13 07:32:31.0000003,6.420101399880423
2009-07-13 07:32:31.0000002,9.725583423387206
2014-09-10 17:52:51.0000001,8.960351543923025
2014-09-10 17:52:51.0000003,9.50129051079648
2014-09-10 17:52:51.0000002,13.409516350482818
2014-09-10 17:52:51.0000005,10.105764818822195
2014-09-10 17:52:51.0000004,11.397263027141662
2009-09-28 19:21:59.0000004,5.137635313046189
2009-09-28 19:21:59.0000005,7.399888584501923
2009-09-28 19:21:59.0000002,7.132796247017268
2009-09-28 19:21:59.0000008,7.418098991372631
2009-09-28 19:21:59.0000001,5.960158917967533
2015-05-23 12:59:39.0000004,10.172565660188297
2015-05-23 12:59:39.0000002,13.032048265455842
2015-05-23 12:59:39.0000001,8.585400995044893
2010-02-10 12:16:03.0000001,5.32307893798054
2010-02-10 12:16:03.0000002,10.698474735289778
2014-01-11 23:10:59.0000004,13.689411317071631
2014-01-11 23:10:59.0000003,18.85536013952708
2014-01-11 23:10:59.0000005,15.337848907364105
2014-01-11 23:10:59.0000001,13.255454289407908
2014-01-11 23:10:59.0000002,21.227379942583866
2010-04-24 20:15:07.0000002,13.14997464530245
2013-08-07 00:31:07.0000001,50.592913609177
2012-10-21 19:47:23.0000001,7.423866747696479
2012-10-21 19:47:23.0000003,9.293892062819396
2012-10-21 19:47:23.0000004,9.850546926770903
2013-05-24 07:22:51.0000002,6.967485973823273
2009-09-13 20:12:31.0000002,5.502308969122737
2009-09-13 20:12:31.0000001,6.658972863949543
2010-10-31 08:51:59.0000002,5.349167083288762
2010-10-31 08:51:59.0000001,18.746850378572617
2013-06-04 23:58:11.0000007,8.886817371637562
2013-06-04 23:58:11.0000001,15.727594841511973
2013-06-04 23:58:11.0000003,10.24880953185641
2013-06-04 23:58:11.0000005,8.760455948747563
2013-06-04 23:58:11.0000002,26.645374491815687
2013-06-04 23:58:11.0000004,11.18475748974322
2013-06-04 23:58:11.0000008,27.26985915897717
2010-03-22 22:11:31.0000001,13.698301068808178
2010-03-22 22:11:31.0000002,7.546779495463852
2011-01-15 12:49:59.0000002,12.226945008934763
2011-01-15 12:49:59.0000001,13.578513983617086
2009-06-13 18:36:47.0000001,13.78751185072258
2009-06-13 18:36:47.0000002,7.608624408079777
2009-06-13 18:36:47.0000003,8.929005971182733
2009-05-06 16:41:35.0000001,6.835380825047764
2014-08-08 17:32:47.0000004,6.244267603882008
2014-08-08 17:32:47.0000001,29.50647272050344
2014-08-08 17:32:47.0000002,14.603658054010793
2014-04-02 11:55:15.0000001,8.998715217842346
2014-04-02 11:55:15.0000002,6.474512011702814
2011-01-04 10:12:51.0000003,6.995091727340537
2011-01-04 10:12:51.0000004,5.500585494219763
2011-01-04 10:12:51.0000001,6.007475940657741
2011-01-04 10:12:51.0000005,4.7611172524850645
2010-09-22 09:42:31.0000002,9.080031540201844
2010-09-22 09:42:31.0000004,9.034470581274604
2010-09-22 09:42:31.0000001,7.558613875904371
2013-08-19 19:39:23.0000003,8.842907494525093
2013-08-19 19:39:23.0000001,8.732173856813915
2014-07-08 10:21:39.0000002,9.551628961066513
2014-07-08 10:21:39.0000006,13.615209615534582
2014-07-08 10:21:39.0000003,6.425447107181981
2014-07-08 10:21:39.0000005,12.503352436848786
2014-07-08 10:21:39.0000004,10.042045764799923
2014-07-08 10:21:39.0000001,7.041469494899161
2015-03-11 16:36:39.0000003,11.383019061557206
2015-03-11 16:36:39.0000001,8.429416501509536
2015-03-11 16:36:39.0000002,14.929374288507574
2015-05-29 18:59:35.0000005,29.88782645314575
2015-05-29 18:59:35.0000004,11.841507425731265
2015-05-29 18:59:35.0000002,8.824616057750063
2015-05-29 18:59:35.0000001,8.873044249885538
2011-10-26 17:48:43.0000001,6.525846555578596
2011-10-26 17:48:43.0000008,6.439504571717748
2011-10-26 17:48:43.0000002,9.532171954882983
2011-10-26 17:48:43.0000004,9.213112107579605
2011-10-26 17:48:43.0000003,6.627706843606802
2011-10-26 17:48:43.0000007,5.743014690506698
2014-06-24 09:49:55.0000004,11.566097285303726
2014-06-24 09:49:55.0000007,7.506176863630117
2014-06-24 09:49:55.0000001,7.097351028483899
2014-06-24 09:49:55.0000006,7.272504251479063
2014-06-24 09:49:55.0000002,10.075638834879783
2014-06-24 09:49:55.0000003,8.102540002592377
2014-06-24 09:49:55.0000005,6.7352945485425835
2009-03-14 20:59:19.0000001,11.386307709352423
2009-01-29 18:38:03.0000002,7.268657695144611
2009-01-29 18:38:03.0000001,20.36707830399439
2010-07-23 00:03:59.0000001,14.466243995121317
2013-01-11 12:28:03.0000004,7.172827806663577
2013-01-11 12:28:03.0000003,7.7754569049778866
2013-01-11 12:28:03.0000002,6.5346259967739115
2013-01-11 12:28:03.0000005,8.368845767774474
2013-01-11 12:28:03.0000001,7.926978851654326
2013-02-20 02:00:23.0000001,15.135105970977065
2013-02-20 02:00:23.0000002,7.9888644633327885
2013-02-20 02:00:23.0000003,9.499841439608531
2009-11-03 19:53:27.0000004,13.55695952913436
2009-11-03 19:53:27.0000003,5.98514473389605
2009-12-19 21:56:15.0000002,6.71112887765446
2009-12-19 21:56:15.0000001,8.12246352116972
2014-03-22 12:24:03.0000001,28.97252650074813
2014-03-22 12:24:03.0000002,8.82948122675191
2009-12-21 21:20:43.0000003,8.555163882127204
2009-12-21 21:20:43.0000001,8.724225806233108
2009-08-21 15:35:07.0000002,5.020491269253284
2009-08-21 15:35:07.0000004,46.18420759102662
2009-08-21 15:35:07.0000003,4.744342048714998
2010-04-25 13:28:47.0000002,5.632741743378233
2010-04-25 13:28:47.0000003,25.8604081263461
2010-11-02 18:49:59.0000001,14.445120213780228
2010-11-02 18:49:59.0000003,4.9141978323060584
2010-11-02 18:49:59.0000002,8.064367314869969
2011-04-02 00:27:03.0000006,6.888267714603785
2011-04-02 00:27:03.0000002,6.312864426873148
2011-04-02 00:27:03.0000004,6.033446727744263
2011-04-02 00:27:03.0000003,8.377922395509017
2011-04-02 00:27:03.0000005,8.629582428710478
2011-04-02 00:27:03.0000001,6.992837181200912
2013-12-29 12:31:55.0000001,9.502062989219326
2013-12-29 12:31:55.0000002,11.087472773524496
2013-12-29 12:31:55.0000003,9.62262218748856
2012-05-02 12:02:03.0000003,8.906474518748723
2012-05-02 12:02:03.0000002,11.56524482436123
2012-05-02 12:02:03.0000004,6.462705627827631
2012-05-02 12:02:03.0000005,9.03846993698437
2012-05-02 12:02:03.0000001,5.117383716257905
2009-07-21 10:36:43.0000001,5.432419647210736
2009-07-21 10:36:43.0000003,6.421696929133645
2009-07-21 10:36:43.0000002,5.659328838805777
2012-09-16 18:14:55.0000003,6.096011095634026
2012-09-16 18:14:55.0000001,11.126023059220756
2012-09-16 18:14:55.0000004,7.496495896656825
2010-04-21 06:28:47.0000002,6.890766517697102
2009-03-02 09:30:07.0000001,7.22033390163017
2009-03-02 09:30:07.0000002,3.1326436253687007
2010-12-18 15:32:19.0000001,6.5899113140091
2013-02-20 08:23:31.0000001,6.746542283128861
2015-02-11 20:51:51.0000006,32.991883470046105
2015-02-11 20:51:51.0000002,11.201370480970581
2015-02-11 20:51:51.0000003,7.298815791302786
2015-02-11 20:51:51.0000005,8.415695474519794
2015-02-11 20:51:51.0000007,10.119202630317659
2015-02-11 20:51:51.0000004,9.167674687616909
2013-12-07 01:41:59.0000001,9.883575668749245
2013-12-07 01:41:59.0000003,12.976183926442218
2014-03-04 12:06:35.0000002,8.28272493201814
2014-03-04 12:06:35.0000004,9.061285507334105
2014-03-04 12:06:35.0000003,11.219412132405523
2014-03-04 12:06:35.0000001,7.105597584540192
2013-05-21 06:52:59.0000001,18.703083498967658
2013-05-21 06:52:59.0000004,6.84459588192442
2013-05-21 06:52:59.0000002,7.333476529121413
2009-09-09 08:09:19.0000002,6.484956996091569
2009-09-09 08:09:19.0000001,7.149277848005227
2012-06-22 20:50:55.0000001,16.89320500461099
2010-04-06 09:14:59.0000001,17.689148067425776
2010-04-06 09:14:59.0000003,5.112752574070441
2010-04-06 09:14:59.0000002,28.507336803034946
2009-04-03 07:49:39.0000002,8.391724759150293
2009-04-03 07:49:39.0000001,6.750053655846273
2011-08-28 16:06:43.0000001,10.508573486540627
2010-12-19 15:52:31.0000001,11.154634495354571
2010-12-19 15:52:31.0000002,5.79583724095869
2010-12-19 15:52:31.0000004,4.5206931349459865
2010-12-19 15:52:31.0000003,6.625093354841965
2014-07-12 00:15:59.0000004,8.021569419655066
2014-07-12 00:15:59.0000003,11.3761666766394
2014-07-12 00:15:59.0000002,15.282873263904662
2009-03-31 10:27:19.0000004,7.11117656531826
2009-03-31 10:27:19.0000002,6.538506241072241
2009-03-31 10:27:19.0000001,15.710865890130435
2014-07-31 10:39:39.0000002,7.447236285292661
2012-06-02 07:16:31.0000001,6.9618812259583365
2012-06-02 07:16:31.0000003,49.738258470730216
2012-06-02 07:16:31.0000002,15.104959577271984
2012-09-27 15:03:15.0000001,26.66223111830118
2012-07-05 02:23:47.0000001,6.553312373922267
2013-09-14 18:28:03.0000002,17.53293802173141
2013-09-14 18:28:03.0000003,16.612701192026293
2009-04-22 04:26:35.0000001,15.330915745697439
2015-02-14 09:08:11.0000003,18.399172479248023
2012-01-19 20:26:35.0000004,6.536667869847179
2012-01-19 20:26:35.0000005,13.355746609222592
2012-01-19 20:26:35.0000001,6.322936300881793
2015-03-13 13:04:59.0000001,10.383559444005186
2015-03-13 13:04:59.0000002,10.50136130963574
2015-03-13 13:04:59.0000006,9.00318663873395
2015-03-13 13:04:59.0000004,7.146333275021107
2015-03-13 13:04:59.0000007,13.99399259160009
2015-03-13 13:04:59.0000003,8.768890383627763
2015-03-13 13:04:59.0000005,8.17802837159195
2013-07-25 13:47:39.0000002,8.28602194965731
2013-07-25 13:47:39.0000001,9.952356726543826
2014-03-07 11:45:35.0000001,11.059433643193529
2014-03-07 11:45:35.0000002,23.979141212318154
2013-10-31 06:09:15.0000001,21.02124537088457
2014-09-11 06:41:15.0000001,7.281985844756605
2014-09-11 06:41:15.0000002,6.805766248255168
2014-09-11 06:41:15.0000004,12.259971702791745
2014-09-11 06:41:15.0000003,12.908920079682616
2012-06-04 09:50:39.0000005,23.45350661832333
2012-06-04 09:50:39.0000003,8.00211010292378
2012-06-04 09:50:39.0000001,12.016179842706947
2012-06-04 09:50:39.0000004,10.93122960239782
2012-06-04 09:50:39.0000002,8.32204968000508
2010-06-07 07:37:55.0000002,6.0831950659732
2010-06-07 07:37:55.0000003,5.767549535844523
2010-06-07 07:37:55.0000001,6.325214237922637
2010-06-07 07:37:55.0000004,4.521099483396256
2015-02-25 18:00:51.0000009,7.70382339228172
2015-02-25 18:00:51.0000006,7.944411858946296
2015-02-25 18:00:51.0000002,24.08404017430837
2015-02-25 18:00:51.0000003,8.104506172255242
2015-02-25 18:00:51.00000010,8.829862499421665
2015-02-25 18:00:51.0000004,8.163065381003776
2015-02-25 18:00:51.0000005,8.013673519395752
2015-02-08 08:44:03.0000001,12.60047497060259
2010-12-11 15:16:35.0000001,6.02403959409105
2010-12-11 15:16:35.0000002,6.310644729584396
2014-05-19 18:38:19.0000002,7.8750601706301495
2014-05-19 18:38:19.0000001,9.412475068647836
2009-07-19 08:38:51.0000001,5.843117449300166
2013-08-20 12:05:47.0000001,8.778738750355501
2013-08-20 12:05:47.0000003,9.685823355108255
2013-08-20 12:05:47.0000004,9.435159061473541
2013-08-20 12:05:47.0000002,10.308932561690312
2014-03-11 19:48:15.0000007,9.734479990043383
2014-03-11 19:48:15.0000001,10.500344289600662
2014-03-11 19:48:15.0000005,7.950404859331684
2014-03-11 19:48:15.0000006,11.212681110901599
2014-03-11 19:48:15.0000004,12.851032132374598
2014-03-11 19:48:15.0000002,17.63505768670632
2014-03-11 19:48:15.0000003,11.359894596762842
2013-01-09 02:05:51.0000002,7.134657091449867
2009-08-08 11:41:51.0000001,3.376280751379113
2009-08-08 11:41:51.0000004,10.345408577220155
2009-08-08 11:41:51.0000002,6.478704371485833
2014-06-18 16:08:03.0000001,8.753793474777353
2014-06-18 16:08:03.0000002,14.058292230402799
2013-06-02 16:26:47.0000003,9.297786553848482
2013-06-02 16:26:47.0000002,7.77292906228854
2009-07-29 10:02:47.0000002,6.848192673491212
2009-07-29 10:02:47.0000001,6.666949313744112
2013-02-16 14:26:51.0000002,7.727913833851403
2012-05-11 03:48:31.0000001,6.566604000207121
2010-01-22 05:47:59.0000001,7.832113639042291
2012-11-12 11:57:03.0000002,50.74880410503772
2012-01-04 00:06:39.0000001,7.9704126457917255
2010-12-28 20:17:27.0000002,5.111545431053628
2010-12-28 20:17:27.0000001,7.598834860827878
2010-12-28 20:17:27.0000004,5.67490078597757
2009-03-18 08:03:07.0000002,10.40294658678124
2009-03-18 08:03:07.0000001,4.1522786853388425
2011-10-07 12:38:19.0000004,14.466549211209212
2011-10-07 12:38:19.0000003,4.996853514849249
2011-10-07 12:38:19.0000002,17.967475515989463
2011-10-07 12:38:19.0000005,9.653633197688691
2009-12-12 22:01:31.0000005,12.029993469802548
2009-12-12 22:01:31.0000002,8.555532604464133
2009-12-12 22:01:31.0000004,5.305457856717112
2009-12-12 22:01:31.0000006,5.482149824403791
2009-12-12 22:01:31.0000003,10.145302190750158
2015-04-19 20:44:15.0000003,16.6618448976825
2015-04-19 20:44:15.0000002,8.737276930608687
2015-04-19 20:44:15.0000004,9.334343237000667
2012-03-23 01:36:31.0000002,7.674544291643315
2012-03-23 01:36:31.0000001,5.5357021096006065
2014-10-08 21:24:47.0000001,13.00503521458927
2014-10-08 21:24:47.0000002,12.236695861354292
2011-02-03 01:27:31.0000001,17.299423242463604
2011-05-20 23:42:59.0000002,6.9699445013277455
2014-01-04 10:54:59.0000001,16.208252078582404
2014-01-04 10:54:59.0000003,8.857024941351256
2009-11-23 05:45:11.0000001,26.353771569211517
2013-01-22 16:25:11.0000003,8.887173292065086
2013-01-22 16:25:11.0000002,26.30847668147055
2013-01-22 16:25:11.0000001,10.108011438778249
2015-05-12 08:31:07.0000007,34.34701658871609
2015-05-12 08:31:07.0000008,8.041059147635337
2015-05-12 08:31:07.0000001,10.303644470062295
2015-05-12 08:31:07.0000009,9.50941719805337
2015-05-12 08:31:07.0000005,8.59642173502914
2015-05-12 08:31:07.0000006,8.649628681601143
2015-05-12 08:31:07.0000002,25.312025290635006
2015-05-12 08:31:07.0000004,10.246757546510025
2013-09-26 06:58:55.0000001,8.051977140388658
2013-09-26 06:58:55.0000002,11.702890055838111
2014-09-14 23:26:11.0000003,15.95477158039489
2014-09-14 23:26:11.0000002,14.194987504534993
2009-08-26 08:06:15.0000002,10.648937509202483
2009-08-26 08:06:15.0000003,33.06605737262771
2009-08-26 08:06:15.0000001,5.593956938739666
2014-10-13 06:14:51.0000001,8.45364653336344
2013-02-02 16:07:55.0000002,10.583800971999494
2013-02-02 16:07:55.0000001,7.139601203583993
2013-02-02 16:07:55.0000003,7.734351774311335
2014-04-05 01:52:27.0000005,7.775994731681976
2014-04-05 01:52:27.0000001,23.345291878940202
2010-02-23 20:29:51.0000002,6.462217128512975
2010-02-23 20:29:51.0000003,7.04402392173472
2011-01-25 00:01:03.0000002,6.7107380611385
2011-01-25 00:01:03.0000001,11.350542892542876
2013-11-01 13:07:47.0000002,9.493853051677888
2013-11-01 13:07:47.0000001,8.882960617902313
2013-11-01 13:07:47.0000005,8.879773998290602
2013-11-01 13:07:47.0000004,9.37088946436836
2015-03-07 15:25:59.0000004,8.054584165346341
2015-03-07 15:25:59.0000002,17.378289883953585
2015-03-07 15:25:59.0000001,10.310245740573805
2013-10-06 21:05:11.0000002,26.60584350906413
2013-10-06 21:05:11.0000001,12.09865971368265
2009-04-16 15:57:31.0000002,6.2434347299544015
2012-02-21 20:45:03.0000002,8.02581705052512
2012-02-21 20:45:03.0000001,9.908376026231053
2010-01-10 12:55:43.0000002,7.580656505782258
2015-01-31 01:05:19.0000004,18.290706794323
2015-01-31 01:05:19.0000007,24.09220861364156
2015-01-31 01:05:19.0000006,8.450722397716618
2015-01-31 01:05:19.0000001,10.222458142038931
2015-01-31 01:05:19.0000003,6.797395327074696
2015-01-31 01:05:19.0000002,15.046211076637405
2011-10-23 17:43:43.0000001,6.864396436154038
2015-03-16 21:12:19.0000003,25.87181051102266
2015-03-16 21:12:19.0000004,9.225329624474739
2015-03-16 21:12:19.0000005,14.586476411607691
2015-03-16 21:12:19.0000008,16.056967480776848
2015-03-16 21:12:19.0000001,16.19759897832671
2012-09-29 20:16:51.0000001,9.088506257080667
2012-09-29 20:16:51.0000002,25.36993232076543
2012-09-29 20:16:51.0000003,7.735767409310256
2012-09-29 20:16:51.0000005,11.58152445261328
2009-08-03 16:28:07.0000001,4.409632014171734
2009-08-03 16:28:07.0000003,4.916515020501038
2009-08-03 16:28:07.0000004,5.757249972606019
2009-08-03 16:28:07.0000002,13.05034853196048
2009-07-30 15:49:15.0000003,8.12770989632645
2009-07-30 15:49:15.0000001,7.2928588972465604
2009-07-30 15:49:15.0000005,7.31114781005158
2015-01-18 14:06:23.0000005,17.31359124562789
2015-01-18 14:06:23.0000002,19.04381251365237
2015-03-02 14:08:03.0000002,7.384455248074005
2015-03-02 14:08:03.0000001,9.547990483138392
2009-09-07 19:35:39.0000003,7.809861058960223
2009-09-07 19:35:39.0000002,9.419996489312894
2014-07-01 15:15:23.0000004,10.106345931100464
2014-07-01 15:15:23.0000002,13.69619567906443
2014-07-01 15:15:23.0000005,14.324129749353233
2014-07-01 15:15:23.0000006,7.03532536036073
2014-07-01 15:15:23.0000001,20.187920060253532
2013-04-18 02:55:07.0000001,19.945774603211703
2010-02-10 16:57:19.0000001,7.994044328498603
2013-02-15 18:45:39.0000001,10.344460640565785
2011-06-22 01:50:11.0000001,21.5397336771573
2014-05-06 23:54:59.0000002,16.549523252464496
2014-05-06 23:54:59.0000004,6.921020374859381
2014-05-06 23:54:59.0000003,8.20405044438894
2014-05-06 23:54:59.0000001,12.581779625679474
2012-04-23 21:05:31.0000003,24.322461391519482
2012-04-23 21:05:31.0000004,12.105238239140135
2012-04-23 21:05:31.0000002,5.520309732223836
2012-04-23 21:05:31.0000006,7.064372653972441
2012-04-23 21:05:31.0000001,43.037283975761625
2012-04-23 21:05:31.0000005,8.155636289371841
2009-03-20 07:29:39.0000003,4.861038279821855
2009-03-20 07:29:39.0000001,16.48343266136021
2009-03-20 07:29:39.0000002,7.207489665314938
2014-06-25 15:08:19.0000001,8.144031404840007
2014-06-25 15:08:19.0000002,6.492080726728659
2011-06-09 14:51:15.0000003,8.866966518187837
2011-06-09 14:51:15.0000004,7.648458687186917
2011-06-09 14:51:15.0000001,7.612244900468113
2011-06-09 14:51:15.0000002,8.37867836897874
2015-01-27 13:08:24.0000001,7.5975937880961055
2011-07-24 14:52:56.0000001,9.391777873479214
2011-10-08 11:53:44.0000001,15.084234324984436
2012-12-01 21:12:12.0000004,7.134139903800246
2013-11-22 15:43:12.0000001,6.596370237561473
2012-07-15 16:45:04.0000005,6.320082977732909
2012-07-15 16:45:04.0000001,7.083765950843372
2014-06-14 13:39:00.00000014,11.20490027610981
2014-06-14 13:39:00.000000113,9.158612778423162
2014-06-14 13:39:00.0000006,8.09403123770062
2014-06-14 13:39:00.000000139,9.168132957117791
2014-06-14 13:39:00.0000004,6.8817775356907305
2014-06-14 13:39:00.000000171,10.673727540738128
2014-06-14 13:39:00.00000011,11.949937201108241
2014-06-14 13:39:00.00000064,7.063865522389165
2014-06-14 13:39:00.00000090,7.876269726744908
2014-06-14 13:39:00.00000041,7.873387956350712
2014-06-14 13:39:00.00000081,7.053968367408402
2014-06-14 13:39:00.000000164,10.490356997246977
2014-06-14 13:39:00.00000080,14.096391232557835
2014-06-14 13:39:00.00000026,27.90833220344632
2014-06-14 13:39:00.00000058,8.742286062092035
2014-06-14 13:39:00.000000150,12.361793674166051
2014-06-14 13:39:00.00000030,7.719856843305365
2014-06-14 13:39:00.00000091,7.302042988105768
2014-06-14 13:39:00.000000175,7.470667263916084
2014-06-14 13:39:00.000000101,16.825608901008195
2014-06-14 13:39:00.00000085,11.296295203469185
2014-06-14 13:39:00.000000105,7.991540982534161
2014-06-14 13:39:00.00000069,8.693333654228582
2014-06-14 13:39:00.000000149,72.69381565725644
2010-08-22 21:14:08.0000004,4.400029209559534
2011-06-24 20:34:48.0000003,10.01526432994251
2011-06-24 20:34:48.0000004,6.19103706030819
2011-03-28 20:38:36.0000001,10.14708299154006
2009-10-21 02:11:24.0000001,14.623288953712176
2011-05-21 13:16:20.0000002,9.801702130137414
2015-01-31 20:54:04.0000003,9.22905596650844
2010-05-10 10:37:04.0000001,8.427107876895207
2010-03-20 21:35:20.0000001,10.412634593733515
2010-03-20 21:35:20.0000002,5.097524590274929
2012-08-22 22:39:20.0000004,6.465401591613272
2012-08-22 22:39:20.0000002,11.375220014059778
2012-12-23 02:29:16.0000002,17.23059350493031
2011-10-02 23:36:00.00000031,6.207598349030945
2011-10-02 23:36:00.00000070,8.616433592261728
2011-10-02 23:36:00.00000068,14.569566629755627
2011-10-02 23:36:00.00000034,17.115596944927347
2011-10-02 23:36:00.00000042,8.979251091246397
2011-10-02 23:36:00.00000032,9.93551978263281
2011-10-02 23:36:00.00000028,6.047094245642256
2011-10-02 23:36:00.00000078,5.47142626236905
2011-10-02 23:36:00.00000027,11.37936102290098
2011-10-02 23:36:00.00000018,8.506477823126943
2011-10-02 23:36:00.00000061,10.865074484184902
2011-10-02 23:36:00.00000045,6.0540227559870345
2011-10-02 23:36:00.00000016,6.483216221461589
2011-10-02 23:36:00.00000052,8.924704227519783
2011-10-02 23:36:00.00000098,9.130902005485495
2011-10-02 23:36:00.00000048,10.434149369112788
2013-03-21 12:47:28.0000004,7.404742611505867
2013-03-21 12:47:28.0000007,5.794825334822576
2010-09-05 22:31:32.0000001,10.246277822304137
2013-07-12 23:33:24.0000003,14.722276100713998
2015-06-08 20:02:56.0000002,15.37057636404677
2011-10-11 22:13:48.0000001,12.246111388959548
2011-10-11 22:13:48.0000004,6.19418375555199
2013-09-14 16:53:20.0000004,9.661307793870037
2013-09-14 16:53:20.0000003,16.873294777281785
2014-02-06 09:09:56.0000002,9.000864401672857
2009-06-10 16:55:00.00000028,6.324971282605475
2009-06-10 16:55:00.00000020,7.677796824228494
2009-06-10 16:55:00.0000001,4.397361272844364
2009-06-10 16:55:00.000000133,7.168201638112691
2009-06-10 16:55:00.00000026,6.124097476131851
2009-06-10 16:55:00.000000142,15.827901508102855
2009-06-10 16:55:00.00000038,7.5977943823450005
2009-06-10 16:55:00.00000042,8.825128130902385
2009-06-10 16:55:00.000000112,4.83804264340813
2009-06-10 16:55:00.00000096,5.547763642500968
2009-06-10 16:55:00.00000050,6.669511426234521
2009-06-10 16:55:00.00000092,10.469277078197592
2009-06-10 16:55:00.000000167,6.817512093617324
2009-06-10 16:55:00.000000110,6.0493908443695545
2009-06-10 16:55:00.00000015,10.158791157401879
2009-06-10 16:55:00.000000104,29.00280725675816
2009-06-10 16:55:00.00000019,49.77697568549365
2009-06-10 16:55:00.000000168,4.421924127014449
2009-06-10 16:55:00.00000059,10.422815816829143
2009-06-10 16:55:00.000000136,7.204591623009151
2009-06-10 16:55:00.00000087,27.13833191270021
2009-06-10 16:55:00.000000134,5.877726859060999
2009-06-10 16:55:00.00000032,6.2795330903300055
2013-06-26 11:19:36.0000001,8.083751147548355
2009-05-02 20:11:32.0000002,5.219749666324219
2009-05-02 20:11:32.0000003,11.6267394339892
2011-06-24 12:03:00.00000031,8.255559808162502
2011-06-24 12:03:00.00000064,6.186363928376181
2011-06-24 12:03:00.000000153,13.663869667097629
2011-06-24 12:03:00.00000014,6.569595584711692
2011-06-24 12:03:00.000000192,20.08066596639287
2011-06-24 12:03:00.000000121,6.307811682578176
2011-06-24 12:03:00.000000140,4.986175378081384
2011-06-24 12:03:00.000000155,5.249672424661867
2011-06-24 12:03:00.00000016,4.982279345731854
2011-06-24 12:03:00.00000084,5.820211510920444
2011-06-24 12:03:00.00000080,4.434262712148211
2011-06-24 12:03:00.000000123,5.1038258663960505
2011-06-24 12:03:00.000000125,6.102655350182431
2011-06-24 12:03:00.00000032,8.431226332722304
2011-06-24 12:03:00.000000178,14.424659746545217
2011-06-24 12:03:00.00000090,9.397508670440743
2011-06-24 12:03:00.000000166,48.85161878554004
2011-06-24 12:03:00.000000108,5.722985400558741
2011-06-24 12:03:00.00000098,9.843456958963884
2011-06-24 12:03:00.000000104,26.079068211375557
2011-06-24 12:03:00.00000027,12.186750370085406
2011-06-24 12:03:00.000000151,8.61804867386445
2011-06-24 12:03:00.00000099,10.279170139073926
2011-06-24 12:03:00.00000077,25.816245169574472
2011-06-24 12:03:00.00000019,10.736057938230715
2011-06-24 12:03:00.00000091,9.06620012226449
2011-06-24 12:03:00.000000132,11.457834795614076
2011-06-24 12:03:00.000000161,6.919326233322863
2011-06-24 12:03:00.00000024,5.549770883479823
2011-06-24 12:03:00.00000034,3.635293617109255
2011-06-24 12:03:00.00000050,15.285224341492608
2011-06-24 12:03:00.00000023,43.35989774962957
2011-06-24 12:03:00.00000049,9.329879381885576
2011-06-24 12:03:00.000000115,11.020602051280662
2011-06-24 12:03:00.0000008,6.565609031441454
2014-06-15 07:06:00.00000021,25.48671276528603
2014-06-15 07:06:00.00000032,9.591088719829258
2014-06-15 07:06:00.00000029,8.851115843970547
2014-06-15 07:06:00.00000043,27.276650322667024
2014-06-15 07:06:00.0000007,8.087287492203018
2014-06-15 07:06:00.00000038,14.550207617671276
2014-06-15 07:06:00.00000020,8.660189131338825
2014-06-15 07:06:00.00000027,49.916496681450894
2012-08-09 01:30:36.0000001,13.142611166313714
2015-05-30 21:29:04.0000002,24.925887952925905
2015-05-30 21:29:04.0000005,9.924092850017018
2009-10-26 12:01:36.0000004,27.39643296846316
2013-02-02 15:45:08.0000004,8.72191885728671
2010-12-14 23:27:36.0000003,8.719050647012295
2010-12-14 23:27:36.0000004,6.666791936396635
2010-12-14 23:27:36.0000002,9.245424716324692
2014-04-14 13:48:32.0000001,27.105295181816473
2014-04-14 13:48:32.0000002,9.247707380572251
2014-08-07 16:57:56.0000001,9.189135297767166
2009-09-14 02:19:00.00000022,8.810263299382882
2009-09-14 02:19:00.00000010,11.62479887742461
2009-09-14 02:19:00.0000004,3.956837196604056
2009-09-14 02:19:00.00000011,4.467405619130545
2009-09-14 02:19:00.00000023,3.4937088627315234
2009-09-14 02:19:00.00000041,4.6584002644801785
2009-09-14 02:19:00.00000013,11.527401830193526
2014-03-17 16:07:56.0000001,8.577074048424606
2011-06-12 11:31:48.0000003,5.857250481568144
2011-06-12 11:31:48.0000001,6.955547262224059
2011-06-12 11:31:48.0000002,13.679621724971867
2015-06-24 14:19:52.0000003,11.4742087869746
2010-08-21 22:21:32.0000003,7.983313193925483
2012-01-26 11:17:36.0000001,5.866580367002939
2015-02-27 14:15:52.0000001,11.333501448017955
2015-02-27 14:15:52.0000002,9.918087542259059
2014-09-14 17:22:12.0000004,9.514440520582184
2009-01-02 17:45:40.0000004,39.4281227784229
2009-01-02 17:45:40.0000001,4.743686185035585
2009-01-02 17:45:40.0000002,6.855379013987886
2009-01-02 17:45:40.0000003,5.059527621842335
2009-01-01 11:04:24.0000003,9.94989871485268
2009-01-01 11:04:24.0000001,5.359584073406154
2014-04-28 19:46:36.0000001,8.310905462887376
2011-06-01 07:37:00.000000192,18.979878142930033
2011-06-01 07:37:00.000000115,12.96593808282023
2011-06-01 07:37:00.00000089,7.6861339328828535
2011-06-01 07:37:00.00000087,8.352213842886613
2011-06-01 07:37:00.000000173,5.511387783877808
2011-06-01 07:37:00.000000166,9.235691248399803
2011-06-01 07:37:00.00000081,6.2384434006885385
2011-06-01 07:37:00.00000041,5.391562295407539
2011-06-01 07:37:00.000000102,5.582025788107899
2011-06-01 07:37:00.000000215,14.372147549604051
2011-06-01 07:37:00.0000006,18.7874296128208
2011-06-01 07:37:00.000000161,6.452179468494705
2011-06-01 07:37:00.000000123,5.531519721587529
2011-06-01 07:37:00.000000117,8.378163859133224
2011-06-01 07:37:00.0000004,21.176600086304916
2011-06-01 07:37:00.000000133,11.744206436104832
2011-06-01 07:37:00.000000160,7.147420375337219
2011-06-01 07:37:00.000000136,17.196223783756636
2011-06-01 07:37:00.000000214,9.776736734335145
2011-06-01 07:37:00.00000047,12.125058340619375
2011-06-01 07:37:00.0000001,6.383404465503531
2011-06-01 07:37:00.00000096,5.602681714558344
2011-06-01 07:37:00.000000150,22.264655894793464
2011-06-01 07:37:00.00000072,15.908560082023087
2011-06-01 07:37:00.00000064,7.276467189228924
2010-08-27 18:45:00.00000048,15.093257397102434
2010-08-27 18:45:00.000000210,13.899283730622642
2010-08-27 18:45:00.000000159,4.333264968811704
2010-08-27 18:45:00.00000083,10.132187699807673
2010-08-27 18:45:00.000000145,4.495681023550105
2010-08-27 18:45:00.00000096,10.638966318398616
2010-08-27 18:45:00.00000036,5.746978795715222
2010-08-27 18:45:00.00000088,9.050742916425179
2010-08-27 18:45:00.000000116,10.739357467127206
2010-08-27 18:45:00.000000193,7.603115540616159
2010-08-27 18:45:00.000000121,5.174274031292953
2010-08-27 18:45:00.00000074,14.541484523370514
2010-08-27 18:45:00.00000075,8.178512510286623
2010-08-27 18:45:00.000000130,13.35260563680913
2010-08-27 18:45:00.000000224,6.074752777440835
2010-08-27 18:45:00.00000072,4.730308260652464
2010-08-27 18:45:00.000000128,7.680346800982875
2010-08-27 18:45:00.000000163,10.324331684060667
2010-08-27 18:45:00.000000171,8.848645793238916
2010-08-27 18:45:00.000000157,10.341303068727257
2010-08-27 18:45:00.000000147,6.10524891200896
2010-08-27 18:45:00.000000119,14.886897497030532
2010-08-27 18:45:00.000000111,6.354543726127531
2010-08-27 18:45:00.00000015,20.168963785620576
2010-08-27 18:45:00.00000062,5.764165170336696
2010-08-27 18:45:00.000000127,5.90089602197952
2010-08-27 18:45:00.000000223,4.825334037050311
2010-08-27 18:45:00.000000112,8.806429070077911
2010-08-27 18:45:00.000000201,18.43896393653199
2010-08-27 18:45:00.000000135,10.255020136565236
2010-08-27 18:45:00.00000092,7.436854117511189
2010-08-27 18:45:00.00000056,5.4982385356341865
2010-08-27 18:45:00.000000105,9.729863386720922
2010-08-27 18:45:00.000000222,5.793127117795507
2010-08-27 18:45:00.00000023,7.972851929728108
2011-02-12 00:43:24.0000002,6.532803630084459
2014-05-07 06:50:20.0000004,7.932774131088763
2010-08-14 02:13:00.000000131,10.657917424021662
2010-08-14 02:13:00.00000097,7.520279776444795
2010-08-14 02:13:00.00000086,4.70299687538909
2010-08-14 02:13:00.00000051,7.930088125079237
2010-08-14 02:13:00.000000128,8.12641384727442
2010-08-14 02:13:00.00000074,8.94014798561443
2010-08-14 02:13:00.000000169,5.538557377005077
2010-08-14 02:13:00.000000127,9.168951779214808
2010-08-14 02:13:00.00000036,6.671374367310477
2010-08-14 02:13:00.00000068,32.50978258943803
2010-08-14 02:13:00.00000042,27.937881747401548
2010-08-14 02:13:00.000000115,20.201586133400497
2010-08-14 02:13:00.00000029,7.821334956084797
2010-08-14 02:13:00.0000003,7.881327862050057
2010-08-14 02:13:00.00000037,22.873015074358136
2010-08-14 02:13:00.000000121,4.405279009896958
2010-08-14 02:13:00.00000031,5.5398475067937625
2010-08-14 02:13:00.00000094,15.362412413533434
2010-08-14 02:13:00.000000136,9.678505615581571
2010-08-14 02:13:00.00000018,8.684095684790236
2010-08-14 02:13:00.000000125,9.184476777798409
2010-08-14 02:13:00.00000041,19.722161990122686
2010-08-14 02:13:00.000000163,15.720683624869707
2010-08-14 02:13:00.000000126,8.273997270262498
2010-08-14 02:13:00.0000008,10.526778219708945
2010-08-14 02:13:00.00000057,5.272499130504116
2010-08-14 02:13:00.00000050,16.449544843991475
2010-08-14 02:13:00.000000152,6.310724104580572
2014-03-25 23:47:00.00000083,8.876096611900607
2014-03-25 23:47:00.000000139,8.231390774567444
2014-03-25 23:47:00.000000122,19.231489336049435
2014-03-25 23:47:00.00000093,8.112420791640375
2014-03-25 23:47:00.00000039,11.208271996349595
2014-03-25 23:47:00.000000119,9.22126247992719
2014-03-25 23:47:00.00000067,13.573835194823118
2014-03-25 23:47:00.00000034,9.578847480124637
2014-03-25 23:47:00.00000040,13.928129588180695
2014-03-25 23:47:00.000000137,11.766061402772607
2014-03-25 23:47:00.00000076,22.680240298170816
2014-03-25 23:47:00.00000057,10.67515207806889
2014-03-25 23:47:00.000000104,9.631372571470934
2014-03-25 23:47:00.00000069,7.522483676118782
2015-06-05 08:38:56.0000008,19.365779174781892
2010-08-06 20:27:12.0000003,7.792233967968059
2012-08-03 12:33:08.0000001,7.360840604242412
2010-09-29 16:43:00.00000088,9.744536631717779
2010-09-29 16:43:00.00000034,11.342430072844195
2010-09-29 16:43:00.00000069,12.269601291402296
2010-09-29 16:43:00.000000172,3.802505429942812
2010-09-29 16:43:00.000000152,6.316305056959322
2010-09-29 16:43:00.00000084,7.796661379573607
2010-09-29 16:43:00.000000136,6.00308678904878
2010-09-29 16:43:00.000000126,8.468284775419761
2010-09-29 16:43:00.000000171,6.350517387011337
2010-09-29 16:43:00.000000139,5.5857399023153675
2010-09-29 16:43:00.0000002,6.113429147010947
2010-09-29 16:43:00.00000070,8.19058805612076
2010-09-29 16:43:00.00000045,4.814032281510777
2010-09-29 16:43:00.0000009,8.892526071594034
2010-09-29 16:43:00.00000057,9.144921475062802
2010-09-29 16:43:00.000000118,6.8938510132444435
2010-09-29 16:43:00.00000042,11.097257332791969
2010-09-29 16:43:00.000000130,7.3643977802137215
2010-09-29 16:43:00.00000039,7.214552675155687
2010-09-29 16:43:00.00000032,6.234417789211648
2014-10-27 14:58:00.000000101,10.190882426539247
2014-10-27 14:58:00.00000023,11.079810668477649
2014-10-27 14:58:00.0000006,11.102608312978191
2014-10-27 14:58:00.000000113,8.36593055710864
2014-10-27 14:58:00.000000143,7.164328740258384
2014-10-27 14:58:00.00000090,7.869777738420112
2014-10-27 14:58:00.000000104,17.36132567971515
2014-10-27 14:58:00.000000148,26.83560759817999
2014-10-27 14:58:00.00000060,8.499183457454478
2014-10-27 14:58:00.000000129,20.021642303177714
2014-10-27 14:58:00.00000012,15.488621941205452
2014-10-27 14:58:00.00000035,14.003152423678785
2014-10-27 14:58:00.00000036,9.710614048928164
2014-10-27 14:58:00.000000150,9.70503885075766
2014-10-27 14:58:00.00000050,8.192582699160539
2014-10-27 14:58:00.000000103,9.014118997988362
2014-10-27 14:58:00.00000067,7.535750203296743
2014-10-27 14:58:00.00000066,8.207846238630168
2009-10-08 23:44:56.0000003,8.301160112471507
2012-11-03 17:11:00.00000064,13.110435376044848
2012-11-03 17:11:00.00000074,7.042494682006918
2012-11-03 17:11:00.000000132,50.312030370366756
2012-11-03 17:11:00.00000031,8.73008330584753
2012-11-03 17:11:00.00000028,8.21402916323791
2012-11-03 17:11:00.000000102,8.47932783091403
2012-11-03 17:11:00.00000067,8.370252099132813
2012-11-03 17:11:00.000000162,8.28315641125107
2012-11-03 17:11:00.00000054,12.802206285372222
2012-11-03 17:11:00.00000046,7.2968309892263505
2012-11-03 17:11:00.000000113,25.492337862357886
2012-11-03 17:11:00.00000093,7.181307458239871
2012-11-03 17:11:00.00000032,17.153773358150147
2012-11-03 17:11:00.00000052,17.042327531361707
2012-11-03 17:11:00.000000147,8.121030334535135
2012-11-03 17:11:00.000000125,8.992158886333186
2012-11-03 17:11:00.00000086,7.508123751084099
2012-11-03 17:11:00.0000009,8.79085996299193
2012-11-03 17:11:00.000000136,8.190466788040453
2012-11-03 17:11:00.00000077,9.098938696972823
2012-11-03 17:11:00.00000099,15.452920002005499
2012-11-03 17:11:00.00000096,10.557730430151082
2012-11-03 17:11:00.000000161,8.304598027277166
2012-11-03 17:11:00.000000124,10.312122870880444
2012-11-03 17:11:00.00000016,29.847528533854756
2012-11-03 17:11:00.00000058,5.919431263338083
2012-11-03 17:11:00.00000083,8.90516921906351
2012-11-03 17:11:00.00000082,8.145988050020037
2012-11-03 17:11:00.00000075,17.01387490236425
2012-11-03 17:11:00.00000061,10.77660498869841
2012-11-03 17:11:00.00000012,8.510545733675826
2012-11-03 17:11:00.00000057,5.91536365616048
2012-11-03 17:11:00.00000037,6.6266995975845475
2012-11-03 17:11:00.000000106,7.858493028843668
2009-05-07 13:58:32.0000002,29.8883865248838
2011-05-28 17:29:44.0000001,66.59620580666001
2011-05-28 17:29:44.0000004,29.25800587274159
2011-12-25 21:26:32.0000002,7.393886746302087
2009-05-06 01:49:12.0000002,17.676251932119726
2009-05-06 01:49:12.0000004,5.55391019921467
2011-03-11 01:44:00.00000030,8.400500777631237
2011-03-11 01:44:00.00000027,34.83111170373866
2011-03-11 01:44:00.0000009,8.390682432943777
2011-03-11 01:44:00.00000047,30.42807256001811
2011-03-11 01:44:00.00000092,4.007528662737286
2011-03-11 01:44:00.0000006,13.522243657927675
2011-03-11 01:44:00.00000056,17.156819198557514
2011-03-11 01:44:00.00000081,11.50729193506038
2011-03-11 01:44:00.00000039,7.28130381823064
2011-03-11 01:44:00.00000077,21.537164927697518
2011-03-11 01:44:00.00000059,13.499405921544735
2011-03-11 01:44:00.00000028,8.117958058485556
2011-03-11 01:44:00.00000036,12.444749299098703
2011-03-11 01:44:00.00000038,23.631112723702927
2011-03-11 01:44:00.00000065,19.373457512429923
2011-03-11 01:44:00.0000003,11.615487545328506
2013-01-27 00:09:12.0000003,7.939371887715879
2012-01-07 11:21:56.0000003,5.01316322876221
2012-01-07 11:21:56.0000001,7.596900423924353
2012-10-31 12:17:24.0000002,11.138647876847358
2012-10-20 02:05:08.0000003,7.753136777053555
2014-10-11 15:11:24.0000003,6.467077570361198
2009-08-17 12:27:08.0000002,7.930537956703006
2014-04-09 09:23:12.0000004,12.804909918643148
2009-11-25 19:32:52.0000004,5.473719849767804
2014-05-30 00:09:16.0000007,7.509659129879992
2014-05-30 00:09:16.0000006,19.18939755063593
2013-01-07 17:08:32.0000002,8.060422303856626
2013-02-18 17:37:28.0000001,7.391643645257659
2011-10-04 09:37:00.00000038,13.572638719205429
2011-10-04 09:37:00.00000095,9.171796392655665
2011-10-04 09:37:00.00000015,8.492299802783577
2011-10-04 09:37:00.00000022,28.66117586065002
2011-10-04 09:37:00.00000052,10.459880218514058
2011-10-04 09:37:00.000000141,11.317810504503655
2011-10-04 09:37:00.000000179,15.38803098614926
2011-10-04 09:37:00.000000148,6.702552633890264
2011-10-04 09:37:00.00000014,6.544483786845376
2011-10-04 09:37:00.00000085,7.03102661706771
2011-10-04 09:37:00.000000162,11.14095353775997
2011-10-04 09:37:00.00000034,27.49560466741093
2011-10-04 09:37:00.00000037,14.442469061109932
2011-10-04 09:37:00.000000111,12.685673323226524
2011-10-04 09:37:00.00000061,5.040740050147406
2011-10-04 09:37:00.000000199,8.52089725027622
2011-10-04 09:37:00.000000158,27.9744305002813
2011-10-04 09:37:00.000000149,8.256601544683463
2011-10-04 09:37:00.00000069,20.79398034208691
2011-10-04 09:37:00.00000077,5.966960938169905
2011-10-04 09:37:00.000000165,14.682939424982237
2011-10-04 09:37:00.00000044,11.280925660237244
2011-10-04 09:37:00.000000191,12.196502703364445
2011-10-04 09:37:00.000000164,6.307545251294755
2011-10-04 09:37:00.000000135,6.180928137796286
2011-10-04 09:37:00.000000190,13.604539438302822
2011-10-04 09:37:00.000000163,17.072207408063605
2011-10-04 09:37:00.00000054,24.52361355471396
2011-10-04 09:37:00.000000177,9.519138561830914
2011-10-04 09:37:00.00000064,5.860237040110292
2011-10-04 09:37:00.0000003,11.169882996209935
2011-10-04 09:37:00.000000196,34.65032734706995
2011-10-04 09:37:00.000000155,6.963306142893771
2012-10-23 14:15:04.0000002,9.767429830948004
2012-10-18 21:06:20.0000009,9.18405696980335
2012-10-18 21:06:20.0000007,10.184571390013048
2014-12-24 03:00:00.00000016,16.35738374006985
2014-12-24 03:00:00.00000025,13.269885349576043
2014-12-24 03:00:00.00000029,11.646827432401551
2014-12-24 03:00:00.00000040,11.305834258567756
2014-12-24 03:00:00.0000007,7.499856994612287
2014-12-24 03:00:00.00000019,8.691303868700288
2014-12-24 03:00:00.00000039,8.523777652052559
2010-10-07 10:54:20.0000003,49.84846708719863
2011-02-21 20:11:08.0000006,8.603446045955934
2009-10-04 22:54:56.0000002,12.816352405257135
2015-04-11 20:31:32.00000011,9.063824124357211
2015-04-11 20:31:32.0000005,13.45883263156361
2011-02-20 12:31:04.0000002,6.85655580227035
2013-01-01 22:04:56.0000002,9.522045037070257
2013-01-01 22:04:56.0000003,9.351837832461797
2013-04-23 17:52:44.0000003,48.65284065336789
2010-01-01 13:19:40.0000004,13.511496056207193
2010-03-06 23:51:08.0000003,14.09111733372822
2014-04-27 02:57:00.000000155,11.672966127449513
2014-04-27 02:57:00.00000072,10.28495634854255
2014-04-27 02:57:00.00000043,9.316770483712617
2014-04-27 02:57:00.00000073,15.228927209260178
2014-04-27 02:57:00.00000013,16.29349182819442
2014-04-27 02:57:00.000000191,8.491889632859852
2014-04-27 02:57:00.000000171,20.48735037470169
2014-04-27 02:57:00.000000162,18.493776481512327
2014-04-27 02:57:00.00000082,14.127885265343252
2014-04-27 02:57:00.00000023,7.877732566287591
2014-04-27 02:57:00.000000137,10.891242188639012
2014-04-27 02:57:00.00000057,16.338810722128187
2014-04-27 02:57:00.000000174,8.295043662198168
2014-04-27 02:57:00.00000012,6.416007356408159
2014-04-27 02:57:00.000000158,7.017435876616219
2014-04-27 02:57:00.000000138,30.154102255967928
2014-04-27 02:57:00.000000172,11.449451472589544
2014-04-27 02:57:00.000000195,11.561959301862885
2014-04-27 02:57:00.000000131,8.407522351493867
2014-04-27 02:57:00.000000140,15.806556716995146
2014-04-27 02:57:00.000000154,6.671921091140234
2014-04-27 02:57:00.00000036,8.254058636768264
2014-04-27 02:57:00.000000153,12.09270624081114
2014-04-27 02:57:00.000000164,8.15996535857289
2014-04-27 02:57:00.00000031,8.428739965626391
2014-04-27 02:57:00.000000116,27.443543601689726
2014-04-27 02:57:00.000000187,9.696121574201243
2011-01-18 10:26:40.0000001,15.066092758047262
2011-12-13 22:00:00.000000185,11.783535345238192
2011-12-13 22:00:00.000000117,25.591917222541156
2011-12-13 22:00:00.00000037,13.557447432607773
2011-12-13 22:00:00.000000171,8.281448832337446
2011-12-13 22:00:00.000000194,12.70041358084859
2011-12-13 22:00:00.000000237,6.591859579603579
2011-12-13 22:00:00.000000160,7.915906049441901
2011-12-13 22:00:00.000000145,5.997103813079548
2011-12-13 22:00:00.00000035,13.124282732643906
2011-12-13 22:00:00.00000081,6.678619936707946
2011-12-13 22:00:00.00000015,9.141829870298125
2011-12-13 22:00:00.000000118,8.980365179172509
2011-12-13 22:00:00.000000140,8.91648264164246
2011-12-13 22:00:00.00000092,26.08077598028808
2011-12-13 22:00:00.00000047,7.5934815020247015
2011-12-13 22:00:00.000000119,7.383428298655986
2011-12-13 22:00:00.00000077,6.628278912870883
2011-12-13 22:00:00.00000096,8.528185974503003
2011-12-13 22:00:00.000000152,16.80546682913746
2011-12-13 22:00:00.000000198,9.497605900994131
2011-12-13 22:00:00.00000043,7.377772138943328
2011-12-13 22:00:00.000000115,6.417685397091418
2011-12-13 22:00:00.000000236,6.622707174179254
2011-12-13 22:00:00.000000200,6.2107335568528015
2011-12-13 22:00:00.0000001,18.41502802784123
2011-12-13 22:00:00.000000251,8.194346748961948
2011-12-13 22:00:00.00000049,7.890227535189979
2011-12-13 22:00:00.00000034,12.30774442915731
2011-12-13 22:00:00.000000262,7.637716481956204
2011-12-13 22:00:00.00000018,22.746265822260625
2011-12-13 22:00:00.000000108,6.983316589429023
2011-12-13 22:00:00.00000084,7.807004619807003
2014-05-13 07:33:52.0000005,7.880132488243362
2011-06-30 09:37:08.0000001,9.148187615534653
2009-01-28 16:36:28.0000004,9.114043840751606
2010-07-21 22:06:12.0000004,14.629752333831448
2013-05-24 13:37:32.0000003,11.039625260430512
2013-05-24 13:37:32.0000002,6.390345393991424
2014-03-05 21:07:12.0000002,7.814748093431945
2014-03-05 21:07:12.0000005,7.322535066752039
2009-11-28 15:07:24.0000002,5.693088757122723
2010-07-31 15:47:28.0000002,14.68025364177106
2013-11-22 15:36:36.0000001,10.502894796436067
2011-06-26 18:48:08.0000003,7.6635516000899315
2011-10-17 18:49:20.0000001,11.348141530227053
2011-10-17 18:49:20.0000004,8.660219742852746
2014-07-21 18:19:00.00000053,9.499370989745444
2014-07-21 18:19:00.00000085,10.270185713951378
2014-07-21 18:19:00.000000175,8.511712516546481
2014-07-21 18:19:00.00000076,11.472501849740183
2014-07-21 18:19:00.000000147,12.191392967983916
2014-07-21 18:19:00.0000001,15.165363900921307
2014-07-21 18:19:00.0000007,9.621662425694126
2014-07-21 18:19:00.000000234,10.678240920406552
2014-07-21 18:19:00.000000188,9.292976938823813
2014-07-21 18:19:00.00000024,9.082562501694952
2014-07-21 18:19:00.000000158,7.586894887110361
2014-07-21 18:19:00.00000093,11.411012967255715
2014-07-21 18:19:00.00000081,8.608247942296657
2014-07-21 18:19:00.000000206,8.532098858631002
2014-07-21 18:19:00.00000095,21.3473314179588
2014-07-21 18:19:00.000000164,7.254604831435472
2014-07-21 18:19:00.00000062,7.565062294919926
2014-07-21 18:19:00.000000140,10.415063938386993
2014-07-21 18:19:00.000000155,12.673313117181692
2014-07-21 18:19:00.000000170,10.2427601958384
2014-07-21 18:19:00.000000238,18.644415468457623
2014-07-21 18:19:00.000000207,10.031788157215829
2014-07-21 18:19:00.00000016,14.4550302030774
2014-07-21 18:19:00.000000237,12.166426217418916
2014-07-21 18:19:00.00000045,7.93119253420025
2014-07-21 18:19:00.000000110,9.183826771381746
2014-07-21 18:19:00.000000157,7.540695689867221
2014-07-21 18:19:00.000000236,10.901379949054785
2014-07-21 18:19:00.000000151,8.620808754053996
2014-07-21 18:19:00.000000192,7.187146872694143
2014-07-21 18:19:00.00000086,7.969213155185571
2014-07-21 18:19:00.00000040,8.749759614702384
2014-07-21 18:19:00.000000209,8.50737145975745
2014-07-21 18:19:00.000000138,12.99821281058621
2014-07-21 18:19:00.000000131,11.903706802502256
2014-07-21 18:19:00.000000243,10.370876182243592
2014-07-21 18:19:00.000000199,16.4824279881758
2014-07-21 18:19:00.00000041,12.616472293520701
2014-07-21 18:19:00.000000180,12.123388342865042
2014-07-21 18:19:00.00000052,8.973855905412393
2014-07-21 18:19:00.00000084,8.276132536542377
2011-06-13 09:55:04.0000006,7.4470327137635195
2011-06-13 09:55:04.0000002,19.018023759760354
2014-12-27 22:31:56.0000001,12.46140357699187
2014-12-27 22:31:56.0000003,31.563032389459863
2010-09-20 16:48:00.00000050,8.346755995248486
2010-09-20 16:48:00.00000055,7.450453638292743
2010-09-20 16:48:00.000000154,9.709261893500525
2010-09-20 16:48:00.000000106,14.303202412731252
2010-09-20 16:48:00.000000163,23.32254473552905
2010-09-20 16:48:00.000000121,47.45491540743399
2010-09-20 16:48:00.000000111,46.7127764025812
2010-09-20 16:48:00.000000124,8.12207697732265
2010-09-20 16:48:00.000000143,6.9769450648020666
2010-09-20 16:48:00.000000131,7.451210955068973
2010-09-20 16:48:00.000000137,33.20837610781007
2010-09-20 16:48:00.000000142,4.146224361309237
2010-09-20 16:48:00.00000036,5.985927387394668
2010-09-20 16:48:00.0000007,13.842481462875867
2010-09-20 16:48:00.000000112,10.57233483902644
2010-09-20 16:48:00.000000104,8.700355281762882
2010-09-20 16:48:00.00000056,14.948453159050018
2010-09-20 16:48:00.000000114,6.400016300350785
2010-09-20 16:48:00.000000152,5.785163451237963
2010-09-20 16:48:00.00000072,18.934421954853747
2010-09-20 16:48:00.0000004,10.156533699296574
2010-09-20 16:48:00.00000058,16.884326596433993
2010-09-20 16:48:00.00000081,7.779940538560595
2010-09-20 16:48:00.000000116,7.008259841290737
2010-09-20 16:48:00.00000040,12.051106831117636
2010-09-20 16:48:00.00000019,12.714047668860871
2010-09-20 16:48:00.000000134,7.568529354143493
2010-09-20 16:48:00.00000084,47.58729818023164
2010-09-20 16:48:00.00000016,9.623836423513126
2010-09-20 16:48:00.000000103,5.5515799527710215
2012-08-20 14:47:36.0000001,7.671255357166729
2011-12-01 01:36:08.0000001,5.861399576914209
2014-03-29 14:59:28.0000001,12.930218940646455
2014-08-18 01:19:48.0000001,11.600466929308482
2012-04-30 20:04:20.0000001,6.805149931606252
2013-07-13 18:28:20.0000003,47.05445284286293
2014-10-07 19:04:08.0000003,7.816448396794385
2014-10-07 19:04:08.0000001,8.222325463685706
2013-08-21 09:32:24.0000001,6.131375564013183
2015-01-26 07:13:44.0000001,29.052754365681267
2011-03-06 21:01:00.0000003,12.12864087740661
2011-03-06 21:01:00.000000155,5.059244032682045
2011-03-06 21:01:00.000000164,6.944506933853972
2011-03-06 21:01:00.000000131,9.014078012332561
2011-03-06 21:01:00.00000091,8.668177624420082
2011-03-06 21:01:00.000000144,14.315768656701948
2011-03-06 21:01:00.000000132,6.401300865357598
2011-03-06 21:01:00.000000134,5.111283937825192
2011-03-06 21:01:00.000000110,4.7302362225321986
2011-03-06 21:01:00.00000058,6.159297724854582
2011-03-06 21:01:00.00000081,16.409473558193554
2011-03-06 21:01:00.00000048,19.70452956166389
2011-03-06 21:01:00.00000079,8.20270938690976
2011-03-06 21:01:00.000000142,14.354994873759551
2011-03-06 21:01:00.00000090,10.982351802210928
2011-03-06 21:01:00.000000125,6.544513748850932
2011-03-06 21:01:00.000000119,4.777243816083342
2011-03-06 21:01:00.000000117,13.00475543131256
2011-03-06 21:01:00.00000065,9.454229291667389
2011-03-06 21:01:00.000000163,6.522375700164048
2011-03-06 21:01:00.000000159,8.187722984166726
2011-03-06 21:01:00.000000112,6.230220515955352
2011-03-06 21:01:00.00000013,24.019627269266948
2011-03-06 21:01:00.000000121,7.316501622146575
2011-03-06 21:01:00.000000152,5.4112532032710305
2011-03-06 21:01:00.00000059,11.57889225965721
2011-03-06 21:01:00.00000041,5.979857562702591
2011-03-06 21:01:00.000000174,8.89093107287863
2011-03-06 21:01:00.000000171,7.023129864878683
2011-03-06 21:01:00.00000069,17.70420292504025
2011-03-06 21:01:00.00000050,5.214451938384968
2011-03-06 21:01:00.00000039,8.311146405775276
2011-03-06 21:01:00.00000082,9.772554520612402
2011-03-06 21:01:00.000000165,7.653849519293544
2011-03-06 21:01:00.000000103,5.18360483678191
2011-03-06 21:01:00.00000063,6.187946057208137
2011-03-06 21:01:00.000000100,13.720520364730987
2011-03-06 21:01:00.000000124,10.406287713531015
2011-03-06 21:01:00.000000126,6.483872829562756
2011-03-06 21:01:00.00000068,7.886959580275857
2011-03-06 21:01:00.00000030,6.738214886000492
2009-11-24 08:58:48.0000008,5.963558403084676
2009-11-24 08:58:48.0000004,6.436146540271125
2011-05-30 09:32:56.0000002,6.150091145894066
2010-01-02 12:20:32.0000001,7.224674148470967
2010-10-05 02:09:00.00000026,6.87745386252891
2010-10-05 02:09:00.00000016,6.7807488933951845
2010-10-05 02:09:00.00000019,19.441144423979154
2010-10-05 02:09:00.00000014,5.6688927928345265
2010-10-05 02:09:00.0000004,9.616190806641725
2010-10-05 02:09:00.00000025,15.275523380974732
2010-10-05 02:09:00.0000009,10.553680465748926
2012-01-25 22:43:44.0000005,6.224190784812436
2010-12-01 22:04:52.0000002,7.907824282746333
2013-06-23 02:54:32.0000001,19.50717048704246
2013-11-18 15:07:28.0000003,10.207630310100967
2013-08-06 23:56:32.0000002,7.6479864550952925
2013-08-06 23:56:32.0000001,27.600590585060218
2012-03-10 02:36:04.0000004,9.481004354915285
2014-04-13 17:35:52.0000001,9.22485947048176
2013-09-14 16:03:12.0000001,11.825310890512469
2013-09-14 16:03:12.0000002,7.33362511092173
2013-09-14 16:03:12.0000003,7.646483592635832
2014-04-05 18:27:08.0000001,9.977957540529587
2014-04-05 18:27:08.0000002,7.316086606379827
2009-12-02 15:59:56.0000003,5.053167094663877
2010-01-03 02:03:40.0000001,3.712614204197621
2011-01-30 14:38:24.0000001,9.534558480369014
2011-04-16 21:23:16.0000005,8.049614069452673
2009-05-31 21:24:56.0000002,7.529355810098764
2009-07-14 17:59:12.0000002,11.753186716953678
2009-12-18 12:37:04.0000003,7.120878643160154
2012-11-21 15:12:48.0000002,6.324826094213222
2011-10-07 22:08:20.0000002,7.470591802392846
2011-10-07 22:08:20.0000001,11.381514957344507
2011-10-07 22:08:20.0000004,9.769727837107098
2013-09-24 21:16:40.0000008,7.436700873751306
2013-09-24 21:16:40.0000005,6.989843199480447
2014-01-25 12:36:52.0000003,9.710439374232465
2012-01-26 07:33:00.000000101,5.927886803436422
2012-01-26 07:33:00.00000057,12.678770200945337
2012-01-26 07:33:00.000000175,7.197364627850334
2012-01-26 07:33:00.00000024,7.972527642723321
2012-01-26 07:33:00.00000097,4.583531595906948
2012-01-26 07:33:00.000000115,16.948273056645007
2012-01-26 07:33:00.00000039,6.349432112555746
2012-01-26 07:33:00.000000161,8.78322330600497
2012-01-26 07:33:00.000000173,9.168096751685084
2012-01-26 07:33:00.000000183,10.822374855858698
2012-01-26 07:33:00.00000020,13.07000502873484
2012-01-26 07:33:00.00000022,9.459169317768897
2012-01-26 07:33:00.000000136,4.284900443807828
2012-01-26 07:33:00.0000008,15.44105697637633
2012-01-26 07:33:00.000000100,9.92589192666469
2012-01-26 07:33:00.00000023,4.282463503410781
2012-01-26 07:33:00.00000056,7.36929784349627
2012-01-26 07:33:00.00000018,8.735481926416696
2012-01-26 07:33:00.00000076,19.79094198378789
2012-01-26 07:33:00.00000080,7.681630027203823
2012-01-26 07:33:00.000000104,8.98270472878562
2012-01-26 07:33:00.00000082,6.518749330183823
2012-01-26 07:33:00.00000025,5.665004210161669
2012-01-26 07:33:00.000000181,0.7745199425443161
2012-01-26 07:33:00.000000105,6.672870636943685
2015-03-20 23:34:40.0000001,9.424839288446492
2015-03-20 23:34:40.0000008,9.961156976364236
2015-03-20 23:34:40.0000003,20.38111641447324
2013-12-14 03:20:48.0000003,13.522446637454095
2010-12-09 07:29:00.000000164,11.36936514955164
2010-12-09 07:29:00.000000141,13.02364602154455
2010-12-09 07:29:00.00000073,9.091529564685516
2010-12-09 07:29:00.00000062,6.101082638299658
2010-12-09 07:29:00.000000139,8.637173128789527
2010-12-09 07:29:00.00000079,6.938617497126074
2010-12-09 07:29:00.000000145,8.098060627013524
2010-12-09 07:29:00.0000006,5.533892773225148
2010-12-09 07:29:00.00000066,5.2033381066763695
2010-12-09 07:29:00.000000171,9.822746418419683
2010-12-09 07:29:00.000000136,10.60003964078237
2010-12-09 07:29:00.00000026,21.485950990261927
2010-12-09 07:29:00.00000044,5.321889068826067
2010-12-09 07:29:00.00000083,4.051410811151072
2010-12-09 07:29:00.00000028,7.29559059624944
2010-12-09 07:29:00.000000168,12.756547364930725
2010-12-09 07:29:00.000000180,6.146441352042871
2010-12-09 07:29:00.00000094,7.083166583563866
2010-12-09 07:29:00.00000080,48.195559863185395
2010-12-09 07:29:00.000000181,11.521010304223637
2010-12-09 07:29:00.00000086,10.525455177242407
2011-09-25 13:01:20.0000002,5.603476543205716
2014-02-20 18:49:04.0000001,10.450168589368559
2010-08-21 23:02:28.0000004,5.559040997560373
2010-08-21 23:02:28.0000001,14.101787779523761
2010-08-21 23:02:28.0000002,7.0664975946248205
2012-05-08 03:50:00.00000017,25.906100548451036
2012-05-08 03:50:00.00000010,8.281671688545316
2012-05-08 03:50:00.0000005,9.457811425595537
2009-07-31 07:30:56.0000003,17.986540061347682
2012-03-06 07:33:04.0000001,11.502257453046354
2015-03-12 19:43:24.0000006,29.508104778068628
2014-01-18 17:43:28.0000001,9.031572534880524
2011-09-04 01:36:36.0000001,7.372997875433271
2010-08-09 08:53:56.0000001,6.720575797327683
2015-02-01 00:48:44.0000002,6.891434387963386
2014-01-26 15:28:52.0000001,10.511556631192775
2014-01-26 15:28:52.0000002,19.841487804755616
2011-12-06 11:07:40.0000004,9.624707381213398
2011-07-12 19:41:48.0000001,11.153959130207568
2010-09-16 14:27:16.0000002,6.750062459755554
2015-02-14 20:20:56.0000003,7.310097614956248
2009-01-22 12:27:20.0000002,10.710513348807808
2011-04-23 21:22:20.0000003,9.10693107890404
2011-04-23 21:22:20.0000004,17.010886885901414
2015-02-21 18:39:16.0000003,7.160375694380377
2015-02-21 18:39:16.0000004,8.61091186763656
2009-04-23 00:05:40.0000002,6.3142935137975655
2013-03-09 21:40:52.0000001,9.040723129735625
2010-07-22 09:37:12.0000002,24.86680180302517
2012-07-31 02:46:40.0000001,9.76268522914529
2015-02-21 17:23:28.0000004,13.933488504851198
2012-11-19 22:15:32.0000001,9.157173638764561
2009-01-26 18:26:48.0000005,7.069669628378506
2009-09-22 11:47:24.0000001,10.377487496510184
2012-07-05 18:30:36.0000004,7.140283661943272
2012-11-20 21:54:00.000000225,7.5600427234720655
2012-11-20 21:54:00.00000025,13.104651632301398
2012-11-20 21:54:00.00000036,19.25434139041954
2012-11-20 21:54:00.000000102,14.632902202707555
2012-11-20 21:54:00.000000105,29.716937152180435
2012-11-20 21:54:00.000000167,17.77877990296895
2012-11-20 21:54:00.000000186,7.909803714103646
2012-11-20 21:54:00.000000172,7.846868315695701
2012-11-20 21:54:00.000000202,15.320771884462147
2012-11-20 21:54:00.000000179,39.29407691964502
2012-11-20 21:54:00.000000110,9.596528675768127
2012-11-20 21:54:00.00000076,8.353551859456275
2012-11-20 21:54:00.000000195,21.418659108442966
2012-11-20 21:54:00.000000131,39.757152773715234
2012-11-20 21:54:00.0000002,13.737766592385583
2012-11-20 21:54:00.00000068,20.33037605198672
2012-11-20 21:54:00.000000138,8.99006819718204
2012-11-20 21:54:00.00000090,9.270936076685302
2012-11-20 21:54:00.000000169,8.730642517119577
2012-11-20 21:54:00.00000065,9.499417031457597
2012-11-20 21:54:00.000000121,21.503971960670583
2012-11-20 21:54:00.00000024,7.3840413866810195
2012-11-20 21:54:00.000000123,11.463866419970486
2012-11-20 21:54:00.000000100,12.71605536166578
2012-11-20 21:54:00.0000004,7.690895489483523
2012-11-20 21:54:00.00000098,6.573553986810339
2012-11-20 21:54:00.000000205,7.486590380716962
2012-11-20 21:54:00.000000103,25.64736841990816
2012-11-20 21:54:00.00000092,15.20560958625424
2012-11-20 21:54:00.00000040,8.545398977546824
2012-11-20 21:54:00.00000069,25.2266606328875
2012-11-20 21:54:00.000000148,14.740156386146055
2012-11-20 21:54:00.000000233,8.939078046668783
2014-06-23 00:16:00.00000054,14.733280446087633
2014-06-23 00:16:00.00000059,35.680513881358706
2014-06-23 00:16:00.00000051,10.565937760709744
2014-06-23 00:16:00.00000012,12.28723400581623
2014-06-23 00:16:00.00000046,43.95169259512977
2014-06-23 00:16:00.00000032,9.65238677972286
2014-06-23 00:16:00.00000017,5.367195223737667
2014-06-23 00:16:00.0000006,9.22943233811327
2014-06-23 00:16:00.00000084,10.038321082818698
2014-06-23 00:16:00.00000021,44.67152376883155
2014-06-23 00:16:00.0000007,5.892344276064819
2014-06-23 00:16:00.00000045,9.448887284848638
2014-06-23 00:16:00.00000083,31.783578433658136
2014-06-23 00:16:00.00000048,22.850276265562457
2014-06-23 00:16:00.00000058,9.890658743908602
2014-06-23 00:16:00.00000075,10.751455547120827
2014-06-23 00:16:00.00000027,10.003254888324363
2014-06-23 00:16:00.00000031,10.128277212371927
2009-04-25 10:52:56.0000001,3.7866051386130266
2009-04-25 10:52:56.0000003,4.690973151511798
2009-04-20 11:11:40.0000002,7.45237489466399
2009-10-22 21:57:36.0000001,15.652279293366405
2013-11-28 11:00:04.0000001,8.897299287877559
2014-05-25 15:07:04.0000001,6.5483827844262805
2011-08-18 13:00:16.0000001,6.463186887475445
2013-09-25 22:00:00.000000167,9.306255304347019
2013-09-25 22:00:00.00000033,7.702797663279398
2013-09-25 22:00:00.000000122,11.44951319474933
2013-09-25 22:00:00.000000236,9.064939318757524
2013-09-25 22:00:00.000000193,14.982247988514473
2013-09-25 22:00:00.000000239,7.514916219674205
2013-09-25 22:00:00.00000086,13.4370516157652
2013-09-25 22:00:00.000000201,12.380707933114536
2013-09-25 22:00:00.000000170,16.18026069650068
2013-09-25 22:00:00.00000080,7.612069515257076
2013-09-25 22:00:00.00000021,7.403343070870051
2013-09-25 22:00:00.000000240,9.233792207685383
2013-09-25 22:00:00.00000046,15.860519858009411
2013-09-25 22:00:00.000000231,26.388914160913828
2013-09-25 22:00:00.00000027,9.323522991121763
2013-09-25 22:00:00.00000045,7.358335253593623
2013-09-25 22:00:00.000000108,9.649215178087957
2013-09-25 22:00:00.000000125,11.608223699190376
2013-09-25 22:00:00.000000232,8.12961840869491
2013-09-25 22:00:00.000000184,13.374301919849131
2013-09-25 22:00:00.00000096,11.589022621461027
2013-09-25 22:00:00.000000158,11.424894516942118
2013-09-25 22:00:00.000000131,16.641368459105138
2013-09-25 22:00:00.000000207,7.803908067789735
2013-09-25 22:00:00.00000068,9.131120205559228
2013-09-25 22:00:00.000000194,13.355169044202057
2013-09-25 22:00:00.00000011,50.69319013214738
2013-09-25 22:00:00.000000243,17.405209457192655
2013-09-25 22:00:00.000000138,14.331302165149395
2013-09-25 22:00:00.00000069,9.325322298029164
2013-09-25 22:00:00.00000067,7.991797948417798
2013-09-25 22:00:00.000000152,13.083282569205153
2013-07-20 12:06:44.0000002,9.513988487433153
2013-07-20 12:06:44.0000001,9.385547733261319
2014-07-11 12:36:08.0000003,48.20905257725394
2014-01-31 11:11:05.0000002,11.439127413471624
2014-08-31 04:03:29.0000002,10.879201773788736
2014-08-31 04:03:29.0000003,21.964875794542422
2014-08-01 18:38:09.0000004,18.650907249543252
2014-08-01 18:38:09.0000003,20.149640806370712
2009-05-16 14:53:41.0000005,11.668042778497465
2009-05-16 14:53:41.0000001,20.680459899776565
2009-05-16 14:53:41.0000004,21.480795072824776
2013-08-26 11:47:37.0000001,8.997148827715137
2010-10-30 13:31:13.0000001,4.948424715601732
2014-05-09 00:30:41.0000004,11.314825578748469
2012-03-05 13:24:37.0000002,6.756560744639842
2010-07-01 22:11:33.0000005,7.634512783986111
2010-07-01 22:11:33.0000006,31.024288414685998
2012-01-07 21:39:05.0000001,51.31719069308838
2012-05-26 00:31:25.0000001,6.007463226466825
2014-10-07 11:52:13.0000006,9.843469634912708
2015-06-13 19:17:09.0000005,8.649922968481519
2009-11-28 13:50:17.0000004,5.172854057140057
2009-11-28 13:50:17.0000002,5.417206424828237
2015-01-13 12:07:53.0000005,7.635967245488246
2015-01-13 12:07:53.0000003,8.291404935464925
2012-01-31 09:15:49.0000001,8.378840875509923
2011-03-22 12:59:49.0000002,24.27240616143149
2011-03-22 12:59:49.0000006,7.127213439638922
2013-07-05 00:58:17.0000001,6.047303323908068
2010-01-30 00:57:21.0000002,21.07265060521638
2009-10-16 16:14:41.0000002,5.596144022480644
2011-03-13 05:34:57.0000002,12.050281257971506
2015-02-26 23:20:13.00000010,10.510657807267421
2013-10-09 15:11:41.0000004,21.234479927709117
2011-09-01 09:53:49.0000004,5.909106121514469
2010-09-28 00:16:53.0000003,8.155139125280357
2010-07-25 04:03:17.0000003,17.811649996873257
2010-07-25 04:03:17.0000002,4.625649217106911
2013-09-19 21:24:21.0000001,11.459512212651362
2011-02-04 09:12:53.0000004,4.6541698310786614
2012-03-08 12:33:25.0000003,13.257674837742002
2009-07-31 18:15:57.0000001,9.583434700911198
2009-07-10 20:17:05.0000003,4.096829115860032
2010-08-21 21:56:25.0000002,13.187850058235995
2010-10-09 17:11:17.0000001,7.316292270284521
2009-09-25 15:13:57.0000001,7.665050845922565
2009-09-25 15:13:57.0000003,5.873981381399631
2009-09-25 15:13:57.0000002,10.006079505236471
2010-05-03 08:36:41.0000004,6.739352146947226
2011-01-24 20:18:49.0000003,6.228548455667351
2010-01-23 14:32:17.0000003,4.4029354248185655
2012-06-02 01:16:05.0000004,17.43547021946756
2011-10-20 13:46:33.0000003,8.989464435921377
2014-10-28 12:23:09.0000001,17.581824895749605
2011-07-11 20:43:33.0000004,14.975760616804337
2011-07-11 20:43:33.0000005,27.428220856087478
2011-07-11 20:43:33.0000001,6.334150792850892
2013-02-23 14:25:29.0000002,10.856006803922355
2010-01-30 18:58:33.0000008,9.023048480193097
2010-01-30 18:58:33.0000006,7.016776545531457
2010-01-30 18:58:33.0000001,5.523389320573983
2014-06-22 14:49:13.0000001,14.975179271942807
2014-06-22 14:49:13.0000005,15.245994475509178
2015-03-14 02:23:17.0000006,20.018093019648177
2015-03-14 02:23:17.0000002,8.931348288271238
2015-03-14 02:23:17.0000004,20.53805869196094
2012-03-12 01:08:09.0000001,10.101295460049528
2014-09-25 20:52:09.0000002,8.017806231648365
2014-09-25 20:52:09.0000005,21.49048242021047
2012-12-15 06:35:45.0000001,7.144085437542913
2012-01-05 05:51:01.0000001,8.954347937982106
2013-10-15 08:16:21.0000002,20.727908897225575
2014-08-26 23:35:49.0000002,9.415310612380495
2009-08-28 23:01:41.0000001,7.607003397786343
2009-08-28 23:01:41.0000006,4.389253991375426
2014-12-16 13:40:25.0000003,11.317332913247014
2012-12-09 22:30:13.0000006,7.799758828089921
2012-12-09 22:30:13.0000002,9.074074107930755
2012-12-09 22:30:13.0000004,14.707610528083137
2011-05-11 19:56:09.0000001,5.486191933996906
2014-08-08 00:02:41.0000004,12.676674405971312
2014-08-08 00:02:41.0000002,18.4809684100577
2013-09-12 12:50:13.0000007,8.99827824662691
2013-09-12 12:50:13.0000003,8.032690467387965
2013-09-12 12:50:13.0000001,12.71771662496758
2011-06-26 03:33:25.0000002,22.514907537742374
2011-09-18 18:33:13.0000003,7.671202426464561
2014-03-04 16:24:45.0000001,75.81299736372671
2014-11-10 10:52:41.0000001,28.061884071002396
2009-12-22 15:59:53.0000003,11.952956851613976
2014-05-08 21:23:41.0000001,9.747012724056162
2012-07-15 03:53:37.0000001,18.172570663759416
2012-07-15 03:53:37.0000002,10.682639488940936
2012-07-15 03:53:37.0000003,10.670930864559182
2013-06-10 11:29:13.0000001,11.06225795666819
2015-04-25 01:06:17.0000007,15.318254357736237
2015-04-25 01:06:17.0000003,15.931679484991719
2012-10-28 13:55:57.0000001,9.432781474540548
2011-06-12 01:07:57.0000003,6.834892905493803
2014-12-11 15:20:49.0000001,7.058551554071073
2011-06-19 04:08:49.0000002,9.597279902336595
2012-04-14 22:29:37.0000001,6.729265584029918
2015-06-02 09:11:17.0000007,10.271550065517658
2011-10-08 12:54:49.0000002,7.03428645783697
2009-06-02 08:34:33.0000001,4.0164434735429495
2011-10-01 15:04:57.0000001,25.2755488259603
2013-06-22 01:59:25.0000002,11.549992207978107
2010-12-15 08:39:33.0000005,5.734604710067288
2012-05-26 11:54:53.0000001,10.857928495727606
2012-05-26 11:54:53.0000002,8.815829404563829
2014-01-11 19:20:17.0000001,6.608171987412675
2015-01-05 21:43:13.0000001,21.029818993824733
2011-07-19 22:20:41.0000002,16.727474794638624
2011-07-19 22:20:41.0000004,10.003556616778951
2011-07-19 22:20:41.0000001,19.397586570973886
2012-03-18 02:27:41.0000001,6.788698917706483
2009-01-19 19:48:17.0000001,5.428583122253372
2009-01-19 19:48:17.0000002,5.390178738463305
2013-01-13 00:20:53.0000001,9.369425631115746
2013-11-28 13:17:13.0000002,23.087059954954043
2012-06-10 00:46:17.0000006,4.736637354665959
2012-06-10 00:46:17.0000003,9.894706912286551
2012-06-10 00:46:17.0000005,10.089125882672988
2010-02-20 04:04:13.0000004,23.318169464561038
2014-01-01 16:33:01.0000005,13.136777037909155
2010-10-01 13:11:05.0000001,5.5267969561382415
2012-04-14 14:20:33.0000001,9.656659015092032
2015-05-17 04:17:33.0000005,7.125894546677728
2014-07-26 23:31:41.0000003,16.70994129444273
2014-07-26 23:31:41.0000002,10.939792690364015
2009-11-07 16:37:49.0000004,6.57575794152126
2011-01-07 09:25:57.0000003,7.555855408872503
2012-07-18 16:28:21.0000001,8.061126955074087
2013-03-08 19:03:09.0000003,9.514985969509212
2009-12-10 22:45:01.0000004,12.691757955365802
2012-07-13 11:00:05.0000004,8.238084223185297
2013-04-28 10:36:37.0000001,7.917661830791644
2009-04-23 02:42:05.0000003,8.848768221112323
2013-06-08 16:55:13.0000003,8.052632449430007
2012-10-25 16:20:37.0000004,8.449772408815193
2012-10-25 16:20:37.0000003,20.435862762682632
2012-07-31 20:04:53.0000006,9.936899566363536
2012-07-31 20:04:53.0000002,8.2598291831182
2009-07-14 22:41:09.0000003,6.653826359122149
2011-09-03 19:22:17.0000001,8.852855476094874
2011-09-03 19:22:17.0000003,8.742326023835858
2011-09-03 19:22:17.0000002,19.49139309302018
2013-11-21 14:19:21.0000001,40.10704381604705
2015-01-02 11:55:57.0000003,16.828587777779376
2013-11-23 22:19:37.0000004,8.184279059358914
2013-11-23 22:19:37.0000003,8.757466407468769
2013-11-23 22:19:37.0000005,9.997553124122874
2011-04-04 19:54:33.0000001,7.394305224157279
2014-07-14 16:18:37.0000002,9.726177883380046
2014-03-18 19:55:17.0000001,9.159180207822942
2010-06-05 23:05:25.0000006,7.33935223635126
2014-09-09 22:48:37.0000001,9.814259974621223
2014-09-09 22:48:37.0000002,7.687395589659445
2014-03-28 21:55:17.0000003,7.150268931573692
2014-03-28 21:55:17.0000001,7.489964571516111
2009-09-24 22:41:17.0000001,8.335384560128773
2012-04-27 18:37:09.0000002,9.313586032678813
2014-04-05 18:11:33.0000002,12.157574904259718
2013-11-07 22:25:25.0000003,8.781449263221248
2013-11-07 22:25:25.0000001,6.972294036295011
2012-06-30 03:53:29.0000002,6.250711705589538
2011-05-19 16:01:41.0000001,8.010275523996256
2010-01-11 12:38:33.0000002,4.5150641644271445
2010-10-16 09:26:33.0000001,9.3119107679928
2010-10-16 09:26:33.0000003,7.258883881211432
2014-07-25 18:06:37.0000007,7.956679807480555
2014-05-13 21:07:29.0000004,10.053748805881582
2014-05-13 21:07:29.0000001,31.527477450099354
2013-11-16 18:33:25.0000005,11.28206108288714
2009-08-02 14:01:33.0000004,6.305669040945986
2015-01-12 15:36:37.0000008,10.781546746732488
2013-05-26 15:18:37.0000005,18.6647609295203
2013-05-26 15:18:37.0000001,42.678082777236455
2013-05-26 15:18:37.0000003,13.034248158888204
2009-09-20 23:07:01.0000001,9.254320078301475
2009-09-25 21:43:49.0000004,9.039723326066564
2009-09-25 21:43:49.00000010,11.692601123482746
2009-03-22 20:58:33.0000003,16.839628084712103
2011-12-09 21:19:25.0000001,8.546769980733075
2013-07-05 20:44:49.0000001,11.27239500057999
2013-12-20 15:58:29.0000006,12.068939563465847
2013-12-20 15:58:29.0000001,9.977957756770593
2014-10-06 14:37:25.0000005,49.69731815175169
2015-01-18 23:09:25.0000001,7.035029860741815
2014-02-06 13:26:49.0000002,6.593037899546971
2013-02-27 19:25:13.0000001,16.902262051266348
2009-09-15 08:28:53.0000003,9.670734426431977
2012-07-18 22:34:53.0000003,8.614370322893478
2011-05-17 22:09:17.0000002,5.955016813724683
2010-09-19 17:13:29.0000008,28.803828790844022
2010-09-19 17:13:29.0000006,15.598863725203955
2013-03-19 18:08:29.0000002,5.138573880378772
2013-03-19 18:08:29.0000001,10.700679130548906
2011-04-23 11:01:49.0000001,9.088017564690745
2013-07-04 05:39:13.0000001,11.600281140626862
2010-11-08 10:01:37.0000003,5.11798205735181
2009-04-01 19:28:09.0000001,6.116137142769844
2011-11-26 02:04:29.0000004,6.303919751779176
2011-11-26 02:04:29.0000003,5.193670659627514
2009-01-11 07:56:01.0000001,4.025509755577673
2012-05-30 09:19:13.0000002,5.778698919945782
2014-10-28 22:42:33.0000003,12.521532250930818
2014-07-19 21:05:37.0000002,12.434262852598408
2012-10-02 14:17:13.0000001,6.083747008353839
2012-10-20 00:36:37.0000002,7.252109700764663
2014-06-19 22:37:09.0000006,8.485204341906297
2014-06-19 22:37:09.0000004,10.647353791999763
2011-05-11 13:24:37.0000002,11.040280672622885
2014-10-13 00:42:05.0000002,11.049517171697858
2013-12-08 10:41:05.0000007,9.887924332407465
2009-07-04 13:00:57.0000002,11.05916888746549
2015-06-30 04:09:45.0000001,25.548354358931192
2013-09-08 03:47:57.0000002,10.575784706915329
2009-05-15 21:19:13.0000004,36.764515040919264
2010-01-29 08:32:53.0000002,5.07605326380974
2015-05-15 01:51:49.0000003,7.7165095314022665
2012-11-12 10:06:17.0000003,7.800002845478161
2013-12-01 22:23:57.0000003,41.06779270253878
2014-01-03 15:48:49.0000001,9.347896139790805
2013-01-19 20:19:45.0000002,5.159231289455988
2015-03-17 21:44:26.0000002,8.068062646245721
2009-01-06 07:36:34.0000005,5.46789456911938
2013-01-20 20:41:26.0000002,12.791720253936433
2015-06-07 00:38:14.0000001,11.119323425955145
2009-01-03 00:51:02.0000002,8.646195135243374
2009-01-03 00:51:02.0000001,9.3410199287664
2009-08-02 05:08:42.0000001,29.791667939917943
2013-10-18 09:06:14.0000002,7.441934383479975
2009-04-26 17:29:42.0000001,3.579471240746102
2015-02-25 22:00:38.0000002,16.421263286504086
2010-10-06 23:31:54.0000001,15.883039549221621
2009-01-21 20:04:30.0000006,8.62562886543742
2013-12-18 14:26:58.0000002,21.099099770331236
2014-04-26 18:02:26.0000003,7.79101280832333
2014-10-05 13:58:18.0000002,8.264234919897035
2014-10-05 13:58:18.0000001,8.46781651015067
2013-05-23 23:54:42.0000004,9.872517560326742
2009-11-23 19:06:14.0000005,11.629719919187892
2010-09-01 08:23:54.0000002,6.576236917056235
2011-12-10 23:39:06.0000001,14.964075125560953
2009-12-17 15:54:46.0000002,7.961048261179371
2010-06-16 18:41:54.0000003,8.9371616261609
2011-11-02 08:21:50.0000003,9.871395175851944
2011-11-02 08:21:50.0000001,8.818955048250132
2009-03-15 03:31:14.0000003,5.3853228055135105
2014-09-08 19:07:46.0000001,9.25558272393755
2010-04-24 23:31:50.0000004,7.079993469741453
2010-04-24 23:31:50.0000002,10.218480013127987
2011-03-03 21:31:42.0000004,6.625691711738341
2011-03-03 21:31:42.0000002,14.471145391216282
2011-09-05 10:47:26.0000001,7.596529876182899
2012-09-16 12:48:06.0000002,8.21967924331102
2015-04-10 11:56:54.0000005,10.578526140562076
2013-10-15 23:31:26.0000002,18.72152390316876
2013-06-21 18:06:14.0000002,7.491121757289193
2009-05-19 15:44:30.0000001,7.329988549364998
2014-01-26 08:48:30.0000003,10.387811152746622
2014-12-25 21:32:58.0000002,8.397486545674155
2011-07-30 15:27:58.0000001,8.166293507229625
2010-09-24 22:40:06.0000007,5.932659379760366
2010-02-06 17:37:10.0000005,45.99818853096781
2010-02-06 17:37:10.0000001,11.960219943549532
2012-08-13 15:02:26.0000001,7.903561077254949
2013-01-14 18:42:54.0000004,8.013734663018226
2013-01-14 18:42:54.0000005,8.118847771007268
2009-11-11 21:20:18.0000002,8.410130179456132
2009-04-18 02:44:34.0000004,31.765524994666976
2009-04-18 02:44:34.0000001,7.778152465351241
2014-01-10 12:28:38.0000002,6.4186092591875195
2014-10-11 00:26:38.0000004,19.18557709515892
2010-01-30 02:13:06.0000004,4.227289193879415
2009-08-26 23:55:38.0000001,8.484097824641935
2012-09-07 23:20:34.0000002,10.356778130378643
2012-09-07 23:20:34.0000005,9.428637855996385
2015-01-10 14:32:14.0000002,13.360853742310496
2010-05-31 20:43:42.0000001,6.935310334534279
2010-05-31 20:43:42.0000003,6.09227135506751
2014-05-18 14:43:26.0000004,8.282537110963744
2011-10-08 18:18:26.0000002,6.032122723821999
2011-10-08 18:18:26.0000003,14.448662704804747
2010-03-23 13:23:34.0000003,11.436357139514598
2010-12-21 08:46:02.0000001,9.504411036101715
2010-12-21 08:46:02.0000002,5.68095332306541
2010-06-19 22:52:30.0000003,8.541318203044398
2013-01-03 01:43:10.0000002,11.741524629284413
2013-11-24 03:44:46.0000001,11.630888539200782
2011-04-16 12:57:18.0000002,5.104358114680281
2012-10-11 22:24:18.0000002,8.019752119401687
2011-05-17 23:42:46.0000006,8.057957800611348
2011-05-17 23:42:46.0000003,5.636056620455861
2014-01-09 17:27:18.0000003,6.556616377476303
2014-01-09 17:27:18.0000004,8.40830881873103
2010-01-09 13:24:22.0000002,42.920452356383635
2010-01-09 13:24:22.0000001,6.755764650601691
2009-03-11 21:46:54.0000006,8.257520917555553
2012-08-22 20:54:46.0000004,9.684709598545282
2012-08-22 20:54:46.0000005,28.35445772199023
2009-02-21 20:49:34.0000002,10.161893095110827
2012-08-10 14:04:14.0000001,8.48602287655558
2009-10-17 03:52:42.0000005,10.67408127878275
2014-02-27 09:36:26.0000001,11.105908119338437
2014-03-11 20:24:02.0000005,12.743291171051169
2014-03-11 20:24:02.0000001,7.632215164086574
2015-05-07 15:33:26.0000004,7.537733458513003
2012-09-10 21:07:54.0000008,7.724176173244132
2012-04-20 00:06:10.0000003,5.544869786024151
2012-04-20 00:06:10.0000004,16.96630347120356
2012-06-12 23:10:42.0000004,12.587147695007047
2013-04-21 19:50:54.0000002,8.289787518291632
2013-02-06 18:21:18.0000005,17.868520934981234
2014-05-01 21:05:34.0000001,25.89964295563675
2011-04-22 19:23:54.0000004,6.738260890989636
2011-09-17 15:41:06.0000002,6.796877910680337
2015-03-05 13:21:58.0000001,48.522732178894216
2015-06-21 17:16:10.0000001,9.055270650647685
2010-06-02 22:04:10.0000002,27.33789748597235
2010-06-02 22:04:10.0000001,8.086602405737494
2015-02-27 19:36:02.0000008,13.415689490056593
2015-02-27 19:36:02.0000005,10.013003606073312
2013-04-06 19:16:10.0000002,11.554355355631401
2014-03-08 16:08:26.0000006,14.761928308089864
2014-03-08 16:08:26.0000005,6.685620645230415
2013-12-06 23:40:42.0000004,7.691871268244768
2013-12-06 23:40:42.0000005,14.450002445827636
2014-09-13 19:05:02.0000001,8.395642628650648
2015-03-12 13:01:54.0000003,7.802990380198935
2015-03-12 13:01:54.0000006,7.711671290220124
2014-10-04 21:48:22.0000001,12.25223760920585
2012-01-22 04:13:34.0000001,26.12269894000724
2012-01-22 04:13:34.0000003,11.755636558702918
2010-12-17 10:33:34.0000003,13.724598908662074
2010-12-17 10:33:34.0000001,26.693588174664455
2012-06-04 11:34:58.0000002,8.3892380241615
2012-12-08 20:08:38.0000001,14.468115189041669
2012-12-08 20:08:38.0000002,9.528616815234727
2013-12-29 01:20:50.0000002,20.23434543272856
2014-03-28 22:34:26.0000002,15.979863597203348
2013-09-07 19:43:18.0000002,16.391550465366322
2013-09-07 19:43:18.0000007,9.33238846262816
2010-03-07 00:47:26.0000002,11.762814306295468
2010-03-07 00:47:26.0000003,9.280984874703336
2010-10-31 18:45:58.0000004,5.727955636215938
2015-02-03 09:00:58.0000003,26.080727893046856
2012-08-08 08:58:50.0000002,6.202751962042271
2011-04-08 15:01:02.0000002,6.288450748337027
2015-01-10 09:38:54.0000006,7.830481849753028
2015-01-10 09:38:54.0000002,14.248448700485596
2015-01-10 09:38:54.0000005,10.328093093837992
2015-01-10 09:38:54.0000001,10.05979728312343
2014-10-03 00:50:06.0000003,12.273632674153987
2010-06-18 19:19:26.0000004,13.79496105482258
2013-06-21 00:00:34.0000004,8.913686613538744
2012-02-29 12:03:34.0000003,7.536073975890417
2013-09-16 14:16:34.0000002,24.868211206567253
2011-03-10 18:16:14.0000002,7.069217622005112
2011-05-19 02:06:46.0000001,7.925271367105324
2014-08-08 15:26:18.0000001,8.845649798378304
2009-03-11 12:01:30.0000003,4.3844583867069105
2012-07-26 12:40:38.0000004,8.821591823317021
2014-05-26 22:57:10.0000001,11.477583478202632
2010-09-04 18:31:42.0000004,11.734004850404745
2011-09-22 20:05:22.0000002,6.899768192075271
2011-09-22 20:05:22.0000004,7.943665584879454
2014-08-09 01:27:30.0000001,12.282107905718817
2014-10-31 12:04:26.0000003,14.350342095437554
2013-04-10 21:03:42.0000006,12.53327166530562
2011-12-29 19:29:50.0000002,8.161241735936642
2013-03-14 21:43:46.0000002,5.926326041714219
2009-02-08 00:04:06.0000003,3.65375274276812
2012-02-04 22:47:18.0000002,6.459512954923866
2012-05-06 03:01:10.0000001,23.280163976970357
2014-07-08 08:56:58.0000002,7.050337082990723
2014-07-08 08:56:58.0000005,6.826294001556903
2014-07-08 08:56:58.0000004,13.418835733035507
2014-07-08 08:56:58.0000003,10.186899332603389
2011-02-19 10:14:58.0000001,14.052406429992061
2010-08-16 17:14:18.0000002,8.265231956000207
2012-12-27 21:01:54.0000002,14.552137561670861
2015-05-31 20:48:54.0000002,15.147796077236649
2013-01-06 12:39:54.0000006,6.199971086552523
2010-12-24 04:23:06.0000001,32.823181612526014
2010-11-10 23:21:50.0000001,9.054267704706945
2011-10-01 00:42:26.0000002,18.29740319865914
2013-03-31 00:09:58.0000001,24.00721889755414
2011-07-20 08:05:02.0000001,8.825095106098843
2009-05-03 16:02:54.0000004,4.681653014677067
2012-09-06 17:58:06.0000002,7.646175934136181
2014-04-06 16:47:14.0000001,12.898560572256883
2014-04-06 16:47:14.0000002,34.30468526144648
2014-09-06 03:52:50.0000001,10.783522247476071
2014-01-01 13:06:34.0000002,12.045989322781452
2011-12-25 15:35:54.0000002,6.792401134863439
2011-12-25 15:35:54.0000005,5.9639681984630215
2011-12-25 15:35:54.0000001,7.633498466603783
2015-05-14 23:11:58.0000004,20.48892798892848
2015-04-22 09:54:06.0000001,7.914711544617035
2012-09-01 19:04:18.0000001,11.378277179299744
2013-06-06 02:54:50.0000001,37.02369117289447
2011-09-03 00:03:42.0000007,51.53531567324967
2013-07-02 22:27:14.0000002,6.830007000907472
2011-07-18 00:04:54.0000001,5.312009076290678
2011-04-03 03:46:18.0000001,7.383287773321172
2010-06-25 14:00:14.0000001,8.484307986872977
2014-09-10 16:40:02.0000001,7.946559191898132
2011-03-01 07:23:14.0000002,6.109124275837985
2011-06-24 13:23:18.0000005,11.693442672922629
2012-01-01 18:02:46.0000001,16.348829481023927
2015-03-28 19:31:26.0000004,9.785482233773337
2010-07-13 11:53:15.0000006,9.324252156694342
2010-07-13 11:53:15.0000005,6.271824138936154
2010-07-13 11:53:15.0000003,5.115777952201029
2013-02-07 13:47:59.0000002,12.299460925315316
2015-05-19 13:58:11.0000006,26.780688644731526
2015-05-19 13:58:11.0000009,12.58809023394781
2012-07-31 22:21:11.0000003,10.042281377669156
2013-01-03 08:50:31.0000003,8.441256867390962
2010-03-18 00:05:43.0000001,19.740047343095853
2009-04-14 17:43:23.0000001,46.94641548739253
2009-04-14 17:43:23.0000002,6.242966558625653
2015-06-15 14:34:03.0000001,11.232746558400322
2014-11-26 06:46:23.0000002,24.706169846272587
2010-12-19 16:25:15.0000002,8.02376946593779
2015-06-18 20:56:55.0000004,7.35356654093539
2015-06-18 20:56:55.0000008,17.176169687081597
2015-04-28 20:15:27.0000003,8.592816034267116
2013-01-23 13:49:19.0000001,7.538144625808172
2012-01-03 08:49:15.0000005,11.28328266357937
2012-06-09 19:03:11.0000005,8.083613353197165
2012-06-09 19:03:11.0000007,9.665046670659422
2009-05-27 02:00:51.0000001,17.273575034156693
2014-06-07 12:21:11.0000003,11.434891511485034
2011-09-08 22:37:43.0000001,8.133125577032501
2010-06-18 22:52:11.0000001,26.834725173039374
2011-09-13 13:31:51.0000001,10.780077028776532
2011-09-13 13:31:51.0000005,6.7793045901984215
2014-10-06 09:24:11.0000005,21.733257404879396
2012-03-15 18:23:55.0000002,7.541894610770214
2013-12-22 21:24:47.0000002,7.011063769087059
2011-11-23 21:07:43.0000001,8.23811106338394
2010-11-17 19:10:23.0000003,7.085983167589234
2010-11-17 19:10:23.0000005,9.760587600956228
2015-02-14 13:15:19.0000007,9.09924751586982
2013-01-12 22:40:39.0000008,8.20202706445798
2013-01-12 22:40:39.0000009,18.458137031542265
2013-01-12 22:40:39.0000007,8.017425239619001
2010-02-15 14:20:31.0000002,23.09183675058091
2010-02-15 14:20:31.0000003,5.376131477987428
2013-03-23 15:41:07.0000003,9.679423110782523
2009-05-08 22:14:51.0000002,4.864691046368648
2010-01-31 00:33:03.0000005,7.874752302870888
2009-01-18 18:22:07.0000002,7.438907753079889
2009-01-28 11:27:19.0000001,4.8322286205929
2015-05-20 19:39:11.0000003,15.004157542836197
2014-01-11 17:47:47.0000001,9.017892884276648
2012-07-12 02:46:07.0000001,10.96807748756612
2014-03-05 23:16:07.0000001,11.645956878976449
2014-12-17 20:56:31.0000003,15.809526138339265
2010-10-09 15:48:51.0000003,24.205319681164042
2013-10-10 11:09:23.0000001,12.436721729084866
2014-10-12 09:23:55.0000001,10.89540783866471
2013-01-08 07:03:07.0000001,7.239879500890538
2012-10-28 17:21:19.0000001,7.661878957981344
2012-10-28 17:21:19.0000003,9.778677476584221
2014-12-26 20:46:23.0000001,12.810984118289412
2015-05-10 12:37:51.0000003,11.47659395872131
2010-12-11 13:31:11.0000003,5.871583644661655
2010-03-01 22:21:55.0000003,6.788969709633079
2010-03-01 22:21:55.0000002,16.414331227839284
2015-03-08 14:59:23.0000001,27.557069243890282
2015-03-08 14:59:23.0000003,29.255694769288425
2009-06-08 11:06:23.0000001,64.93442934149732
2014-01-26 13:51:39.0000001,7.805322840546751
2014-11-30 15:46:23.0000003,7.287134804913876
2011-08-20 15:50:39.0000001,12.307163813239413
2010-06-22 14:25:19.0000008,45.544466458881516
2010-06-22 14:25:19.0000001,5.850452955548121
2014-05-25 19:46:59.0000003,33.5243309545408
2014-04-04 05:47:11.0000002,13.092518339287267
2013-01-11 20:08:07.0000003,10.115917118844777
2013-01-11 20:08:07.0000001,5.918455545975917
2013-10-09 17:27:39.0000001,47.675377395246414
2015-01-12 17:05:51.0000004,9.09645190602157
2009-01-12 07:47:39.0000001,25.062637194179047
2011-04-28 19:39:43.0000003,12.64805846960212
2014-11-17 00:03:47.0000003,9.278009805172132
2014-11-17 00:03:47.0000001,12.005977551339356
2013-08-18 00:32:15.0000003,6.906977976893245
2013-05-23 12:09:23.0000005,8.042182715651052
2013-05-23 12:09:23.0000004,10.642867415590786
2014-12-11 08:20:39.0000001,26.80996114485083
2014-12-11 08:20:39.0000004,13.80971355001293
2013-12-10 14:00:35.0000002,7.309007573213989
2011-09-10 20:44:59.0000003,8.55957701475404
2011-04-28 09:50:03.0000001,6.054047519995606
2010-02-26 18:34:51.0000001,9.15017302845115
2013-12-05 23:29:15.0000002,9.277073309693833
2012-12-13 19:05:27.0000004,6.738650817177017
2012-11-09 18:17:35.0000002,12.58228966962804
2010-07-05 19:21:35.0000001,11.006416003827326
2011-11-29 22:19:51.0000003,7.9068985672614644
2009-01-30 22:47:07.0000002,14.854967566597225
2009-01-30 22:47:07.0000005,5.920467762664089
2013-09-26 20:54:19.0000001,13.388004210533836
2014-09-16 18:22:23.0000001,8.381843504414974
2011-06-25 23:18:27.0000003,7.8838076922949085
2011-06-25 23:18:27.0000002,12.498827370011554
2009-01-17 02:21:55.0000003,4.260292807406813
2014-11-01 15:31:15.0000001,8.472818905489248
2013-07-12 23:17:31.0000003,8.946311105616019
2013-07-12 23:17:31.0000002,12.195748477377947
2013-07-12 23:17:31.0000001,9.975501721046044
2009-09-24 04:23:47.0000001,6.490378661514228
2009-04-20 21:08:35.0000005,6.260351981926647
2009-04-20 21:08:35.0000004,9.215124629543766
2009-04-06 13:47:15.0000001,4.68464852534737
2013-11-29 21:36:07.0000002,18.289374261026865
2013-11-29 21:36:07.0000001,9.566465129711332
2012-04-14 11:59:11.0000003,10.184550519928393
2009-03-06 00:13:03.0000002,12.570901317034895
2010-04-23 00:00:03.0000001,30.88099631740249
2010-05-22 23:46:19.0000004,8.045926779265073
2012-06-09 22:57:15.0000004,9.1886804336458
2010-10-27 02:29:39.0000001,7.401352363537399
2010-10-22 20:56:51.0000003,11.576607315314732
2013-10-07 08:53:39.0000001,7.744745136466236
2011-10-04 11:48:35.0000001,8.642540509230116
2010-12-31 13:32:39.0000002,6.549096281803031
2010-08-21 20:25:07.0000002,7.2231587712884675
2009-11-16 21:03:31.0000005,13.496314556900188
2009-11-16 21:03:31.0000006,8.309924525286874
2010-12-01 21:02:35.0000003,13.194618819563175
2010-04-20 11:53:23.0000001,6.489696528158106
2013-09-20 13:38:55.0000005,6.174582950106355
2013-09-20 13:38:55.0000004,49.35533567530672
2012-09-09 23:40:03.0000002,7.789538590585494
2012-09-09 23:40:03.0000004,10.938762267188508
2010-05-23 15:28:55.0000002,3.1691985316440423
2012-10-15 20:10:31.0000005,15.869464013904235
2013-06-07 13:52:55.0000005,8.87598750360462
2009-06-04 19:34:15.0000005,7.698528746081365
2013-09-29 22:12:07.0000001,24.469859382952222
2010-05-02 12:39:55.0000003,6.711351580532437
2010-05-02 12:39:55.0000001,14.858727225020175
2015-05-20 00:59:15.0000001,9.068468628725327
2009-12-03 18:02:47.0000003,6.347516961810925
2009-12-03 18:02:47.0000002,45.953050183474716
2009-09-28 19:21:59.0000007,4.6930172750609245
2009-09-28 19:21:59.0000006,8.626435287449794
2015-05-23 12:59:39.0000003,15.213010327270354
2014-01-11 23:10:59.0000006,8.032153179444435
2010-04-24 20:15:07.0000001,5.316444316763295
2013-05-24 07:22:51.0000001,7.632711896721958
2009-08-06 02:50:03.0000001,17.23447179995003
2014-08-08 17:32:47.0000003,9.622218636046455
2010-09-22 09:42:31.0000003,7.082887904481822
2013-08-19 19:39:23.0000002,15.156274151474236
2015-03-11 16:36:39.0000004,25.183413434541308
2015-05-29 18:59:35.0000006,12.75831700679214
2011-10-26 17:48:43.0000005,8.382844634172784
2009-11-03 19:53:27.0000002,9.742420063719806
2009-11-03 19:53:27.0000001,6.123883322947108
2009-12-19 21:56:15.0000004,5.362341405631014
2009-12-21 21:20:43.0000002,5.4237928880821755
2009-08-21 15:35:07.0000001,10.923240753398886
2010-04-25 13:28:47.0000001,8.724470609662035
2010-11-02 18:49:59.0000004,8.021819393305577
2010-04-21 06:28:47.0000001,45.11082459466547
2015-02-11 20:51:51.0000001,6.695714994538207
2013-12-07 01:41:59.0000002,8.078775117283953
2013-05-21 06:52:59.0000003,25.60300357585936
2014-07-12 00:15:59.0000001,11.501720155425232
2010-06-13 19:39:51.0000002,12.05569260293612
2009-03-31 10:27:19.0000003,8.778233622462949
2013-09-14 18:28:03.0000001,8.225340928506398
2015-02-14 09:08:11.0000002,8.297139138088482
2012-01-19 20:26:35.0000002,7.544997966014762
2012-01-19 20:26:35.0000003,7.147265185222068
2012-01-19 20:26:35.0000006,16.645022633259714
2015-02-25 18:00:51.0000001,8.071066139694494
2015-02-25 18:00:51.0000007,6.645764896293485
2009-08-08 11:41:51.0000003,5.4698662570619945
2013-06-02 16:26:47.0000001,7.5394433767543205
2011-09-14 00:50:15.0000001,9.76676652379274
2013-02-16 14:26:51.0000003,6.023972002074515
2012-11-12 11:57:03.0000001,7.339508636861183
2012-01-04 00:06:39.0000002,7.008597124425819
2013-06-21 02:39:47.0000001,14.304782231437684
2010-12-28 20:17:27.0000005,9.878256958834413
2010-12-28 20:17:27.0000003,11.227783190724153
2009-12-12 22:01:31.0000001,4.695190197926422
2011-05-20 23:42:59.0000001,8.255011762876961
2014-01-04 10:54:59.0000005,8.537663998430162
2014-01-04 10:54:59.0000002,10.647170314841219
2012-02-11 04:52:35.0000001,5.702998224287057
2014-09-14 23:26:11.0000001,9.687521650632448
2014-04-05 01:52:27.0000002,21.69843688174842
2010-02-23 20:29:51.0000004,6.921797873572473
2013-11-01 13:07:47.0000003,16.080182972763055
2015-03-07 15:25:59.0000003,7.48829516882472
2009-04-16 15:57:31.0000001,7.299514663634341
2010-01-10 12:55:43.0000003,9.395825695605936
2010-01-10 12:55:43.0000004,22.727982380460276
2010-01-10 12:55:43.0000001,4.505883410748652
2015-03-16 21:12:19.0000002,9.551539812883561
2015-03-16 21:12:19.0000006,17.315475822503117
2012-09-29 20:16:51.0000004,7.184192058612894
2009-07-30 15:49:15.0000002,3.715701582617612
2009-07-30 15:49:15.0000004,7.215629667078247
2013-11-18 16:18:39.0000001,48.91498955192719
2015-01-18 14:06:23.0000001,9.429420237822342
2015-01-18 14:06:23.0000004,7.658347950814459
2015-01-18 14:06:23.0000003,8.225631662407977
2009-09-07 19:35:39.0000001,6.134202017381881
2014-06-14 13:39:00.000000155,8.081241051876873
2014-06-14 13:39:00.000000174,9.459952440731627
2014-06-14 13:39:00.000000104,8.945598971829327
2014-06-14 13:39:00.00000083,47.838718455221965
2014-06-14 13:39:00.00000056,7.5809007702494
2014-06-14 13:39:00.000000102,11.897620580237799
2014-06-14 13:39:00.00000065,19.079586499305947
2014-06-14 13:39:00.000000137,12.101987201432848
2014-06-14 13:39:00.0000002,49.336369306462416
2014-06-14 13:39:00.00000028,8.426059990423823
2014-06-14 13:39:00.000000194,8.017305843642134
2013-06-27 00:20:40.0000002,7.231168126577927
2014-12-30 20:29:24.0000001,8.944355823278215
2011-03-24 15:57:04.0000002,5.078199030879318
2012-06-09 16:53:44.0000001,8.790419500871053
2011-10-02 23:36:00.0000001,17.724730930429246
2011-10-02 23:36:00.00000050,24.854067469270035
2011-10-02 23:36:00.00000069,8.077323324720169
2011-10-02 23:36:00.00000093,11.515673806652899
2011-10-02 23:36:00.00000010,14.091415927402977
2011-10-02 23:36:00.00000017,12.467408216280887
2011-10-02 23:36:00.00000072,14.418957122708889
2011-10-02 23:36:00.00000025,11.113844002944916
2011-10-02 23:36:00.00000019,7.150456220522187
2013-03-21 12:47:28.0000001,9.42326924902693
2013-06-07 03:02:56.0000003,12.637584152907039
2009-06-10 16:55:00.000000123,5.166653374969087
2009-06-10 16:55:00.000000150,9.963050494169806
2009-06-10 16:55:00.00000064,5.262835062525937
2009-06-10 16:55:00.00000062,10.019350114071244
2009-06-10 16:55:00.0000005,4.929856381741843
2009-06-10 16:55:00.0000006,18.239519063867647
2009-06-10 16:55:00.000000130,8.059828819164181
2009-06-10 16:55:00.000000175,4.317706614806298
2009-06-10 16:55:00.00000041,46.54842807593252
2009-06-10 16:55:00.000000152,4.3443542472003855
2009-06-10 16:55:00.000000155,3.636560441926008
2009-06-10 16:55:00.00000061,4.905510998779164
2011-06-24 12:03:00.000000131,3.718007593338484
2011-06-24 12:03:00.000000184,11.995287303101918
2011-06-24 12:03:00.00000081,9.518938262270353
2011-06-24 12:03:00.0000007,8.589748509652509
2011-06-24 12:03:00.00000028,7.1952171608946855
2011-06-24 12:03:00.000000198,6.565534127567844
2014-06-15 07:06:00.0000004,14.197799111239533
2014-06-15 07:06:00.00000011,11.546323246184329
2014-06-06 16:22:20.0000001,8.618345322747132
2009-09-14 02:19:00.00000043,5.548274522144084
2009-09-14 02:19:00.00000027,8.755499791706825
2009-09-14 02:19:00.00000042,8.392193693110016
2009-09-14 02:19:00.00000034,20.567370929936033
2009-09-14 02:19:00.00000033,7.091874978245983
2010-08-21 22:21:32.0000001,10.524808381813159
2010-08-21 22:21:32.0000002,8.025943395464083
2012-05-06 23:37:24.0000003,12.598418846436743
2013-12-21 17:20:32.0000002,49.474997020501746
2014-04-28 19:46:36.0000002,8.280377577145146
2011-06-01 07:37:00.00000080,43.365307921098065
2011-06-01 07:37:00.000000164,11.11262909236109
2011-06-01 07:37:00.00000074,19.684364733052348
2011-06-01 07:37:00.00000085,15.70887772856986
2011-06-01 07:37:00.0000003,7.9715017708012965
2011-06-01 07:37:00.000000159,19.680810357575183
2011-06-01 07:37:00.00000052,23.569657086344705
2011-06-01 07:37:00.000000218,15.63148617934246
2011-06-01 07:37:00.00000062,5.739619777773555
2011-06-01 07:37:00.00000031,6.785120133451187
2010-08-27 18:45:00.000000170,11.247584298474067
2010-08-27 18:45:00.00000044,19.81675859451036
2010-08-27 18:45:00.000000146,5.945494549134537
2010-08-27 18:45:00.00000035,8.333237642844779
2010-08-27 18:45:00.000000139,8.062747889696539
2010-08-27 18:45:00.00000051,6.716270839023423
2010-08-27 18:45:00.000000186,5.769769767252001
2010-08-27 18:45:00.000000102,7.34569311995449
2010-08-27 18:45:00.000000164,11.218300716983663
2010-08-27 18:45:00.000000199,11.931410810365946
2010-08-27 18:45:00.000000174,7.518915426090189
2010-08-27 18:45:00.000000187,5.707146058867693
2010-08-27 18:45:00.000000172,14.157593447781323
2010-08-14 02:13:00.000000105,9.665979740462262
2010-08-14 02:13:00.000000159,4.644349769221549
2010-08-14 02:13:00.00000040,7.858150503056891
2010-08-14 02:13:00.000000147,10.259851577058043
2010-08-14 02:13:00.000000145,6.587055828206189
2010-08-14 02:13:00.00000061,6.39424594805871
2010-08-14 02:13:00.000000150,14.176323593517736
2010-08-14 02:13:00.00000024,6.256872975168562
2010-08-14 02:13:00.000000167,6.996533170772068
2010-08-14 02:13:00.00000099,14.147375311690325
2010-08-14 02:13:00.000000120,11.113437536152105
2010-08-14 02:13:00.00000027,6.485288771867204
2010-08-14 02:13:00.00000063,11.479937691980354
2010-08-14 02:13:00.000000164,5.942616742393284
2010-08-14 02:13:00.000000143,20.56166233349404
2010-08-14 02:13:00.000000156,24.141861929681795
2010-08-14 02:13:00.000000123,17.67413990247144
2014-03-25 23:47:00.00000013,6.858877596683669
2014-03-25 23:47:00.000000116,11.112349241521088
2014-03-25 23:47:00.000000141,7.414295846054529
2014-03-25 23:47:00.000000107,10.154825818059635
2014-03-25 23:47:00.00000068,7.883883427905062
2014-03-25 23:47:00.00000098,20.236017794234954
2014-03-25 23:47:00.000000138,13.339484214379809
2014-03-25 23:47:00.000000120,13.967396134299292
2015-06-05 08:38:56.0000003,9.722758335456092
2010-09-29 16:43:00.000000154,40.99440080286081
2010-09-29 16:43:00.000000157,5.251579787973583
2010-09-29 16:43:00.00000099,8.837293508353696
2010-09-29 16:43:00.00000023,7.756806812256968
2010-09-29 16:43:00.000000148,14.732156469904794
2014-10-27 14:58:00.00000028,8.582162196982495
2014-10-27 14:58:00.00000069,9.899971022282443
2014-10-27 14:58:00.000000106,9.12105276745126
2014-10-27 14:58:00.00000070,7.875505302777242
2014-10-27 14:58:00.000000121,13.390519272797519
2014-10-27 14:58:00.00000022,12.951362683958564
2014-10-27 14:58:00.00000057,18.694622564213432
2009-10-08 23:44:56.0000002,5.100085999385328
2012-11-03 17:11:00.00000080,11.961133037233935
2012-11-03 17:11:00.00000030,8.2329647832413
2012-11-03 17:11:00.000000149,6.845737037272556
2012-11-03 17:11:00.00000078,10.297225471224806
2012-11-03 17:11:00.00000063,9.873479842755728
2012-11-03 17:11:00.000000142,7.436360569558474
2012-11-03 17:11:00.000000101,9.956658739223144
2011-05-28 17:29:44.0000003,6.9323483099271925
2011-03-11 01:44:00.00000023,20.853449601235866
2011-03-11 01:44:00.00000014,5.682180727529385
2011-03-11 01:44:00.00000067,3.838487740595724
2011-03-11 01:44:00.00000019,7.730988645483535
2011-03-11 01:44:00.00000082,26.555491358397262
2011-03-11 01:44:00.00000084,4.641839114910681
2011-03-11 01:44:00.00000033,11.361620656451464
2011-03-11 01:44:00.00000051,13.625478466292861
2011-03-11 01:44:00.00000011,22.89635222675838
2013-12-16 19:06:44.0000001,9.052888637782189
2009-05-08 18:00:36.0000001,3.508180093899341
2013-01-27 00:09:12.0000008,11.581214391445542
2013-09-15 02:37:52.0000002,11.121359792640646
2009-04-05 09:48:20.0000001,4.478644927113123
2009-11-25 19:32:52.0000001,185.52009574592296
2011-10-04 09:37:00.00000099,7.444307357162074
2011-10-04 09:37:00.00000019,8.900856010005896
2011-10-04 09:37:00.000000132,16.660615186556697
2011-10-04 09:37:00.00000043,39.12539251043245
2011-10-04 09:37:00.000000122,22.46391659408266
2011-10-04 09:37:00.0000002,10.404513992586317
2011-10-04 09:37:00.000000109,6.226162833528974
2014-04-29 08:15:56.0000003,8.515211993652315
2014-12-24 03:00:00.00000035,7.360763110156995
2009-10-04 22:54:56.0000001,22.234731091331582
2015-04-11 20:31:32.0000008,10.568974349730865
2015-04-11 20:31:32.00000013,14.860512473274298
2011-02-06 17:08:24.0000003,7.068637835101299
2014-04-27 02:57:00.00000010,15.90459333101137
2014-04-27 02:57:00.00000053,9.618480338161135
2014-04-27 02:57:00.000000128,6.931421067651172
2014-04-27 02:57:00.0000008,8.830676866268277
2014-04-27 02:57:00.00000067,11.764588423038163
2014-04-27 02:57:00.0000009,9.585494844518394
2014-04-27 02:57:00.000000159,15.859345054194023
2014-04-27 02:57:00.000000127,11.699314364930842
2014-04-27 02:57:00.000000112,10.019581139141224
2011-12-13 22:00:00.000000147,16.494702281883633
2011-12-13 22:00:00.000000164,7.241604840936134
2011-12-13 22:00:00.00000078,7.964906219969748
2011-12-13 22:00:00.000000103,10.632402315439094
2011-12-13 22:00:00.000000226,8.366603408170363
2011-12-13 22:00:00.000000215,11.497757025190026
2011-12-13 22:00:00.00000013,9.137231653586582
2011-12-13 22:00:00.000000258,7.758594448975828
2011-12-13 22:00:00.00000087,45.84439806185844
2011-12-13 22:00:00.000000270,6.099040216633739
2011-12-13 22:00:00.00000073,9.336347294790926
2011-12-13 22:00:00.000000203,6.778652870292262
2011-12-13 22:00:00.000000184,5.394144910311979
2011-12-13 22:00:00.00000019,8.53661058597686
2011-12-13 22:00:00.000000101,31.09199656199064
2011-12-13 22:00:00.000000122,21.11230901360682
2011-12-13 22:00:00.000000190,7.813190093266371
2011-12-13 22:00:00.00000021,5.967422170513714
2011-12-13 22:00:00.00000051,15.539138778502888
2011-12-13 22:00:00.00000036,8.957650725979192
2011-12-13 22:00:00.00000022,7.564170749506616
2009-04-12 16:00:56.0000002,11.866489930003127
2014-03-05 21:07:12.0000001,6.58487204348171
2015-04-11 14:16:12.0000009,8.627357118802934
2014-07-21 18:19:00.000000203,10.068381668656912
2014-07-21 18:19:00.000000229,11.870202263564124
2014-07-21 18:19:00.000000146,8.216086241722678
2014-07-21 18:19:00.000000108,10.438033370444714
2014-07-21 18:19:00.000000171,7.692498595423558
2014-07-21 18:19:00.00000090,14.111233181443367
2014-07-21 18:19:00.00000020,8.739433623571358
2014-07-21 18:19:00.00000059,19.504406659521578
2014-07-21 18:19:00.000000185,7.904647698681401
2014-07-21 18:19:00.000000186,11.31243109191189
2014-07-21 18:19:00.000000201,11.987446675874253
2014-07-21 18:19:00.000000217,6.668358928992689
2014-07-21 18:19:00.00000017,9.987266270799068
2014-07-21 18:19:00.00000079,9.68625700753978
2014-07-21 18:19:00.00000087,9.309111498328775
2011-06-13 09:55:04.0000003,13.956074593246285
2010-09-20 16:48:00.00000025,10.776933686794791
2010-09-20 16:48:00.00000085,45.09200160400337
2010-09-20 16:48:00.00000069,28.137136299399685
2010-09-20 16:48:00.00000086,7.783888308844894
2010-09-20 16:48:00.00000021,4.479990113992244
2010-09-20 16:48:00.00000024,7.20919542927993
2010-09-20 16:48:00.000000100,9.517474276133157
2010-09-20 16:48:00.0000008,17.359480663684963
2010-09-20 16:48:00.00000074,11.359191772375311
2012-08-20 14:47:36.0000002,11.09940914706749
2014-12-01 00:12:44.0000002,26.442431179822393
2009-03-16 09:55:24.0000001,5.825765803538957
2011-03-06 21:01:00.00000017,6.884628538202833
2011-03-06 21:01:00.000000161,10.046891870281911
2011-03-06 21:01:00.000000170,8.216601794149483
2011-03-06 21:01:00.00000078,10.905647387599629
2011-03-06 21:01:00.000000160,10.309568173334696
2013-02-26 01:38:20.0000001,7.500450467611699
2014-09-22 07:14:16.0000001,8.64775403912995
2010-10-05 02:09:00.00000017,7.743213676540904
2010-10-05 02:09:00.00000024,19.23411602203953
2010-10-05 02:09:00.00000020,6.945037841577005
2011-04-16 21:23:16.0000001,7.262127468535482
2013-10-05 19:51:04.0000001,7.831949301407576
2011-10-07 22:08:20.0000005,9.897863561288545
2012-03-14 19:10:48.0000003,5.532892217823473
2009-06-21 04:28:48.0000001,14.220108523042882
2011-06-25 11:42:36.0000001,9.26629678295285
2012-01-26 07:33:00.000000145,7.896806250489135
2012-01-26 07:33:00.00000030,5.120003434852265
2012-01-26 07:33:00.000000121,5.479475532481956
2012-01-26 07:33:00.000000151,9.530976886628878
2012-01-26 07:33:00.00000044,6.9995154651460325
2015-03-20 23:34:40.0000009,17.71758544063141
2015-03-20 23:34:40.0000005,8.28788628148584
2015-05-21 07:08:08.0000001,9.473559544963791
2010-12-09 07:29:00.000000156,5.968461989994353
2010-12-09 07:29:00.0000002,9.13499939349424
2010-12-09 07:29:00.00000081,12.000734438148015
2010-08-21 23:02:28.0000003,13.943037241327602
2009-10-29 10:48:40.0000003,3.768784352856983
2015-02-01 00:48:44.0000003,8.358513485625053
2015-02-01 00:48:44.0000005,7.257760562867361
2011-12-06 11:07:40.0000002,6.445206180363471
2011-12-06 11:07:40.0000003,13.33392391767768
2013-05-18 15:28:40.0000001,9.590192847932826
2013-09-01 17:57:04.0000001,8.950176854459642
2015-02-21 18:39:16.0000001,12.615907684823242
2013-07-22 15:05:16.0000005,9.50326101970893
2010-12-25 13:54:12.0000002,6.345447708340885
2013-11-29 20:09:12.0000001,15.585396059985328
2011-10-25 20:34:20.0000002,11.486415860905481
2012-11-20 21:54:00.000000152,6.402881524202826
2012-11-20 21:54:00.00000071,23.385439715200732
2012-11-20 21:54:00.00000078,12.530966424161534
2012-11-20 21:54:00.00000073,8.923140886155807
2012-11-20 21:54:00.00000066,11.81220861540271
2012-11-20 21:54:00.000000189,8.742847483724859
2012-11-20 21:54:00.00000016,14.972366758720682
2012-11-20 21:54:00.0000007,11.393407208347526
2012-11-20 21:54:00.000000161,13.437827732318738
2012-11-20 21:54:00.000000174,9.926229015604008
2012-11-20 21:54:00.00000084,10.839256633862647
2012-11-20 21:54:00.000000173,8.398105834549824
2014-06-23 00:16:00.00000086,8.740803024532624
2014-06-23 00:16:00.00000042,46.89753607308546
2014-06-23 00:16:00.00000010,8.34698814379783
2011-09-30 03:23:32.0000001,12.836374694168398
2011-01-03 21:51:28.0000003,8.28627957070637
2013-09-25 22:00:00.00000018,9.820031521272426
2013-09-25 22:00:00.00000071,10.665135254161783
2013-09-25 22:00:00.000000114,10.447422752317607
2013-09-25 22:00:00.000000191,10.199713369058031
2013-09-25 22:00:00.0000006,7.990220487463603
2013-09-25 22:00:00.000000113,6.406967237327876
2013-09-25 22:00:00.000000212,7.900695459259509
2013-09-25 22:00:00.00000066,7.2697680633243635
2011-07-06 18:07:44.0000004,6.32833298874948
2014-07-11 12:36:08.0000001,14.117681825569207
2015-02-20 11:08:29.0000007,10.067698130019494
2009-05-16 14:53:41.0000003,5.532825858855745
2010-07-01 22:11:33.0000003,6.5703355665225445
2014-10-07 11:52:13.0000008,8.262496123233177
2015-02-26 23:20:13.0000008,13.515595773257928
2011-11-28 14:13:37.0000002,8.11520296950198
2013-08-30 11:20:21.0000003,27.926633675827247
2014-10-25 23:23:05.0000001,11.413729352443283
2014-10-25 23:23:05.0000002,11.650041601884368
2011-07-02 00:38:01.0000001,8.933297894281623
2014-02-08 17:24:57.0000002,7.785450986482374
2013-02-16 16:03:17.0000001,12.266034354968951
2011-01-24 20:18:49.0000005,10.017737050978212
2012-04-07 12:14:05.0000001,10.776189274096964
2011-10-20 13:46:33.0000002,8.177436958868498
2013-11-29 15:09:45.0000003,9.156526582346487
2014-06-22 14:49:13.0000002,28.336745816786447
2009-08-28 23:01:41.0000002,7.765521228779903
2010-06-11 13:37:21.0000003,8.35600256051805
2013-06-17 06:37:49.0000002,6.553896214198403
2015-06-02 09:11:17.0000002,35.89992989267887
2014-12-07 19:56:45.0000001,12.211385410362368
2013-04-23 13:19:17.0000001,7.768728298831888
2013-11-28 13:17:13.0000003,6.893102112503698
2012-06-10 00:46:17.0000001,10.265703505309375
2010-02-27 22:55:09.0000001,5.012981134862002
2012-04-14 14:20:33.0000002,9.570904014294456
2013-03-08 19:03:09.0000002,6.520210906193711
2012-07-13 11:00:05.0000005,5.231007851463346
2014-07-01 11:05:21.0000003,8.609065977535465
2012-10-25 16:20:37.0000005,9.709777191956277
2011-03-24 17:44:01.0000002,9.985344591794387
2014-07-25 18:06:37.0000006,10.967805984432516
2009-08-02 14:01:33.0000005,8.726062579852055
2009-09-25 21:43:49.0000009,9.091312669390504
2011-12-09 21:19:25.0000003,8.084579913972789
2011-12-09 21:19:25.0000004,9.83001276491973
2012-02-08 11:14:49.0000003,13.81649460533913
2012-07-18 22:34:53.0000002,6.944966218068771
2012-07-18 22:34:53.0000004,7.407447891579295
2009-09-04 18:43:33.0000002,4.669261272724157
2011-04-23 11:01:49.0000002,22.1074021410775
2014-10-28 22:42:33.0000004,9.834684245091694
2010-06-20 12:42:37.0000002,5.550702161955542
2015-02-19 11:39:21.0000004,25.87470906755459
2013-12-08 10:41:05.0000002,6.761448811096898
2009-05-15 21:19:13.0000003,5.206764295595121
2011-08-18 08:36:13.0000005,6.070913408219212
2012-12-20 23:43:09.0000004,18.19625934769647
2009-06-13 18:40:13.0000001,12.86482907350262
2009-01-06 07:36:34.0000001,8.188748795396805
2015-04-12 21:56:22.0000003,9.106161150848266
2010-03-21 16:52:58.0000003,7.209445010020431
2013-07-09 21:59:42.0000001,33.48802579639312
2012-06-23 09:43:42.0000002,5.840361355783671
2012-06-23 09:43:42.0000004,6.115147930556191
2013-10-26 10:46:46.0000003,26.065784432600594
2013-09-14 18:51:46.0000001,8.495520673049668
2009-11-23 19:06:14.0000001,7.114886532830383
2010-01-24 14:09:58.0000002,7.514655130544384
2011-12-10 23:39:06.0000003,6.314655201059281
2011-01-15 04:13:38.0000001,6.711559484665031
2011-03-03 21:31:42.0000003,7.183358533538467
2012-08-04 23:34:58.0000003,14.493063458844745
2015-04-10 11:56:54.0000006,7.73276471804013
2015-05-05 12:32:14.0000008,14.342220164710966
2013-10-13 19:52:54.0000002,42.72459754926763
2015-06-25 01:01:46.0000004,13.30099294642821
2009-05-19 15:44:30.0000002,24.614324693994718
2010-02-06 17:37:10.0000002,5.5978131488246845
2013-01-14 18:42:54.0000003,8.289729153325652
2014-01-05 17:47:02.0000001,11.82857440418286
2009-07-28 11:13:10.0000002,6.721694142113279
2012-01-12 18:05:10.0000002,17.5696676133673
2010-12-21 08:46:02.0000006,6.6049594367467535
2013-11-24 03:44:46.0000003,14.174198250039808
2013-06-30 03:37:26.0000003,16.008997112381167
2011-05-26 21:36:54.0000004,6.5591863469491045
2009-03-11 21:46:54.0000002,9.666781336058762
2012-12-26 17:12:30.0000002,11.51823291097287
2013-04-21 19:50:54.0000001,12.956217125192438
2013-02-06 18:21:18.0000001,10.39610056491847
2013-07-21 11:41:26.0000003,12.571541215985349
2011-09-17 15:41:06.0000004,12.669369513038987
2015-06-21 17:16:10.0000005,11.625332155922479
2015-02-27 19:36:02.00000013,10.405180554038907
2015-06-15 01:00:06.0000001,7.418653019187104
2014-03-08 16:08:26.0000001,6.882503481648087
2014-03-08 16:08:26.0000003,8.113084851646022
2014-09-13 19:05:02.0000002,9.595642924806043
2010-12-04 21:08:38.0000004,19.327648442057125
2010-03-07 00:47:26.0000001,3.851896720161676
2009-12-30 16:54:50.0000001,19.519141492792528
2009-03-11 16:02:14.0000007,9.079859305006607
2010-03-13 01:23:10.0000001,4.58295562016167
2012-05-30 02:28:50.0000002,9.808077992203948
2010-09-04 18:31:42.0000003,5.322432317770222
2009-11-20 23:19:58.0000003,10.66394031532002
2011-09-22 20:05:22.0000003,12.08664808817116
2009-02-08 00:04:06.0000001,26.234080854515128
2014-05-17 10:51:46.0000003,12.401486398669817
2010-05-06 11:35:26.0000002,9.232268168601536
2011-10-01 00:42:26.0000001,6.714072043542615
2014-12-26 20:19:38.0000001,8.127664389477559
2015-04-22 09:54:06.0000004,11.317640148294686
2009-01-25 21:17:18.0000001,10.938025481696286
2011-08-01 17:44:30.0000003,19.93248983505987
2012-03-25 04:50:39.0000001,25.78625519283105
2012-12-26 18:28:55.0000004,8.70592633319177
2011-07-06 19:56:23.0000005,13.821779814670094
2012-08-19 12:06:39.0000002,11.684122422377868
2015-04-28 20:15:27.0000004,8.775728741413673
2015-04-28 20:15:27.0000007,9.314477353016514
2014-06-07 12:21:11.0000002,24.516292806143042
2013-12-22 21:24:47.0000001,9.426232145228141
2011-11-23 21:07:43.0000004,8.49030022114789
2011-08-08 11:18:15.0000001,6.9092718566333815
2015-05-20 19:39:11.0000004,10.879768017427523
2015-03-20 16:33:07.0000003,30.50336076281303
2015-04-26 21:44:23.0000002,7.451651379799273
2010-10-09 15:48:51.0000004,4.356995524444301
2012-04-27 22:32:19.0000002,8.47380108722632
2012-10-12 15:21:55.0000002,10.571080067327216
2009-12-26 09:23:19.0000001,5.660894660938311
2014-11-30 15:46:23.0000002,6.5924524257404755
2010-06-22 14:25:19.0000007,8.175515596044988
2013-01-03 11:41:47.0000002,24.358784787748505
2015-01-12 17:05:51.0000005,38.412045675496756
2013-04-07 00:24:27.0000002,7.424822442321556
2010-01-13 08:28:59.0000002,4.214183811974408
2012-06-16 14:33:19.0000001,7.2322416913323195
2009-03-25 01:20:55.0000002,10.134394649809565
2010-07-13 07:38:03.0000003,16.579498331644345
2012-11-09 18:17:35.0000004,7.290644764485137
2009-06-21 00:54:23.0000002,7.466989388377783
2009-12-23 20:14:19.0000004,7.845806163614498
2013-11-29 21:36:07.0000003,7.062801805006416
2012-06-09 22:57:15.0000003,7.3253598427446605
2010-10-22 20:56:51.0000002,7.297743255733735
2011-02-21 23:46:07.0000002,16.280838976663745
2012-07-30 18:18:19.0000001,25.93098833512113
2010-06-02 19:45:19.0000003,6.864819139557767
2009-05-21 20:50:31.0000003,5.631658883297632
2014-11-11 12:10:59.0000001,12.522827765446095
2012-09-09 23:40:03.0000003,10.720769747991085
2011-04-28 01:29:51.0000001,7.169101485943997
2009-09-28 19:21:59.0000003,14.05268591961692
2012-10-21 19:47:23.0000002,15.095751387741188
2013-06-04 23:58:11.0000006,10.915356672889402
2014-08-08 17:32:47.0000005,47.75099635007268
2011-01-04 10:12:51.0000002,9.02479995663225
2011-10-26 17:48:43.0000006,12.833322792112881
2009-12-19 21:56:15.0000003,4.757744807454287
2010-06-13 19:39:51.0000001,6.683018492268502
2015-02-14 09:08:11.0000001,51.88853983796059
2015-02-14 09:08:11.0000004,10.553010775487337
2013-01-09 02:05:51.0000001,12.70844780296295
2013-06-21 02:39:47.0000002,7.242683786621683
2011-10-07 12:38:19.0000001,6.7467681180731915
2013-02-02 16:07:55.0000004,13.033152189402017
2014-04-05 01:52:27.0000004,10.716253030748135
2014-04-05 01:52:27.0000003,16.778512171966554
2010-02-23 20:29:51.0000001,5.196611431377846
2014-07-01 15:15:23.0000003,7.5938982632402485
2012-12-01 21:12:12.0000001,11.091972304213755
2014-06-14 13:39:00.00000071,7.868906219998053
2013-11-09 18:52:40.0000001,11.731450545242296
2013-11-09 18:52:40.0000003,12.01556757598621
2014-12-30 20:29:24.0000002,11.075292608497534
2010-05-10 10:37:04.0000004,10.054107676918761
2013-07-12 23:33:24.0000002,14.830752766168644
2009-06-10 16:55:00.000000132,8.85057127081086
2009-06-10 16:55:00.000000163,8.980794662550238
2009-06-10 16:55:00.00000084,12.279262038638194
2009-03-22 04:31:40.0000001,14.742028600030835
2011-06-24 12:03:00.0000009,8.594103217462816
2011-06-24 12:03:00.000000174,23.774526948058906
2011-06-24 12:03:00.000000158,9.837100858760436
2014-06-15 07:06:00.00000044,50.011103042942295
2015-05-30 21:29:04.0000006,9.435405005148937
2009-09-14 02:19:00.00000037,13.104775122520437
2011-10-02 22:31:44.0000001,23.392352853540842
2011-07-20 16:34:48.0000002,9.960233106495252
2011-06-01 07:37:00.00000012,15.273952258140184
2011-06-01 07:37:00.000000111,10.860694845688272
2011-06-01 07:37:00.00000014,7.914572805093712
2010-08-27 18:45:00.0000002,14.342297347433828
2010-08-27 18:45:00.000000118,6.632483043050684
2010-08-27 18:45:00.000000143,7.430996694044097
2010-08-27 18:45:00.000000233,17.246677702737315
2010-08-27 18:45:00.000000156,7.015524555828961
2010-08-27 18:45:00.000000167,13.790800228576131
2010-08-27 18:45:00.000000168,6.236784634268247
2010-08-27 18:45:00.000000149,6.373528024077132
2010-08-27 18:45:00.00000091,6.130669815023111
2010-08-27 18:45:00.000000126,6.340183368009093
2010-08-27 18:45:00.00000020,8.745345844415397
2010-08-14 02:13:00.000000154,7.550168740524327
2010-08-14 02:13:00.00000098,5.9411236772195934
2015-04-16 22:32:48.0000003,20.670387619412168
2014-03-25 23:47:00.00000021,23.771068778859103
2014-03-25 23:47:00.00000084,13.964608984848269
2010-09-29 16:43:00.000000161,7.7452764022701786
2010-09-29 16:43:00.00000093,26.921044040983702
2014-10-27 14:58:00.00000088,9.955364221292712
2014-10-27 14:58:00.00000092,52.29442330262168
2014-10-27 14:58:00.00000094,9.72666187249672
2012-11-03 17:11:00.00000013,8.894891714445407
2012-11-03 17:11:00.0000001,7.130172052263674
2012-11-03 17:11:00.000000150,9.191226738047362
2011-05-28 17:29:44.0000002,5.73093781556895
2013-09-28 00:06:20.0000005,9.151364531808326
2013-09-28 00:06:20.0000003,18.48834280734809
2011-03-11 01:44:00.00000095,4.544937424601585
2011-03-11 01:44:00.00000029,7.949970515326299
2011-10-04 09:37:00.00000080,24.096078235756295
2011-10-04 09:37:00.000000113,12.694999383873323
2011-10-04 09:37:00.000000160,7.681588868487324
2011-10-04 09:37:00.0000006,6.731273932641784
2014-12-24 03:00:00.00000020,74.62323255844342
2009-05-16 23:36:24.0000003,3.7054174820825665
2014-04-27 02:57:00.00000064,30.123543467841046
2014-04-27 02:57:00.00000083,14.309109726696647
2014-04-27 02:57:00.00000069,18.952792787650765
2014-04-27 02:57:00.0000007,10.65660711058456
2011-12-13 22:00:00.000000102,18.54432165727394
2011-12-13 22:00:00.000000214,19.23829371368504
2011-12-13 22:00:00.000000128,11.096187109546236
2011-12-13 22:00:00.000000249,9.371624414029156
2011-12-13 22:00:00.00000052,16.828631835135752
2011-12-13 22:00:00.000000168,6.811005336917333
2011-12-13 22:00:00.00000079,10.494881649805507
2011-12-13 22:00:00.00000050,8.20000572511583
2015-04-11 14:16:12.0000005,7.675107931344087
2014-07-21 18:19:00.000000205,9.483552929915277
2014-07-21 18:19:00.00000023,18.209670517309746
2014-07-21 18:19:00.00000046,12.933861530606805
2014-07-21 18:19:00.00000096,15.611125507918473
2014-07-21 18:19:00.000000156,26.33634388687676
2010-09-20 16:48:00.0000002,8.209281858441841
2010-09-20 16:48:00.000000156,5.885844282594917
2010-09-20 16:48:00.00000041,8.49685657090538
2010-09-20 16:48:00.00000083,6.375210908833424
2010-09-20 16:48:00.000000122,13.510970144507723
2011-03-06 21:01:00.00000036,8.622732231688701
2011-03-06 21:01:00.00000019,5.550450771778856
2011-03-06 21:01:00.000000123,10.807725410072521
2011-03-06 21:01:00.000000166,9.617743628518497
2011-03-06 21:01:00.000000140,14.577105650972385
2011-03-06 21:01:00.00000060,7.158810808540352
2012-05-23 16:25:16.0000001,48.510840109296396
2011-04-16 21:23:16.0000003,4.694134449839908
2013-10-05 19:51:04.0000004,7.3379770796517505
2012-03-14 19:10:48.0000007,7.469568441988031
2012-01-26 07:33:00.00000064,18.623279354935107
2012-01-26 07:33:00.000000131,6.004823272949011
2012-01-26 07:33:00.00000071,5.956001748666154
2012-01-26 07:33:00.00000028,15.800867103063183
2012-01-26 07:33:00.00000072,7.928988049757436
2010-12-09 07:29:00.00000093,10.302298035144418
2010-12-09 07:29:00.000000123,9.580620817659565
2010-12-09 07:29:00.00000056,6.909960071499313
2014-05-17 02:47:12.0000001,8.800903641157106
2009-01-22 12:27:20.0000001,10.543880867155508
2011-04-23 21:22:20.0000002,6.486772722899104
2012-11-20 21:54:00.00000062,8.040640463999011
2012-11-20 21:54:00.000000207,10.387092388021415
2012-11-20 21:54:00.00000014,6.601703715528515
2012-11-20 21:54:00.000000246,20.463730842374616
2012-11-20 21:54:00.000000164,49.8862772111853
2014-06-23 00:16:00.00000011,18.51746322113388
2014-06-23 00:16:00.00000091,9.428133917831701
2013-09-25 22:00:00.000000144,11.773126686008936
2013-09-25 22:00:00.000000100,51.67179985032294
2013-09-25 22:00:00.000000166,11.235849610970945
2013-09-25 22:00:00.000000105,15.421281703786462
2013-09-25 22:00:00.00000015,10.95826412748545
2011-07-06 18:07:44.0000002,42.7382435842768
2009-05-16 14:53:41.0000002,8.323486667705083
2013-10-17 22:21:57.0000003,12.27288177222249
2015-03-04 21:42:57.00000011,9.631456191472921
2011-03-22 12:59:49.0000001,11.531185455885861
2013-07-05 00:58:17.0000004,14.774088253577588
2010-01-30 00:57:21.0000001,6.137307336731965
2012-04-02 08:39:21.0000002,15.986951041330826
2010-07-25 04:03:17.0000001,16.379586073523
2012-07-01 22:30:29.0000002,18.3043014562993
2014-02-08 17:24:57.0000003,14.643101845922615
2012-06-02 01:16:05.0000003,5.948173288070052
2012-06-02 01:16:05.0000001,4.510217117993079
2014-01-11 06:18:37.0000001,7.329847978043972
2012-12-09 22:30:13.0000005,6.752059966659772
2011-10-01 15:04:57.0000002,6.6218842493487955
2012-01-01 00:37:29.0000004,9.027171083031476
2012-04-14 14:20:33.0000003,12.091088428919193
2010-02-01 20:28:45.0000004,8.668393769370823
2013-08-19 16:21:05.0000001,15.536088517221856
2014-06-05 22:56:05.0000004,8.103928491379747
2013-11-07 22:25:25.0000004,16.172370070127727
2010-06-19 03:06:33.0000001,16.10841412479192
2012-07-18 09:44:53.0000003,7.243904971071288
2009-09-25 21:43:49.0000002,7.363263411020284
2009-09-04 18:43:33.0000001,5.581549956813205
2012-10-20 00:36:37.0000001,8.468158196942568
2014-06-19 22:37:09.0000002,33.05147940931931
2012-12-20 23:43:09.0000001,18.68526002055944
2015-05-23 01:00:22.0000002,10.337638119819303
2012-11-18 14:55:42.0000001,8.273942030585431
2010-01-24 14:09:58.0000003,4.8845842273965445
2014-07-27 11:25:18.0000003,18.853667814232608
2009-03-15 03:31:14.0000004,4.012753603798615
2010-09-24 22:40:06.0000004,5.7748025564036425
2009-04-18 23:09:34.0000001,40.15637365353814
2014-08-26 16:39:54.0000001,14.541008378441802
2009-05-31 20:56:38.0000004,5.4067554730704614
2015-05-29 10:02:42.0000002,9.790305424847588
2011-04-17 14:55:58.0000002,6.285303176551793
2011-05-26 21:36:54.0000003,7.861117533218476
2011-05-26 21:36:54.0000002,10.522574024235269
2013-11-23 16:33:30.0000002,10.495281043510658
2009-06-03 09:11:30.0000001,6.320625810062211
2010-12-04 21:08:38.0000005,7.310806359139519
2013-09-07 19:43:18.0000003,9.575111531824291
2011-03-10 18:16:14.0000005,5.668472155528548
2011-05-19 02:06:46.0000002,7.203853707282178
2009-08-03 17:06:06.0000002,14.765064893911813
2015-04-14 19:20:46.0000008,8.952479414673348
2011-09-08 13:39:06.0000002,6.804342048507465
2012-03-03 02:30:54.0000003,12.240096354665411
2012-12-27 21:01:54.0000004,8.759215797249567
2012-12-27 21:01:54.0000005,11.279265853042261
2014-06-20 02:16:34.0000002,8.408581023308898
2014-01-14 18:48:06.0000008,10.011302334521702
2011-09-03 00:03:42.0000008,8.14714196663283
2013-07-02 22:27:14.0000004,12.480283677350371
2013-07-02 22:27:14.0000001,15.98082993644573
2015-05-09 11:33:58.0000002,9.891653695297805
2015-03-28 19:31:26.0000003,11.868019089637755
2013-08-08 14:38:43.0000002,8.950436660165678
2009-11-19 22:48:27.0000001,41.70948595309437
2011-07-06 19:56:23.0000001,15.551777615012497
2015-06-18 20:56:55.0000002,7.6886382876748485
2015-02-14 13:15:19.0000002,8.250382814091381
2013-01-12 22:40:39.0000002,9.077497929931496
2013-03-23 15:41:07.0000002,23.586902734165847
2010-01-31 00:33:03.0000006,6.785879964044852
2014-06-09 14:51:39.0000001,9.209485179879493
2015-03-20 16:33:07.0000004,13.698117982621056
2015-01-04 00:28:11.0000004,8.545052255329438
2010-10-04 16:17:03.0000001,10.495973405393784
2011-05-17 07:53:55.0000003,5.933689877930988
2012-12-26 20:55:27.0000001,6.178029565304541
2012-12-26 20:55:27.0000003,7.107587768725239
2011-12-17 16:19:47.0000002,12.51127427017434
2010-02-15 10:14:23.0000001,27.190037613738696
2010-12-11 16:12:35.0000003,5.621054397305215
2011-12-11 11:05:51.0000002,11.778148121871709
2014-06-14 12:32:11.0000001,9.771837906423002
2012-06-09 22:57:15.0000001,8.649686412537108
2009-05-21 20:50:31.0000004,5.759738074300799
2010-09-22 09:42:31.0000005,6.378818471847808
2014-07-08 10:21:39.0000007,19.001189794192896
2012-09-16 18:14:55.0000002,14.910283202359778
2013-10-05 13:45:39.0000001,7.640733521870175
2014-07-31 10:39:39.0000001,11.358099378512861
2013-02-16 14:26:51.0000001,10.203326623032467
2014-01-04 10:54:59.0000004,48.113762126603206
2015-03-07 15:25:59.0000005,8.932183663561318
2009-04-16 15:57:31.0000003,4.745715836665227
2011-10-23 17:43:43.0000002,8.157576683835828
2014-06-14 13:39:00.000000189,10.618109489188669
2014-06-14 13:39:00.000000153,9.912070914772016
2014-06-14 13:39:00.00000088,7.831685893192912
2014-06-14 13:39:00.000000157,13.857423685957315
2014-06-14 13:39:00.00000046,9.208690805069295
2014-06-14 13:39:00.000000110,10.619357274910271
2014-06-14 13:39:00.000000106,43.76319607634127
2014-06-14 13:39:00.00000019,15.280554580525404
2014-06-14 13:39:00.000000186,7.416463504335638
2014-06-14 13:39:00.00000037,10.136119677731358
2014-06-14 13:39:00.00000057,10.455070763911522
2014-06-14 13:39:00.000000127,11.709770268812576
2014-06-14 13:39:00.0000009,31.98659295487198
2014-06-14 13:39:00.000000173,14.438853271000312
2014-06-14 13:39:00.00000027,8.2808562202963
2014-06-14 13:39:00.000000100,8.420241262136187
2011-10-02 23:36:00.00000060,24.098175800170225
2011-10-02 23:36:00.00000057,18.949370683056486
2011-10-02 23:36:00.00000044,6.48923538578515
2011-10-02 23:36:00.00000087,27.209909130128835
2011-10-02 23:36:00.00000084,11.022752776281436
2011-10-02 23:36:00.00000046,14.02377465182667
2011-10-02 23:36:00.0000006,7.9994970625879205
2011-10-02 23:36:00.00000033,39.13170574472372
2011-10-02 23:36:00.00000064,20.935060066518417
2011-10-02 23:36:00.00000094,5.468984840988583
2011-10-02 23:36:00.00000049,8.806301476878389
2011-10-02 23:36:00.00000066,8.972537426656345
2011-10-02 23:36:00.00000080,9.614438527004609
2011-10-02 23:36:00.00000029,42.18668708495295
2011-10-02 23:36:00.00000055,6.3377119161026485
2011-10-02 23:36:00.00000079,17.72487437717291
2011-10-02 23:36:00.00000053,11.733376436947992
2009-06-10 16:55:00.00000014,6.608444645492568
2009-06-10 16:55:00.00000052,6.56023736650593
2009-06-10 16:55:00.00000065,7.372202518940526
2009-06-10 16:55:00.000000169,9.968796541932079
2009-06-10 16:55:00.000000172,6.323288187006028
2009-06-10 16:55:00.000000105,4.961339123433504
2009-06-10 16:55:00.00000073,3.5616414307856985
2009-06-10 16:55:00.000000157,9.63738310903193
2009-06-10 16:55:00.000000156,6.359368543773144
2009-06-10 16:55:00.000000116,8.096360314961544
2009-06-10 16:55:00.00000022,4.870809296821449
2009-06-10 16:55:00.00000013,5.542251736066191
2009-06-10 16:55:00.000000126,3.719623627010492
2009-06-10 16:55:00.00000023,6.595832114421
2009-06-10 16:55:00.00000086,5.943194277250541
2009-06-10 16:55:00.00000040,8.8258664733778
2009-06-10 16:55:00.00000058,6.613506543667199
2009-06-10 16:55:00.000000170,4.496050065699933
2009-06-10 16:55:00.00000027,9.796697785847869
2009-06-10 16:55:00.00000011,11.071224714300115
2009-06-10 16:55:00.000000129,5.715549394022105
2009-06-10 16:55:00.000000121,4.7533082440817225
2009-06-10 16:55:00.00000080,7.293436629135044
2009-06-10 16:55:00.00000089,7.3156162820846475
2009-06-10 16:55:00.000000103,6.681140696842135
2009-06-10 16:55:00.00000051,7.351422760411197
2009-06-10 16:55:00.00000063,24.2291692164232
2009-06-10 16:55:00.000000106,5.110184554342709
2009-06-10 16:55:00.00000091,6.133684740876902
2009-06-10 16:55:00.00000095,12.733918218393569
2009-06-10 16:55:00.000000137,5.790459377050638
2009-06-10 16:55:00.000000113,4.486506148345143
2009-06-10 16:55:00.000000173,5.4132300260644115
2009-06-10 16:55:00.00000077,4.989971959221407
2009-06-10 16:55:00.00000036,5.369930048419633
2011-06-24 12:03:00.000000148,6.143411030613606
2011-06-24 12:03:00.00000070,6.6500368338088265
2011-06-24 12:03:00.000000129,8.73158239356178
2011-06-24 12:03:00.000000130,5.965280731164853
2011-06-24 12:03:00.000000160,11.290286761837365
2011-06-24 12:03:00.000000167,25.14100197421112
2011-06-24 12:03:00.00000059,6.508545893938162
2011-06-24 12:03:00.000000128,7.882257165365445
2011-06-24 12:03:00.000000112,4.638437721959804
2011-06-24 12:03:00.000000134,6.3766523556779475
2011-06-24 12:03:00.00000021,13.04132577270957
2011-06-24 12:03:00.00000039,11.004868978251807
2011-06-24 12:03:00.00000083,13.674530889581888
2011-06-24 12:03:00.00000029,6.802686732272946
2011-06-24 12:03:00.00000037,7.661500453361441
2011-06-24 12:03:00.0000004,12.301230958891665
2011-06-24 12:03:00.000000117,27.172136490824528
2011-06-24 12:03:00.000000147,4.897674575637893
2011-06-24 12:03:00.00000043,7.629004459945236
2011-06-24 12:03:00.000000172,17.30054535948568
2011-06-24 12:03:00.00000011,7.2827993210358954
2011-06-24 12:03:00.00000036,4.666769716703811
2011-06-24 12:03:00.00000015,6.175895214695402
2011-06-24 12:03:00.00000065,7.4206924066292
2011-06-24 12:03:00.000000169,31.867516242575903
2011-06-24 12:03:00.000000164,12.443651685912755
2011-06-24 12:03:00.000000163,5.979547000554589
2011-06-24 12:03:00.00000096,6.761274620309109
2011-06-24 12:03:00.00000030,11.45733352156276
2014-06-15 07:06:00.00000018,10.047803026420638
2014-06-15 07:06:00.00000034,19.744542706386596
2014-06-15 07:06:00.00000022,49.91926118700235
2014-06-15 07:06:00.00000012,9.063978922722981
2014-06-15 07:06:00.0000005,9.729632372398669
2014-06-15 07:06:00.00000023,6.665549809971367
2014-06-15 07:06:00.0000001,11.505723617696276
2009-09-14 02:19:00.0000005,4.62213673506335
2009-09-14 02:19:00.00000032,5.299004576865173
2009-09-14 02:19:00.00000015,4.566915995461727
2009-09-14 02:19:00.00000029,6.918726489155915
2009-09-14 02:19:00.00000012,5.0728771114802385
2009-09-14 02:19:00.00000019,13.674333360582978
2011-06-01 07:37:00.000000193,5.924992109709024
2011-06-01 07:37:00.000000135,5.907097930514169
2011-06-01 07:37:00.000000124,8.165889996375427
2011-06-01 07:37:00.00000071,8.60532250082565
2011-06-01 07:37:00.000000191,16.84228859737368
2011-06-01 07:37:00.00000073,7.664934490332598
2011-06-01 07:37:00.000000134,13.219092380442248
2011-06-01 07:37:00.000000195,11.28656447878518
2011-06-01 07:37:00.000000130,8.974938860348061
2011-06-01 07:37:00.00000039,8.109733293161867
2011-06-01 07:37:00.000000188,12.656610415823707
2011-06-01 07:37:00.00000030,7.87824425058534
2011-06-01 07:37:00.00000040,12.099528391229228
2011-06-01 07:37:00.00000011,10.068055202699952
2011-06-01 07:37:00.00000093,7.551954102372292
2011-06-01 07:37:00.000000121,48.39057856429213
2011-06-01 07:37:00.000000224,7.807143571139363
2011-06-01 07:37:00.000000153,6.976327316974562
2011-06-01 07:37:00.00000033,5.756227005893379
2011-06-01 07:37:00.000000213,12.015148048917695
2011-06-01 07:37:00.00000076,5.542786009101178
2011-06-01 07:37:00.00000018,7.997030185396625
2011-06-01 07:37:00.00000021,12.019265327177663
2011-06-01 07:37:00.000000126,13.703973440590971
2011-06-01 07:37:00.000000202,9.377447545055134
2011-06-01 07:37:00.00000035,8.77086420813373
2011-06-01 07:37:00.000000216,11.951630639733366
2011-06-01 07:37:00.00000067,7.850811254866244
2011-06-01 07:37:00.00000013,10.520679774439486
2011-06-01 07:37:00.00000024,8.384979079580035
2011-06-01 07:37:00.000000148,5.646708440532507
2011-06-01 07:37:00.000000200,5.9734853636877006
2011-06-01 07:37:00.00000042,11.030771825952229
2011-06-01 07:37:00.00000066,11.138030342972456
2011-06-01 07:37:00.00000056,12.513386726891326
2011-06-01 07:37:00.00000063,15.070318691975103
2011-06-01 07:37:00.0000009,3.855025058248998
2011-06-01 07:37:00.000000187,7.330349843201702
2011-06-01 07:37:00.000000225,6.417911175654581
2010-08-27 18:45:00.0000009,44.78169233104586
2010-08-27 18:45:00.000000120,7.159719315593861
2010-08-27 18:45:00.00000019,7.312639782296287
2010-08-27 18:45:00.0000001,6.986600871613518
2010-08-27 18:45:00.00000080,4.533336689460043
2010-08-27 18:45:00.00000082,5.484865866627729
2010-08-27 18:45:00.000000180,11.439142648541633
2010-08-27 18:45:00.00000058,16.107251225486948
2010-08-27 18:45:00.000000178,26.00893241087033
2010-08-27 18:45:00.000000117,7.083813554792755
2010-08-27 18:45:00.00000079,9.690617752953472
2010-08-27 18:45:00.000000200,5.087605340076038
2010-08-27 18:45:00.000000108,7.147806314096215
2010-08-27 18:45:00.00000098,6.908343973560704
2010-08-27 18:45:00.00000059,45.230312669888804
2010-08-27 18:45:00.000000138,17.031244149734675
2010-08-27 18:45:00.000000232,7.381547688783257
2010-08-27 18:45:00.00000032,25.437819673762988
2010-08-27 18:45:00.00000047,10.537767196786376
2010-08-27 18:45:00.000000100,9.787202862315098
2010-08-27 18:45:00.000000154,6.779795899695614
2010-08-27 18:45:00.000000211,7.733115039126005
2010-08-27 18:45:00.000000114,7.323907289924591
2010-08-27 18:45:00.00000042,5.933647564350622
2010-08-27 18:45:00.000000104,17.308369128926074
2010-08-27 18:45:00.000000162,8.413698375222793
2010-08-27 18:45:00.00000095,5.240749340913794
2010-08-27 18:45:00.000000150,8.264074536201292
2010-08-27 18:45:00.00000052,14.308752790720973
2010-08-27 18:45:00.000000225,5.916619324397175
2010-08-27 18:45:00.00000064,8.544179935830016
2010-08-27 18:45:00.000000215,4.089815416825786
2010-08-27 18:45:00.000000206,5.7164952379810074
2010-08-27 18:45:00.000000122,6.0890809535363815
2010-08-27 18:45:00.000000221,9.25887919960121
2010-08-27 18:45:00.00000027,5.534102407516343
2010-08-27 18:45:00.000000115,6.845694434846791
2010-08-27 18:45:00.000000218,8.555545405199041
2010-08-27 18:45:00.000000212,12.064093221057988
2010-08-27 18:45:00.000000229,6.9233733135099556
2010-08-27 18:45:00.000000213,9.585564702220381
2010-08-27 18:45:00.00000099,41.76331544723155
2010-08-27 18:45:00.000000176,12.204299080543251
2010-08-27 18:45:00.000000132,21.948708977335173
2010-08-27 18:45:00.0000007,6.607518866162309
2010-08-27 18:45:00.000000151,23.1655147867408
2010-08-27 18:45:00.000000137,14.34961897758535
2010-08-27 18:45:00.00000021,31.19336427192445
2010-08-27 18:45:00.000000185,5.296010197181772
2010-08-27 18:45:00.00000041,6.753763840992747
2010-08-14 02:13:00.000000129,9.177449877969252
2010-08-14 02:13:00.0000006,15.892232974162312
2010-08-14 02:13:00.00000045,10.01611367306225
2010-08-14 02:13:00.000000117,19.45701049321599
2010-08-14 02:13:00.00000079,12.131297657377331
2010-08-14 02:13:00.000000112,7.703834576267127
2010-08-14 02:13:00.00000088,24.950528837220986
2010-08-14 02:13:00.0000005,7.550823108888949
2010-08-14 02:13:00.00000016,9.535861246352738
2010-08-14 02:13:00.0000002,7.949866355975246
2010-08-14 02:13:00.00000071,31.80911536737085
2010-08-14 02:13:00.00000019,8.508913882666775
2010-08-14 02:13:00.000000113,5.049359973329501
2010-08-14 02:13:00.000000151,5.987949802701223
2010-08-14 02:13:00.000000104,14.181742450154047
2010-08-14 02:13:00.00000095,14.82868679929561
2010-08-14 02:13:00.00000053,8.033030968751405
2010-08-14 02:13:00.00000046,7.898016502771725
2010-08-14 02:13:00.00000011,17.54353679606038
2010-08-14 02:13:00.000000124,25.116991415235702
2010-08-14 02:13:00.000000153,22.43621212356345
2010-08-14 02:13:00.00000081,46.197865197380224
2010-08-14 02:13:00.00000062,11.213142796331795
2010-08-14 02:13:00.000000103,16.731948267040252
2010-08-14 02:13:00.000000144,6.133846516765061
2010-08-14 02:13:00.00000082,4.04111551942276
2010-08-14 02:13:00.00000093,6.288134433473942
2010-08-14 02:13:00.00000058,6.42106819089588
2010-08-14 02:13:00.000000107,5.959332751907368
2010-08-14 02:13:00.000000157,7.360384578132425
2010-08-14 02:13:00.00000013,6.2176576001833155
2010-08-14 02:13:00.000000138,4.476794673882864
2010-08-14 02:13:00.000000119,13.380471404770901
2010-08-14 02:13:00.00000065,4.707911448890172
2010-08-14 02:13:00.00000039,6.015617998994003
2010-08-14 02:13:00.000000118,7.790668298922583
2010-08-14 02:13:00.00000048,16.272437214709726
2010-08-14 02:13:00.00000067,13.777301313029739
2010-08-14 02:13:00.00000096,20.41328660491888
2010-08-14 02:13:00.00000091,14.435567786764977
2010-08-14 02:13:00.000000114,6.712407682293701
2010-08-14 02:13:00.00000023,40.222686026579936
2010-08-14 02:13:00.000000106,6.2530470629598085
2014-03-25 23:47:00.000000102,8.327429419244481
2014-03-25 23:47:00.00000026,24.953075577383856
2014-03-25 23:47:00.00000042,12.837833888590922
2014-03-25 23:47:00.00000051,7.701403170338153
2014-03-25 23:47:00.00000052,9.846598612095477
2014-03-25 23:47:00.00000031,13.406246670120026
2014-03-25 23:47:00.00000096,11.941645062388034
2014-03-25 23:47:00.000000134,7.77008644502871
2014-03-25 23:47:00.00000019,14.08753685120746
2014-03-25 23:47:00.00000020,9.924458163278473
2014-03-25 23:47:00.000000115,36.22029107543267
2014-03-25 23:47:00.00000035,7.369794997429608
2014-03-25 23:47:00.000000132,22.71447137736061
2014-03-25 23:47:00.00000085,24.404856787170957
2014-03-25 23:47:00.00000064,50.2388785133694
2014-03-25 23:47:00.00000011,10.54689317986606
2014-03-25 23:47:00.000000124,9.985312582723736
2014-03-25 23:47:00.000000112,8.446939512375707
2014-03-25 23:47:00.000000127,21.10345814423556
2014-03-25 23:47:00.00000028,17.410872528075174
2014-03-25 23:47:00.00000055,12.539699574831047
2014-03-25 23:47:00.00000036,8.907462587352484
2014-03-25 23:47:00.000000135,37.494088865845015
2014-03-25 23:47:00.000000108,11.736892898138763
2014-03-25 23:47:00.00000012,13.039861714906579
2010-09-29 16:43:00.000000162,6.704976773722819
2010-09-29 16:43:00.00000078,7.664076982530787
2010-09-29 16:43:00.00000015,8.902778451851418
2010-09-29 16:43:00.0000001,11.355560682442956
2010-09-29 16:43:00.000000119,8.091426262012078
2010-09-29 16:43:00.000000140,7.208313971392272
2010-09-29 16:43:00.00000041,8.787282381369323
2010-09-29 16:43:00.000000135,13.471278273336452
2010-09-29 16:43:00.000000117,6.403485538906239
2010-09-29 16:43:00.00000059,13.138916660080326
2010-09-29 16:43:00.00000014,7.484515646060004
2010-09-29 16:43:00.00000012,11.823985830325569
2010-09-29 16:43:00.000000170,6.473489833250028
2010-09-29 16:43:00.00000013,7.881768500461703
2010-09-29 16:43:00.000000145,6.703937573698568
2010-09-29 16:43:00.000000174,13.212288670172825
2010-09-29 16:43:00.000000164,7.964675109727523
2010-09-29 16:43:00.00000037,12.539423559894317
2010-09-29 16:43:00.000000159,5.656493383568545
2010-09-29 16:43:00.000000113,11.649648587470324
2010-09-29 16:43:00.00000094,5.148396413389719
2010-09-29 16:43:00.00000011,5.629799469686304
2010-09-29 16:43:00.000000168,4.765251914419423
2010-09-29 16:43:00.000000114,45.84925022620553
2010-09-29 16:43:00.00000019,5.359071038451475
2010-09-29 16:43:00.00000022,7.692110420491986
2010-09-29 16:43:00.00000040,7.18196810778511
2010-09-29 16:43:00.00000016,6.6908077124533065
2010-09-29 16:43:00.000000144,6.7975947589496855
2010-09-29 16:43:00.00000044,8.708595059348681
2010-09-29 16:43:00.00000062,8.219420077321956
2010-09-29 16:43:00.00000074,22.60830836091668
2010-09-29 16:43:00.00000064,18.17368425014638
2010-09-29 16:43:00.000000110,11.819889159421564
2010-09-29 16:43:00.000000122,7.792158114408949
2010-09-29 16:43:00.000000142,4.207754797175653
2010-09-29 16:43:00.00000080,4.889059643271139
2014-10-27 14:58:00.000000149,50.67347604592692
2014-10-27 14:58:00.000000125,12.405888529984736
2014-10-27 14:58:00.000000130,9.83628005275773
2014-10-27 14:58:00.000000146,8.55334430526807
2014-10-27 14:58:00.00000040,8.26232939899478
2014-10-27 14:58:00.000000136,8.064468873134842
2014-10-27 14:58:00.000000123,11.322972908782162
2014-10-27 14:58:00.000000115,8.146102587298287
2014-10-27 14:58:00.00000046,8.521003911193247
2014-10-27 14:58:00.0000009,51.76921229105335
2014-10-27 14:58:00.00000059,44.10493248507976
2014-10-27 14:58:00.000000111,9.302302351721096
2014-10-27 14:58:00.00000054,51.0704319498509
2014-10-27 14:58:00.00000024,8.860262993674269
2014-10-27 14:58:00.00000065,10.827958017951573
2014-10-27 14:58:00.00000087,12.917692956345832
2014-10-27 14:58:00.00000099,8.088027513456495
2014-10-27 14:58:00.000000144,8.147559447400226
2014-10-27 14:58:00.00000081,7.287645341738539
2014-10-27 14:58:00.00000056,9.953606945639308
2012-11-03 17:11:00.000000115,7.579448713924762
2012-11-03 17:11:00.00000079,8.31650929441264
2012-11-03 17:11:00.00000081,5.278849458646164
2012-11-03 17:11:00.00000085,14.411490908800943
2012-11-03 17:11:00.000000128,6.446399422946229
2012-11-03 17:11:00.000000160,10.138502004870588
2012-11-03 17:11:00.000000118,7.572238178721818
2012-11-03 17:11:00.00000076,11.578636414783546
2012-11-03 17:11:00.000000114,8.409360062116889
2012-11-03 17:11:00.00000091,8.044801214829363
2012-11-03 17:11:00.00000060,10.447022798517992
2012-11-03 17:11:00.000000155,10.344598543144684
2012-11-03 17:11:00.000000117,10.951819999175314
2012-11-03 17:11:00.000000105,6.096315763777284
2012-11-03 17:11:00.0000007,17.934484946091402
2012-11-03 17:11:00.00000055,8.352744571261042
2012-11-03 17:11:00.000000103,6.965329563478008
2012-11-03 17:11:00.00000053,9.23170743553976
2011-03-11 01:44:00.00000064,3.277229099468286
2011-03-11 01:44:00.00000016,5.144869039779451
2011-03-11 01:44:00.00000072,11.826715809557186
2011-03-11 01:44:00.00000057,5.5703320060205215
2011-03-11 01:44:00.00000040,11.047913762443386
2011-03-11 01:44:00.00000021,18.001999170908903
2011-03-11 01:44:00.00000046,9.449035847869936
2011-03-11 01:44:00.00000034,8.60830425893073
2011-03-11 01:44:00.00000083,63.2116673322289
2011-03-11 01:44:00.00000032,10.30615512089264
2011-03-11 01:44:00.00000075,8.846398095399422
2011-03-11 01:44:00.00000085,9.245220840562297
2011-03-11 01:44:00.00000044,6.075548354198531
2011-03-11 01:44:00.0000005,9.220479111686586
2011-03-11 01:44:00.00000074,17.56353733562014
2011-03-11 01:44:00.00000041,8.670735239964301
2011-03-11 01:44:00.00000042,9.39242758166688
2011-03-11 01:44:00.00000035,11.96921859229451
2011-03-11 01:44:00.00000052,5.025349599288688
2011-10-04 09:37:00.000000194,6.537194298455688
2011-10-04 09:37:00.000000183,7.2674934991900955
2011-10-04 09:37:00.000000157,27.171163949069864
2011-10-04 09:37:00.000000176,6.938876966993803
2011-10-04 09:37:00.000000170,9.255500546311168
2011-10-04 09:37:00.00000036,9.684761450404494
2011-10-04 09:37:00.00000017,5.861171114781314
2011-10-04 09:37:00.000000114,16.450278243133198
2011-10-04 09:37:00.000000184,11.93575758549639
2011-10-04 09:37:00.00000047,6.9169295400751025
2011-10-04 09:37:00.00000055,7.4365631177757905
2011-10-04 09:37:00.00000031,7.8985599533865525
2011-10-04 09:37:00.00000049,47.776799558237485
2011-10-04 09:37:00.0000005,6.768540000494227
2011-10-04 09:37:00.00000067,5.793388634303938
2011-10-04 09:37:00.000000134,11.050276890793157
2011-10-04 09:37:00.00000025,7.197791511199398
2011-10-04 09:37:00.000000185,6.416995448009743
2011-10-04 09:37:00.000000180,7.468173143081572
2011-10-04 09:37:00.00000088,4.574410329178136
2011-10-04 09:37:00.000000108,9.553783573274131
2011-10-04 09:37:00.000000107,10.06527799610285
2011-10-04 09:37:00.00000062,21.083388153672445
2011-10-04 09:37:00.00000045,5.945370671597516
2011-10-04 09:37:00.00000028,11.478895615814508
2011-10-04 09:37:00.00000057,7.135504524142107
2011-10-04 09:37:00.00000013,10.3088270684392
2011-10-04 09:37:00.00000056,13.067914887540269
2011-10-04 09:37:00.000000106,6.240939691869357
2011-10-04 09:37:00.000000136,8.150219544441825
2014-12-24 03:00:00.0000005,20.146845609501725
2014-12-24 03:00:00.00000017,21.08235650713175
2014-12-24 03:00:00.00000036,19.089825123960622
2014-12-24 03:00:00.00000033,8.005173883359134
2014-12-24 03:00:00.00000026,19.68417846742375
2014-12-24 03:00:00.00000031,19.53837660161662
2014-12-24 03:00:00.00000015,12.239930280497788
2015-02-12 05:37:56.0000001,6.87536876443653
2014-04-27 02:57:00.000000124,14.953382963474269
2014-04-27 02:57:00.00000017,18.895029000133604
2014-04-27 02:57:00.000000151,7.01687455429942
2014-04-27 02:57:00.000000168,6.212882312626448
2014-04-27 02:57:00.00000039,7.188964064873176
2014-04-27 02:57:00.00000097,13.340866386712946
2014-04-27 02:57:00.00000033,8.621261074011386
2014-04-27 02:57:00.000000129,9.057477051049773
2014-04-27 02:57:00.000000141,9.397868239565014
2014-04-27 02:57:00.00000074,14.40722544544667
2014-04-27 02:57:00.00000047,19.358290296352266
2014-04-27 02:57:00.00000076,11.978252925251923
2014-04-27 02:57:00.000000142,7.835182267444793
2014-04-27 02:57:00.000000143,17.610186360109196
2014-04-27 02:57:00.00000090,18.64738794466723
2014-04-27 02:57:00.000000106,19.75007947610152
2014-04-27 02:57:00.000000167,16.236329027106308
2014-04-27 02:57:00.000000145,11.777611887701028
2011-12-13 22:00:00.00000085,14.359205679401498
2011-12-13 22:00:00.000000264,8.94445650698583
2011-12-13 22:00:00.000000138,11.827718110119008
2011-12-13 22:00:00.000000135,7.653346957779263
2011-12-13 22:00:00.000000197,7.588260653475345
2011-12-13 22:00:00.000000143,12.914801506530353
2011-12-13 22:00:00.000000134,7.1136313231663735
2011-12-13 22:00:00.00000033,12.303765625900382
2011-12-13 22:00:00.00000058,8.415325458336042
2011-12-13 22:00:00.000000205,9.830197694990375
2011-12-13 22:00:00.000000173,13.654295700207854
2011-12-13 22:00:00.000000248,8.113353628469895
2011-12-13 22:00:00.00000074,8.770203920841368
2011-12-13 22:00:00.00000098,6.484748151453346
2011-12-13 22:00:00.00000095,12.440255489810056
2011-12-13 22:00:00.000000229,24.783702532019902
2011-12-13 22:00:00.000000186,14.153326089720736
2011-12-13 22:00:00.0000005,24.60834142905719
2011-12-13 22:00:00.000000246,17.01471540782245
2011-12-13 22:00:00.000000180,9.519682065963934
2011-12-13 22:00:00.00000044,6.013973579234403
2011-12-13 22:00:00.000000110,10.070510652775852
2011-12-13 22:00:00.000000231,7.43556910330517
2011-12-13 22:00:00.000000144,11.141880123401165
2011-12-13 22:00:00.00000070,39.72652860519861
2011-12-13 22:00:00.000000116,8.950388507389448
2011-12-13 22:00:00.000000156,7.047402712491362
2011-12-13 22:00:00.000000148,9.461908758537334
2011-12-13 22:00:00.00000072,9.963239701905763
2011-12-13 22:00:00.00000028,12.736274343529999
2011-12-13 22:00:00.00000066,11.478449564216362
2011-12-13 22:00:00.000000121,13.41350619145851
2011-12-13 22:00:00.00000094,47.917483690061886
2011-12-13 22:00:00.000000266,11.650783759789078
2015-04-11 14:16:12.0000004,11.41633480923872
2015-05-10 19:54:00.0000002,14.414913265155178
2014-07-21 18:19:00.00000054,10.381820842244679
2014-07-21 18:19:00.000000230,8.604663149158
2014-07-21 18:19:00.000000187,16.331205052535438
2014-07-21 18:19:00.000000100,10.34863932659323
2014-07-21 18:19:00.00000071,11.732184058275152
2014-07-21 18:19:00.000000172,10.216683829175167
2014-07-21 18:19:00.00000025,6.159239689055312
2014-07-21 18:19:00.000000191,12.278853159690811
2014-07-21 18:19:00.00000034,11.23964622922847
2014-07-21 18:19:00.000000176,7.720021028996257
2014-07-21 18:19:00.00000037,9.386003547163114
2014-07-21 18:19:00.000000160,7.833467962312625
2014-07-21 18:19:00.00000077,9.931340539154917
2014-07-21 18:19:00.00000013,11.690832686847102
2014-07-21 18:19:00.000000184,9.203588706222604
2014-07-21 18:19:00.000000232,7.919602293125763
2014-07-21 18:19:00.000000116,11.473427875298057
2014-07-21 18:19:00.00000048,9.985165432511849
2014-07-21 18:19:00.00000067,10.628066714112606
2014-07-21 18:19:00.00000099,8.59462020957767
2014-07-21 18:19:00.000000223,9.746773124233528
2014-07-21 18:19:00.000000162,13.913081823242464
2014-07-21 18:19:00.00000068,10.05279726472645
2014-07-21 18:19:00.000000144,10.210241436515275
2014-07-21 18:19:00.00000035,26.013726781796663
2014-07-21 18:19:00.00000029,9.708322446495913
2014-07-21 18:19:00.00000032,6.71031461724408
2014-07-21 18:19:00.00000082,7.898522781424276
2014-07-21 18:19:00.000000132,7.971993032427804
2014-07-21 18:19:00.000000152,9.415743952376829
2014-07-21 18:19:00.00000039,8.069694243552817
2014-07-21 18:19:00.000000241,6.940762400234121
2014-07-21 18:19:00.00000088,8.646357586716704
2010-09-20 16:48:00.000000159,31.01564183200753
2010-09-20 16:48:00.0000006,8.64715610249175
2010-09-20 16:48:00.000000166,7.370236398251677
2010-09-20 16:48:00.000000110,7.7238232093582155
2010-09-20 16:48:00.000000139,19.626365917382145
2010-09-20 16:48:00.00000015,9.279190952958174
2010-09-20 16:48:00.00000068,13.732686962966795
2010-09-20 16:48:00.000000158,45.149740780069465
2010-09-20 16:48:00.00000035,13.834234076780149
2010-09-20 16:48:00.000000148,5.398943865471438
2010-09-20 16:48:00.00000023,15.106963383958714
2010-09-20 16:48:00.00000027,9.822921788888152
2010-09-20 16:48:00.00000092,30.10098471735364
2010-09-20 16:48:00.000000151,25.022870979816275
2010-09-20 16:48:00.00000071,7.886667685441466
2010-09-20 16:48:00.000000132,7.278403552349687
2010-09-20 16:48:00.00000099,15.605421318563685
2010-09-20 16:48:00.0000001,6.093304477837023
2010-09-20 16:48:00.0000005,23.53349181420026
2011-03-06 21:01:00.00000037,5.345412601412022
2011-03-06 21:01:00.00000028,14.88799250135935
2011-03-06 21:01:00.00000025,6.832947387132776
2011-03-06 21:01:00.000000139,6.734864750387715
2011-03-06 21:01:00.00000083,12.449232541323681
2011-03-06 21:01:00.000000173,21.885007856449988
2011-03-06 21:01:00.00000051,20.86291995310546
2011-03-06 21:01:00.000000116,16.932618961822413
2011-03-06 21:01:00.00000057,6.196810825525176
2011-03-06 21:01:00.000000168,9.197649377344987
2011-03-06 21:01:00.000000138,16.838402868158823
2011-03-06 21:01:00.00000043,10.07664963121033
2011-03-06 21:01:00.000000127,5.236972304071514
2011-03-06 21:01:00.00000096,14.57866150209793
2011-03-06 21:01:00.00000074,4.533516148499416
2011-03-06 21:01:00.000000113,8.068446636918566
2011-03-06 21:01:00.000000120,26.05777115243677
2011-03-06 21:01:00.00000018,4.253698098811128
2011-03-06 21:01:00.00000071,6.805320836320789
2011-03-06 21:01:00.000000137,4.211099552815995
2011-03-06 21:01:00.00000011,20.71304772920314
2011-03-06 21:01:00.000000146,9.106055656417084
2011-03-06 21:01:00.000000149,5.745219285538269
2011-03-06 21:01:00.00000056,5.94107109085121
2011-03-06 21:01:00.00000052,12.440677869484603
2011-03-06 21:01:00.000000109,5.991654340952778
2012-01-26 07:33:00.000000167,8.015136626608296
2012-01-26 07:33:00.000000114,15.532194332705785
2012-01-26 07:33:00.00000031,10.322116050879458
2012-01-26 07:33:00.000000133,21.815044374858985
2012-01-26 07:33:00.000000180,6.079607953292111
2012-01-26 07:33:00.000000120,10.309983569118344
2012-01-26 07:33:00.000000168,8.836963472061257
2012-01-26 07:33:00.000000122,8.94589707535431
2012-01-26 07:33:00.000000166,10.956973490386304
2012-01-26 07:33:00.000000186,7.555165709455196
2012-01-26 07:33:00.00000068,8.662994489705852
2012-01-26 07:33:00.00000085,21.041334322431453
2012-01-26 07:33:00.000000103,5.207606317956447
2012-01-26 07:33:00.00000081,27.79736353749331
2012-01-26 07:33:00.00000099,11.8400199392172
2012-01-26 07:33:00.00000051,10.371769888226254
2012-01-26 07:33:00.000000160,5.853839508781334
2012-01-26 07:33:00.00000091,5.943064822206225
2012-01-26 07:33:00.00000089,9.108188364464695
2012-01-26 07:33:00.000000189,8.595230488854554
2010-12-09 07:29:00.0000003,7.419632167081886
2010-12-09 07:29:00.00000078,10.600906121900039
2010-12-09 07:29:00.000000127,7.236079312774336
2010-12-09 07:29:00.00000050,7.753443428790092
2010-12-09 07:29:00.000000135,5.469989497599954
2010-12-09 07:29:00.000000196,13.059502266819777
2010-12-09 07:29:00.000000183,8.591958721994047
2010-12-09 07:29:00.000000152,12.671277129816076
2010-12-09 07:29:00.00000098,20.776513821135495
2010-12-09 07:29:00.00000090,10.334259222641776
2010-12-09 07:29:00.00000025,12.974608513350631
2010-12-09 07:29:00.000000150,7.4379346497396455
2010-12-09 07:29:00.00000041,9.58462627836741
2010-12-09 07:29:00.000000143,9.085272044761382
2010-12-09 07:29:00.000000148,5.59308025955545
2010-12-09 07:29:00.000000151,6.607566482168636
2010-12-09 07:29:00.0000007,5.52847423233618
2010-12-09 07:29:00.00000069,9.48207846155833
2010-12-09 07:29:00.00000036,6.016496294380204
2010-12-09 07:29:00.00000046,16.51499085968328
2010-12-09 07:29:00.000000195,7.475337520698645
2010-12-09 07:29:00.000000115,16.814182006472493
2010-12-09 07:29:00.000000134,6.385272084972144
2010-12-09 07:29:00.00000067,9.01544189820936
2010-12-09 07:29:00.000000112,6.723928124826784
2010-12-09 07:29:00.00000015,8.74060034653769
2010-12-09 07:29:00.00000031,8.148452433092075
2010-12-09 07:29:00.000000193,7.699128587380869
2010-12-09 07:29:00.00000012,9.168097995881112
2010-12-09 07:29:00.0000005,47.6983951626795
2010-12-09 07:29:00.00000038,12.601411568427807
2010-12-09 07:29:00.00000097,5.903054488351927
2010-12-09 07:29:00.000000102,6.6371626399505885
2010-12-09 07:29:00.00000089,8.452281731584549
2010-12-09 07:29:00.00000068,6.744688183705307
2010-12-09 07:29:00.00000071,10.608917669478387
2010-12-09 07:29:00.000000186,6.601032799862878
2012-05-08 03:50:00.0000009,18.59599498961984
2012-05-08 03:50:00.0000001,7.9848386394777435
2012-05-08 03:50:00.00000012,13.405735976431174
2012-05-08 03:50:00.0000006,16.94820793840006
2015-03-12 19:43:24.0000005,8.681479163379436
2015-02-01 00:48:44.0000001,27.017405824784305
2015-02-21 18:39:16.0000005,8.635712801701288
2011-01-24 20:47:04.0000001,10.696171266224042
2010-12-25 13:54:12.0000001,16.431842526015316
2015-04-07 14:31:12.0000001,9.153634439037546
2012-11-20 21:54:00.00000086,17.201292114113585
2012-11-20 21:54:00.000000150,9.353575181855376
2012-11-20 21:54:00.000000184,8.276964091178456
2012-11-20 21:54:00.00000080,20.762702138259556
2012-11-20 21:54:00.00000021,8.186009862314563
2012-11-20 21:54:00.00000019,8.802055789620113
2012-11-20 21:54:00.00000087,6.3659987923659855
2012-11-20 21:54:00.00000077,13.37254201271628
2012-11-20 21:54:00.000000216,9.64164451699321
2012-11-20 21:54:00.00000010,7.596186988472141
2012-11-20 21:54:00.000000104,9.244996811802935
2012-11-20 21:54:00.00000048,7.91020873558341
2012-11-20 21:54:00.000000221,19.348280621601248
2012-11-20 21:54:00.00000030,10.681276388612787
2012-11-20 21:54:00.00000085,7.123438271518694
2012-11-20 21:54:00.000000133,7.710232122787488
2012-11-20 21:54:00.000000144,9.40604250704041
2012-11-20 21:54:00.00000047,7.1805624127748615
2012-11-20 21:54:00.000000229,6.691165624792006
2012-11-20 21:54:00.00000015,7.57009251647014
2012-11-20 21:54:00.000000101,8.651272375025314
2012-11-20 21:54:00.000000238,9.095846829796528
2012-11-20 21:54:00.00000097,19.02823259126137
2012-11-20 21:54:00.00000049,7.951650932663824
2012-11-20 21:54:00.000000209,16.10050047337552
2012-11-20 21:54:00.00000012,10.08447970343866
2012-11-20 21:54:00.000000132,11.373251560677886
2012-11-20 21:54:00.000000197,7.255746689178636
2012-11-20 21:54:00.000000211,14.36185053083625
2012-11-20 21:54:00.00000083,8.752327352817701
2012-11-20 21:54:00.000000127,9.123486506094537
2012-11-20 21:54:00.000000223,36.059202547135556
2012-11-20 21:54:00.000000130,12.80842947228382
2012-11-20 21:54:00.000000149,10.194969651600445
2012-11-20 21:54:00.000000196,11.310836813387482
2012-11-20 21:54:00.00000056,7.09971490252542
2012-11-20 21:54:00.00000026,11.542065551198903
2012-11-20 21:54:00.00000055,9.786410772565091
2012-11-20 21:54:00.000000135,26.860112091287874
2014-06-23 00:16:00.00000023,13.420762949883624
2014-06-23 00:16:00.00000014,9.683690281609415
2014-06-23 00:16:00.00000080,9.456245706930758
2014-06-23 00:16:00.0000003,12.427065839214265
2014-06-23 00:16:00.00000029,14.033392376440588
2014-06-23 00:16:00.00000055,35.71061744615815
2014-06-23 00:16:00.00000050,17.338346063953395
2014-06-23 00:16:00.0000002,17.033784566915074
2014-06-23 00:16:00.00000072,8.432710311376809
2014-06-23 00:16:00.00000020,11.68977831589234
2013-09-25 22:00:00.00000052,12.644131058256107
2013-09-25 22:00:00.000000129,7.913600509715025
2013-09-25 22:00:00.000000226,44.884319570382104
2013-09-25 22:00:00.00000029,12.204297997472281
2013-09-25 22:00:00.000000141,7.896202351423312
2013-09-25 22:00:00.000000206,15.0649298166569
2013-09-25 22:00:00.00000051,8.750856051529695
2013-09-25 22:00:00.000000238,9.548410932561296
2013-09-25 22:00:00.000000251,12.451312127835877
2013-09-25 22:00:00.00000031,8.437130440962505
2013-09-25 22:00:00.000000124,10.073702039500517
2013-09-25 22:00:00.000000102,9.703869910666072
2013-09-25 22:00:00.000000198,24.543339490587528
2013-09-25 22:00:00.000000208,7.100810942414796
2013-09-25 22:00:00.00000087,16.37423013504622
2013-09-25 22:00:00.000000116,7.011994941858575
2013-09-25 22:00:00.00000034,12.376434872127788
2013-09-25 22:00:00.000000104,11.582681673063007
2013-09-25 22:00:00.00000088,8.464814948024582
2013-09-25 22:00:00.000000218,21.765909142499822
2013-09-25 22:00:00.00000065,15.227955240703182
2013-09-25 22:00:00.000000115,12.42402599177558
2013-09-25 22:00:00.00000042,11.489563826030121
2013-09-25 22:00:00.000000234,8.160692969733645
2013-09-25 22:00:00.000000247,7.536259853171259
2013-09-25 22:00:00.000000147,13.9697363442815
2013-09-25 22:00:00.000000248,9.989603407873688
2013-09-25 22:00:00.000000162,16.432293497784713
2013-09-25 22:00:00.000000130,12.202420792686098
2013-09-25 22:00:00.000000174,7.336714428633513
2015-03-04 21:42:57.0000006,8.71673480403365
2015-04-25 01:06:17.0000005,16.36959731166769
2015-02-19 11:39:21.0000001,21.21603172605819
2015-01-29 13:15:50.0000001,8.2308289939333
2015-05-07 15:33:26.0000005,7.982078294424809
2015-02-09 07:16:26.0000005,15.5146456195464
2015-04-16 18:45:22.0000004,15.827335713761158
2015-05-31 20:48:54.0000006,42.150171419782396
2015-05-31 20:48:54.0000003,8.77475289768006
2015-06-18 20:56:55.0000001,21.19130123100831
2015-02-14 13:15:19.0000005,9.226037990962595
2015-05-10 12:37:51.0000007,8.89820775853434
2015-05-10 12:37:51.0000005,11.744005607909003
2015-05-20 00:59:15.0000002,13.724881086448818
2015-05-29 18:59:35.0000003,10.59933310665383
2015-02-25 18:00:51.0000008,8.66699991187079
2015-02-08 08:44:03.0000002,10.224253267429049
2015-05-12 08:31:07.0000003,9.186626674566241
2015-03-16 21:12:19.0000007,9.853144804445265
2014-06-14 13:39:00.000000117,7.248560477230626
2014-06-14 13:39:00.000000187,8.787575180616273
2014-06-14 13:39:00.00000099,8.915287881206496
2014-06-14 13:39:00.000000112,19.972969471172746
2014-06-14 13:39:00.00000039,11.555203347369797
2014-06-14 13:39:00.00000078,47.68505988183142
2014-06-14 13:39:00.00000084,9.164189781950313
2014-06-14 13:39:00.000000166,7.820864126458559
2014-06-14 13:39:00.00000089,6.462710236433054
2014-06-14 13:39:00.00000047,9.297916172350142
2014-06-14 13:39:00.0000001,15.573579644499887
2015-01-31 20:54:04.0000002,12.025222429012615
2011-10-02 23:36:00.0000002,8.992375552691442
2011-10-02 23:36:00.00000051,11.000529550978627
2011-06-24 12:03:00.000000182,6.9495672466601945
2011-06-24 12:03:00.000000103,7.046861987045986
2011-06-24 12:03:00.0000003,7.309824909801591
2011-06-01 07:37:00.00000050,7.918237442785085
2010-08-27 18:45:00.000000216,5.055078025942862
2010-08-14 02:13:00.000000135,13.103263608192833
2014-03-25 23:47:00.00000022,8.004681684143861
2014-03-25 23:47:00.000000128,20.062755748433347
2014-03-25 23:47:00.000000105,8.368141063418648
2014-03-25 23:47:00.00000091,7.887229186147579
2014-03-25 23:47:00.00000054,10.290121850005335
2014-03-25 23:47:00.000000129,9.568602553728056
2014-03-25 23:47:00.00000063,26.62130625257737
2014-03-25 23:47:00.00000060,8.640486043239775
2014-03-25 23:47:00.00000075,19.606641741171416
2010-09-29 16:43:00.00000083,6.746816756972976
2014-10-27 14:58:00.000000145,26.907104673065987
2014-10-27 14:58:00.0000007,11.888511835726149
2014-10-27 14:58:00.00000031,10.55094118734985
2014-10-27 14:58:00.000000128,20.763343166228424
2014-10-27 14:58:00.00000097,6.936333810289739
2014-10-27 14:58:00.00000078,27.039699813478023
2014-10-27 14:58:00.000000135,9.142521567587096
2012-11-03 17:11:00.00000044,7.588154437139224
2012-11-03 17:11:00.00000050,10.21713398437555
2012-11-03 17:11:00.00000024,8.317679784388929
2012-11-03 17:11:00.00000072,10.95290449371737
2012-11-03 17:11:00.000000159,9.215468694354968
2012-11-03 17:11:00.000000126,6.747635283359159
2012-11-03 17:11:00.00000090,10.15157503715136
2011-03-11 01:44:00.00000062,34.90208187051303
2015-02-22 09:48:32.0000004,19.328441161893124
2011-10-04 09:37:00.000000102,9.874183420719646
2011-10-04 09:37:00.00000023,8.225275206260449
2014-12-24 03:00:00.0000003,8.644558257767017
2014-12-24 03:00:00.00000014,8.789462756613716
2014-12-24 03:00:00.0000002,14.338864771383442
2014-12-24 03:00:00.00000027,21.323089066171747
2015-04-11 20:31:32.0000004,9.784518005271934
2014-04-27 02:57:00.000000123,9.033910331643938
2014-04-27 02:57:00.00000078,6.661200213307211
2014-04-27 02:57:00.00000075,11.095880094402673
2014-04-27 02:57:00.000000178,7.9075042795220725
2014-04-27 02:57:00.0000004,10.748284728114413
2014-04-27 02:57:00.000000166,12.781568217695394
2014-04-27 02:57:00.00000091,14.501610978301187
2014-04-27 02:57:00.000000173,9.343206599656583
2014-04-27 02:57:00.00000066,20.961216756169165
2014-04-27 02:57:00.000000183,6.817473131828024
2014-04-27 02:57:00.000000179,11.1318714460524
2014-04-27 02:57:00.000000144,8.887270697307144
2014-04-27 02:57:00.00000025,18.297783727442834
2014-04-27 02:57:00.00000052,7.91680254065227
2014-04-27 02:57:00.00000094,7.648880295622348
2014-04-27 02:57:00.000000189,20.09642689286477
2011-12-13 22:00:00.00000040,11.424159213807911
2011-12-13 22:00:00.000000228,8.586806991841058
2011-12-13 22:00:00.000000130,25.48137392892204
2011-12-13 22:00:00.000000141,8.084659266079143
2011-12-13 22:00:00.000000149,8.173770709437235
2011-12-13 22:00:00.000000224,7.333957983549226
2011-12-13 22:00:00.000000154,8.302547036353872
2011-12-13 22:00:00.000000131,8.977518468508492
2011-12-13 22:00:00.0000002,8.915444030528306
2011-12-13 22:00:00.000000221,10.846226171714989
2011-12-13 22:00:00.00000056,8.114997794093938
2011-12-13 22:00:00.000000195,8.028467085845364
2011-12-13 22:00:00.000000191,7.820344410373195
2011-12-13 22:00:00.00000059,6.811318899092271
2015-02-26 15:55:48.0000001,15.616851854620563
2014-07-21 18:19:00.000000197,9.106090773473284
2014-07-21 18:19:00.000000153,7.0605944832000205
2014-07-21 18:19:00.000000159,8.63696717106825
2014-07-21 18:19:00.000000212,35.91580829864586
2014-07-21 18:19:00.00000091,8.674239828762211
2014-07-21 18:19:00.0000002,7.917401509240904
2014-07-21 18:19:00.000000142,6.005329391072451
2014-07-21 18:19:00.000000141,13.847031678549342
2014-07-21 18:19:00.000000149,9.047352810291613
2014-07-21 18:19:00.00000065,5.932217151782311
2014-07-21 18:19:00.00000033,9.41126611277798
2010-09-20 16:48:00.000000146,8.502833286530631
2010-09-20 16:48:00.00000047,13.969647108024105
2010-09-20 16:48:00.000000129,9.203982933695215
2015-01-26 07:13:44.0000005,47.16604106817465
2011-03-06 21:01:00.00000033,7.556169499682824
2012-01-26 07:33:00.00000090,6.719422076811043
2012-01-26 07:33:00.00000087,10.756827665081346
2012-01-26 07:33:00.00000012,10.312971585602213
2012-01-26 07:33:00.000000171,8.344336363087677
2012-01-26 07:33:00.00000065,43.08701067566449
2012-01-26 07:33:00.00000088,9.30695452258567
2012-01-26 07:33:00.000000119,20.50879466703236
2015-03-20 23:34:40.0000004,21.76304930108597
2010-12-09 07:29:00.0000001,8.596438214062914
2012-05-08 03:50:00.00000013,8.018890656664325
2015-03-12 19:43:24.0000003,21.11620011306104
2012-11-20 21:54:00.00000034,10.361879957722863
2012-11-20 21:54:00.000000170,8.915880651523366
2012-11-20 21:54:00.000000108,10.71479733870035
2012-11-20 21:54:00.00000031,11.8236755946524
2012-11-20 21:54:00.000000171,13.676636472357472
2012-11-20 21:54:00.00000023,9.381410302153313
2012-11-20 21:54:00.00000074,8.153086981056049
2012-11-20 21:54:00.000000122,11.850101958243954
2012-11-20 21:54:00.0000006,7.82047465631274
2012-11-20 21:54:00.000000160,11.117820184747757
2012-11-20 21:54:00.00000042,31.127159923000136
2012-11-20 21:54:00.00000039,11.08952419935838
2012-11-20 21:54:00.00000043,10.739581158537248
2012-11-20 21:54:00.000000219,7.551196253184457
2012-11-20 21:54:00.00000020,7.583415499446346
2012-11-20 21:54:00.000000222,7.159946662598486
2012-11-20 21:54:00.0000005,9.016967800148677
2012-11-20 21:54:00.000000154,9.103293951888304
2014-06-23 00:16:00.00000060,19.04840436888776
2014-06-23 00:16:00.0000008,10.102249477190185
2014-06-23 00:16:00.00000035,27.80000205922238
2014-06-23 00:16:00.00000052,10.822869245473271
2014-06-23 00:16:00.00000053,9.89625599241947
2013-09-25 22:00:00.00000056,25.890046073318217
2013-09-25 22:00:00.00000083,8.1959744042299
2013-09-25 22:00:00.000000128,8.191608387090582
2013-09-25 22:00:00.00000037,14.39473500707652
2013-09-25 22:00:00.00000013,8.110032073625462
2013-09-25 22:00:00.000000168,9.37760665634039
2013-09-25 22:00:00.000000181,7.9635225105143945
2013-09-25 22:00:00.00000016,12.491401228713812
2013-09-25 22:00:00.00000063,15.781543146370609
2013-09-25 22:00:00.00000047,8.915098029855471
2013-09-25 22:00:00.000000220,16.0074044187877
2013-09-25 22:00:00.000000163,10.672309204908402
2013-09-25 22:00:00.00000077,13.88224368273768
2013-09-25 22:00:00.00000060,43.7471386383005
2013-09-25 22:00:00.000000213,14.62566714662455
2013-09-25 22:00:00.000000150,21.296199742690646
2013-09-25 22:00:00.00000010,9.122438787502801
2013-09-25 22:00:00.000000146,5.650810214351736
2013-09-25 22:00:00.00000041,12.850440951423138
2013-09-25 22:00:00.000000109,11.192770838455544
2013-09-25 22:00:00.000000210,17.729197205291143
2013-09-25 22:00:00.000000151,11.086751061158907
2013-09-25 22:00:00.000000190,17.503173634576115
2013-09-25 22:00:00.000000153,11.82180494259103
2013-09-25 22:00:00.000000241,27.162539031247547
2013-09-25 22:00:00.000000127,10.283299227513567
2015-02-20 11:08:29.0000001,14.534623616731665
2015-01-12 15:36:37.0000002,7.302506909315525
2015-06-07 00:38:14.0000002,17.254756758453368
2015-04-12 21:56:22.0000005,9.983808236407299
2015-04-10 11:56:54.0000004,8.678753724623675
2015-06-25 01:01:46.0000002,18.867701708432378
2015-05-29 10:02:42.0000001,11.092824503631846
2015-06-30 20:03:50.0000002,45.00787640644569
2015-02-27 19:36:02.0000006,26.79514067764933
2015-06-15 01:00:06.0000002,7.38323006680946
2015-02-03 09:00:58.0000001,26.066308301623053
2015-05-19 13:58:11.0000001,9.808542394792084
2015-05-10 12:37:51.0000002,9.02271218847352
2015-01-12 17:05:51.0000001,11.21457808307889
2015-04-19 20:44:15.0000001,47.90458454847385
2015-01-31 01:05:19.0000005,22.59075033685292
2015-01-18 14:06:23.0000006,8.980278545504234
