Id,Sales
1,4145.1220703125
2,8568.751953125
3,9249.990234375
4,8146.85693359375
5,7427.55859375
6,5435.9453125
7,7660.52197265625
8,8078.60498046875
9,5148.31298828125
10,5895.40087890625
11,7523.1220703125
12,8172.26708984375
13,7520.21484375
14,9616.36328125
15,5859.583984375
16,4999.7724609375
17,6372.2978515625
18,9764.9658203125
19,11240.20703125
20,9112.515625
21,8421.1572265625
22,5372.57275390625
23,6499.0927734375
24,4665.71630859375
25,7774.28466796875
26,9960.5380859375
27,9144.6025390625
28,5950.0537109375
29,5825.33935546875
30,4166.99169921875
31,5303.9345703125
32,10798.5068359375
33,6595.58740234375
34,5352.26513671875
35,5582.064453125
36,7432.69482421875
37,3735.0078125
38,7684.888671875
39,4567.69580078125
40,7511.255859375
41,6826.1640625
42,6028.92578125
43,7577.96923828125
44,6806.310546875
45,5881.4326171875
46,6955.13525390625
47,7414.7744140625
48,11949.4287109375
49,6161.8876953125
50,8678.3603515625
51,7512.02734375
52,9530.953125
53,6971.734375
54,9658.4345703125
55,4818.33740234375
56,5054.9912109375
57,6123.12158203125
58,6364.44189453125
59,9466.78125
60,7620.88916015625
61,6104.37109375
62,7932.56689453125
63,7280.32568359375
64,10358.60546875
65,4067.010009765625
66,14522.693359375
67,4786.00830078125
68,6406.58544921875
69,8543.2880859375
70,5120.89990234375
71,6403.2158203125
72,6129.853515625
73,8244.1240234375
74,7273.10107421875
75,5750.57763671875
76,7891.25537109375
77,7814.4072265625
78,7312.16162109375
79,4823.94775390625
80,7262.05859375
81,12057.25390625
82,6731.8720703125
83,4933.951171875
84,7248.87060546875
85,5732.48193359375
86,5591.623046875
87,7334.9443359375
88,4182.44775390625
89,8767.6259765625
90,6269.62451171875
91,6793.541015625
92,7009.8642578125
93,4144.81689453125
94,5543.755859375
95,5627.4912109375
96,8806.68359375
97,8353.8916015625
98,4885.80126953125
99,4560.50537109375
100,6813.423828125
101,6149.82275390625
102,5771.29638671875
103,6346.77587890625
104,7042.64453125
105,7864.40966796875
106,5464.13720703125
107,4505.087890625
108,7030.572265625
109,9118.603515625
110,8119.78955078125
111,8418.62890625
112,8107.06494140625
113,6128.998046875
114,9219.5595703125
115,5849.0068359375
116,6816.4375
117,9947.521484375
118,6535.55029296875
119,10371.103515625
120,8071.58251953125
121,8002.00439453125
122,6612.67236328125
123,7456.09814453125
124,7914.05517578125
125,6658.89794921875
126,3777.83251953125
127,6360.6513671875
128,8247.6611328125
129,6456.326171875
130,4433.40478515625
131,8490.8623046875
132,6580.96630859375
133,5831.904296875
134,6614.4189453125
135,5745.25244140625
136,7595.66259765625
137,7241.1572265625
138,7381.77294921875
139,5894.40234375
140,5250.49169921875
141,6967.326171875
142,5246.9072265625
143,6377.3232421875
144,5652.48828125
145,8814.71875
146,7367.24365234375
147,6364.09423828125
148,11410.8984375
149,5340.3623046875
150,5384.7333984375
151,10222.6708984375
152,7090.052734375
153,8416.2509765625
154,6882.05712890625
155,6431.0634765625
156,6853.9150390625
157,5631.79638671875
158,8736.587890625
159,11588.4560546875
160,6777.7646484375
161,3202.3125
162,4686.64208984375
163,8313.3935546875
164,8049.37158203125
165,6166.25927734375
166,6791.78466796875
167,5246.1171875
168,5372.8427734375
169,4033.020751953125
170,6367.509765625
171,6444.2685546875
172,7683.7490234375
173,7278.40966796875
174,7970.3798828125
175,8350.9228515625
176,11159.0244140625
177,7997.853515625
178,5636.61865234375
179,9616.8642578125
180,10784.9970703125
181,6057.966796875
182,7358.48095703125
183,6002.4326171875
184,7025.27685546875
185,4592.32470703125
186,7419.7587890625
187,5559.5361328125
188,9568.66796875
189,7620.0048828125
190,8850.041015625
191,8585.25
192,6277.8935546875
193,8842.83203125
194,18683.556640625
195,10360.8720703125
196,6128.2802734375
197,2720.0146484375
198,6138.24462890625
199,8023.6259765625
200,6059.56103515625
201,13074.705078125
202,16536.72265625
203,3936.522216796875
204,5424.89111328125
205,9129.8125
206,5382.4462890625
207,8819.26171875
208,6901.6943359375
209,7936.77685546875
210,5060.9619140625
211,5902.1962890625
212,6098.72998046875
213,7618.31201171875
214,10517.33203125
215,6947.64990234375
216,6464.30810546875
217,7715.728515625
218,5319.775390625
219,5211.990234375
220,7611.3642578125
221,6274.466796875
222,5486.11962890625
223,7226.4140625
224,6252.00048828125
225,6374.17919921875
226,7151.97265625
227,7509.341796875
228,8549.6279296875
229,7375.04931640625
230,8519.3720703125
231,5911.86572265625
232,4014.437255859375
233,5946.400390625
234,5838.23974609375
235,5921.302734375
236,4512.59521484375
237,9096.6455078125
238,7993.146484375
239,9127.89453125
240,7486.66650390625
241,7209.5556640625
242,4953.47705078125
243,4849.69189453125
244,10322.1298828125
245,4843.09033203125
246,7465.03173828125
247,16148.0205078125
248,7616.23388671875
249,7681.34765625
250,5990.75927734375
251,5003.45849609375
252,7205.40478515625
253,4042.813232421875
254,6110.796875
255,11085.1669921875
256,5337.8515625
257,16099.896484375
258,13934.9052734375
259,4858.93701171875
260,8136.318359375
261,5803.7958984375
262,7179.8271484375
263,6671.91162109375
264,12859.6845703125
265,7486.4658203125
266,10225.11328125
267,4981.6650390625
268,7687.83154296875
269,5838.48291015625
270,9093.935546875
271,7349.8046875
272,6165.83740234375
273,6733.77099609375
274,6206.87841796875
275,8503.5595703125
276,9816.0732421875
277,6201.84912109375
278,10106.6669921875
279,7027.11328125
280,10858.970703125
281,5370.4150390625
282,5147.37939453125
283,6334.66162109375
284,9149.7197265625
285,6542.45654296875
286,8397.029296875
287,6681.798828125
288,8489.2412109375
289,4437.64306640625
290,7672.568359375
291,7584.3154296875
292,4242.77490234375
293,11611.7451171875
294,18368.361328125
295,6958.5322265625
296,7026.0419921875
297,9296.7099609375
298,10815.3076171875
299,11627.41796875
300,5961.20556640625
301,7731.3046875
302,5900.771484375
303,8795.783203125
304,4995.4775390625
305,6410.18701171875
306,5328.41845703125
307,5852.6806640625
308,7219.69091796875
309,6032.54052734375
310,4716.837890625
311,7092.6962890625
312,4393.50048828125
313,5002.763671875
314,6619.98779296875
315,5778.3603515625
316,9860.34375
317,8896.201171875
318,8553.0263671875
319,6329.140625
320,6676.74267578125
321,11480.171875
322,7281.138671875
323,5507.52294921875
324,5506.39697265625
325,8577.6376953125
326,4592.9873046875
327,7106.05615234375
328,3932.22265625
329,5282.13671875
330,9555.1318359375
331,6111.6708984375
332,4948.16748046875
333,9160.0419921875
334,10212.05859375
335,12640.3671875
336,6669.447265625
337,9453.2626953125
338,3025.42724609375
339,5297.322265625
340,6901.98779296875
341,4639.978515625
342,8189.498046875
343,5168.87060546875
344,7417.89697265625
345,8799.64453125
346,11906.74609375
347,10519.564453125
348,5270.8134765625
349,6037.951171875
350,8125.8662109375
351,6943.443359375
352,6428.15478515625
353,5658.77490234375
354,7276.2900390625
355,10106.52734375
356,5319.1806640625
357,6716.22119140625
358,8773.9169921875
359,8251.12109375
360,12950.2138671875
361,6794.19091796875
362,15152.189453125
363,6940.654296875
364,5572.83837890625
365,3917.114013671875
366,6249.5302734375
367,5871.673828125
368,5945.98486328125
369,7540.6416015625
370,5272.5849609375
371,5561.35986328125
372,7289.3056640625
373,3613.995849609375
374,6652.7490234375
375,7213.05517578125
376,8169.98681640625
377,9225.5859375
378,6040.55078125
379,9181.5859375
380,5831.37060546875
381,5522.15869140625
382,5980.65673828125
383,5092.5185546875
384,10936.70703125
385,6738.71337890625
386,5179.232421875
387,6882.740234375
388,10279.798828125
389,7631.55224609375
390,6704.6923828125
391,8798.0322265625
392,5850.416015625
393,6008.77197265625
394,5904.5673828125
395,8897.7119140625
396,6739.66943359375
397,6847.53369140625
398,6144.7841796875
399,5425.03759765625
400,3987.89697265625
401,6227.93408203125
402,8467.892578125
403,8975.9814453125
404,10841.708984375
405,12982.0830078125
406,8906.3212890625
407,6103.3017578125
408,5433.2314453125
409,11111.232421875
410,11706.5478515625
411,7971.04248046875
412,8790.3232421875
413,7985.037109375
414,6139.7236328125
415,4082.118896484375
416,8810.001953125
417,7318.2939453125
418,6241.66552734375
419,6273.3828125
420,3279.5791015625
421,12243.52734375
422,5863.2490234375
423,6107.25341796875
424,4876.8857421875
425,6033.4677734375
426,7114.8369140625
427,8800.240234375
428,7186.6826171875
429,5206.22021484375
430,4607.6953125
431,4635.29833984375
432,3999.41455078125
433,7301.8779296875
434,17703.166015625
435,4515.158203125
436,5930.66162109375
437,6957.998046875
438,5448.060546875
439,4941.6025390625
440,5142.73486328125
441,4543.23681640625
442,7251.25537109375
443,7702.83740234375
444,4105.94287109375
445,9442.4921875
446,5348.330078125
447,5480.537109375
448,8875.8251953125
449,7881.3642578125
450,8477.0244140625
451,6202.5634765625
452,6962.39306640625
453,5171.0361328125
454,5704.20068359375
455,14510.63671875
456,11205.9423828125
457,7004.21630859375
458,5267.30810546875
459,5833.19580078125
460,5959.05908203125
461,5177.81982421875
462,11246.8076171875
463,5778.6982421875
464,5909.1591796875
465,7923.2734375
466,4622.703125
467,6474.5732421875
468,7358.96484375
469,7218.4921875
470,7995.34521484375
471,4894.80615234375
472,5772.2275390625
473,6599.89208984375
474,9165.9453125
475,8149.90283203125
476,7368.732421875
477,4552.9990234375
478,7819.90478515625
479,6429.21044921875
480,4962.13720703125
481,7155.47021484375
482,7671.0302734375
483,6707.56005859375
484,7007.07421875
485,6455.19873046875
486,6526.7861328125
487,5963.265625
488,6929.2724609375
489,6725.6943359375
490,7396.82470703125
491,10417.6826171875
492,6090.51806640625
493,4719.0048828125
494,12037.3193359375
495,5734.7978515625
496,4623.24169921875
497,7038.642578125
498,8836.0478515625
499,10730.287109375
500,5400.322265625
501,6161.56396484375
502,5590.1328125
503,7412.19384765625
504,5957.517578125
505,7948.44287109375
506,3092.274169921875
507,5582.61474609375
508,6698.5947265625
509,5977.125
510,5393.29052734375
511,7683.9208984375
512,8760.1279296875
513,6091.77978515625
514,8172.76513671875
515,7316.29736328125
516,9483.9716796875
517,4997.7958984375
518,6297.53662109375
519,6673.39794921875
520,8773.3447265625
521,7920.3388671875
522,5402.68701171875
523,9083.35546875
524,6920.875
525,8088.44482421875
526,3978.260009765625
527,4267.08642578125
528,8950.8544921875
529,6034.88232421875
530,9442.265625
531,7235.89990234375
532,5657.60498046875
533,9067.666015625
534,6751.27294921875
535,7128.20166015625
536,7847.28271484375
537,6373.30859375
538,9640.9677734375
539,11252.7041015625
540,7969.3818359375
541,4807.69775390625
542,6158.685546875
543,4203.046875
544,0.0
545,8483.1328125
546,4857.6904296875
547,8159.05126953125
548,4908.025390625
549,5978.27734375
550,5587.0029296875
551,9196.19921875
552,5343.5830078125
553,5352.15283203125
554,6045.10498046875
555,7918.87890625
556,5488.40283203125
557,7658.275390625
558,7714.2138671875
559,8782.2490234375
560,8060.7177734375
561,7394.52880859375
562,6227.40576171875
563,4643.71728515625
564,5195.29052734375
565,11074.470703125
566,9099.4140625
567,7162.12060546875
568,15042.5654296875
569,6017.744140625
570,4894.57470703125
571,7028.43115234375
572,8627.4345703125
573,9840.935546875
574,7396.662109375
575,8535.904296875
576,8576.0146484375
577,7437.1357421875
578,6913.23193359375
579,6164.30078125
580,5713.21142578125
581,5440.7919921875
582,4214.9296875
583,5317.86865234375
584,8284.0283203125
585,16996.220703125
586,7424.23388671875
587,5496.9384765625
588,8087.771484375
589,5596.2001953125
590,7176.365234375
591,4483.1015625
592,10720.0244140625
593,7149.78271484375
594,6594.5546875
595,13518.572265625
596,10898.9833984375
597,6025.39208984375
598,6863.02587890625
599,4557.3388671875
600,5475.3173828125
601,5805.11328125
602,8103.07177734375
603,4478.23388671875
604,5519.73486328125
605,5704.0126953125
606,5204.927734375
607,6378.1474609375
608,7278.22900390625
609,3969.93212890625
610,6911.7822265625
611,8330.5849609375
612,7843.36669921875
613,5326.52294921875
614,4203.96923828125
615,8759.8154296875
616,4247.98876953125
617,9579.2880859375
618,5345.27587890625
619,5353.0224609375
620,7161.71630859375
621,5323.23876953125
622,4499.8408203125
623,6002.4697265625
624,6998.18701171875
625,9500.3046875
626,9987.90625
627,5878.77587890625
628,4575.3271484375
629,5861.98291015625
630,5761.96484375
631,4876.69189453125
632,6459.1376953125
633,7552.92919921875
634,11547.1787109375
635,8177.92529296875
636,5481.8662109375
637,7763.73291015625
638,5163.62158203125
639,9224.837890625
640,6228.55859375
641,13145.916015625
642,6298.0048828125
643,5662.92041015625
644,5270.466796875
645,4616.35302734375
646,6742.5537109375
647,18596.39453125
648,4135.4453125
649,4790.638671875
650,10957.6181640625
651,5981.67138671875
652,7254.314453125
653,8450.9345703125
654,6338.30615234375
655,5756.6591796875
656,4636.1630859375
657,9956.158203125
658,6207.30126953125
659,6843.1826171875
660,7481.65576171875
661,5061.2861328125
662,7210.80078125
663,6312.35546875
664,4060.091552734375
665,8734.376953125
666,8762.34765625
667,4347.529296875
668,8135.521484375
669,7106.96630859375
670,5175.06298828125
671,8654.08203125
672,6817.20849609375
673,7733.9365234375
674,4627.5244140625
675,5205.2841796875
676,6626.31689453125
677,0.0
678,8602.5546875
679,5145.25732421875
680,6457.4111328125
681,4738.20703125
682,6382.255859375
683,6514.9501953125
684,7103.4599609375
685,7778.82177734375
686,8198.7216796875
687,6190.6982421875
688,6935.63427734375
689,6043.8798828125
690,8484.7841796875
691,10392.74609375
692,8227.8759765625
693,3893.599853515625
694,5797.71337890625
695,7341.19189453125
696,4460.30615234375
697,11689.3134765625
698,5505.849609375
699,8531.7080078125
700,11027.4951171875
701,7159.142578125
702,4872.2587890625
703,15442.7529296875
704,10186.55859375
705,5575.3896484375
706,8874.8388671875
707,9038.279296875
708,5865.5107421875
709,5955.56298828125
710,6796.3056640625
711,5615.0361328125
712,7036.966796875
713,7287.49072265625
714,4707.1845703125
715,6967.49169921875
716,7194.205078125
717,6608.90576171875
718,8273.546875
719,6584.341796875
720,6436.50244140625
721,4508.54833984375
722,7936.60498046875
723,6875.16015625
724,6332.91162109375
725,7224.74853515625
726,7288.087890625
727,9373.3369140625
728,6114.7802734375
729,5572.84521484375
730,6811.9306640625
731,7417.73388671875
732,6301.04052734375
733,5530.7724609375
734,4679.69775390625
735,7039.85302734375
736,7976.5322265625
737,5592.48974609375
738,8082.6416015625
739,6054.67529296875
740,6312.423828125
741,5085.58056640625
742,3509.347412109375
743,7866.0361328125
744,6695.94189453125
745,6922.24755859375
746,9354.7705078125
747,8337.91015625
748,4917.796875
749,8185.48828125
750,4645.84716796875
751,3408.821044921875
752,7516.7451171875
753,9985.1357421875
754,8600.72265625
755,7334.78857421875
756,4991.7353515625
757,6555.75
758,8288.208984375
759,6390.7099609375
760,7208.3017578125
761,5313.88525390625
762,5093.3251953125
763,5538.60888671875
764,5594.58154296875
765,5074.978515625
766,5628.14892578125
767,5309.3935546875
768,4797.96484375
769,7169.4150390625
770,7507.9482421875
771,5646.58056640625
772,6245.185546875
773,7295.01904296875
774,6513.7236328125
775,5266.7744140625
776,8350.2412109375
777,7235.69287109375
778,5139.78271484375
779,3837.204833984375
780,11447.91015625
781,6809.69140625
782,5559.27783203125
783,8946.5673828125
784,7357.55126953125
785,7793.80126953125
786,6066.26953125
787,7829.21044921875
788,8276.9462890625
789,14573.71875
790,4892.93603515625
791,5551.44189453125
792,5116.44580078125
793,6719.42431640625
794,6170.97021484375
795,7257.11962890625
796,7960.37841796875
797,6412.16650390625
798,4831.46923828125
799,6044.19580078125
800,9451.638671875
801,4937.95068359375
802,8155.0185546875
803,4070.105712890625
804,6883.416015625
805,8029.0
806,6890.31201171875
807,8388.6669921875
808,6636.4560546875
809,4708.7509765625
810,7236.826171875
811,6737.75146484375
812,8887.990234375
813,6805.859375
814,8583.48046875
815,6689.80908203125
816,4592.5537109375
817,10013.19140625
818,4288.19384765625
819,9798.7265625
820,6101.55126953125
821,4997.17529296875
822,6524.44384765625
823,6515.5751953125
824,6912.25244140625
825,8337.6943359375
826,4164.9404296875
827,5055.31689453125
828,8559.3564453125
829,9218.9384765625
830,10381.4091796875
831,5904.31884765625
832,5828.33984375
833,6356.8466796875
834,7074.20703125
835,5900.517578125
836,10015.8828125
837,9207.5302734375
838,12281.33984375
839,4964.03369140625
840,5301.87841796875
841,0.0
842,8836.23828125
843,4986.1953125
844,10776.314453125
845,5834.837890625
846,6834.982421875
847,5240.27783203125
848,5731.4267578125
849,5328.07421875
850,6206.4150390625
851,4757.74755859375
852,4928.58935546875
853,10469.119140625
854,7283.70849609375
855,21262.40625
856,7296.68359375
857,4306.759765625
858,8908.509765625
859,9469.580078125
860,7326.0078125
861,7349.421875
862,5733.75634765625
863,8702.263671875
864,9337.658203125
865,6253.5166015625
866,5942.8974609375
867,7283.65185546875
868,8802.9482421875
869,7084.19189453125
870,9030.7392578125
871,6241.470703125
872,4789.22021484375
873,6586.05712890625
874,10213.9560546875
875,10993.505859375
876,10047.263671875
877,8746.595703125
878,4907.7587890625
879,6556.74267578125
880,5297.1845703125
881,8178.02392578125
882,10353.9990234375
883,10561.1533203125
884,6333.11181640625
885,6316.10205078125
886,4492.375
887,5710.26806640625
888,11815.259765625
889,6810.73193359375
890,5065.74951171875
891,5631.32958984375
892,8456.208984375
893,3999.1513671875
894,7892.44482421875
895,4810.80859375
896,7314.587890625
897,6828.685546875
898,6189.564453125
899,7567.7900390625
900,7400.18017578125
901,6589.87939453125
902,7186.87646484375
903,7990.78271484375
904,11417.6865234375
905,5871.1494140625
906,9399.8564453125
907,7937.3046875
908,9752.2529296875
909,7123.35400390625
910,10208.5439453125
911,5200.080078125
912,5490.13916015625
913,6781.74267578125
914,6113.662109375
915,9125.953125
916,7425.44970703125
917,6292.62841796875
918,7563.95263671875
919,7280.5126953125
920,9718.8193359375
921,4347.5380859375
922,15418.2705078125
923,4932.5654296875
924,6482.505859375
925,9365.1005859375
926,5478.892578125
927,6643.634765625
928,6737.33251953125
929,8269.4091796875
930,7507.064453125
931,6240.0234375
932,7743.12109375
933,8395.7109375
934,8165.33935546875
935,5210.35498046875
936,7437.111328125
937,12305.9501953125
938,7006.53564453125
939,4858.6689453125
940,7177.31689453125
941,6225.8876953125
942,6246.90234375
943,7797.16845703125
944,4420.912109375
945,9132.859375
946,7259.6494140625
947,7193.0234375
948,7935.013671875
949,4646.4140625
950,5268.9072265625
951,5601.6396484375
952,9078.1328125
953,8923.23046875
954,5209.236328125
955,4770.4267578125
956,7068.97412109375
957,6218.20556640625
958,6404.32177734375
959,6714.48486328125
960,7642.5458984375
961,8161.43701171875
962,5969.8037109375
963,5108.20654296875
964,7594.65234375
965,8512.88671875
966,8773.9677734375
967,8641.8447265625
968,8542.158203125
969,6167.65966796875
970,9944.6201171875
971,6686.62255859375
972,6991.23046875
973,9376.4560546875
974,6161.0791015625
975,10821.1201171875
976,8601.322265625
977,8064.02783203125
978,6495.9453125
979,7804.12353515625
980,8422.7470703125
981,6537.59765625
982,3999.507080078125
983,6403.98291015625
984,8888.4013671875
985,6477.5673828125
986,5095.25439453125
987,8889.494140625
988,6933.6826171875
989,6039.14794921875
990,6836.66796875
991,5992.32470703125
992,7889.693359375
993,7562.49658203125
994,7801.287109375
995,5726.384765625
996,5688.7548828125
997,7180.22265625
998,5962.3525390625
999,6315.54248046875
1000,5883.9287109375
1001,8762.025390625
1002,8164.66552734375
1003,7044.12255859375
1004,11844.8388671875
1005,6599.41015625
1006,5281.01025390625
1007,10946.25
1008,7936.7763671875
1009,8586.8017578125
1010,7790.29443359375
1011,5864.61376953125
1012,6965.78564453125
1013,5599.7734375
1014,8628.09375
1015,12606.1455078125
1016,6457.3037109375
1017,3354.793701171875
1018,6009.75439453125
1019,8665.3857421875
1020,8688.259765625
1021,6827.89111328125
1022,7073.72021484375
1023,5351.18603515625
1024,5804.921875
1025,4137.25830078125
1026,6421.81982421875
1027,6257.43017578125
1028,8002.86669921875
1029,7813.6435546875
1030,9288.2685546875
1031,8190.8896484375
1032,11008.3603515625
1033,8122.5966796875
1034,6093.544921875
1035,10177.373046875
1036,12117.62109375
1037,6365.24072265625
1038,8048.84033203125
1039,6062.7275390625
1040,7470.68408203125
1041,4430.34130859375
1042,7694.84912109375
1043,6319.36865234375
1044,9764.9716796875
1045,7739.36962890625
1046,8766.275390625
1047,8741.3837890625
1048,6255.67041015625
1049,9468.3212890625
1050,19188.916015625
1051,10932.75390625
1052,6616.1171875
1053,2885.87158203125
1054,6790.4267578125
1055,8224.2314453125
1056,6066.24560546875
1057,13365.3369140625
1058,16516.708984375
1059,4570.1669921875
1060,5891.70751953125
1061,7998.013671875
1062,6141.3984375
1063,9596.767578125
1064,7209.9130859375
1065,8362.9970703125
1066,5111.443359375
1067,7021.7685546875
1068,6568.3447265625
1069,8474.6669921875
1070,10962.38671875
1071,6622.9365234375
1072,6192.693359375
1073,7566.8330078125
1074,6055.22021484375
1075,5652.6142578125
1076,8191.20263671875
1077,5891.03466796875
1078,5868.98388671875
1079,7881.142578125
1080,6301.6318359375
1081,6528.45703125
1082,7639.85400390625
1083,7857.33154296875
1084,8622.2177734375
1085,7591.072265625
1086,8603.2177734375
1087,6268.4013671875
1088,4067.47265625
1089,7005.41845703125
1090,6249.25732421875
1091,6433.34521484375
1092,4964.7626953125
1093,9829.609375
1094,8170.64306640625
1095,9443.71484375
1096,8020.94287109375
1097,7675.2216796875
1098,4847.91943359375
1099,4829.11865234375
1100,10384.91796875
1101,5102.3251953125
1102,7705.728515625
1103,15765.7021484375
1104,7782.6884765625
1105,6780.9716796875
1106,5405.50341796875
1107,5512.35302734375
1108,6546.29443359375
1109,4532.28662109375
1110,6511.33056640625
1111,11449.6396484375
1112,5564.72900390625
1113,17240.828125
1114,14670.58984375
1115,5046.53271484375
1116,9074.375
1117,5762.64306640625
1118,7300.0546875
1119,7005.56640625
1120,12995.53125
1121,7365.83447265625
1122,10505.4873046875
1123,5209.6416015625
1124,7920.19384765625
1125,6043.07470703125
1126,9641.06640625
1127,7290.57470703125
1128,6414.7998046875
1129,6650.6142578125
1130,6587.876953125
1131,8965.142578125
1132,9502.8583984375
1133,6309.31982421875
1134,10564.0078125
1135,6955.0712890625
1136,11229.9384765625
1137,5510.78564453125
1138,5997.99267578125
1139,6566.73291015625
1140,10754.595703125
1141,6512.06201171875
1142,7498.39404296875
1143,7411.56689453125
1144,9131.6611328125
1145,4864.00390625
1146,8532.90625
1147,7584.02001953125
1148,4348.37890625
1149,12740.853515625
1150,17456.330078125
1151,7747.52734375
1152,7323.53857421875
1153,9319.7275390625
1154,11022.8134765625
1155,12115.298828125
1156,6218.5380859375
1157,8026.41845703125
1158,6025.91845703125
1159,8889.74609375
1160,5029.6376953125
1161,6660.27392578125
1162,6143.748046875
1163,6214.28564453125
1164,7918.70751953125
1165,6188.798828125
1166,5321.25732421875
1167,7383.29443359375
1168,4359.42529296875
1169,5460.439453125
1170,6763.3193359375
1171,7081.22509765625
1172,9769.4140625
1173,9189.0537109375
1174,8659.2998046875
1175,6350.92919921875
1176,6714.935546875
1177,11130.3388671875
1178,7445.1376953125
1179,5922.96923828125
1180,5946.8134765625
1181,9061.158203125
1182,4723.2333984375
1183,7378.17724609375
1184,4021.803466796875
1185,5939.69482421875
1186,9110.70703125
1187,5862.3955078125
1188,5046.01220703125
1189,9387.0732421875
1190,9722.3466796875
1191,13292.029296875
1192,6952.18505859375
1193,9215.13671875
1194,3525.918701171875
1195,5792.0244140625
1196,7022.01025390625
1197,5066.10009765625
1198,8612.3759765625
1199,5558.564453125
1200,7704.4169921875
1201,9224.7197265625
1202,13618.21484375
1203,9191.791015625
1204,5677.66845703125
1205,6134.80078125
1206,9874.6845703125
1207,8218.3642578125
1208,6583.66015625
1209,5300.54345703125
1210,7741.53369140625
1211,10292.8388671875
1212,5767.90673828125
1213,7088.72802734375
1214,9164.9501953125
1215,9703.1337890625
1216,13287.720703125
1217,7195.0380859375
1218,15562.1884765625
1219,6944.9814453125
1220,5675.03662109375
1221,3655.6689453125
1222,6950.5
1223,5790.90771484375
1224,6185.421875
1225,7358.26025390625
1226,5607.2421875
1227,5077.99755859375
1228,7345.29443359375
1229,3998.706298828125
1230,7237.927734375
1231,7553.6669921875
1232,8342.9169921875
1233,9432.7470703125
1234,5963.3359375
1235,9566.740234375
1236,6396.365234375
1237,6115.494140625
1238,6297.83203125
1239,6128.00830078125
1240,10932.1474609375
1241,6937.24462890625
1242,5508.470703125
1243,7738.61083984375
1244,10744.935546875
1245,7609.03515625
1246,7099.97802734375
1247,9283.3779296875
1248,6298.2412109375
1249,6148.55908203125
1250,6635.5966796875
1251,8641.810546875
1252,6291.796875
1253,6960.984375
1254,6483.119140625
1255,6063.3232421875
1256,4030.9033203125
1257,5716.544921875
1258,8426.5732421875
1259,9155.1494140625
1260,11268.8291015625
1261,13601.6015625
1262,8818.3662109375
1263,6523.06396484375
1264,5306.64501953125
1265,11303.2978515625
1266,11618.3173828125
1267,7857.5849609375
1268,9130.0380859375
1269,8420.2578125
1270,6386.642578125
1271,4380.4111328125
1272,9943.9541015625
1273,7543.63671875
1274,6633.3212890625
1275,6413.91015625
1276,3579.891357421875
1277,12263.021484375
1278,6133.10791015625
1279,7197.53515625
1280,5075.08935546875
1281,6052.49072265625
1282,7428.0087890625
1283,9940.873046875
1284,6657.5654296875
1285,5726.0751953125
1286,4684.98388671875
1287,5260.90771484375
1288,4135.8505859375
1289,7323.65673828125
1290,18236.6875
1291,4819.79443359375
1292,6141.1484375
1293,8062.98046875
1294,5413.5966796875
1295,5175.53369140625
1296,5248.6220703125
1297,5148.193359375
1298,7059.3193359375
1299,8182.642578125
1300,4703.21484375
1301,9974.99609375
1302,5904.61572265625
1303,5801.3671875
1304,9228.7353515625
1305,8720.9931640625
1306,8976.791015625
1307,6568.13134765625
1308,7184.03564453125
1309,5214.70166015625
1310,5913.62744140625
1311,16063.7255859375
1312,11579.3173828125
1313,7114.65673828125
1314,5658.693359375
1315,5853.82275390625
1316,6674.00537109375
1317,4714.60546875
1318,10384.0283203125
1319,6634.11767578125
1320,6261.2255859375
1321,8153.7080078125
1322,4679.04638671875
1323,6494.26953125
1324,7611.091796875
1325,7432.138671875
1326,7801.58056640625
1327,5321.69873046875
1328,5868.72705078125
1329,7178.35205078125
1330,9891.6875
1331,8216.6357421875
1332,7446.6669921875
1333,4927.5703125
1334,8332.1875
1335,7051.1904296875
1336,4917.2392578125
1337,7405.142578125
1338,7500.48193359375
1339,6829.0390625
1340,7620.80029296875
1341,6802.04638671875
1342,6448.02734375
1343,6213.95947265625
1344,7292.01904296875
1345,6600.7822265625
1346,7901.427734375
1347,10324.640625
1348,6319.400390625
1349,5406.64794921875
1350,12764.2548828125
1351,6158.17822265625
1352,5039.4736328125
1353,7676.4658203125
1354,8834.896484375
1355,11962.1376953125
1356,5585.87109375
1357,6073.08544921875
1358,6193.0859375
1359,7951.6669921875
1360,6591.578125
1361,8442.1025390625
1362,3325.767822265625
1363,6477.046875
1364,6891.232421875
1365,6502.25537109375
1366,5958.1298828125
1367,8117.82421875
1368,9208.033203125
1369,6406.78515625
1370,9029.40625
1371,7536.71484375
1372,9696.2958984375
1373,4953.544921875
1374,6886.193359375
1375,7076.82568359375
1376,8760.1875
1377,7956.12109375
1378,4167.59619140625
1379,9823.0625
1380,6643.34228515625
1381,8079.2685546875
1382,4993.19189453125
1383,4283.5791015625
1384,9403.1337890625
1385,6839.46337890625
1386,9918.8173828125
1387,7234.505859375
1388,6074.6083984375
1389,8830.5341796875
1390,6665.05859375
1391,7408.98193359375
1392,8290.1845703125
1393,6630.07373046875
1394,9868.15625
1395,11442.212890625
1396,8782.82421875
1397,5128.08642578125
1398,6417.9794921875
1399,3639.7392578125
1400,0.0
1401,8898.658203125
1402,5389.86474609375
1403,8509.9248046875
1404,4776.41943359375
1405,5858.64501953125
1406,5772.564453125
1407,10582.0
1408,5486.45751953125
1409,5228.7060546875
1410,6592.72509765625
1411,8442.2958984375
1412,5056.21728515625
1413,8312.3681640625
1414,7809.3447265625
1415,9143.1513671875
1416,8290.0546875
1417,7026.27978515625
1418,5837.712890625
1419,5209.712890625
1420,4870.87353515625
1421,11546.3046875
1422,9700.21875
1423,7175.40966796875
1424,15191.4921875
1425,6245.7490234375
1426,4910.84423828125
1427,7571.0146484375
1428,9068.1796875
1429,10610.6728515625
1430,7694.6943359375
1431,8506.220703125
1432,8864.765625
1433,7973.1015625
1434,7196.2529296875
1435,5848.984375
1436,6299.98583984375
1437,5437.54296875
1438,4758.4404296875
1439,5750.2275390625
1440,8447.8154296875
1441,17718.68359375
1442,7713.89208984375
1443,6057.13330078125
1444,8917.1865234375
1445,5553.14892578125
1446,7291.32958984375
1447,3895.725341796875
1448,10462.9833984375
1449,7208.8583984375
1450,6520.72900390625
1451,13461.451171875
1452,11897.423828125
1453,6192.72314453125
1454,7666.3173828125
1455,4721.89013671875
1456,5797.439453125
1457,5972.681640625
1458,7988.8369140625
1459,4950.9296875
1460,5666.2265625
1461,6028.9521484375
1462,5283.16015625
1463,6627.80615234375
1464,7701.05029296875
1465,4470.72119140625
1466,7211.77978515625
1467,9184.255859375
1468,7829.25146484375
1469,5648.82958984375
1470,4779.1298828125
1471,8453.337890625
1472,4734.57177734375
1473,9709.7431640625
1474,5338.3486328125
1475,5131.982421875
1476,7159.0849609375
1477,5525.39111328125
1478,5237.5478515625
1479,6209.609375
1480,7343.5380859375
1481,10428.4033203125
1482,10750.9736328125
1483,5893.078125
1484,4872.71142578125
1485,5955.5224609375
1486,6152.06201171875
1487,5024.095703125
1488,6770.86083984375
1489,7766.67529296875
1490,12191.0791015625
1491,8492.1748046875
1492,5653.025390625
1493,8715.091796875
1494,5526.41259765625
1495,9433.216796875
1496,6326.3212890625
1497,14533.9892578125
1498,6519.38525390625
1499,5896.25
1500,5512.74658203125
1501,4670.08935546875
1502,7352.2138671875
1503,20162.654296875
1504,4765.43212890625
1505,4623.1748046875
1506,11117.71875
1507,6932.55615234375
1508,8093.54296875
1509,8692.791015625
1510,6471.9755859375
1511,6314.4443359375
1512,4524.57373046875
1513,10272.578125
1514,7037.00830078125
1515,7024.66357421875
1516,7930.53955078125
1517,5547.65966796875
1518,7815.68408203125
1519,6489.46875
1520,4695.89599609375
1521,9201.58984375
1522,8875.748046875
1523,4877.31689453125
1524,7998.27587890625
1525,6802.75
1526,5205.3076171875
1527,8484.072265625
1528,6638.9755859375
1529,7531.76806640625
1530,4583.97705078125
1531,5555.14013671875
1532,7748.0869140625
1533,0.0
1534,8533.1376953125
1535,5940.35302734375
1536,6277.6435546875
1537,4541.51708984375
1538,6403.80029296875
1539,6734.8291015625
1540,7434.86865234375
1541,7970.30029296875
1542,7847.23291015625
1543,6302.14404296875
1544,7790.89892578125
1545,6884.826171875
1546,9734.0166015625
1547,10378.3427734375
1548,7948.3447265625
1549,4226.64111328125
1550,6104.7265625
1551,7476.3916015625
1552,4810.6357421875
1553,11777.515625
1554,5722.8642578125
1555,8501.275390625
1556,11390.09765625
1557,6877.486328125
1558,5188.85693359375
1559,16019.158203125
1560,10486.6640625
1561,6345.380859375
1562,9364.9814453125
1563,8636.5185546875
1564,6317.77587890625
1565,6267.85107421875
1566,7321.29638671875
1567,6175.24169921875
1568,7592.27685546875
1569,7548.67333984375
1570,5119.55859375
1571,7363.68603515625
1572,7699.61962890625
1573,7045.591796875
1574,8790.1845703125
1575,6536.70556640625
1576,6703.67333984375
1577,4304.20654296875
1578,8576.8203125
1579,7159.21533203125
1580,6808.0595703125
1581,7769.1455078125
1582,7591.080078125
1583,9599.3515625
1584,6222.39697265625
1585,5822.720703125
1586,6478.1474609375
1587,7713.40869140625
1588,6713.109375
1589,5876.65869140625
1590,5319.94091796875
1591,8725.837890625
1592,7702.267578125
1593,5933.64404296875
1594,8332.828125
1595,6164.4970703125
1596,7499.8271484375
1597,5268.23046875
1598,3709.927978515625
1599,8178.86279296875
1600,6698.7041015625
1601,7081.9453125
1602,9994.958984375
1603,9655.7978515625
1604,5468.62353515625
1605,7525.431640625
1606,5243.9296875
1607,3759.0244140625
1608,7975.8671875
1609,11083.603515625
1610,7381.79345703125
1611,7998.99755859375
1612,4797.8603515625
1613,6718.734375
1614,8791.955078125
1615,6865.58837890625
1616,7313.765625
1617,5568.5546875
1618,5382.1845703125
1619,5627.28564453125
1620,5638.80810546875
1621,5617.9912109375
1622,5754.69091796875
1623,5951.138671875
1624,4757.16357421875
1625,7704.64892578125
1626,8540.142578125
1627,5869.56201171875
1628,6294.97021484375
1629,7708.81689453125
1630,6494.533203125
1631,5485.5009765625
1632,8790.9423828125
1633,7584.43896484375
1634,5277.14599609375
1635,4510.96630859375
1636,11991.4150390625
1637,7149.48583984375
1638,6114.2197265625
1639,8929.4921875
1640,8183.90087890625
1641,7945.8564453125
1642,6365.884765625
1643,8312.43359375
1644,8825.3017578125
1645,15553.078125
1646,5917.2255859375
1647,5646.955078125
1648,4760.298828125
1649,6645.51318359375
1650,6025.08447265625
1651,8353.2451171875
1652,7947.408203125
1653,7061.4892578125
1654,5049.080078125
1655,6558.93115234375
1656,9073.875
1657,5560.79541015625
1658,8167.28271484375
1659,4835.3232421875
1660,6871.4296875
1661,8859.9345703125
1662,7001.1669921875
1663,9154.7158203125
1664,6822.5703125
1665,5104.32177734375
1666,6582.6796875
1667,7589.826171875
1668,9162.31640625
1669,7136.0556640625
1670,8316.0693359375
1671,6526.6845703125
1672,4665.81201171875
1673,10350.34765625
1674,4297.2294921875
1675,10114.126953125
1676,6174.84033203125
1677,5039.1171875
1678,7466.70068359375
1679,6542.33349609375
1680,7712.82275390625
1681,9057.318359375
1682,4291.2021484375
1683,5074.6708984375
1684,8834.4775390625
1685,10035.80859375
1686,10818.326171875
1687,6335.4248046875
1688,5905.6943359375
1689,6534.83447265625
1690,7101.06201171875
1691,6346.54833984375
1692,10491.05078125
1693,9090.01171875
1694,12817.384765625
1695,4983.6474609375
1696,5722.25341796875
1697,0.0
1698,8939.5458984375
1699,5649.033203125
1700,10831.8544921875
1701,6606.6650390625
1702,6526.84326171875
1703,5025.20458984375
1704,6667.39404296875
1705,5252.216796875
1706,6918.6142578125
1707,5045.14697265625
1708,5118.958984375
1709,11287.4501953125
1710,7087.79931640625
1711,22057.427734375
1712,7712.603515625
1713,4922.6201171875
1714,10475.6279296875
1715,10968.09375
1716,7829.70361328125
1717,8527.70703125
1718,6297.146484375
1719,9109.2529296875
1720,9163.0908203125
1721,6468.5126953125
1722,7104.8505859375
1723,8201.189453125
1724,9433.9248046875
1725,8266.8193359375
1726,9788.3994140625
1727,6957.10205078125
1728,5373.21435546875
1729,7025.69677734375
1730,11709.4658203125
1731,11661.4228515625
1732,11331.060546875
1733,9400.38671875
1734,6297.3310546875
1735,6636.82763671875
1736,5124.6611328125
1737,8909.244140625
1738,11828.8466796875
1739,10049.9052734375
1740,7005.22119140625
1741,7198.4794921875
1742,5306.37451171875
1743,5771.46826171875
1744,12023.5029296875
1745,7797.57177734375
1746,5096.87158203125
1747,7458.38037109375
1748,7942.80419921875
1749,4185.5380859375
1750,8403.0302734375
1751,4966.060546875
1752,7509.12060546875
1753,7202.2255859375
1754,6545.3310546875
1755,7816.365234375
1756,8145.24365234375
1757,6120.9853515625
1758,8356.810546875
1759,7126.025390625
1760,12041.4921875
1761,6405.205078125
1762,10249.8740234375
1763,8052.30810546875
1764,10320.2001953125
1765,7644.35888671875
1766,11495.8427734375
1767,6405.05859375
1768,6197.947265625
1769,7128.033203125
1770,6473.17333984375
1771,10877.6240234375
1772,8331.294921875
1773,7145.60986328125
1774,8305.783203125
1775,7964.8828125
1776,11306.755859375
1777,4452.63427734375
1778,14925.6591796875
1779,5934.3095703125
1780,7484.58349609375
1781,9503.3349609375
1782,6159.2919921875
1783,7473.67138671875
1784,7616.82666015625
1785,8870.12109375
1786,8042.5712890625
1787,6733.798828125
1788,8068.173828125
1789,8600.171875
1790,8793.5185546875
1791,5620.037109375
1792,7928.501953125
1793,12573.544921875
1794,7532.83935546875
1795,5308.3076171875
1796,7647.28759765625
1797,6302.1025390625
1798,6875.11474609375
1799,7922.099609375
1800,4860.8271484375
1801,9524.1650390625
1802,7599.447265625
1803,8461.1123046875
1804,7946.6171875
1805,5427.41845703125
1806,5735.02685546875
1807,6666.51318359375
1808,9729.0859375
1809,10067.544921875
1810,5567.3525390625
1811,4932.0185546875
1812,7656.1376953125
1813,7293.42578125
1814,6978.5419921875
1815,7625.65087890625
1816,8121.62548828125
1817,8828.89453125
1818,6756.94287109375
1819,5474.03857421875
1820,8006.2314453125
1821,9364.6943359375
1822,9716.28515625
1823,9226.5517578125
1824,8726.3486328125
1825,6797.6337890625
1826,10568.587890625
1827,7107.646484375
1828,8330.8720703125
1829,10153.470703125
1830,6787.08544921875
1831,12424.3076171875
1832,8715.4814453125
1833,8811.6552734375
1834,6855.16357421875
1835,8694.9794921875
1836,8782.6005859375
1837,7573.34228515625
1838,4538.06201171875
1839,6885.814453125
1840,9292.865234375
1841,7175.767578125
1842,5646.07568359375
1843,9800.1474609375
1844,7336.58642578125
1845,6191.314453125
1846,7024.62890625
1847,6543.59423828125
1848,9039.5390625
1849,7926.48486328125
1850,8690.6650390625
1851,6507.8603515625
1852,6369.62548828125
1853,7618.32080078125
1854,6399.26904296875
1855,7987.61083984375
1856,6579.099609375
1857,9267.2080078125
1858,8816.1552734375
1859,7339.478515625
1860,12265.513671875
1861,6356.03369140625
1862,5227.45947265625
1863,11947.51171875
1864,7607.32373046875
1865,8995.119140625
1866,8402.1591796875
1867,5784.00146484375
1868,7307.734375
1869,6731.34716796875
1870,8952.73046875
1871,13608.2568359375
1872,7311.7626953125
1873,3270.693603515625
1874,5588.32177734375
1875,9022.876953125
1876,9035.0185546875
1877,7512.7568359375
1878,8129.98193359375
1879,5475.89794921875
1880,6398.5625
1881,4477.619140625
1882,6733.45361328125
1883,6477.654296875
1884,8273.79296875
1885,8242.751953125
1886,10182.6591796875
1887,8753.359375
1888,11574.859375
1889,8298.494140625
1890,6244.0185546875
1891,11047.564453125
1892,12624.00390625
1893,6991.75146484375
1894,8798.9326171875
1895,5953.59619140625
1896,7585.17919921875
1897,5246.17626953125
1898,8835.4599609375
1899,6706.6298828125
1900,10361.4150390625
1901,8219.0732421875
1902,9264.2216796875
1903,8978.3994140625
1904,6276.14501953125
1905,10191.927734375
1906,20773.123046875
1907,11724.04296875
1908,7775.59423828125
1909,3155.66162109375
1910,6790.8076171875
1911,8996.3203125
1912,6683.12109375
1913,13286.8154296875
1914,16249.34375
1915,4669.20458984375
1916,6600.9912109375
1917,8451.4150390625
1918,5869.05810546875
1919,10413.234375
1920,8504.080078125
1921,9105.9697265625
1922,5387.3134765625
1923,6711.12939453125
1924,7396.7880859375
1925,8619.3310546875
1926,12109.0927734375
1927,6986.072265625
1928,6318.4833984375
1929,8248.1318359375
1930,6501.6181640625
1931,5522.703125
1932,8355.779296875
1933,6629.724609375
1934,5976.6142578125
1935,9070.9619140625
1936,7547.01416015625
1937,6573.1884765625
1938,8441.423828125
1939,8370.8701171875
1940,9163.09765625
1941,7509.08544921875
1942,9117.2421875
1943,6340.98876953125
1944,4963.3291015625
1945,7757.908203125
1946,6648.7802734375
1947,6452.576171875
1948,5378.083984375
1949,10878.0625
1950,8864.9716796875
1951,10168.958984375
1952,8816.337890625
1953,7372.3134765625
1954,5635.3642578125
1955,5078.7255859375
1956,11611.2529296875
1957,5443.55810546875
1958,8346.322265625
1959,17494.34375
1960,7920.58837890625
1961,7300.966796875
1962,5457.57470703125
1963,5551.6904296875
1964,8094.193359375
1965,4321.1640625
1966,6754.91064453125
1967,12195.576171875
1968,6115.669921875
1969,18453.357421875
1970,15738.916015625
1971,4775.3173828125
1972,9269.353515625
1973,6554.08154296875
1974,7896.021484375
1975,7600.33740234375
1976,13860.068359375
1977,7596.87548828125
1978,11612.779296875
1979,5697.00390625
1980,8299.65234375
1981,5969.9990234375
1982,10602.66796875
1983,8091.2890625
1984,7005.28369140625
1985,6823.55322265625
1986,6363.998046875
1987,9673.2568359375
1988,10187.34765625
1989,6570.25830078125
1990,11422.9345703125
1991,6847.90771484375
1992,11441.728515625
1993,6454.18359375
1994,6203.32568359375
1995,6725.00439453125
1996,11266.5478515625
1997,6514.52294921875
1998,8876.5126953125
1999,7920.84423828125
2000,9812.1015625
2001,4844.60400390625
2002,9496.271484375
2003,8384.8876953125
2004,4550.53759765625
2005,13105.6533203125
2006,18418.951171875
2007,8032.23291015625
2008,7694.2919921875
2009,10907.1376953125
2010,11935.478515625
2011,13538.6767578125
2012,6768.44873046875
2013,8836.1123046875
2014,6841.52978515625
2015,9416.4794921875
2016,5470.060546875
2017,7212.380859375
2018,6490.25146484375
2019,6764.8701171875
2020,8223.708984375
2021,6928.59912109375
2022,5997.31689453125
2023,7998.85107421875
2024,4651.357421875
2025,5762.890625
2026,7317.44580078125
2027,6915.81005859375
2028,10114.912109375
2029,9392.138671875
2030,9827.7763671875
2031,6504.9541015625
2032,7039.314453125
2033,12078.7666015625
2034,8421.2744140625
2035,6602.82861328125
2036,6124.2919921875
2037,9059.1953125
2038,4971.64599609375
2039,7760.33935546875
2040,4303.046875
2041,6222.259765625
2042,10649.7578125
2043,6133.203125
2044,5344.03076171875
2045,9646.4296875
2046,10234.8935546875
2047,13621.5703125
2048,7540.361328125
2049,9604.0048828125
2050,3551.655517578125
2051,6515.001953125
2052,7363.353515625
2053,5010.98828125
2054,8405.0830078125
2055,6309.67236328125
2056,8390.9677734375
2057,9881.8134765625
2058,14881.162109375
2059,8946.4072265625
2060,6179.72314453125
2061,7279.03564453125
2062,9769.341796875
2063,8090.11669921875
2064,7471.93017578125
2065,5984.890625
2066,7709.83837890625
2067,12179.5380859375
2068,5922.599609375
2069,7883.02587890625
2070,9579.0517578125
2071,9711.9892578125
2072,14728.9970703125
2073,7237.544921875
2074,16709.9765625
2075,7580.30517578125
2076,5769.21142578125
2077,3995.003173828125
2078,7542.6669921875
2079,6071.75732421875
2080,6669.533203125
2081,7498.64794921875
2082,6028.32177734375
2083,5485.9306640625
2084,7623.76123046875
2085,4397.8671875
2086,7652.154296875
2087,7947.74560546875
2088,9505.25
2089,10264.7138671875
2090,6453.91943359375
2091,10679.2001953125
2092,7047.349609375
2093,7437.34765625
2094,6503.19384765625
2095,6032.27783203125
2096,12046.9306640625
2097,7288.53466796875
2098,6902.14453125
2099,8416.2998046875
2100,11087.4716796875
2101,8680.783203125
2102,7826.26220703125
2103,9620.9013671875
2104,6568.98876953125
2105,6338.59765625
2106,7176.07958984375
2107,8929.271484375
2108,7562.435546875
2109,7799.98486328125
2110,6301.04931640625
2111,5605.5576171875
2112,4523.45947265625
2113,6123.7373046875
2114,8237.966796875
2115,9835.0166015625
2116,11717.47265625
2117,14405.5712890625
2118,9071.3603515625
2119,6690.63330078125
2120,6021.30078125
2121,12118.7177734375
2122,12070.423828125
2123,9235.4345703125
2124,9802.09765625
2125,10294.1552734375
2126,7500.19970703125
2127,5097.55224609375
2128,10386.5751953125
2129,8155.431640625
2130,7389.5927734375
2131,7188.482421875
2132,3985.524658203125
2133,12620.6552734375
2134,6307.6640625
2135,7454.638671875
2136,5151.18115234375
2137,5566.3935546875
2138,8145.68359375
2139,10961.078125
2140,7030.39453125
2141,5913.96240234375
2142,5134.50439453125
2143,4793.69384765625
2144,4410.3193359375
2145,7885.2001953125
2146,18672.1015625
2147,4955.42236328125
2148,6143.82177734375
2149,8109.71484375
2150,6143.9736328125
2151,5854.07861328125
2152,5533.04150390625
2153,4832.517578125
2154,7783.267578125
2155,8258.91796875
2156,5121.2265625
2157,10360.4931640625
2158,6986.693359375
2159,6389.36572265625
2160,9283.7392578125
2161,9518.9365234375
2162,9739.64453125
2163,7022.66259765625
2164,8174.50537109375
2165,5801.9169921875
2166,5853.3388671875
2167,15911.2412109375
2168,12231.0302734375
2169,7438.423828125
2170,5996.6015625
2171,5873.53173828125
2172,7094.3857421875
2173,5360.92236328125
2174,11107.7890625
2175,6526.16650390625
2176,6610.08056640625
2177,8159.68115234375
2178,4854.8671875
2179,7661.86328125
2180,8311.0361328125
2181,7905.861328125
2182,8704.3017578125
2183,5612.076171875
2184,7143.951171875
2185,7388.3447265625
2186,10895.359375
2187,9405.87890625
2188,7784.91650390625
2189,5408.1728515625
2190,7746.439453125
2191,7356.40771484375
2192,5304.7841796875
2193,8153.69921875
2194,8232.1376953125
2195,7844.421875
2196,7947.64990234375
2197,7183.6552734375
2198,6804.95068359375
2199,6921.9990234375
2200,7704.65771484375
2201,7574.13671875
2202,8206.4580078125
2203,10789.3740234375
2204,6843.79345703125
2205,5819.8984375
2206,13356.787109375
2207,6574.79052734375
2208,4455.36865234375
2209,9090.38671875
2210,8901.7353515625
2211,13414.611328125
2212,5792.4443359375
2213,6913.37353515625
2214,6520.68701171875
2215,8278.34375
2216,6995.1826171875
2217,8782.7109375
2218,3704.447509765625
2219,6259.138671875
2220,7072.99560546875
2221,7076.22509765625
2222,6698.8154296875
2223,8352.0068359375
2224,10245.3427734375
2225,7259.07275390625
2226,10155.1162109375
2227,8149.28271484375
2228,10242.255859375
2229,4939.7275390625
2230,7704.38720703125
2231,8376.3623046875
2232,9147.908203125
2233,8844.892578125
2234,4868.23828125
2235,9357.73046875
2236,8009.91259765625
2237,8296.3984375
2238,4900.72607421875
2239,4867.68310546875
2240,9982.8310546875
2241,7486.90771484375
2242,10360.6064453125
2243,7936.587890625
2244,6654.775390625
2245,9695.134765625
2246,8296.970703125
2247,8453.890625
2248,9219.0048828125
2249,7049.62109375
2250,10286.392578125
2251,11857.494140625
2252,9610.6259765625
2253,5922.873046875
2254,6879.49365234375
2255,4542.71875
2256,0.0
2257,9211.4248046875
2258,5176.32275390625
2259,9585.650390625
2260,5514.85595703125
2261,7076.8271484375
2262,6768.3193359375
2263,10287.619140625
2264,5570.25537109375
2265,5747.98681640625
2266,6892.02734375
2267,9080.466796875
2268,5097.1240234375
2269,8353.6806640625
2270,8226.974609375
2271,9426.2275390625
2272,8571.22265625
2273,7549.17626953125
2274,6113.59521484375
2275,5791.59765625
2276,5420.97021484375
2277,12632.513671875
2278,10470.1494140625
2279,7544.79052734375
2280,15463.9423828125
2281,7186.2578125
2282,5755.86328125
2283,8177.771484375
2284,9636.1748046875
2285,11539.9619140625
2286,7951.24609375
2287,9401.8525390625
2288,9380.6201171875
2289,8486.5341796875
2290,7653.5703125
2291,6793.08251953125
2292,6976.45703125
2293,6054.61328125
2294,5040.8994140625
2295,6317.57763671875
2296,8748.072265625
2297,18553.759765625
2298,8136.7080078125
2299,6608.962890625
2300,9378.9892578125
2301,6194.783203125
2302,7392.3125
2303,4500.4921875
2304,11777.244140625
2305,7040.92578125
2306,7353.8935546875
2307,14803.2509765625
2308,11818.0146484375
2309,6566.98779296875
2310,8061.51220703125
2311,4709.8935546875
2312,5808.3974609375
2313,6625.0751953125
2314,8780.0927734375
2315,5642.70751953125
2316,5889.80419921875
2317,7043.361328125
2318,5803.4072265625
2319,7526.107421875
2320,8346.794921875
2321,4584.587890625
2322,7654.9697265625
2323,9988.3359375
2324,8975.8818359375
2325,6289.2060546875
2326,4896.80712890625
2327,9890.7578125
2328,5552.0
2329,10405.7294921875
2330,5801.19140625
2331,5596.64794921875
2332,7891.40673828125
2333,6151.990234375
2334,5536.23486328125
2335,6379.97021484375
2336,7956.42236328125
2337,10768.6513671875
2338,11945.5966796875
2339,6293.29345703125
2340,4868.5849609375
2341,6367.6201171875
2342,7838.99951171875
2343,5361.466796875
2344,7175.18359375
2345,8350.2724609375
2346,12944.6611328125
2347,9089.986328125
2348,6126.1201171875
2349,8855.708984375
2350,6181.365234375
2351,10261.8701171875
2352,6829.91357421875
2353,16120.9619140625
2354,7390.08642578125
2355,5974.166015625
2356,6011.974609375
2357,5306.68603515625
2358,7895.11767578125
2359,21970.48828125
2360,5085.93115234375
2361,5085.8046875
2362,13105.2451171875
2363,7345.30810546875
2364,8856.18359375
2365,9001.4580078125
2366,7203.24365234375
2367,6145.7392578125
2368,4997.7783203125
2369,11189.9951171875
2370,7261.7080078125
2371,7491.634765625
2372,8231.9541015625
2373,6066.30078125
2374,8044.34033203125
2375,7537.4580078125
2376,4618.35595703125
2377,10233.7705078125
2378,10097.99609375
2379,5057.08642578125
2380,8543.943359375
2381,7770.9169921875
2382,5475.66748046875
2383,9034.990234375
2384,6655.04150390625
2385,8066.15625
2386,5131.3134765625
2387,6137.3515625
2388,7586.53955078125
2389,0.0
2390,9422.291015625
2391,5952.3349609375
2392,6913.7958984375
2393,5616.30126953125
2394,6930.02685546875
2395,6942.9501953125
2396,8064.16357421875
2397,9104.181640625
2398,8131.40966796875
2399,6725.02880859375
2400,7946.06884765625
2401,6477.1474609375
2402,9796.6298828125
2403,11264.77734375
2404,8497.6962890625
2405,4932.7998046875
2406,6816.27734375
2407,8503.453125
2408,4751.2158203125
2409,11583.189453125
2410,5876.54345703125
2411,9179.3212890625
2412,12048.0478515625
2413,7762.20263671875
2414,5529.88427734375
2415,16945.912109375
2416,10904.494140625
2417,6694.45166015625
2418,10862.8359375
2419,10884.39453125
2420,6394.794921875
2421,7443.310546875
2422,7722.666015625
2423,6569.39111328125
2424,7853.291015625
2425,8039.5908203125
2426,5578.453125
2427,8301.94921875
2428,7751.00537109375
2429,7182.70263671875
2430,9513.8095703125
2431,7198.958984375
2432,7204.7998046875
2433,5203.0400390625
2434,9263.9521484375
2435,7659.90380859375
2436,7051.27490234375
2437,8681.69921875
2438,8292.0048828125
2439,10704.978515625
2440,6925.1162109375
2441,6530.9443359375
2442,6980.09765625
2443,7924.603515625
2444,7350.4169921875
2445,6176.33056640625
2446,5666.8681640625
2447,8017.88623046875
2448,7551.03857421875
2449,6757.65234375
2450,9000.7763671875
2451,6772.39501953125
2452,7085.5517578125
2453,5673.8564453125
2454,4078.865478515625
2455,9185.98046875
2456,7355.14990234375
2457,8359.4052734375
2458,10679.41796875
2459,9926.275390625
2460,5770.29736328125
2461,8234.2236328125
2462,5290.8642578125
2463,3995.852294921875
2464,8393.828125
2465,11066.41015625
2466,8084.609375
2467,8568.9990234375
2468,6162.61376953125
2469,7830.82666015625
2470,9570.962890625
2471,7405.99609375
2472,8464.6103515625
2473,5526.99755859375
2474,5452.06787109375
2475,6772.7880859375
2476,5884.5078125
2477,5947.76513671875
2478,6613.939453125
2479,6226.1298828125
2480,5407.00732421875
2481,8079.12890625
2482,9485.4482421875
2483,6369.99365234375
2484,7146.55419921875
2485,8289.97265625
2486,6999.05224609375
2487,5759.3662109375
2488,8507.3955078125
2489,7934.53564453125
2490,5131.97314453125
2491,4772.56298828125
2492,15354.5419921875
2493,7429.224609375
2494,6465.59228515625
2495,9245.2578125
2496,8689.0380859375
2497,8790.5908203125
2498,6679.8720703125
2499,8688.3134765625
2500,10078.3037109375
2501,17412.162109375
2502,6400.4365234375
2503,6446.96044921875
2504,4932.0302734375
2505,6983.09716796875
2506,6251.2880859375
2507,8341.2744140625
2508,8465.923828125
2509,7477.59375
2510,5385.123046875
2511,6702.08740234375
2512,9288.3779296875
2513,5663.4658203125
2514,8770.58984375
2515,5065.5537109375
2516,7313.64453125
2517,9743.2294921875
2518,7874.03369140625
2519,9946.689453125
2520,7646.50537109375
2521,5206.759765625
2522,7010.3876953125
2523,8602.3037109375
2524,9609.828125
2525,7638.3291015625
2526,9005.5390625
2527,6932.07080078125
2528,5184.658203125
2529,11028.421875
2530,5158.21826171875
2531,10949.9638671875
2532,6767.21923828125
2533,5082.033203125
2534,7980.97119140625
2535,6847.64697265625
2536,8323.6162109375
2537,9983.14453125
2538,4544.84521484375
2539,5706.3818359375
2540,9844.4853515625
2541,11324.2919921875
2542,11458.0390625
2543,6525.0478515625
2544,6750.77392578125
2545,7891.2626953125
2546,7512.53857421875
2547,6546.88720703125
2548,11385.9892578125
2549,10072.0302734375
2550,13817.3515625
2551,5699.658203125
2552,6603.03564453125
2553,0.0
2554,10171.1826171875
2555,6686.712890625
2556,11895.2451171875
2557,7108.04296875
2558,7983.77490234375
2559,5872.7763671875
2560,6920.8994140625
2561,6027.515625
2562,8170.34228515625
2563,5862.61376953125
2564,6281.05712890625
2565,11673.3896484375
2566,6877.36328125
2567,22160.625
2568,7372.89013671875
2569,5930.87255859375
2570,10658.458984375
2571,12857.8642578125
2572,9409.61328125
2573,10768.2705078125
2574,7524.49267578125
2575,10916.794921875
2576,10908.134765625
2577,8000.53466796875
2578,8111.779296875
2579,9299.326171875
2580,11102.3935546875
2581,9681.283203125
2582,10989.3251953125
2583,8766.5322265625
2584,6022.15087890625
2585,8882.2626953125
2586,14335.03515625
2587,12573.0859375
2588,12667.830078125
2589,12738.806640625
2590,7517.51220703125
2591,7813.3388671875
2592,5072.61962890625
2593,11036.384765625
2594,15346.0185546875
2595,11010.1904296875
2596,9499.322265625
2597,8072.955078125
2598,4850.94482421875
2599,7896.70849609375
2600,14292.3916015625
2601,9500.1123046875
2602,6776.48583984375
2603,9223.0625
2604,10260.0380859375
2605,5391.59814453125
2606,10283.255859375
2607,7161.39990234375
2608,10497.9033203125
2609,10040.9453125
2610,7795.796875
2611,9767.8896484375
2612,10188.6640625
2613,8073.611328125
2614,9495.9462890625
2615,9524.9755859375
2616,15287.3857421875
2617,8118.12353515625
2618,11949.7275390625
2619,8334.6630859375
2620,12245.6591796875
2621,10200.1953125
2622,13074.638671875
2623,7677.9609375
2624,6939.646484375
2625,8925.2099609375
2626,7729.62109375
2627,12853.751953125
2628,10375.5244140625
2629,8665.4501953125
2630,11078.314453125
2631,8552.056640625
2632,12910.986328125
2633,5829.677734375
2634,18079.94140625
2635,6411.05322265625
2636,8173.6865234375
2637,11235.783203125
2638,7212.9404296875
2639,9107.451171875
2640,9133.958984375
2641,11378.32421875
2642,7677.44677734375
2643,7703.99755859375
2644,10636.0537109375
2645,10005.2490234375
2646,9839.9482421875
2647,6876.64697265625
2648,9439.4248046875
2649,16229.6025390625
2650,8972.37890625
2651,6908.14306640625
2652,9703.3671875
2653,7532.5
2654,8090.75
2655,9846.6796875
2656,5646.44921875
2657,12271.4072265625
2658,9215.3896484375
2659,9973.998046875
2660,10338.4384765625
2661,5716.3857421875
2662,8555.779296875
2663,8198.65234375
2664,12361.3583984375
2665,11298.708984375
2666,6095.92724609375
2667,6309.498046875
2668,9336.15234375
2669,8700.6904296875
2670,8011.3515625
2671,9550.396484375
2672,9461.783203125
2673,10054.576171875
2674,7789.1806640625
2675,6425.005859375
2676,10658.939453125
2677,10990.8466796875
2678,9491.09375
2679,12561.1220703125
2680,11912.9716796875
2681,8301.275390625
2682,13109.2666015625
2683,8424.77734375
2684,10349.791015625
2685,13153.66015625
2686,8769.8037109375
2687,13960.33984375
2688,9672.833984375
2689,11964.6416015625
2690,8529.908203125
2691,9461.40625
2692,11561.2197265625
2693,9074.0556640625
2694,4805.5087890625
2695,7340.4892578125
2696,11718.556640625
2697,8109.05517578125
2698,6729.35498046875
2699,13170.59765625
2700,7639.95458984375
2701,6870.08203125
2702,8112.96044921875
2703,8516.033203125
2704,10468.671875
2705,10159.1669921875
2706,9926.8837890625
2707,7910.6640625
2708,7914.0185546875
2709,9861.283203125
2710,6652.86572265625
2711,8728.4189453125
2712,7826.22900390625
2713,11264.9228515625
2714,8902.3662109375
2715,7961.896484375
2716,15937.26171875
2717,7940.76611328125
2718,6931.93603515625
2719,13886.2841796875
2720,9178.23828125
2721,11835.947265625
2722,9529.009765625
2723,6073.47021484375
2724,8800.064453125
2725,7498.1064453125
2726,11454.64453125
2727,17331.607421875
2728,8720.5966796875
2729,4386.43017578125
2730,6579.7978515625
2731,10944.76953125
2732,11258.001953125
2733,9483.662109375
2734,9297.2763671875
2735,5983.86669921875
2736,6182.76416015625
2737,5295.392578125
2738,7926.57763671875
2739,8165.32275390625
2740,10840.5888671875
2741,9592.203125
2742,11157.5537109375
2743,10621.2880859375
2744,12890.453125
2745,10140.0859375
2746,8415.09375
2747,12605.171875
2748,16933.201171875
2749,8880.1630859375
2750,10099.4765625
2751,7989.56591796875
2752,9694.9736328125
2753,7744.44189453125
2754,10238.6181640625
2755,10413.19140625
2756,11720.6474609375
2757,9432.412109375
2758,11766.9375
2759,10030.7412109375
2760,7474.56591796875
2761,13105.9375
2762,23137.333984375
2763,15215.2412109375
2764,9609.98828125
2765,4328.22509765625
2766,8595.46484375
2767,10311.2138671875
2768,8072.7041015625
2769,13430.6669921875
2770,18489.017578125
2771,5601.90771484375
2772,8086.9990234375
2773,10153.759765625
2774,7412.10498046875
2775,12397.9873046875
2776,9516.5380859375
2777,11751.318359375
2778,6167.23046875
2779,9354.970703125
2780,8922.708984375
2781,10589.91015625
2782,15367.443359375
2783,8041.69287109375
2784,8310.666015625
2785,8767.150390625
2786,7826.7529296875
2787,6837.71923828125
2788,9907.23828125
2789,9203.349609375
2790,8128.140625
2791,10791.599609375
2792,8835.3896484375
2793,7526.25
2794,9020.5166015625
2795,10558.84375
2796,12361.0791015625
2797,9110.4736328125
2798,10097.2373046875
2799,7244.67041015625
2800,5529.685546875
2801,8386.1240234375
2802,7356.86865234375
2803,8317.1826171875
2804,5471.60498046875
2805,12155.3359375
2806,11215.1328125
2807,11993.0029296875
2808,9282.9755859375
2809,9581.8994140625
2810,7075.11669921875
2811,6480.33837890625
2812,15067.1005859375
2813,6616.90234375
2814,9650.921875
2815,19525.794921875
2816,9670.7939453125
2817,8398.8984375
2818,7057.34619140625
2819,6705.3173828125
2820,9297.666015625
2821,5049.1865234375
2822,8430.9287109375
2823,13081.328125
2824,6968.05810546875
2825,20895.54296875
2826,17290.763671875
2827,7051.8447265625
2828,10911.892578125
2829,7407.83984375
2830,9544.5390625
2831,8773.1376953125
2832,17538.181640625
2833,9882.119140625
2834,13062.6591796875
2835,7125.44287109375
2836,9662.916015625
2837,7788.134765625
2838,11028.904296875
2839,9916.3798828125
2840,8460.779296875
2841,8674.99609375
2842,7483.68212890625
2843,12668.361328125
2844,11850.59765625
2845,7853.57568359375
2846,14802.97265625
2847,8707.03515625
2848,13337.8955078125
2849,6344.6142578125
2850,7407.15478515625
2851,8536.9208984375
2852,15972.4013671875
2853,8647.8447265625
2854,10744.83984375
2855,9680.0146484375
2856,12304.6123046875
2857,6654.56884765625
2858,10145.5166015625
2859,8987.55859375
2860,6072.27783203125
2861,15013.2900390625
2862,20660.349609375
2863,10849.986328125
2864,10272.1728515625
2865,12806.8515625
2866,14811.0537109375
2867,15210.2001953125
2868,8116.947265625
2869,11853.7880859375
2870,9237.10546875
2871,11771.6259765625
2872,6122.251953125
2873,8807.36328125
2874,7879.37548828125
2875,8035.85791015625
2876,10682.73046875
2877,7818.4873046875
2878,7782.966796875
2879,10401.40234375
2880,5531.3056640625
2881,6790.93017578125
2882,8664.908203125
2883,9781.1630859375
2884,13737.7373046875
2885,11794.091796875
2886,9482.6181640625
2887,8700.1591796875
2888,8765.75390625
2889,13444.634765625
2890,9847.2236328125
2891,7964.6982421875
2892,7152.0087890625
2893,11445.4228515625
2894,5668.44091796875
2895,9692.251953125
2896,5341.58447265625
2897,7145.4541015625
2898,11634.9267578125
2899,8591.138671875
2900,8414.78125
2901,11881.7724609375
2902,12315.0595703125
2903,14921.25
2904,8539.65234375
2905,12326.646484375
2906,4632.35205078125
2907,7223.36474609375
2908,8699.7099609375
2909,6077.45068359375
2910,9315.158203125
2911,7541.97705078125
2912,9630.21875
2913,11939.2509765625
2914,15775.8994140625
2915,10932.8916015625
2916,7478.08544921875
2917,8762.04296875
2918,11464.666015625
2919,9144.0576171875
2920,8385.55859375
2921,8342.2705078125
2922,9607.2509765625
2923,13106.87109375
2924,7054.97705078125
2925,9343.896484375
2926,11863.857421875
2927,10454.27734375
2928,16143.8837890625
2929,8438.64453125
2930,18092.267578125
2931,9703.134765625
2932,7603.77392578125
2933,4489.7578125
2934,8136.22802734375
2935,8908.609375
2936,8681.7392578125
2937,8814.0595703125
2938,7342.7353515625
2939,6582.3056640625
2940,8956.310546875
2941,5520.56494140625
2942,8254.0869140625
2943,10349.513671875
2944,10556.5517578125
2945,12586.3505859375
2946,8729.0595703125
2947,11391.744140625
2948,6915.525390625
2949,7753.7880859375
2950,7832.38427734375
2951,7122.38623046875
2952,13554.0771484375
2953,9129.490234375
2954,6850.16064453125
2955,10321.6650390625
2956,13998.599609375
2957,10694.728515625
2958,9496.9716796875
2959,11803.708984375
2960,7061.056640625
2961,7566.8857421875
2962,8930.248046875
2963,11029.119140625
2964,8446.283203125
2965,9334.681640625
2966,8529.3828125
2967,7517.525390625
2968,5280.48779296875
2969,6552.615234375
2970,10979.3408203125
2971,11522.8349609375
2972,14249.0546875
2973,16837.642578125
2974,10539.224609375
2975,7910.29248046875
2976,6961.0986328125
2977,13249.9716796875
2978,15197.8876953125
2979,12368.2822265625
2980,11707.9609375
2981,11192.404296875
2982,7743.484375
2983,5873.24951171875
2984,10979.5458984375
2985,10467.029296875
2986,10080.94140625
2987,7987.97412109375
2988,5040.56201171875
2989,15670.4912109375
2990,9649.5244140625
2991,9138.337890625
2992,6264.1396484375
2993,6988.19775390625
2994,8774.9189453125
2995,12433.3544921875
2996,8086.82666015625
2997,7214.703125
2998,6807.5087890625
2999,6289.6552734375
3000,4720.7578125
3001,9578.6865234375
3002,19141.98828125
3003,5904.54736328125
3004,7931.0810546875
3005,9265.6376953125
3006,6921.18408203125
3007,7346.16748046875
3008,7314.95849609375
3009,6050.837890625
3010,10130.5224609375
3011,10619.2998046875
3012,5384.84033203125
3013,12844.10546875
3014,9161.1865234375
3015,7584.90673828125
3016,12132.703125
3017,11263.478515625
3018,10822.2080078125
3019,8909.185546875
3020,9305.5478515625
3021,6683.3037109375
3022,6953.298828125
3023,16814.564453125
3024,14927.541015625
3025,9233.056640625
3026,7554.49609375
3027,7976.09521484375
3028,8013.50830078125
3029,6578.9130859375
3030,12752.603515625
3031,7581.75341796875
3032,7584.72705078125
3033,10438.2666015625
3034,6297.20458984375
3035,8434.7451171875
3036,9419.5185546875
3037,10668.6484375
3038,10550.154296875
3039,7271.31982421875
3040,7857.40869140625
3041,9942.7314453125
3042,12869.5283203125
3043,10291.7119140625
3044,9695.2578125
3045,5878.04443359375
3046,10226.2646484375
3047,8262.1953125
3048,6279.7421875
3049,9449.7822265625
3050,10611.62890625
3051,9508.802734375
3052,10235.24609375
3053,8723.982421875
3054,9514.900390625
3055,8132.02197265625
3056,9318.5927734375
3057,8698.3583984375
3058,10954.001953125
3059,13211.3828125
3060,8283.7685546875
3061,7190.314453125
3062,16664.025390625
3063,7059.72119140625
3064,5862.0400390625
3065,9959.5986328125
3066,12317.0478515625
3067,14678.1865234375
3068,5591.13232421875
3069,8846.630859375
3070,7165.1826171875
3071,9823.7314453125
3072,8669.1845703125
3073,12525.734375
3074,3970.034912109375
3075,8076.09912109375
3076,9306.0029296875
3077,8223.8623046875
3078,7463.06298828125
3079,9857.3408203125
3080,13076.8701171875
3081,7572.16552734375
3082,11465.1181640625
3083,10341.9716796875
3084,12677.9814453125
3085,6676.802734375
3086,8075.029296875
3087,8401.421875
3088,11465.966796875
3089,10734.94921875
3090,6025.576171875
3091,9750.341796875
3092,12125.4853515625
3093,10444.494140625
3094,6555.396484375
3095,5317.90234375
3096,12883.1982421875
3097,8855.1572265625
3098,12309.1884765625
3099,10180.5400390625
3100,7253.330078125
3101,12141.55859375
3102,10053.32421875
3103,10993.478515625
3104,11128.740234375
3105,9227.83203125
3106,11389.0166015625
3107,13121.0673828125
3108,9936.630859375
3109,6916.02197265625
3110,8776.0751953125
3111,5874.61572265625
3112,0.0
3113,11451.21484375
3114,7035.06787109375
3115,11787.541015625
3116,6605.94091796875
3117,8349.2841796875
3118,7796.85888671875
3119,12771.5693359375
3120,7345.6455078125
3121,6607.68310546875
3122,8382.5439453125
3123,10084.9189453125
3124,7361.21142578125
3125,9669.6572265625
3126,9911.4619140625
3127,10310.2197265625
3128,11711.24609375
3129,9030.029296875
3130,7148.1455078125
3131,6954.99560546875
3132,6349.09912109375
3133,15733.736328125
3134,11951.302734375
3135,9261.2265625
3136,15981.5859375
3137,7685.07666015625
3138,7384.15283203125
3139,9159.11328125
3140,11575.703125
3141,15291.6845703125
3142,9794.626953125
3143,11499.3984375
3144,12483.3095703125
3145,9212.2451171875
3146,9892.787109375
3147,9048.419921875
3148,8322.3017578125
3149,7557.77197265625
3150,6402.71826171875
3151,7718.5234375
3152,11580.869140625
3153,21065.861328125
3154,10222.501953125
3155,8447.7646484375
3156,10704.8359375
3157,7486.6171875
3158,9498.140625
3159,4790.6240234375
3160,14104.4150390625
3161,9531.03515625
3162,9356.474609375
3163,17960.85546875
3164,12885.0400390625
3165,8282.5810546875
3166,9632.3447265625
3167,5496.625
3168,6757.23388671875
3169,7806.6494140625
3170,11548.35546875
3171,7242.95654296875
3172,6907.2958984375
3173,7999.93505859375
3174,7733.17529296875
3175,8506.099609375
3176,11215.7353515625
3177,4000.983154296875
3178,9579.8857421875
3179,12345.080078125
3180,11108.2099609375
3181,8905.6279296875
3182,6561.36181640625
3183,11781.501953125
3184,5818.92822265625
3185,12543.5703125
3186,7568.94580078125
3187,7830.04150390625
3188,9465.1435546875
3189,7345.70068359375
3190,6443.6455078125
3191,8538.931640625
3192,10650.873046875
3193,12745.18359375
3194,14779.8466796875
3195,7769.125
3196,4938.86083984375
3197,7818.4599609375
3198,7571.306640625
3199,6623.0546875
3200,9656.1240234375
3201,8315.2529296875
3202,15687.9677734375
3203,11398.416015625
3204,7325.51611328125
3205,10004.8193359375
3206,6882.0966796875
3207,12005.5615234375
3208,7814.69482421875
3209,16074.3876953125
3210,9175.134765625
3211,8120.35595703125
3212,7585.884765625
3213,6134.40087890625
3214,9448.52734375
3215,24438.77734375
3216,6207.67529296875
3217,6213.1611328125
3218,14795.134765625
3219,8547.720703125
3220,9945.72265625
3221,11218.8642578125
3222,9425.0302734375
3223,8929.0908203125
3224,6090.47265625
3225,12487.9560546875
3226,8379.9365234375
3227,8775.37109375
3228,9526.7099609375
3229,6249.6220703125
3230,10360.58203125
3231,8443.9375
3232,5171.9931640625
3233,11694.8671875
3234,10737.0048828125
3235,5524.34521484375
3236,10286.6328125
3237,9530.103515625
3238,6427.0869140625
3239,11926.416015625
3240,8673.7138671875
3241,9981.150390625
3242,6524.923828125
3243,7598.99560546875
3244,8261.0517578125
3245,0.0
3246,10803.4873046875
3247,6857.6884765625
3248,7312.0234375
3249,7110.0537109375
3250,8881.763671875
3251,8295.0625
3252,9131.578125
3253,11414.9326171875
3254,10528.62109375
3255,8553.490234375
3256,9681.2294921875
3257,7633.595703125
3258,11821.4208984375
3259,13556.6650390625
3260,8944.6875
3261,4082.7919921875
3262,7468.25830078125
3263,10188.6220703125
3264,5775.82275390625
3265,15079.48828125
3266,8146.24365234375
3267,10904.51171875
3268,13836.109375
3269,7568.67529296875
3270,6799.421875
3271,19169.013671875
3272,13457.54296875
3273,7663.61767578125
3274,11328.693359375
3275,11839.2529296875
3276,8884.728515625
3277,7524.20947265625
3278,9571.3037109375
3279,7379.13623046875
3280,8467.0009765625
3281,9828.404296875
3282,6460.1162109375
3283,8870.740234375
3284,10842.0966796875
3285,9789.0888671875
3286,12991.833984375
3287,8227.6513671875
3288,8688.2841796875
3289,6161.16064453125
3290,9536.1337890625
3291,9506.615234375
3292,8083.24853515625
3293,9605.3125
3294,9896.9931640625
3295,12876.8486328125
3296,8707.3251953125
3297,7026.87451171875
3298,8742.443359375
3299,9299.3203125
3300,8354.6767578125
3301,6689.529296875
3302,6742.65234375
3303,8570.1884765625
3304,8114.0341796875
3305,8772.30859375
3306,10708.4052734375
3307,8078.17138671875
3308,8674.2138671875
3309,6998.21484375
3310,4915.591796875
3311,11252.8759765625
3312,8979.5390625
3313,10238.7734375
3314,12055.2158203125
3315,11780.7314453125
3316,6842.3154296875
3317,10059.029296875
3318,6642.56689453125
3319,4809.9755859375
3320,10541.033203125
3321,13901.818359375
3322,10035.859375
3323,10618.951171875
3324,7153.9423828125
3325,10101.767578125
3326,12099.2109375
3327,8455.0615234375
3328,10481.3525390625
3329,6230.00341796875
3330,6143.26171875
3331,7776.7705078125
3332,7043.52001953125
3333,7287.65234375
3334,8772.7626953125
3335,9021.068359375
3336,6263.06591796875
3337,9053.69140625
3338,11300.5458984375
3339,8109.234375
3340,8625.4697265625
3341,9397.6533203125
3342,7970.3955078125
3343,6260.259765625
3344,11797.0927734375
3345,10324.7958984375
3346,8060.62646484375
3347,5732.6435546875
3348,17805.31640625
3349,9265.091796875
3350,8795.4521484375
3351,12880.3671875
3352,9525.1806640625
3353,11501.83984375
3354,8031.3916015625
3355,9586.8935546875
3356,11457.513671875
3357,19117.6953125
3358,8022.34716796875
3359,8232.0908203125
3360,6485.927734375
3361,8792.6171875
3362,8199.4501953125
3363,8053.88671875
3364,10767.6796875
3365,7850.95068359375
3366,6349.24169921875
3367,8401.123046875
3368,11815.6865234375
3369,6809.36962890625
3370,10297.8134765625
3371,5486.36865234375
3372,9539.63671875
3373,11124.7890625
3374,9915.0205078125
3375,11692.1162109375
3376,9326.47265625
3377,7306.66845703125
3378,8683.7001953125
3379,9960.1640625
3380,11766.755859375
3381,9329.369140625
3382,11364.671875
3383,8672.365234375
3384,6736.03369140625
3385,12496.259765625
3386,5461.47265625
3387,12919.2119140625
3388,8793.8984375
3389,7416.712890625
3390,9822.7275390625
3391,7842.5029296875
3392,12220.794921875
3393,11601.87109375
3394,5685.84716796875
3395,6868.0458984375
3396,11411.0302734375
3397,13397.0537109375
3398,12445.552734375
3399,7813.3603515625
3400,7647.3037109375
3401,10071.2841796875
3402,9281.1611328125
3403,7725.99267578125
3404,13830.63671875
3405,12945.1376953125
3406,14918.7626953125
3407,7049.5810546875
3408,7291.37744140625
3409,0.0
3410,12806.705078125
3411,8393.2958984375
3412,15485.9658203125
3413,8031.36279296875
3414,9490.1376953125
3415,8224.42578125
3416,9214.310546875
3417,7364.81640625
3418,10051.044921875
3419,8350.7822265625
3420,7799.712890625
3421,15719.0732421875
3422,8634.1376953125
3423,25205.162109375
3424,10227.05859375
3425,0.0
3426,0.0
3427,0.0
3428,0.0
3429,0.0
3430,0.0
3431,0.0
3432,0.0
3433,0.0
3434,0.0
3435,0.0
3436,0.0
3437,0.0
3438,0.0
3439,0.0
3440,0.0
3441,0.0
3442,0.0
3443,0.0
3444,0.0
3445,0.0
3446,0.0
3447,0.0
3448,0.0
3449,0.0
3450,0.0
3451,0.0
3452,0.0
3453,0.0
3454,0.0
3455,0.0
3456,0.0
3457,0.0
3458,0.0
3459,0.0
3460,0.0
3461,0.0
3462,0.0
3463,0.0
3464,0.0
3465,0.0
3466,0.0
3467,0.0
3468,0.0
3469,0.0
3470,0.0
3471,0.0
3472,0.0
3473,0.0
3474,0.0
3475,0.0
3476,0.0
3477,0.0
3478,0.0
3479,0.0
3480,0.0
3481,0.0
3482,0.0
3483,0.0
3484,0.0
3485,0.0
3486,0.0
3487,0.0
3488,0.0
3489,0.0
3490,0.0
3491,0.0
3492,0.0
3493,0.0
3494,0.0
3495,0.0
3496,0.0
3497,0.0
3498,0.0
3499,0.0
3500,0.0
3501,0.0
3502,0.0
3503,0.0
3504,0.0
3505,0.0
3506,0.0
3507,0.0
3508,0.0
3509,0.0
3510,0.0
3511,0.0
3512,0.0
3513,0.0
3514,0.0
3515,0.0
3516,3397.533447265625
3517,0.0
3518,0.0
3519,0.0
3520,0.0
3521,0.0
3522,0.0
3523,0.0
3524,0.0
3525,0.0
3526,0.0
3527,0.0
3528,0.0
3529,0.0
3530,0.0
3531,0.0
3532,0.0
3533,0.0
3534,0.0
3535,0.0
3536,0.0
3537,0.0
3538,0.0
3539,0.0
3540,0.0
3541,0.0
3542,0.0
3543,0.0
3544,0.0
3545,0.0
3546,0.0
3547,0.0
3548,0.0
3549,0.0
3550,0.0
3551,0.0
3552,0.0
3553,0.0
3554,0.0
3555,0.0
3556,0.0
3557,0.0
3558,0.0
3559,0.0
3560,0.0
3561,0.0
3562,0.0
3563,0.0
3564,0.0
3565,0.0
3566,0.0
3567,0.0
3568,0.0
3569,0.0
3570,0.0
3571,0.0
3572,0.0
3573,0.0
3574,0.0
3575,0.0
3576,0.0
3577,0.0
3578,0.0
3579,0.0
3580,0.0
3581,0.0
3582,0.0
3583,0.0
3584,3107.287841796875
3585,0.0
3586,0.0
3587,0.0
3588,0.0
3589,0.0
3590,0.0
3591,0.0
3592,0.0
3593,0.0
3594,0.0
3595,0.0
3596,0.0
3597,0.0
3598,0.0
3599,0.0
3600,0.0
3601,0.0
3602,0.0
3603,0.0
3604,0.0
3605,0.0
3606,0.0
3607,0.0
3608,0.0
3609,0.0
3610,0.0
3611,0.0
3612,0.0
3613,0.0
3614,0.0
3615,0.0
3616,0.0
3617,0.0
3618,0.0
3619,0.0
3620,0.0
3621,0.0
3622,0.0
3623,0.0
3624,0.0
3625,17168.482421875
3626,30097.234375
3627,0.0
3628,0.0
3629,0.0
3630,0.0
3631,0.0
3632,0.0
3633,0.0
3634,8312.666015625
3635,0.0
3636,0.0
3637,0.0
3638,0.0
3639,0.0
3640,0.0
3641,0.0
3642,0.0
3643,0.0
3644,0.0
3645,0.0
3646,0.0
3647,0.0
3648,0.0
3649,0.0
3650,0.0
3651,0.0
3652,0.0
3653,4962.10888671875
3654,0.0
3655,0.0
3656,0.0
3657,0.0
3658,0.0
3659,0.0
3660,0.0
3661,0.0
3662,0.0
3663,3906.891845703125
3664,0.0
3665,0.0
3666,0.0
3667,0.0
3668,0.0
3669,0.0
3670,0.0
3671,0.0
3672,0.0
3673,0.0
3674,0.0
3675,0.0
3676,0.0
3677,0.0
3678,0.0
3679,0.0
3680,0.0
3681,8312.0439453125
3682,0.0
3683,0.0
3684,0.0
3685,0.0
3686,0.0
3687,0.0
3688,0.0
3689,0.0
3690,0.0
3691,0.0
3692,0.0
3693,0.0
3694,0.0
3695,0.0
3696,0.0
3697,0.0
3698,9071.8125
3699,0.0
3700,0.0
3701,0.0
3702,0.0
3703,0.0
3704,0.0
3705,0.0
3706,0.0
3707,0.0
3708,0.0
3709,0.0
3710,0.0
3711,0.0
3712,0.0
3713,0.0
3714,0.0
3715,0.0
3716,0.0
3717,0.0
3718,0.0
3719,0.0
3720,0.0
3721,0.0
3722,0.0
3723,0.0
3724,0.0
3725,0.0
3726,0.0
3727,0.0
3728,0.0
3729,0.0
3730,0.0
3731,0.0
3732,0.0
3733,0.0
3734,0.0
3735,0.0
3736,0.0
3737,0.0
3738,0.0
3739,0.0
3740,0.0
3741,0.0
3742,0.0
3743,0.0
3744,0.0
3745,0.0
3746,0.0
3747,0.0
3748,0.0
3749,0.0
3750,0.0
3751,0.0
3752,0.0
3753,0.0
3754,0.0
3755,0.0
3756,0.0
3757,0.0
3758,0.0
3759,0.0
3760,2306.399658203125
3761,0.0
3762,0.0
3763,0.0
3764,0.0
3765,0.0
3766,0.0
3767,0.0
3768,0.0
3769,0.0
3770,0.0
3771,0.0
3772,0.0
3773,0.0
3774,4440.53759765625
3775,0.0
3776,0.0
3777,0.0
3778,0.0
3779,0.0
3780,0.0
3781,0.0
3782,0.0
3783,0.0
3784,0.0
3785,0.0
3786,0.0
3787,0.0
3788,0.0
3789,0.0
3790,0.0
3791,0.0
3792,0.0
3793,0.0
3794,0.0
3795,0.0
3796,0.0
3797,0.0
3798,0.0
3799,0.0
3800,0.0
3801,0.0
3802,0.0
3803,0.0
3804,0.0
3805,0.0
3806,0.0
3807,0.0
3808,0.0
3809,0.0
3810,0.0
3811,0.0
3812,0.0
3813,0.0
3814,0.0
3815,0.0
3816,0.0
3817,7786.35205078125
3818,0.0
3819,0.0
3820,0.0
3821,0.0
3822,0.0
3823,0.0
3824,0.0
3825,0.0
3826,0.0
3827,2917.440673828125
3828,0.0
3829,0.0
3830,0.0
3831,5113.06494140625
3832,0.0
3833,0.0
3834,0.0
3835,0.0
3836,0.0
3837,0.0
3838,0.0
3839,0.0
3840,0.0
3841,0.0
3842,0.0
3843,0.0
3844,0.0
3845,0.0
3846,0.0
3847,0.0
3848,0.0
3849,0.0
3850,0.0
3851,0.0
3852,0.0
3853,0.0
3854,0.0
3855,0.0
3856,0.0
3857,0.0
3858,21149.076171875
3859,0.0
3860,0.0
3861,0.0
3862,0.0
3863,0.0
3864,0.0
3865,0.0
3866,0.0
3867,0.0
3868,0.0
3869,0.0
3870,0.0
3871,0.0
3872,6349.990234375
3873,0.0
3874,0.0
3875,0.0
3876,0.0
3877,0.0
3878,0.0
3879,0.0
3880,0.0
3881,0.0
3882,0.0
3883,0.0
3884,0.0
3885,0.0
3886,0.0
3887,0.0
3888,0.0
3889,0.0
3890,0.0
3891,0.0
3892,0.0
3893,0.0
3894,0.0
3895,0.0
3896,0.0
3897,0.0
3898,0.0
3899,0.0
3900,0.0
3901,0.0
3902,0.0
3903,0.0
3904,0.0
3905,0.0
3906,0.0
3907,0.0
3908,0.0
3909,0.0
3910,0.0
3911,0.0
3912,0.0
3913,0.0
3914,0.0
3915,0.0
3916,0.0
3917,0.0
3918,0.0
3919,0.0
3920,0.0
3921,0.0
3922,0.0
3923,0.0
3924,0.0
3925,0.0
3926,0.0
3927,0.0
3928,0.0
3929,0.0
3930,0.0
3931,0.0
3932,0.0
3933,0.0
3934,0.0
3935,0.0
3936,0.0
3937,0.0
3938,0.0
3939,0.0
3940,0.0
3941,0.0
3942,0.0
3943,0.0
3944,0.0
3945,0.0
3946,0.0
3947,13802.20703125
3948,0.0
3949,0.0
3950,0.0
3951,0.0
3952,0.0
3953,0.0
3954,0.0
3955,0.0
3956,0.0
3957,0.0
3958,0.0
3959,0.0
3960,0.0
3961,0.0
3962,0.0
3963,0.0
3964,0.0
3965,0.0
3966,0.0
3967,0.0
3968,0.0
3969,0.0
3970,0.0
3971,0.0
3972,0.0
3973,0.0
3974,0.0
3975,0.0
3976,0.0
3977,0.0
3978,0.0
3979,0.0
3980,0.0
3981,0.0
3982,0.0
3983,0.0
3984,0.0
3985,0.0
3986,0.0
3987,0.0
3988,0.0
3989,0.0
3990,0.0
3991,3652.94775390625
3992,16933.61328125
3993,0.0
3994,0.0
3995,0.0
3996,0.0
3997,0.0
3998,0.0
3999,0.0
4000,0.0
4001,0.0
4002,0.0
4003,0.0
4004,0.0
4005,0.0
4006,0.0
4007,0.0
4008,0.0
4009,0.0
4010,0.0
4011,0.0
4012,0.0
4013,0.0
4014,0.0
4015,0.0
4016,0.0
4017,0.0
4018,0.0
4019,0.0
4020,11389.86328125
4021,0.0
4022,0.0
4023,0.0
4024,0.0
4025,0.0
4026,0.0
4027,0.0
4028,0.0
4029,0.0
4030,0.0
4031,0.0
4032,0.0
4033,0.0
4034,0.0
4035,0.0
4036,0.0
4037,0.0
4038,0.0
4039,0.0
4040,0.0
4041,0.0
4042,0.0
4043,0.0
4044,0.0
4045,0.0
4046,0.0
4047,0.0
4048,0.0
4049,0.0
4050,0.0
4051,0.0
4052,0.0
4053,0.0
4054,0.0
4055,0.0
4056,0.0
4057,0.0
4058,0.0
4059,0.0
4060,0.0
4061,0.0
4062,0.0
4063,0.0
4064,0.0
4065,0.0
4066,0.0
4067,0.0
4068,0.0
4069,0.0
4070,0.0
4071,0.0
4072,0.0
4073,0.0
4074,0.0
4075,0.0
4076,0.0
4077,0.0
4078,0.0
4079,0.0
4080,0.0
4081,0.0
4082,0.0
4083,0.0
4084,0.0
4085,0.0
4086,0.0
4087,0.0
4088,0.0
4089,0.0
4090,2542.356201171875
4091,0.0
4092,0.0
4093,0.0
4094,2421.529541015625
4095,0.0
4096,0.0
4097,0.0
4098,0.0
4099,0.0
4100,0.0
4101,0.0
4102,0.0
4103,0.0
4104,0.0
4105,0.0
4106,0.0
4107,0.0
4108,0.0
4109,0.0
4110,0.0
4111,0.0
4112,0.0
4113,0.0
4114,0.0
4115,0.0
4116,0.0
4117,0.0
4118,0.0
4119,0.0
4120,0.0
4121,0.0
4122,0.0
4123,0.0
4124,0.0
4125,0.0
4126,0.0
4127,0.0
4128,0.0
4129,0.0
4130,0.0
4131,0.0
4132,0.0
4133,0.0
4134,0.0
4135,0.0
4136,0.0
4137,0.0
4138,0.0
4139,0.0
4140,0.0
4141,0.0
4142,0.0
4143,0.0
4144,0.0
4145,2698.582275390625
4146,0.0
4147,0.0
4148,0.0
4149,0.0
4150,0.0
4151,0.0
4152,0.0
4153,0.0
4154,0.0
4155,0.0
4156,0.0
4157,0.0
4158,0.0
4159,0.0
4160,11763.494140625
4161,0.0
4162,0.0
4163,0.0
4164,0.0
4165,0.0
4166,0.0
4167,0.0
4168,0.0
4169,0.0
4170,0.0
4171,0.0
4172,0.0
4173,0.0
4174,0.0
4175,0.0
4176,0.0
4177,0.0
4178,0.0
4179,0.0
4180,0.0
4181,0.0
4182,0.0
4183,0.0
4184,0.0
4185,0.0
4186,0.0
4187,0.0
4188,0.0
4189,0.0
4190,0.0
4191,0.0
4192,0.0
4193,0.0
4194,0.0
4195,0.0
4196,0.0
4197,0.0
4198,0.0
4199,0.0
4200,0.0
4201,0.0
4202,0.0
4203,0.0
4204,0.0
4205,0.0
4206,0.0
4207,0.0
4208,0.0
4209,0.0
4210,0.0
4211,0.0
4212,0.0
4213,0.0
4214,0.0
4215,0.0
4216,0.0
4217,0.0
4218,0.0
4219,0.0
4220,0.0
4221,0.0
4222,0.0
4223,0.0
4224,3470.999755859375
4225,0.0
4226,0.0
4227,0.0
4228,0.0
4229,0.0
4230,0.0
4231,0.0
4232,0.0
4233,0.0
4234,0.0
4235,0.0
4236,0.0
4237,0.0
4238,0.0
4239,0.0
4240,0.0
4241,0.0
4242,0.0
4243,0.0
4244,0.0
4245,0.0
4246,0.0
4247,0.0
4248,0.0
4249,0.0
4250,0.0
4251,0.0
4252,0.0
4253,0.0
4254,0.0
4255,0.0
4256,0.0
4257,0.0
4258,0.0
4259,0.0
4260,0.0
4261,0.0
4262,0.0
4263,0.0
4264,0.0
4265,14382.2646484375
4266,5295.48779296875
4267,0.0
4268,0.0
4269,0.0
4270,0.0
4271,0.0
4272,0.0
4273,0.0
4274,0.0
4275,0.0
4276,0.0
4277,0.0
4278,0.0
4279,0.0
4280,0.0
4281,4505.94287109375
4282,3658.208984375
4283,6250.6181640625
4284,3885.604736328125
4285,6272.90771484375
4286,4395.08984375
4287,5775.681640625
4288,6123.73291015625
4289,4173.44287109375
4290,3362.677001953125
4291,5744.94482421875
4292,5349.0
4293,4487.16552734375
4294,7186.314453125
4295,5993.7919921875
4296,3587.1884765625
4297,5307.62890625
4298,7253.361328125
4299,7807.97607421875
4300,5734.17333984375
4301,7719.0419921875
4302,3580.364501953125
4303,5671.47509765625
4304,2692.319091796875
4305,7731.08203125
4306,7225.37158203125
4307,8782.1435546875
4308,6055.96240234375
4309,4206.78857421875
4310,4877.3427734375
4311,5533.560546875
4312,7425.96826171875
4313,4157.04248046875
4314,5679.98193359375
4315,5133.32470703125
4316,5852.28515625
4317,2358.932861328125
4318,8264.0234375
4319,4294.5234375
4320,7328.36865234375
4321,6276.8525390625
4322,3700.10888671875
4323,8758.787109375
4324,6230.0751953125
4325,4886.5029296875
4326,4008.32666015625
4327,7335.2841796875
4328,9953.322265625
4329,6019.09033203125
4330,6035.22900390625
4331,8627.1435546875
4332,8079.87109375
4333,5890.01171875
4334,6463.37109375
4335,2768.466796875
4336,2701.607177734375
4337,4735.978515625
4338,6233.060546875
4339,9922.4775390625
4340,7391.8310546875
4341,4449.17041015625
4342,8176.3837890625
4343,7859.8583984375
4344,5400.52685546875
4345,3202.29150390625
4346,10615.8603515625
4347,2919.701416015625
4348,4887.70166015625
4349,6189.818359375
4350,4180.13720703125
4351,5373.79296875
4352,3296.36181640625
4353,5980.908203125
4354,4396.716796875
4355,6100.49560546875
4356,8565.564453125
4357,6836.736328125
4358,5305.2119140625
4359,3329.473876953125
4360,7513.56787109375
4361,11804.009765625
4362,6264.65283203125
4363,2922.9013671875
4364,6631.294921875
4365,5331.99072265625
4366,6787.8642578125
4367,8933.205078125
4368,2326.696533203125
4369,7377.40771484375
4370,5410.38916015625
4371,6025.97998046875
4372,6551.96240234375
4373,2478.863525390625
4374,4435.7294921875
4375,5097.0361328125
4376,8164.30322265625
4377,7497.4130859375
4378,4236.23876953125
4379,3763.8017578125
4380,7162.1142578125
4381,6281.1884765625
4382,4834.4091796875
4383,5034.57568359375
4384,4793.23583984375
4385,6559.04150390625
4386,4598.96728515625
4387,2881.496826171875
4388,5492.91162109375
4389,6695.5498046875
4390,6543.7666015625
4391,6909.6240234375
4392,7746.162109375
4393,4138.59423828125
4394,8179.86962890625
4395,3202.75244140625
4396,3321.6513671875
4397,8427.8525390625
4398,6506.42822265625
4399,6884.37548828125
4400,9851.1005859375
4401,6604.8408203125
4402,5883.5634765625
4403,6242.5263671875
4404,7459.8779296875
4405,4313.50146484375
4406,2387.046875
4407,5275.08544921875
4408,4974.25830078125
4409,5054.88134765625
4410,3211.420654296875
4411,5361.576171875
4412,6341.921875
4413,5580.0419921875
4414,6180.15576171875
4415,3212.674072265625
4416,5979.83154296875
4417,6849.96337890625
4418,3862.340576171875
4419,5614.6025390625
4420,3601.68359375
4421,5482.1494140625
4422,4570.541015625
4423,4288.94189453125
4424,4932.75
4425,7248.99853515625
4426,6838.48779296875
4427,6320.8818359375
4428,13487.1240234375
4429,4078.056640625
4430,5006.2109375
4431,10286.330078125
4432,5620.2744140625
4433,8206.703125
4434,5980.5380859375
4435,4685.98193359375
4436,6759.19775390625
4437,4707.1455078125
4438,4690.89501953125
4439,7930.9228515625
4440,4899.95068359375
4441,2615.428466796875
4442,2973.384521484375
4443,6923.96044921875
4444,8118.5673828125
4445,6436.62890625
4446,6305.56591796875
4447,4501.75732421875
4448,2215.151611328125
4449,2421.437744140625
4450,3488.144775390625
4451,5624.69091796875
4452,7355.75341796875
4453,5527.98583984375
4454,7116.4892578125
4455,8115.94482421875
4456,8142.11572265625
4457,7015.919921875
4458,6122.80029296875
4459,8460.1953125
4460,9076.0869140625
4461,3770.620849609375
4462,5042.4794921875
4463,5378.7470703125
4464,6744.103515625
4465,3153.754150390625
4466,5210.955078125
4467,4584.59912109375
4468,8789.9638671875
4469,6052.02685546875
4470,7699.21923828125
4471,7053.11328125
4472,5226.259765625
4473,7870.84765625
4474,16924.462890625
4475,7865.9130859375
4476,4257.7939453125
4477,3442.810791015625
4478,6180.1708984375
4479,6627.365234375
4480,4465.32275390625
4481,9739.8203125
4482,16883.9296875
4483,4959.32421875
4484,3371.192138671875
4485,10736.06640625
4486,3711.1494140625
4487,5947.7744140625
4488,3572.056396484375
4489,5995.98388671875
4490,0.0
4491,6069.24169921875
4492,5003.26708984375
4493,5446.69970703125
4494,9811.953125
4495,5717.39794921875
4496,5876.294921875
4497,7402.93505859375
4498,5578.802734375
4499,6430.744140625
4500,10432.767578125
4501,5188.28759765625
4502,5111.9267578125
4503,4338.33203125
4504,3623.87890625
4505,6445.552734375
4506,4396.6845703125
4507,4790.47265625
4508,8396.3359375
4509,7719.9072265625
4510,7508.31298828125
4511,4465.12646484375
4512,4870.638671875
4513,3941.8896484375
4514,3582.703857421875
4515,5419.2412109375
4516,3495.13427734375
4517,6840.4111328125
4518,5869.12841796875
4519,7154.0107421875
4520,5871.3564453125
4521,5263.86279296875
4522,3465.977294921875
4523,2681.295654296875
4524,8409.0947265625
4525,5675.681640625
4526,5486.67236328125
4527,12794.7236328125
4528,7507.009765625
4529,4076.580322265625
4530,5850.82470703125
4531,2601.2724609375
4532,4426.81884765625
4533,3982.597412109375
4534,5712.87744140625
4535,10043.810546875
4536,5130.642578125
4537,8840.96484375
4538,10113.30078125
4539,4821.5537109375
4540,7158.869140625
4541,4889.64794921875
4542,5145.4091796875
4543,5544.97900390625
4544,11887.4736328125
4545,5242.1796875
4546,7220.37890625
4547,3001.9052734375
4548,5636.9677734375
4549,5964.84423828125
4550,7462.93212890625
4551,6975.69384765625
4552,5263.65185546875
4553,6398.17431640625
4554,5342.7294921875
4555,8232.3369140625
4556,7156.40966796875
4557,6866.146484375
4558,8149.46826171875
4559,6857.04345703125
4560,8995.5126953125
4561,3288.51171875
4562,5583.78076171875
4563,5161.31591796875
4564,7884.28662109375
4565,6508.466796875
4566,7380.50537109375
4567,7359.7421875
4568,6429.31591796875
4569,4899.7744140625
4570,5940.42626953125
4571,5941.48779296875
4572,3018.057373046875
4573,8778.3330078125
4574,17179.763671875
4575,6836.03857421875
4576,6081.041015625
4577,7106.27001953125
4578,8094.98193359375
4579,8296.2568359375
4580,3221.472412109375
4581,4428.9541015625
4582,5602.984375
4583,8583.2470703125
4584,3182.008544921875
4585,4299.400390625
4586,5249.72412109375
4587,4799.29931640625
4588,5063.06494140625
4589,3442.333251953125
4590,3142.979736328125
4591,8259.373046875
4592,3794.45947265625
4593,4873.55859375
4594,6306.85498046875
4595,4498.83251953125
4596,9051.8095703125
4597,11967.275390625
4598,5607.01318359375
4599,7628.98974609375
4600,6946.005859375
4601,9503.7158203125
4602,4409.9853515625
4603,3126.91650390625
4604,5450.54736328125
4605,11466.078125
4606,4039.75048828125
4607,7053.80859375
4608,2377.46875
4609,3884.11669921875
4610,7293.56396484375
4611,6681.76953125
4612,5198.5263671875
4613,8991.7314453125
4614,8829.9912109375
4615,8464.7666015625
4616,4512.0556640625
4617,9159.2578125
4618,2066.858642578125
4619,3518.334716796875
4620,6881.74951171875
4621,4658.28466796875
4622,10681.80859375
4623,2342.9287109375
4624,6679.625
4625,5907.11328125
4626,9604.8720703125
4627,9698.7197265625
4628,4964.61328125
4629,3872.109130859375
4630,7824.9755859375
4631,9379.0166015625
4632,4530.72900390625
4633,5424.4658203125
4634,9272.4912109375
4635,6383.240234375
4636,5494.46240234375
4637,4051.279541015625
4638,8540.7958984375
4639,4480.126953125
4640,11554.2529296875
4641,8647.24609375
4642,15584.90234375
4643,6619.57275390625
4644,4845.72314453125
4645,2013.770263671875
4646,6020.02392578125
4647,5910.04052734375
4648,5186.25341796875
4649,8424.896484375
4650,5698.59765625
4651,2514.140625
4652,6668.02734375
4653,3417.889404296875
4654,6399.87060546875
4655,6873.29541015625
4656,6728.69677734375
4657,7940.767578125
4658,5083.83984375
4659,6964.53125
4660,5437.1357421875
4661,5608.4482421875
4662,7158.9140625
4663,4359.611328125
4664,8675.8525390625
4665,6125.97607421875
4666,3281.721923828125
4667,4524.078125
4668,8687.7265625
4669,5831.0625
4670,4378.34228515625
4671,5084.42822265625
4672,5609.099609375
4673,5255.005859375
4674,5118.5947265625
4675,9168.6630859375
4676,4773.16552734375
4677,3528.865966796875
4678,6064.34033203125
4679,6141.38916015625
4680,2848.04150390625
4681,4490.94091796875
4682,8036.35400390625
4683,7593.28759765625
4684,10671.7314453125
4685,10017.4921875
4686,7449.12841796875
4687,5829.2607421875
4688,4681.50390625
4689,9860.6787109375
4690,8138.16552734375
4691,6453.57763671875
4692,5157.27197265625
4693,4912.88525390625
4694,4342.3173828125
4695,2937.924072265625
4696,8720.7763671875
4697,7374.40478515625
4698,5274.94189453125
4699,4459.86181640625
4700,1877.2086181640625
4701,7433.8642578125
4702,6420.4560546875
4703,7530.6064453125
4704,3867.058349609375
4705,5553.880859375
4706,5441.158203125
4707,4164.40234375
4708,10299.576171875
4709,4879.1142578125
4710,4188.853515625
4711,3804.960205078125
4712,3670.35302734375
4713,4603.52294921875
4714,13046.0576171875
4715,3394.216796875
4716,5590.75927734375
4717,4512.65185546875
4718,3479.78369140625
4719,3344.8515625
4720,6018.6357421875
4721,3466.959228515625
4722,10054.9375
4723,6839.8974609375
4724,2462.9033203125
4725,8467.298828125
4726,2263.3115234375
4727,3995.59912109375
4728,8381.6474609375
4729,7690.14404296875
4730,7796.86181640625
4731,2826.81982421875
4732,4593.2255859375
4733,4751.37060546875
4734,4335.65283203125
4735,15225.9873046875
4736,11818.6005859375
4737,5507.505859375
4738,3084.859375
4739,6028.94775390625
4740,4527.7314453125
4741,2454.647216796875
4742,7736.7744140625
4743,4851.2333984375
4744,4686.4931640625
4745,6485.9716796875
4746,4594.46630859375
4747,4050.49560546875
4748,5140.4619140625
4749,6035.3447265625
4750,7228.6220703125
4751,2973.16455078125
4752,6579.3671875
4753,7107.77880859375
4754,8222.0126953125
4755,5572.96728515625
4756,7621.3447265625
4757,1970.865966796875
4758,7574.89013671875
4759,5113.22314453125
4760,2834.53271484375
4761,4294.5908203125
4762,4878.2705078125
4763,4325.28466796875
4764,8163.56982421875
4765,4063.939697265625
4766,6225.9423828125
4767,4940.7587890625
4768,7509.04052734375
4769,7469.30126953125
4770,6035.20166015625
4771,8298.697265625
4772,6146.5361328125
4773,2466.814697265625
4774,10481.4619140625
4775,3591.737548828125
4776,3806.963623046875
4777,5507.62841796875
4778,10235.111328125
4779,9985.8935546875
4780,4051.517578125
4781,4703.33447265625
4782,5736.6552734375
4783,7024.8642578125
4784,4603.16455078125
4785,6860.7353515625
4786,2971.09033203125
4787,3766.333740234375
4788,4504.4462890625
4789,4095.6015625
4790,4105.7548828125
4791,7914.5771484375
4792,6723.52734375
4793,6447.7841796875
4794,5435.3671875
4795,8006.0341796875
4796,7868.53076171875
4797,4556.1904296875
4798,5307.2265625
4799,5433.8828125
4800,7453.6484375
4801,4654.056640625
4802,2111.82470703125
4803,6351.27783203125
4804,6015.9462890625
4805,6387.19873046875
4806,5177.6279296875
4807,3041.482177734375
4808,9047.2822265625
4809,2879.5888671875
4810,9021.67578125
4811,4963.111328125
4812,4496.51904296875
4813,8371.236328125
4814,3873.789306640625
4815,4710.9228515625
4816,7598.0029296875
4817,3123.515380859375
4818,7035.8173828125
4819,9542.0390625
4820,6474.130859375
4821,2357.5263671875
4822,5198.59716796875
4823,3314.65576171875
4824,2620.58056640625
4825,4891.50927734375
4826,6018.71044921875
4827,4693.94091796875
4828,4468.47802734375
4829,4567.0380859375
4830,4560.4345703125
4831,7779.31591796875
4832,5533.82763671875
4833,5561.8935546875
4834,4457.5693359375
4835,5684.12646484375
4836,5402.79345703125
4837,6044.9423828125
4838,7767.77001953125
4839,6972.86865234375
4840,8263.5908203125
4841,5733.12841796875
4842,4825.7001953125
4843,2802.455810546875
4844,5661.21337890625
4845,8494.791015625
4846,6309.5048828125
4847,6461.7919921875
4848,14521.6279296875
4849,3726.2275390625
4850,4339.7783203125
4851,4766.63134765625
4852,8298.7177734375
4853,9672.3837890625
4854,7303.35595703125
4855,7699.6552734375
4856,7884.90869140625
4857,7494.4921875
4858,6279.0341796875
4859,5106.50048828125
4860,3939.947021484375
4861,4870.30078125
4862,3236.256591796875
4863,3206.09228515625
4864,6556.16943359375
4865,16889.69921875
4866,5810.5185546875
4867,3749.187744140625
4868,5811.33984375
4869,5025.6318359375
4870,5995.45654296875
4871,2364.60107421875
4872,7796.44482421875
4873,6829.30859375
4874,3448.23974609375
4875,10724.9501953125
4876,10498.412109375
4877,3062.51123046875
4878,5300.0439453125
4879,4206.00048828125
4880,3896.401611328125
4881,5037.56005859375
4882,7834.59814453125
4883,3469.5888671875
4884,5023.96826171875
4885,4138.130859375
4886,5235.7841796875
4887,4024.366455078125
4888,7018.8642578125
4889,3637.86962890625
4890,7854.154296875
4891,6662.52685546875
4892,4477.8564453125
4893,4235.39501953125
4894,3545.470947265625
4895,5016.22265625
4896,4963.14990234375
4897,9139.50390625
4898,4379.32177734375
4899,3148.997802734375
4900,6090.45361328125
4901,4493.34033203125
4902,5357.47607421875
4903,4283.46533203125
4904,5762.2978515625
4905,10555.06640625
4906,6325.60302734375
4907,5726.51953125
4908,3385.00146484375
4909,4467.310546875
4910,4192.85986328125
4911,3543.389892578125
4912,4618.3984375
4913,4815.59765625
4914,10406.7236328125
4915,7066.26416015625
4916,4097.31640625
4917,5509.96533203125
4918,5161.22705078125
4919,6836.78076171875
4920,5569.015625
4921,8557.515625
4922,6557.1552734375
4923,4865.96875
4924,4578.87255859375
4925,1856.8323974609375
4926,3978.9384765625
4927,20773.857421875
4928,2109.552734375
4929,4673.66845703125
4930,7781.1103515625
4931,6401.427734375
4932,5743.8212890625
4933,8393.1650390625
4934,5520.466796875
4935,6790.51953125
4936,3595.099853515625
4937,7686.77685546875
4938,3958.134765625
4939,6894.30615234375
4940,8855.9072265625
4941,4471.75439453125
4942,6874.5361328125
4943,7191.59326171875
4944,3712.524169921875
4945,6352.82763671875
4946,6464.29150390625
4947,2679.732177734375
4948,8427.9248046875
4949,6126.654296875
4950,4393.5
4951,7820.94482421875
4952,8153.08935546875
4953,6453.50341796875
4954,4403.865234375
4955,5305.931640625
4956,5273.9296875
4957,0.0
4958,6510.4375
4959,3274.557373046875
4960,5171.0390625
4961,2634.491943359375
4962,5436.595703125
4963,5479.92041015625
4964,4327.84619140625
4965,6080.69921875
4966,7935.84814453125
4967,5571.66748046875
4968,7185.00439453125
4969,5612.8427734375
4970,5972.513671875
4971,9667.2607421875
4972,7710.74755859375
4973,4172.52099609375
4974,4738.4375
4975,5392.3134765625
4976,5215.81591796875
4977,12523.75
4978,5534.4609375
4979,5909.2587890625
4980,8709.283203125
4981,6669.697265625
4982,2324.074462890625
4983,16934.03125
4984,8033.12255859375
4985,6437.689453125
4986,7148.71337890625
4987,6738.39306640625
4988,7286.58544921875
4989,5199.59375
4990,3951.539306640625
4991,3541.20458984375
4992,4895.33349609375
4993,7789.91455078125
4994,2947.5703125
4995,7689.736328125
4996,6511.24072265625
4997,4696.08935546875
4998,6755.4794921875
4999,4821.73095703125
5000,6713.06396484375
5001,3316.547119140625
5002,4708.41162109375
5003,4393.45068359375
5004,3289.876953125
5005,6139.19287109375
5006,6584.6875
5007,7886.01904296875
5008,6007.21484375
5009,3745.94140625
5010,5756.40771484375
5011,6630.5244140625
5012,6749.298828125
5013,3063.621826171875
5014,3662.56689453125
5015,7810.07080078125
5016,6427.7880859375
5017,3869.000732421875
5018,7154.54443359375
5019,6274.662109375
5020,5113.64208984375
5021,4613.21875
5022,1574.432861328125
5023,7382.84375
5024,5972.06201171875
5025,5201.990234375
5026,8510.8017578125
5027,6905.75146484375
5028,3638.329833984375
5029,6128.7822265625
5030,3605.918212890625
5031,1815.4368896484375
5032,6270.4169921875
5033,8110.20458984375
5034,4778.79443359375
5035,4476.345703125
5036,2770.826904296875
5037,4919.900390625
5038,6862.9482421875
5039,5642.85595703125
5040,7941.28515625
5041,3092.555908203125
5042,4452.0908203125
5043,3308.69677734375
5044,6560.56494140625
5045,2660.229248046875
5046,3078.61181640625
5047,5003.02392578125
5048,4211.98974609375
5049,7036.72998046875
5050,4695.20556640625
5051,5182.875
5052,5185.0771484375
5053,7596.66748046875
5054,4658.57763671875
5055,3119.082275390625
5056,8701.193359375
5057,6426.169921875
5058,5866.39404296875
5059,2856.643798828125
5060,4638.9306640625
5061,5794.28759765625
5062,4279.1103515625
5063,7563.06689453125
5064,6646.73486328125
5065,6135.3427734375
5066,6170.15478515625
5067,5872.7060546875
5068,6441.162109375
5069,11032.4169921875
5070,3681.3212890625
5071,4120.63232421875
5072,5018.19482421875
5073,5269.28271484375
5074,5607.28857421875
5075,6496.9560546875
5076,5270.1962890625
5077,6153.79052734375
5078,3099.86328125
5079,5469.22802734375
5080,7006.27099609375
5081,2923.3076171875
5082,6213.2548828125
5083,3238.5439453125
5084,6253.4287109375
5085,5265.4423828125
5086,4464.3046875
5087,5701.06787109375
5088,3766.39892578125
5089,4676.59765625
5090,7012.498046875
5091,4722.62451171875
5092,8763.2587890625
5093,4417.01513671875
5094,8775.21875
5095,5271.27392578125
5096,3478.777099609375
5097,8340.9931640625
5098,2512.92431640625
5099,8895.6572265625
5100,6090.021484375
5101,4698.54052734375
5102,6723.7509765625
5103,4310.35595703125
5104,4358.7001953125
5105,6225.99755859375
5106,2665.798583984375
5107,3944.079345703125
5108,6098.8349609375
5109,6030.22021484375
5110,8714.6064453125
5111,5917.88330078125
5112,4967.47021484375
5113,3834.33740234375
5114,6808.9189453125
5115,2733.738037109375
5116,9695.263671875
5117,7194.240234375
5118,10466.0341796875
5119,6389.6083984375
5120,3966.4326171875
5121,10750.7431640625
5122,8105.56689453125
5123,3194.065185546875
5124,8777.580078125
5125,5654.98828125
5126,6396.28857421875
5127,6154.96435546875
5128,5542.080078125
5129,2735.351806640625
5130,4910.93505859375
5131,3897.71142578125
5132,2923.138916015625
5133,8379.3056640625
5134,5847.27734375
5135,23305.998046875
5136,7516.79296875
5137,3738.922119140625
5138,5343.169921875
5139,8502.0625
5140,4978.10888671875
5141,6292.97705078125
5142,4946.26171875
5143,6930.94384765625
5144,6509.38330078125
5145,3866.88720703125
5146,4617.61865234375
5147,6408.5439453125
5148,7396.03857421875
5149,6379.27783203125
5150,7988.62744140625
5151,5100.14990234375
5152,4651.5185546875
5153,5342.2001953125
5154,7907.4345703125
5155,9142.72265625
5156,6507.234375
5157,7020.77490234375
5158,3436.77294921875
5159,5819.27001953125
5160,3837.566650390625
5161,7382.69970703125
5162,8285.1943359375
5163,8779.6787109375
5164,4391.46484375
5165,4530.33642578125
5166,4019.817138671875
5167,5244.59814453125
5168,8458.11328125
5169,5619.87939453125
5170,4515.16455078125
5171,4824.55810546875
5172,6334.67041015625
5173,3060.6748046875
5174,6888.07861328125
5175,3510.15234375
5176,6520.45263671875
5177,5916.4775390625
5178,5662.48193359375
5179,7242.712890625
5180,5924.78955078125
5181,4660.47509765625
5182,5743.6279296875
5183,5610.72509765625
5184,9480.0732421875
5185,5668.52490234375
5186,6588.296875
5187,6752.44189453125
5188,8573.2880859375
5189,5769.845703125
5190,7656.9033203125
5191,3045.849853515625
5192,4524.94970703125
5193,4630.6484375
5194,5943.455078125
5195,9677.7294921875
5196,6630.54443359375
5197,4549.56640625
5198,6618.4248046875
5199,7046.47265625
5200,7586.53076171875
5201,3562.74609375
5202,11703.69921875
5203,3222.87255859375
5204,5943.4853515625
5205,6253.6533203125
5206,3817.198974609375
5207,4579.74365234375
5208,5730.3271484375
5209,6470.03662109375
5210,4639.50146484375
5211,5152.43115234375
5212,7234.08056640625
5213,6848.06982421875
5214,5024.9697265625
5215,4364.83203125
5216,6785.1513671875
5217,10900.205078125
5218,6454.5673828125
5219,4087.400146484375
5220,6143.564453125
5221,5574.0009765625
5222,6112.54296875
5223,7473.3720703125
5224,3505.669921875
5225,7101.3017578125
5226,5682.3994140625
5227,5808.46923828125
5228,6748.21728515625
5229,4650.62451171875
5230,4397.2939453125
5231,4447.84130859375
5232,7342.2060546875
5233,7552.9365234375
5234,4262.97314453125
5235,3832.771728515625
5236,6491.08056640625
5237,5447.9345703125
5238,4490.7060546875
5239,6439.673828125
5240,5688.61865234375
5241,6827.90576171875
5242,4929.01953125
5243,4379.33447265625
5244,5328.60986328125
5245,8206.8828125
5246,6305.27099609375
5247,7028.5244140625
5248,7171.03271484375
5249,4965.271484375
5250,8723.5732421875
5251,4567.78662109375
5252,5250.72607421875
5253,8269.9052734375
5254,5504.20751953125
5255,8297.9521484375
5256,7991.44921875
5257,6226.98583984375
5258,5886.34716796875
5259,6495.47705078125
5260,6350.6904296875
5261,5309.46044921875
5262,3363.266845703125
5263,4728.20849609375
5264,6311.48779296875
5265,5114.720703125
5266,3744.66650390625
5267,6677.048828125
5268,5065.49365234375
5269,5182.791015625
5270,5366.82568359375
5271,4574.4013671875
5272,5427.70751953125
5273,5935.48388671875
5274,5084.978515625
5275,4837.87060546875
5276,4883.8984375
5277,6067.87939453125
5278,4631.37890625
5279,6291.55322265625
5280,4077.55615234375
5281,7607.0771484375
5282,6959.69873046875
5283,5467.62109375
5284,11613.2099609375
5285,3271.340576171875
5286,5390.32373046875
5287,8861.3134765625
5288,6245.10986328125
5289,7271.0849609375
5290,6798.99658203125
5291,4924.63037109375
5292,6365.4794921875
5293,5140.068359375
5294,6502.78515625
5295,9083.310546875
5296,5740.078125
5297,2218.34033203125
5298,4438.65576171875
5299,6473.5732421875
5300,7483.73486328125
5301,5015.9521484375
5302,5583.49267578125
5303,4545.46875
5304,4193.28515625
5305,3266.81689453125
5306,4743.4521484375
5307,6273.40478515625
5308,6484.794921875
5309,6071.22705078125
5310,7839.15283203125
5311,7618.57177734375
5312,8180.65869140625
5313,7295.3671875
5314,5423.82275390625
5315,8392.1171875
5316,8496.205078125
5317,4752.73974609375
5318,6119.5634765625
5319,4675.42626953125
5320,6545.62060546875
5321,3236.611572265625
5322,5618.279296875
5323,4111.6572265625
5324,8248.4501953125
5325,6548.1962890625
5326,7001.7763671875
5327,7514.91796875
5328,5688.27197265625
5329,6951.85791015625
5330,16324.287109375
5331,8048.9833984375
5332,4415.70556640625
5333,2956.076171875
5334,5436.2421875
5335,5937.55908203125
5336,5718.20849609375
5337,11801.7138671875
5338,18933.8125
5339,3768.068115234375
5340,4924.51904296875
5341,7857.6845703125
5342,4566.31640625
5343,6908.64111328125
5344,5305.19482421875
5345,6264.89990234375
5346,0.0
5347,5348.30419921875
5348,5916.3876953125
5349,7273.0341796875
5350,8399.3349609375
5351,5845.42333984375
5352,5866.67041015625
5353,6498.05712890625
5354,3866.2939453125
5355,4514.8486328125
5356,7923.38671875
5357,5182.94140625
5358,4699.02001953125
5359,6259.169921875
5360,4954.7919921875
5361,5682.93212890625
5362,6171.27294921875
5363,5610.97705078125
5364,8247.6806640625
5365,7452.150390625
5366,7360.69970703125
5367,5580.52978515625
5368,3648.5869140625
5369,5058.677734375
5370,4525.18798828125
5371,4769.07763671875
5372,4540.53466796875
5373,6906.033203125
5374,6055.6728515625
5375,8159.2861328125
5376,5908.765625
5377,4916.30712890625
5378,4517.31591796875
5379,4272.3779296875
5380,8386.6689453125
5381,4757.5126953125
5382,7376.8134765625
5383,12808.7734375
5384,6921.63818359375
5385,4649.7978515625
5386,5128.96826171875
5387,3985.723388671875
5388,6319.8369140625
5389,3148.11376953125
5390,5830.3134765625
5391,10306.9892578125
5392,4817.7177734375
5393,11299.8486328125
5394,10764.6708984375
5395,4938.87890625
5396,7172.8740234375
5397,5551.298828125
5398,5925.15625
5399,5329.4169921875
5400,10872.44921875
5401,5519.8818359375
5402,7895.9365234375
5403,3176.052734375
5404,6740.21533203125
5405,5602.33056640625
5406,8204.8935546875
5407,5851.80224609375
5408,6561.765625
5409,6202.2578125
5410,5781.24658203125
5411,7441.6201171875
5412,8515.9677734375
5413,6727.80712890625
5414,8397.2626953125
5415,6344.72119140625
5416,7686.57861328125
5417,4944.166015625
5418,4444.38720703125
5419,5018.498046875
5420,7221.98193359375
5421,5896.15673828125
5422,6573.30126953125
5423,5819.0
5424,7079.3486328125
5425,5051.17919921875
5426,6782.875
5427,5970.501953125
5428,3341.9462890625
5429,10054.220703125
5430,15127.7236328125
5431,5663.2734375
5432,5917.923828125
5433,7393.15869140625
5434,8406.78515625
5435,9997.4638671875
5436,5444.85546875
5437,6078.8720703125
5438,5923.646484375
5439,7793.26220703125
5440,4129.427734375
5441,4628.4697265625
5442,4651.1611328125
5443,5024.45947265625
5444,6552.33544921875
5445,4623.82421875
5446,3604.792236328125
5447,7097.38330078125
5448,3583.798095703125
5449,4296.5537109375
5450,5520.396484375
5451,4659.69189453125
5452,8285.509765625
5453,8621.47265625
5454,6276.7978515625
5455,5967.513671875
5456,6798.6689453125
5457,9290.3154296875
5458,5691.283203125
5459,4785.47265625
5460,4500.388671875
5461,8467.9453125
5462,4238.453125
5463,6249.9072265625
5464,3235.95654296875
5465,3714.997314453125
5466,6274.71484375
5467,6664.90185546875
5468,5265.24853515625
5469,8803.9453125
5470,8787.9912109375
5471,10242.0927734375
5472,6030.29541015625
5473,9185.7666015625
5474,2666.28173828125
5475,5557.474609375
5476,6137.28173828125
5477,3677.386474609375
5478,8227.4296875
5479,4093.7451171875
5480,7073.162109375
5481,8160.080078125
5482,10635.435546875
5483,7593.24609375
5484,5060.2216796875
5485,5043.1015625
5486,7850.4228515625
5487,7333.88916015625
5488,4371.4990234375
5489,5116.9912109375
5490,6300.96435546875
5491,7426.24365234375
5492,5055.46044921875
5493,5089.91357421875
5494,7929.462890625
5495,7129.8125
5496,11180.328125
5497,6640.27978515625
5498,13447.71484375
5499,6313.6396484375
5500,5005.0576171875
5501,2621.133056640625
5502,5455.5849609375
5503,5412.93798828125
5504,5030.5166015625
5505,7330.76953125
5506,5005.34716796875
5507,4001.038330078125
5508,6223.806640625
5509,3203.037109375
5510,5791.43896484375
5511,6496.2373046875
5512,7008.2568359375
5513,7388.166015625
5514,5013.279296875
5515,8356.0810546875
5516,4630.552734375
5517,5251.73388671875
5518,5668.70556640625
5519,4859.64501953125
5520,8520.9521484375
5521,5785.53759765625
5522,3682.390869140625
5523,5299.76220703125
5524,9239.326171875
5525,6290.9833984375
5526,5495.39306640625
5527,7556.7451171875
5528,5514.91796875
5529,5809.96337890625
5530,5256.58251953125
5531,8405.3935546875
5532,4635.150390625
5533,5032.86865234375
5534,5169.77197265625
5535,4764.05126953125
5536,3938.745361328125
5537,4197.8388671875
5538,7841.2822265625
5539,8136.47119140625
5540,10395.2607421875
5541,10825.3603515625
5542,8018.3291015625
5543,5856.8681640625
5544,5129.1962890625
5545,9741.2470703125
5546,9339.951171875
5547,6481.8095703125
5548,7076.5087890625
5549,7358.1806640625
5550,4253.939453125
5551,3545.372314453125
5552,7980.28759765625
5553,5572.69384765625
5554,5382.52734375
5555,5251.0966796875
5556,1987.7989501953125
5557,8866.833984375
5558,6207.35693359375
5559,7350.58056640625
5560,4885.1923828125
5561,4664.8369140625
5562,6322.8544921875
5563,5817.55859375
5564,7553.08251953125
5565,4907.01513671875
5566,3636.2041015625
5567,3196.093994140625
5568,3194.67041015625
5569,6021.9208984375
5570,16300.9345703125
5571,3302.04150390625
5572,5601.00634765625
5573,5331.41259765625
5574,4825.603515625
5575,3813.541015625
5576,4917.10986328125
5577,3874.93408203125
5578,7395.69580078125
5579,7120.01806640625
5580,3214.41845703125
5581,7598.2919921875
5582,3504.978271484375
5583,4828.8212890625
5584,7755.71875
5585,6174.0400390625
5586,8280.4130859375
5587,4592.935546875
5588,5180.232421875
5589,4299.15478515625
5590,4907.2578125
5591,12512.841796875
5592,9752.578125
5593,7404.89794921875
5594,4010.096923828125
5595,5439.58544921875
5596,5733.54638671875
5597,3743.70947265625
5598,8816.5009765625
5599,5210.3623046875
5600,4274.3173828125
5601,6580.40576171875
5602,4033.08935546875
5603,5452.8515625
5604,5310.74072265625
5605,6150.6689453125
5606,7120.17919921875
5607,3619.236083984375
5608,5056.74658203125
5609,6320.00390625
5610,7572.7001953125
5611,7490.3173828125
5612,6738.61181640625
5613,3497.16455078125
5614,7250.74609375
5615,5068.3837890625
5616,4533.95849609375
5617,6482.060546875
5618,6740.375
5619,5508.59912109375
5620,6675.54443359375
5621,5636.71533203125
5622,5941.43212890625
5623,5340.9228515625
5624,6246.5478515625
5625,6915.90869140625
5626,5660.72802734375
5627,9745.87109375
5628,5195.8466796875
5629,3989.78173828125
5630,10013.48046875
5631,4584.76025390625
5632,3390.272216796875
5633,6361.22314453125
5634,10116.2197265625
5635,8639.384765625
5636,4263.7431640625
5637,5840.85693359375
5638,5404.2421875
5639,6306.712890625
5640,5682.51123046875
5641,6285.5615234375
5642,2803.266357421875
5643,4072.329345703125
5644,5244.64013671875
5645,4464.7197265625
5646,4213.90380859375
5647,6956.20849609375
5648,6159.5107421875
5649,6042.0595703125
5650,6885.89794921875
5651,6277.294921875
5652,7708.6337890625
5653,5078.9541015625
5654,5524.716796875
5655,5569.90771484375
5656,7827.1005859375
5657,7312.54833984375
5658,3036.648681640625
5659,8679.8447265625
5660,6598.91015625
5661,6230.98779296875
5662,4316.45947265625
5663,3807.2763671875
5664,7129.8662109375
5665,4690.36083984375
5666,8177.26171875
5667,5832.39404296875
5668,4300.88818359375
5669,7644.97900390625
5670,4811.49658203125
5671,4254.81201171875
5672,6477.7666015625
5673,4580.06689453125
5674,8164.66162109375
5675,8954.109375
5676,6008.046875
5677,3939.223388671875
5678,4343.95361328125
5679,3580.07275390625
5680,3230.076904296875
5681,6646.63916015625
5682,4714.57177734375
5683,7942.8095703125
5684,3535.197021484375
5685,5015.11328125
5686,5200.28759765625
5687,7253.47314453125
5688,5522.98046875
5689,4825.3623046875
5690,4561.509765625
5691,6619.68115234375
5692,5029.71337890625
5693,6265.9443359375
5694,7308.19482421875
5695,6839.40234375
5696,7001.42822265625
5697,6681.13427734375
5698,5201.63037109375
5699,4132.38330078125
5700,5070.35693359375
5701,9609.8955078125
5702,7676.861328125
5703,7088.4736328125
5704,15190.240234375
5705,5352.25
5706,4149.578125
5707,5129.0703125
5708,8214.412109375
5709,8426.890625
5710,6092.0888671875
5711,7338.1767578125
5712,7528.095703125
5713,6223.17529296875
5714,5966.91015625
5715,4691.123046875
5716,5563.04150390625
5717,4210.9638671875
5718,3187.522216796875
5719,3985.516845703125
5720,6656.609375
5721,15200.392578125
5722,5823.71923828125
5723,5064.70947265625
5724,6458.46728515625
5725,4628.54248046875
5726,6911.1806640625
5727,4015.838623046875
5728,9341.7001953125
5729,6417.8525390625
5730,6097.06640625
5731,10811.859375
5732,11998.470703125
5733,4144.7568359375
5734,6133.7958984375
5735,4286.2451171875
5736,5077.62548828125
5737,5668.53271484375
5738,7798.09423828125
5739,3748.06689453125
5740,4974.35302734375
5741,4824.669921875
5742,5477.52783203125
5743,5335.49365234375
5744,5628.8603515625
5745,4741.65576171875
5746,6836.6103515625
5747,7303.8486328125
5748,5716.05859375
5749,3880.02880859375
5750,3010.903076171875
5751,6896.00927734375
5752,4112.69921875
5753,8569.6669921875
5754,4169.00732421875
5755,4010.845458984375
5756,5532.14990234375
5757,4863.47802734375
5758,4266.10595703125
5759,4835.759765625
5760,5124.1494140625
5761,9110.1708984375
5762,8012.984375
5763,5541.18505859375
5764,4072.898193359375
5765,4779.568359375
5766,3702.47998046875
5767,4362.025390625
5768,4784.53857421875
5769,5441.2490234375
5770,9877.212890625
5771,6239.7666015625
5772,5544.04150390625
5773,6558.0869140625
5774,4287.9404296875
5775,8408.67578125
5776,4390.59228515625
5777,9623.3369140625
5778,5495.1923828125
5779,4778.0439453125
5780,4846.56787109375
5781,3560.075439453125
5782,5880.3759765625
5783,19978.51953125
5784,3424.41064453125
5785,4725.359375
5786,10178.61328125
5787,5420.029296875
5788,5554.08740234375
5789,7446.25439453125
5790,4554.26904296875
5791,5562.21142578125
5792,3669.05078125
5793,8443.7841796875
5794,5136.63232421875
5795,5888.43505859375
5796,7593.35302734375
5797,5217.166015625
5798,7419.83203125
5799,6525.4384765625
5800,4145.619140625
5801,8055.3408203125
5802,9184.0810546875
5803,3578.2373046875
5804,7272.70654296875
5805,5980.39501953125
5806,4733.85546875
5807,7468.93603515625
5808,6063.212890625
5809,6734.92724609375
5810,4242.69287109375
5811,4904.8701171875
5812,6021.81396484375
5813,3517.8515625
5814,6781.83642578125
5815,3849.919677734375
5816,5631.244140625
5817,4094.685546875
5818,5473.5009765625
5819,5550.20458984375
5820,6414.6787109375
5821,6489.92333984375
5822,7526.84912109375
5823,4894.71923828125
5824,6558.681640625
5825,5014.88134765625
5826,7105.02197265625
5827,8276.4990234375
5828,7452.30712890625
5829,3747.697021484375
5830,5553.64697265625
5831,6431.99951171875
5832,5105.0322265625
5833,11881.66796875
5834,4656.978515625
5835,6236.044921875
5836,9299.5341796875
5837,6188.27685546875
5838,3326.114990234375
5839,15505.4765625
5840,8977.4345703125
5841,5050.0810546875
5842,6302.744140625
5843,8052.6865234375
5844,6296.18701171875
5845,4665.9609375
5846,6079.59521484375
5847,4681.54443359375
5848,5150.4052734375
5849,6795.61083984375
5850,3862.81689453125
5851,6371.51318359375
5852,5906.3330078125
5853,5039.75732421875
5854,6094.9150390625
5855,5715.5009765625
5856,5113.18017578125
5857,4034.372314453125
5858,6653.0654296875
5859,5808.408203125
5860,5685.16455078125
5861,5743.16796875
5862,5331.7158203125
5863,8457.009765625
5864,5371.5224609375
5865,3746.340087890625
5866,5388.96240234375
5867,6392.896484375
5868,5440.26416015625
5869,4568.09619140625
5870,3676.791259765625
5871,5567.01611328125
5872,7197.60791015625
5873,4896.197265625
5874,6600.46337890625
5875,6213.25
5876,4422.59033203125
5877,5023.15673828125
5878,2785.545166015625
5879,6444.39306640625
5880,6155.5498046875
5881,5598.54833984375
5882,6995.693359375
5883,6541.51708984375
5884,4575.78515625
5885,6960.90185546875
5886,3742.288330078125
5887,2913.4541015625
5888,6025.693359375
5889,7812.2421875
5890,5957.984375
5891,5931.22900390625
5892,3127.253662109375
5893,5552.0322265625
5894,6362.701171875
5895,4516.1884765625
5896,6624.5087890625
5897,3652.47412109375
5898,4895.2998046875
5899,4732.935546875
5900,5022.267578125
5901,4380.072265625
5902,4145.91357421875
5903,4711.66015625
5904,3641.60009765625
5905,6888.6884765625
5906,6296.31201171875
5907,4610.70166015625
5908,5497.42919921875
5909,6731.64599609375
5910,4771.939453125
5911,3001.91015625
5912,7072.30615234375
5913,5958.21240234375
5914,5362.759765625
5915,3352.63427734375
5916,10068.640625
5917,6163.04833984375
5918,4311.92626953125
5919,6901.6552734375
5920,5518.57958984375
5921,5780.27197265625
5922,5586.28662109375
5923,6433.9482421875
5924,7229.94970703125
5925,10925.8974609375
5926,4075.742431640625
5927,3647.7158203125
5928,4816.8955078125
5929,5207.48291015625
5930,5829.85400390625
5931,5481.26220703125
5932,6131.8974609375
5933,5539.20751953125
5934,4071.40625
5935,4334.896484375
5936,8525.478515625
5937,4062.1162109375
5938,6298.1044921875
5939,2925.47314453125
5940,5862.8779296875
5941,6134.96142578125
5942,5686.3994140625
5943,6509.60107421875
5944,5355.89111328125
5945,4004.46630859375
5946,6224.45654296875
5947,6495.720703125
5948,7437.81591796875
5949,5893.744140625
5950,7517.53125
5951,4863.001953125
5952,4012.067138671875
5953,8624.7890625
5954,3420.249267578125
5955,8852.595703125
5956,6783.51318359375
5957,4090.803466796875
5958,6092.14111328125
5959,4892.8798828125
5960,6534.138671875
5961,7531.91552734375
5962,2971.00341796875
5963,5249.32275390625
5964,5835.9501953125
5965,7297.8720703125
5966,8703.6611328125
5967,5232.6669921875
5968,4863.56298828125
5969,4578.8798828125
5970,6550.90087890625
5971,4189.4501953125
5972,8953.1611328125
5973,7695.77294921875
5974,9804.19140625
5975,4947.89208984375
5976,4681.693359375
5977,11610.076171875
5978,8339.224609375
5979,3744.592529296875
5980,8655.5205078125
5981,5572.45361328125
5982,5760.9228515625
5983,4277.14404296875
5984,5122.2353515625
5985,4575.87451171875
5986,4122.21533203125
5987,4098.12890625
5988,4023.801025390625
5989,7924.52587890625
5990,6011.42578125
5991,20255.2890625
5992,6281.849609375
5993,3904.027587890625
5994,5902.7705078125
5995,7933.4228515625
5996,5914.7578125
5997,6076.10498046875
5998,5114.18212890625
5999,6734.56982421875
6000,6172.025390625
6001,3765.12890625
6002,4615.87939453125
6003,6590.7392578125
6004,6928.77783203125
6005,6080.93017578125
6006,9980.2939453125
6007,4133.79248046875
6008,4744.42041015625
6009,6390.90283203125
6010,7297.4140625
6011,9964.78515625
6012,6155.79931640625
6013,6702.6708984375
6014,4029.170166015625
6015,5235.67041015625
6016,3647.046142578125
6017,6740.9404296875
6018,7703.736328125
6019,8779.720703125
6020,4224.0302734375
6021,4884.41650390625
6022,4214.49853515625
6023,4803.21337890625
6024,8215.0556640625
6025,5551.5498046875
6026,4425.45068359375
6027,4077.667236328125
6028,6237.6806640625
6029,3148.134765625
6030,6392.1591796875
6031,3517.546630859375
6032,6393.0146484375
6033,5719.22607421875
6034,5259.443359375
6035,6958.75732421875
6036,5502.08251953125
6037,4759.16552734375
6038,5887.3134765625
6039,5858.5244140625
6040,9677.00390625
6041,5386.99169921875
6042,6816.1572265625
6043,6730.93359375
6044,8255.6025390625
6045,5618.16259765625
6046,7476.6689453125
6047,3479.304931640625
6048,4456.98291015625
6049,5123.15185546875
6050,5590.19140625
6051,9169.896484375
6052,6196.1484375
6053,4487.55224609375
6054,6368.1201171875
6055,5909.15576171875
6056,8548.55078125
6057,3296.64453125
6058,10923.69921875
6059,3346.3935546875
6060,5907.37255859375
6061,6778.7607421875
6062,4030.705322265625
6063,4732.2626953125
6064,5246.96826171875
6065,6558.50732421875
6066,4731.25732421875
6067,5235.62451171875
6068,7163.98095703125
6069,6757.18115234375
6070,5030.00341796875
6071,4367.72412109375
6072,6484.14892578125
6073,10558.9423828125
6074,6057.0234375
6075,4485.095703125
6076,5972.7197265625
6077,5472.951171875
6078,5569.8212890625
6079,6783.80517578125
6080,3590.83349609375
6081,6678.951171875
6082,5735.16015625
6083,5763.55419921875
6084,6835.80419921875
6085,4251.3818359375
6086,4812.42236328125
6087,4119.125
6088,7277.58642578125
6089,7469.0791015625
6090,4410.71923828125
6091,3748.330810546875
6092,5936.0458984375
6093,5029.60693359375
6094,4539.9697265625
6095,5895.373046875
6096,5619.4248046875
6097,6820.4501953125
6098,4810.4208984375
6099,3802.8828125
6100,4960.5126953125
6101,8587.0986328125
6102,6250.80615234375
6103,6838.4736328125
6104,6602.00927734375
6105,4953.291015625
6106,7903.15380859375
6107,4364.07373046875
6108,5107.96435546875
6109,8421.2607421875
6110,5067.828125
6111,8320.1474609375
6112,7389.04248046875
6113,5954.88818359375
6114,5455.36328125
6115,6319.0068359375
6116,5972.4931640625
6117,5293.33740234375
6118,3169.40234375
6119,4812.857421875
6120,6098.87890625
6121,5065.98779296875
6122,3533.953369140625
6123,6494.41455078125
6124,5440.16845703125
6125,5175.74560546875
6126,5195.103515625
6127,4622.4384765625
6128,5668.408203125
6129,5973.39453125
6130,5178.36669921875
6131,4588.77783203125
6132,4993.6005859375
6133,5714.17431640625
6134,4540.9150390625
6135,5083.46875
6136,4330.4375
6137,7052.6513671875
6138,6538.0546875
6139,5327.7900390625
6140,10449.3759765625
6141,3680.1572265625
6142,5092.29052734375
6143,8308.6142578125
6144,5327.396484375
6145,7250.193359375
6146,6543.23876953125
6147,4967.775390625
6148,6119.88671875
6149,4981.912109375
6150,7213.27783203125
6151,8963.2763671875
6152,5651.95361328125
6153,2290.28955078125
6154,4115.72802734375
6155,6184.341796875
6156,5960.44921875
6157,4567.88037109375
6158,5621.423828125
6159,4471.47265625
6160,4740.052734375
6161,3269.731201171875
6162,4674.6904296875
6163,5722.34033203125
6164,6137.236328125
6165,5696.79248046875
6166,5380.25927734375
6167,7059.76025390625
6168,8189.42138671875
6169,6827.53125
6170,4796.18017578125
6171,8052.294921875
6172,8022.18017578125
6173,4305.86328125
6174,6015.71044921875
6175,4830.826171875
6176,6124.9638671875
6177,3375.355224609375
6178,5659.53662109375
6179,4055.731689453125
6180,8226.3251953125
6181,6221.57666015625
6182,6337.42236328125
6183,7325.32421875
6184,5451.04638671875
6185,6626.62158203125
6186,16334.455078125
6187,7795.88916015625
6188,4181.724609375
6189,2582.242919921875
6190,4991.271484375
6191,5994.212890625
6192,5444.0537109375
6193,11311.7470703125
6194,17927.1328125
6195,3844.9658203125
6196,4617.037109375
6197,8867.56640625
6198,4231.50927734375
6199,6495.578125
6200,5056.91357421875
6201,6198.82373046875
6202,4824.37451171875
6203,4929.45556640625
6204,4933.01611328125
6205,7091.84716796875
6206,7506.634765625
6207,5500.70947265625
6208,5535.6357421875
6209,6650.96435546875
6210,3616.3583984375
6211,4131.27197265625
6212,7279.638671875
6213,5364.20068359375
6214,4793.64013671875
6215,5840.8955078125
6216,4978.17822265625
6217,6196.15673828125
6218,6276.876953125
6219,5534.56005859375
6220,7940.78515625
6221,6424.66552734375
6222,7235.18994140625
6223,4966.642578125
6224,3511.170654296875
6225,5214.8251953125
6226,4420.34814453125
6227,4743.0615234375
6228,4447.650390625
6229,7088.61279296875
6230,6044.43212890625
6231,7574.041015625
6232,6194.98046875
6233,5088.005859375
6234,4496.05224609375
6235,4249.79931640625
6236,7893.07763671875
6237,4111.21923828125
6238,6911.69775390625
6239,13161.3779296875
6240,6493.3955078125
6241,5658.39599609375
6242,4967.20068359375
6243,3852.966552734375
6244,5652.91162109375
6245,3222.7666015625
6246,5920.9052734375
6247,11141.2548828125
6248,4735.6103515625
6249,11331.5068359375
6250,11112.123046875
6251,4685.576171875
6252,7001.9814453125
6253,5465.109375
6254,5742.091796875
6255,5228.197265625
6256,10378.6708984375
6257,5057.84716796875
6258,7770.80810546875
6259,3376.46923828125
6260,6585.96826171875
6261,5087.13671875
6262,7342.2939453125
6263,5762.5986328125
6264,4878.5146484375
6265,5844.396484375
6266,5622.09912109375
6267,7017.31787109375
6268,8755.251953125
6269,5717.09814453125
6270,7945.93212890625
6271,5980.873046875
6272,8305.9765625
6273,4835.89306640625
6274,4061.2138671875
6275,4736.791015625
6276,6373.17431640625
6277,5446.35888671875
6278,7060.93017578125
6279,5764.66455078125
6280,6622.37353515625
6281,4526.86181640625
6282,6409.00244140625
6283,5962.84814453125
6284,3484.731201171875
6285,9500.2666015625
6286,16119.5498046875
6287,4986.31884765625
6288,5260.74609375
6289,7155.06591796875
6290,8406.955078125
6291,9825.6806640625
6292,4952.8896484375
6293,6019.58056640625
6294,5366.98291015625
6295,7074.04443359375
6296,4297.3486328125
6297,4897.52734375
6298,4464.14404296875
6299,4689.017578125
6300,6022.99609375
6301,4837.4384765625
6302,3530.05224609375
6303,6867.90869140625
6304,3480.39111328125
6305,3902.90234375
6306,5515.9658203125
6307,4460.59326171875
6308,7736.88037109375
6309,7562.65576171875
6310,6301.15625
6311,5725.44091796875
6312,6313.94384765625
6313,9279.580078125
6314,5721.43359375
6315,4130.56298828125
6316,4610.9609375
6317,7507.95556640625
6318,3961.25927734375
6319,5886.20849609375
6320,3444.656005859375
6321,3907.639892578125
6322,6234.80615234375
6323,6603.427734375
6324,4733.07080078125
6325,8018.16357421875
6326,8619.435546875
6327,10950.6845703125
6328,5591.794921875
6329,8581.5546875
6330,2593.3955078125
6331,4427.31884765625
6332,5673.95654296875
6333,3081.141357421875
6334,6791.06201171875
6335,4054.0
6336,6835.00634765625
6337,7534.59814453125
6338,10576.7431640625
6339,8610.9228515625
6340,4794.6904296875
6341,4848.74755859375
6342,8061.0146484375
6343,6888.5498046875
6344,5099.197265625
6345,4843.7783203125
6346,5913.1513671875
6347,8008.25341796875
6348,4601.70458984375
6349,5219.74755859375
6350,7402.2236328125
6351,6537.88037109375
6352,11807.8212890625
6353,5960.9541015625
6354,12670.6220703125
6355,5740.29541015625
6356,4669.3017578125
6357,2807.330078125
6358,4994.61669921875
6359,5263.27197265625
6360,4932.70849609375
6361,6108.4169921875
6362,4445.70068359375
6363,4769.45068359375
6364,5858.8369140625
6365,2993.674560546875
6366,6119.142578125
6367,5690.30810546875
6368,6878.84814453125
6369,7351.23779296875
6370,4358.359375
6371,7627.48828125
6372,4579.39208984375
6373,4998.98681640625
6374,5054.39404296875
6375,4645.4521484375
6376,8605.6025390625
6377,5861.912109375
6378,3873.36474609375
6379,5462.705078125
6380,8408.9306640625
6381,5804.6220703125
6382,5439.3857421875
6383,7074.4951171875
6384,5552.00927734375
6385,5372.82373046875
6386,5103.970703125
6387,7439.7216796875
6388,5283.337890625
6389,5231.9384765625
6390,4558.82666015625
6391,4498.20751953125
6392,3636.563720703125
6393,3867.590087890625
6394,6877.73046875
6395,7892.82666015625
6396,9462.064453125
6397,10380.35546875
6398,7252.00244140625
6399,5944.99072265625
6400,5108.26611328125
6401,9897.4111328125
6402,9106.265625
6403,5280.46875
6404,7502.451171875
6405,6679.25830078125
6406,4731.2548828125
6407,3895.064208984375
6408,7774.62890625
6409,5773.20361328125
6410,5138.7705078125
6411,5039.6181640625
6412,2179.54931640625
6413,8662.0888671875
6414,5799.62548828125
6415,7111.37646484375
6416,4290.94091796875
6417,4128.11181640625
6418,6187.5615234375
6419,6101.02490234375
6420,6225.865234375
6421,5194.921875
6422,3481.869140625
6423,3315.193359375
6424,3890.802001953125
6425,5989.39404296875
6426,16021.98046875
6427,3518.525634765625
6428,5374.14453125
6429,5555.76171875
6430,4349.43212890625
6431,3794.241455078125
6432,4617.3310546875
6433,3636.74755859375
6434,6932.06201171875
6435,6886.7216796875
6436,3263.8212890625
6437,7122.2763671875
6438,3659.999755859375
6439,4520.61376953125
6440,7860.62255859375
6441,6052.91455078125
6442,7738.09716796875
6443,4560.53271484375
6444,5234.33056640625
6445,4135.255859375
6446,4686.61474609375
6447,11845.5869140625
6448,10006.3388671875
6449,6900.6103515625
6450,4221.533203125
6451,5045.890625
6452,5257.73974609375
6453,4434.630859375
6454,10242.1650390625
6455,5020.09912109375
6456,4407.84375
6457,5847.25732421875
6458,3724.718017578125
6459,5735.56640625
6460,5591.92578125
6461,5973.6123046875
6462,6798.3505859375
6463,3770.6669921875
6464,4885.14697265625
6465,5036.21044921875
6466,7694.66845703125
6467,6969.96240234375
6468,6271.42724609375
6469,3609.415283203125
6470,6491.2509765625
6471,5055.39013671875
6472,4045.194580078125
6473,5804.904296875
6474,6378.80712890625
6475,5326.80908203125
6476,6562.9892578125
6477,5400.43310546875
6478,5861.0302734375
6479,5171.8720703125
6480,6769.529296875
6481,6358.38427734375
6482,5165.78173828125
6483,9343.0146484375
6484,5140.2255859375
6485,3879.26513671875
6486,8979.0634765625
6487,4941.4814453125
6488,3611.277099609375
6489,5711.12890625
6490,8677.939453125
6491,8611.7412109375
6492,4399.18408203125
6493,5341.8037109375
6494,5181.470703125
6495,6040.52587890625
6496,4902.69091796875
6497,5982.27734375
6498,2691.09716796875
6499,4196.326171875
6500,5412.58203125
6501,4848.63232421875
6502,4466.380859375
6503,6676.8916015625
6504,5962.89111328125
6505,5477.35986328125
6506,6427.31298828125
6507,5887.8330078125
6508,7409.271484375
6509,4645.68701171875
6510,5264.94580078125
6511,5758.837890625
6512,7592.0087890625
6513,6162.01513671875
6514,4104.01220703125
6515,7960.69921875
6516,6213.40966796875
6517,6179.61474609375
6518,4208.85107421875
6519,3960.664794921875
6520,6905.62109375
6521,4696.09228515625
6522,7803.3740234375
6523,6041.033203125
6524,4858.49951171875
6525,7153.3896484375
6526,5424.1611328125
6527,4593.23828125
6528,6380.48193359375
6529,5044.0400390625
6530,7806.0634765625
6531,8966.7763671875
6532,5802.890625
6533,3871.53955078125
6534,4130.3505859375
6535,3638.352294921875
6536,3031.540771484375
6537,6556.1318359375
6538,4161.8173828125
6539,7103.25537109375
6540,3501.734130859375
6541,4841.556640625
6542,4847.28173828125
6543,6897.55859375
6544,4686.86865234375
6545,4196.26708984375
6546,4058.4931640625
6547,6255.94189453125
6548,4515.265625
6549,5980.02001953125
6550,6741.7607421875
6551,7365.3583984375
6552,6501.8408203125
6553,6645.05224609375
6554,5177.05859375
6555,3966.421630859375
6556,4720.0556640625
6557,8726.736328125
6558,7216.9091796875
6559,7016.52587890625
6560,13933.447265625
6561,4701.04736328125
6562,4287.341796875
6563,5885.2265625
6564,7708.525390625
6565,8033.80126953125
6566,5765.57861328125
6567,7122.40234375
6568,7226.26416015625
6569,6060.728515625
6570,5548.361328125
6571,4526.97607421875
6572,4962.88525390625
6573,4188.720703125
6574,3518.065185546875
6575,3800.766357421875
6576,6861.77294921875
6577,13408.1044921875
6578,5757.3134765625
6579,4749.921875
6580,6098.3740234375
6581,4337.4873046875
6582,6296.9306640625
6583,3858.84716796875
6584,9832.015625
6585,6024.04833984375
6586,5425.64599609375
6587,10767.5986328125
6588,10230.0693359375
6589,4206.4140625
6590,6441.30029296875
6591,4068.53076171875
6592,4798.53515625
6593,5631.3818359375
6594,6948.658203125
6595,3564.150390625
6596,4301.76611328125
6597,5223.44580078125
6598,5362.0
6599,4831.78369140625
6600,5511.2685546875
6601,4520.2001953125
6602,6344.97216796875
6603,6987.822265625
6604,5334.48095703125
6605,3982.177734375
6606,2952.9794921875
6607,6823.85693359375
6608,3994.73876953125
6609,8175.60595703125
6610,4182.57763671875
6611,3921.423828125
6612,5243.26416015625
6613,4466.60107421875
6614,4171.60009765625
6615,5369.70166015625
6616,5325.947265625
6617,8048.5458984375
6618,7333.9306640625
6619,5133.0849609375
6620,4187.44287109375
6621,5189.37158203125
6622,3760.67236328125
6623,4264.564453125
6624,4894.76611328125
6625,5151.5947265625
6626,9302.4970703125
6627,5958.25537109375
6628,5173.21875
6629,6604.08837890625
6630,4765.3125
6631,7757.31982421875
6632,4898.431640625
6633,10684.0888671875
6634,5216.50146484375
6635,4619.3896484375
6636,3281.099365234375
6637,3186.269775390625
6638,5786.24658203125
6639,17691.904296875
6640,3381.050048828125
6641,4042.24609375
6642,9397.2978515625
6643,5257.80810546875
6644,6001.6162109375
6645,6990.24755859375
6646,4427.8388671875
6647,5521.240234375
6648,3779.188720703125
6649,8309.9052734375
6650,4937.34619140625
6651,6149.01708984375
6652,6245.88427734375
6653,4580.83984375
6654,6946.22998046875
6655,5798.21142578125
6656,4293.57470703125
6657,7911.39501953125
6658,7923.26708984375
6659,3818.459228515625
6660,6997.2353515625
6661,5371.23193359375
6662,4349.8857421875
6663,6813.69384765625
6664,5807.31884765625
6665,6347.07763671875
6666,3970.192138671875
6667,4673.98974609375
6668,5917.45361328125
6669,3947.750244140625
6670,6705.8251953125
6671,3686.501708984375
6672,5391.734375
6673,4061.81396484375
6674,5100.9306640625
6675,5611.787109375
6676,5938.392578125
6677,6145.830078125
6678,6718.13916015625
6679,4957.26171875
6680,6302.19189453125
6681,5268.27294921875
6682,6111.59619140625
6683,8031.791015625
6684,7453.03369140625
6685,3285.878173828125
6686,5195.36181640625
6687,6173.72998046875
6688,5557.93701171875
6689,11088.1181640625
6690,4541.96337890625
6691,6262.42236328125
6692,9159.75
6693,6200.1181640625
6694,3552.657470703125
6695,15000.6826171875
6696,8693.6240234375
6697,4703.2197265625
6698,6153.88330078125
6699,8273.1142578125
6700,5858.05810546875
6701,4607.64453125
6702,5584.1220703125
6703,4501.14990234375
6704,5089.642578125
6705,6167.9609375
6706,4054.30615234375
6707,5807.87109375
6708,4989.64111328125
6709,4981.7744140625
6710,5712.67138671875
6711,5612.34033203125
6712,5182.18408203125
6713,4368.806640625
6714,6307.77392578125
6715,5368.21630859375
6716,5483.38525390625
6717,5949.96337890625
6718,5122.95849609375
6719,8234.2080078125
6720,4789.26025390625
6721,3975.73974609375
6722,5313.16845703125
6723,6355.037109375
6724,5432.14111328125
6725,4461.470703125
6726,3230.060791015625
6727,6102.79248046875
6728,6680.0498046875
6729,4511.228515625
6730,6237.099609375
6731,5343.982421875
6732,4719.41455078125
6733,4292.87744140625
6734,3201.242919921875
6735,6418.01513671875
6736,5594.92822265625
6737,5116.25341796875
6738,7429.31640625
6739,6690.126953125
6740,4366.14306640625
6741,7180.08544921875
6742,3827.279052734375
6743,3244.57373046875
6744,6018.32275390625
6745,7914.95556640625
6746,7047.49658203125
6747,5754.06591796875
6748,3431.947998046875
6749,5271.07373046875
6750,6988.5341796875
6751,4611.666015625
6752,6533.34912109375
6753,3841.80224609375
6754,4804.68408203125
6755,4582.736328125
6756,4380.90087890625
6757,4056.76513671875
6758,4017.091552734375
6759,4211.13037109375
6760,3719.79931640625
6761,6611.52197265625
6762,5709.68115234375
6763,4140.58984375
6764,5508.39794921875
6765,5951.03564453125
6766,4587.3603515625
6767,3339.75634765625
6768,6868.0458984375
6769,5892.29248046875
6770,4806.76318359375
6771,3449.098388671875
6772,9107.12890625
6773,5829.8740234375
6774,4414.78076171875
6775,6570.94189453125
6776,5596.5595703125
6777,5552.96044921875
6778,4993.82421875
6779,6364.72412109375
6780,5836.4755859375
6781,10620.55078125
6782,4182.20556640625
6783,3995.7578125
6784,4820.6103515625
6785,5767.1220703125
6786,5668.861328125
6787,5888.38037109375
6788,6156.67919921875
6789,5223.70947265625
6790,4181.37158203125
6791,4362.60888671875
6792,8730.345703125
6793,3940.47998046875
6794,6083.48876953125
6795,3294.7666015625
6796,5893.7021484375
6797,6473.396484375
6798,5601.68896484375
6799,6558.66552734375
6800,5395.017578125
6801,3518.408447265625
6802,6015.5078125
6803,6064.54638671875
6804,7350.212890625
6805,5528.87109375
6806,6913.34375
6807,4916.2392578125
6808,3685.8544921875
6809,8208.962890625
6810,3491.563232421875
6811,8462.408203125
6812,5621.7236328125
6813,3726.768798828125
6814,5586.10888671875
6815,5188.18798828125
6816,6364.0888671875
6817,7402.67431640625
6818,3270.0615234375
6819,5048.87744140625
6820,5768.57177734375
6821,7022.36474609375
6822,8128.0009765625
6823,4715.873046875
6824,4842.28173828125
6825,4767.09033203125
6826,6018.46875
6827,4147.76904296875
6828,8374.6767578125
6829,7166.59814453125
6830,9933.6611328125
6831,4690.8115234375
6832,4475.38818359375
6833,11060.0146484375
6834,7546.5205078125
6835,3603.76171875
6836,8986.990234375
6837,5367.322265625
6838,5040.16748046875
6839,4014.067138671875
6840,4834.66064453125
6841,4294.4423828125
6842,3743.3837890625
6843,4261.1904296875
6844,4007.734130859375
6845,7823.06494140625
6846,6449.142578125
6847,19916.33203125
6848,6001.53466796875
6849,3782.68017578125
6850,5573.46337890625
6851,7485.74658203125
6852,4718.98828125
6853,6058.35400390625
6854,4786.171875
6855,7360.021484375
6856,6221.65966796875
6857,3606.452392578125
6858,4401.3515625
6859,6258.7919921875
6860,6653.2568359375
6861,5961.75390625
6862,8939.9072265625
6863,4697.1220703125
6864,4137.70458984375
6865,4984.642578125
6866,7611.197265625
6867,9602.8759765625
6868,6561.43310546875
6869,6639.75
6870,3518.81591796875
6871,4997.27197265625
6872,3477.905029296875
6873,6858.71728515625
6874,8079.06005859375
6875,8476.685546875
6876,3718.684814453125
6877,4743.9248046875
6878,4082.09912109375
6879,4788.55078125
6880,8982.7197265625
6881,5691.98095703125
6882,3968.5712890625
6883,4190.15576171875
6884,6669.6474609375
6885,2893.16064453125
6886,6386.998046875
6887,3512.55419921875
6888,5560.25927734375
6889,5373.70458984375
6890,4797.93798828125
6891,6573.91357421875
6892,5122.32177734375
6893,5126.5146484375
6894,5587.7646484375
6895,5620.46484375
6896,8954.1064453125
6897,4982.55908203125
6898,7310.357421875
6899,6773.0009765625
6900,8095.609375
6901,5255.89306640625
6902,7683.74462890625
6903,3131.236083984375
6904,4163.9140625
6905,5107.4306640625
6906,5108.99853515625
6907,8478.4287109375
6908,6148.4345703125
6909,4126.279296875
6910,5773.5791015625
6911,5870.63720703125
6912,7715.578125
6913,3305.82763671875
6914,11225.0791015625
6915,3472.798583984375
6916,5516.73193359375
6917,6579.671875
6918,4075.048095703125
6919,4814.861328125
6920,5125.30322265625
6921,6405.744140625
6922,4556.56298828125
6923,4932.15673828125
6924,6659.1904296875
6925,6632.76708984375
6926,5190.1025390625
6927,4171.4833984375
6928,6364.66552734375
6929,10617.61328125
6930,5615.72509765625
6931,4131.87158203125
6932,5589.3310546875
6933,5240.89453125
6934,5839.4970703125
6935,6409.67333984375
6936,3206.2734375
6937,6027.88427734375
6938,5744.076171875
6939,5689.1376953125
6940,6701.8095703125
6941,4437.953125
6942,4219.359375
6943,3936.491455078125
6944,7198.60400390625
6945,7026.21337890625
6946,4532.08447265625
6947,3657.501220703125
6948,6040.48046875
6949,5258.474609375
6950,4359.3212890625
6951,5587.87353515625
6952,5379.6533203125
6953,6805.69775390625
6954,4665.78857421875
6955,3872.12060546875
6956,4852.76025390625
6957,8088.2265625
6958,6251.62109375
6959,6982.80712890625
6960,6745.34716796875
6961,4932.4091796875
6962,7462.50537109375
6963,4480.9990234375
6964,4931.3173828125
6965,8461.9482421875
6966,5059.564453125
6967,8186.48095703125
6968,7937.69580078125
6969,5431.470703125
6970,4972.2744140625
6971,6578.1533203125
6972,5867.48583984375
6973,5130.91455078125
6974,3026.376708984375
6975,5007.5087890625
6976,6277.44482421875
6977,4909.95263671875
6978,3814.040771484375
6979,6428.990234375
6980,5347.28271484375
6981,4866.03369140625
6982,5064.1689453125
6983,4060.81494140625
6984,5615.49560546875
6985,5907.02587890625
6986,4694.576171875
6987,4432.45751953125
6988,4673.4150390625
6989,5266.7333984375
6990,4182.44873046875
6991,4742.88916015625
6992,4411.49169921875
6993,6984.78076171875
6994,6897.46142578125
6995,5035.9541015625
6996,10078.62109375
6997,4051.0732421875
6998,4953.291015625
6999,8419.7939453125
7000,5332.06396484375
7001,6839.43994140625
7002,6235.06494140625
7003,4514.58447265625
7004,5726.00048828125
7005,4438.52783203125
7006,6932.8056640625
7007,8969.4697265625
7008,5179.95849609375
7009,2300.959228515625
7010,4061.57373046875
7011,6445.58740234375
7012,6403.0107421875
7013,5394.9873046875
7014,5946.017578125
7015,4332.8935546875
7016,4212.9990234375
7017,2928.026123046875
7018,4394.505859375
7019,5383.65673828125
7020,6125.15625
7021,5922.30322265625
7022,6854.6318359375
7023,6994.8828125
7024,7888.533203125
7025,6705.82275390625
7026,5050.7890625
7027,8031.08447265625
7028,7866.68896484375
7029,4138.89892578125
7030,6211.75634765625
7031,4454.56103515625
7032,5889.12158203125
7033,2880.236083984375
7034,5210.6240234375
7035,4372.08544921875
7036,8170.1923828125
7037,5890.8193359375
7038,6360.46923828125
7039,7025.9873046875
7040,5072.47705078125
7041,6782.82275390625
7042,15930.25
7043,8358.166015625
7044,4246.77978515625
7045,2395.000244140625
7046,5063.974609375
7047,5837.8056640625
7048,5072.1787109375
7049,11273.2646484375
7050,17423.92578125
7051,3457.6357421875
7052,4541.072265625
7053,7205.0439453125
7054,4252.1083984375
7055,6291.12939453125
7056,4824.466796875
7057,6100.8603515625
7058,0.0
7059,5416.69482421875
7060,5119.09033203125
7061,6785.79443359375
7062,7796.6376953125
7063,4769.54248046875
7064,4988.439453125
7065,5902.0478515625
7066,4048.415771484375
7067,4253.03515625
7068,8611.2333984375
7069,4837.3134765625
7070,4643.18701171875
7071,5483.49365234375
7072,4848.53515625
7073,6013.1298828125
7074,5880.91455078125
7075,5550.4560546875
7076,7141.59765625
7077,5984.90087890625
7078,6917.31591796875
7079,4503.939453125
7080,3099.57568359375
7081,5359.16552734375
7082,4241.65185546875
7083,4496.79443359375
7084,3809.0361328125
7085,7067.4677734375
7086,6393.13623046875
7087,7655.1865234375
7088,5975.109375
7089,5423.6796875
7090,4067.91064453125
7091,3643.075439453125
7092,7637.2353515625
7093,4095.0537109375
7094,6467.2109375
7095,12650.3681640625
7096,6456.79443359375
7097,4481.5771484375
7098,4158.36767578125
7099,3821.694580078125
7100,5313.40576171875
7101,3240.641845703125
7102,5996.9169921875
7103,10375.84765625
7104,3954.3896484375
7105,11892.5703125
7106,10624.9443359375
7107,4249.931640625
7108,7371.98095703125
7109,5310.81884765625
7110,5400.40625
7111,4998.51025390625
7112,10100.611328125
7113,4886.94580078125
7114,7403.013671875
7115,3052.529541015625
7116,6356.41748046875
7117,4633.85888671875
7118,7307.28857421875
7119,5527.18017578125
7120,4722.4296875
7121,5420.66064453125
7122,5696.5654296875
7123,6689.64453125
7124,7817.8037109375
7125,5704.40234375
7126,8234.4931640625
7127,5473.4228515625
7128,8281.5693359375
7129,4865.78857421875
7130,4696.25390625
7131,4226.52001953125
7132,7525.10009765625
7133,5198.21875
7134,6619.3310546875
7135,5998.85693359375
7136,6626.037109375
7137,4459.27685546875
7138,6024.03271484375
7139,5505.5498046875
7140,3306.391845703125
7141,10821.5244140625
7142,15042.6796875
7143,5168.7685546875
7144,5379.63720703125
7145,7249.728515625
7146,8140.96630859375
7147,9751.9111328125
7148,4951.0869140625
7149,5807.98046875
7150,5154.0205078125
7151,6789.7431640625
7152,3491.4150390625
7153,4703.75439453125
7154,4642.54638671875
7155,4388.40869140625
7156,5978.79345703125
7157,4715.34814453125
7158,3480.446533203125
7159,6750.53662109375
7160,3191.989990234375
7161,4258.189453125
7162,5401.92041015625
7163,5308.419921875
7164,7663.24658203125
7165,7301.61962890625
7166,5918.69677734375
7167,5400.8408203125
7168,6124.5263671875
7169,8770.7197265625
7170,5701.923828125
7171,4007.314208984375
7172,4641.091796875
7173,7385.74560546875
7174,3826.79345703125
7175,6051.353515625
7176,3159.646484375
7177,4113.9462890625
7178,5814.15869140625
7179,5958.72021484375
7180,4448.8623046875
7181,7873.78125
7182,8151.50439453125
7183,10545.6435546875
7184,5392.93017578125
7185,7835.29736328125
7186,2634.415771484375
7187,5056.4228515625
7188,5425.74951171875
7189,3333.939697265625
7190,6724.20068359375
7191,3820.900146484375
7192,6618.681640625
7193,7074.4736328125
7194,10586.0263671875
7195,7157.00439453125
7196,4580.08740234375
7197,4678.990234375
7198,9047.30859375
7199,7165.35693359375
7200,4445.39794921875
7201,4704.2919921875
7202,5842.82080078125
7203,7337.55126953125
7204,4707.32080078125
7205,5047.95751953125
7206,7136.68896484375
7207,6668.53076171875
7208,11417.8759765625
7209,5742.62646484375
7210,12794.48828125
7211,5615.447265625
7212,4470.21728515625
7213,2410.954833984375
7214,5140.8759765625
7215,4677.34228515625
7216,4611.986328125
7217,5562.697265625
7218,4443.47607421875
7219,3828.930908203125
7220,5582.93408203125
7221,2878.81640625
7222,5507.9208984375
7223,5778.427734375
7224,6327.25927734375
7225,7233.24853515625
7226,4388.1630859375
7227,7450.11328125
7228,4541.08984375
7229,5072.8603515625
7230,4996.5068359375
7231,4928.275390625
7232,8092.396484375
7233,5690.9482421875
7234,3550.027587890625
7235,5492.2412109375
7236,8537.3466796875
7237,5558.5576171875
7238,5009.42919921875
7239,7017.06396484375
7240,5312.73583984375
7241,5494.37939453125
7242,5102.8701171875
7243,7260.78564453125
7244,4412.64697265625
7245,4726.640625
7246,4677.3642578125
7247,4505.146484375
7248,3523.782470703125
7249,3824.3251953125
7250,6868.716796875
7251,7110.1611328125
7252,9504.375
7253,10255.5947265625
7254,6664.8681640625
7255,5691.970703125
7256,4676.046875
7257,9748.4287109375
7258,8491.17578125
7259,5016.6748046875
7260,6480.52001953125
7261,6434.8056640625
7262,4472.45361328125
7263,4005.72900390625
7264,7233.0341796875
7265,5592.27490234375
7266,5725.1572265625
7267,4499.39794921875
7268,2126.373046875
7269,8391.2958984375
7270,5756.1005859375
7271,6834.49609375
7272,4404.73193359375
7273,4029.118896484375
7274,5962.4677734375
7275,5667.37939453125
7276,6105.9677734375
7277,5501.74267578125
7278,3424.8857421875
7279,3574.785400390625
7280,3690.986328125
7281,5879.72509765625
7282,15639.2431640625
7283,3397.107666015625
7284,5305.47900390625
7285,5670.35693359375
7286,4072.717529296875
7287,3942.483154296875
7288,4341.69140625
7289,3096.37353515625
7290,6214.85888671875
7291,6822.36181640625
7292,3224.48388671875
7293,7168.57373046875
7294,3248.718505859375
7295,4635.89111328125
7296,7628.9921875
7297,6432.49169921875
7298,7928.08203125
7299,4099.19873046875
7300,4813.49365234375
7301,4358.73095703125
7302,4261.8046875
7303,12363.337890625
7304,10258.5849609375
7305,6600.21875
7306,4333.11328125
7307,4846.89208984375
7308,4946.005859375
7309,3843.237060546875
7310,8306.9423828125
7311,5400.4814453125
7312,4486.01416015625
7313,5637.45947265625
7314,3798.676513671875
7315,5498.19873046875
7316,5488.40380859375
7317,5804.29052734375
7318,6385.00634765625
7319,3426.2978515625
7320,4607.20361328125
7321,5228.39404296875
7322,7466.7822265625
7323,6663.0810546875
7324,5908.4072265625
7325,3161.05078125
7326,6734.775390625
7327,4985.8173828125
7328,3757.050537109375
7329,5678.97216796875
7330,6035.85595703125
7331,5270.14892578125
7332,6028.90576171875
7333,5277.361328125
7334,5117.1982421875
7335,5134.5556640625
7336,6383.59765625
7337,6167.00537109375
7338,5418.7255859375
7339,9070.6240234375
7340,4939.6708984375
7341,3741.2548828125
7342,9431.1826171875
7343,4646.888671875
7344,3595.850341796875
7345,5602.09375
7346,8775.4560546875
7347,8598.751953125
7348,4239.68212890625
7349,4897.76953125
7350,4764.55126953125
7351,6040.29150390625
7352,5021.14892578125
7353,6000.27685546875
7354,2819.19482421875
7355,4331.7734375
7356,5466.87890625
7357,4908.3310546875
7358,4023.16259765625
7359,6583.8642578125
7360,6132.66845703125
7361,5083.5068359375
7362,6483.2724609375
7363,5656.2705078125
7364,6960.78515625
7365,4432.142578125
7366,5177.72802734375
7367,5357.38330078125
7368,7034.16064453125
7369,6508.9990234375
7370,2712.302490234375
7371,8400.619140625
7372,5925.52099609375
7373,6027.53759765625
7374,4426.61328125
7375,3664.485107421875
7376,7191.9228515625
7377,4492.033203125
7378,7782.34765625
7379,5583.884765625
7380,4634.6884765625
7381,6647.97509765625
7382,4797.6650390625
7383,4462.310546875
7384,6075.69140625
7385,4482.17724609375
7386,7679.99462890625
7387,8704.95703125
7388,5608.505859375
7389,3684.35546875
7390,4255.46923828125
7391,3100.405029296875
7392,2776.58251953125
7393,6240.5771484375
7394,4217.41357421875
7395,7208.02734375
7396,3338.360595703125
7397,4588.8056640625
7398,4677.03955078125
7399,7328.1806640625
7400,4563.3583984375
7401,4283.263671875
7402,4190.59130859375
7403,6151.14697265625
7404,4148.70068359375
7405,6039.56103515625
7406,6355.8828125
7407,7173.9599609375
7408,6565.3037109375
7409,6399.76416015625
7410,4672.43505859375
7411,3543.49853515625
7412,4608.67041015625
7413,8908.91015625
7414,7195.39599609375
7415,6641.73681640625
7416,13961.5419921875
7417,4380.1201171875
7418,4350.44580078125
7419,5625.107421875
7420,7585.33984375
7421,8115.72216796875
7422,5737.73583984375
7423,6897.994140625
7424,6900.34716796875
7425,5732.03857421875
7426,5160.85009765625
7427,4519.3701171875
7428,4916.541015625
7429,3981.865966796875
7430,3230.42724609375
7431,3698.0107421875
7432,6367.61328125
7433,13637.7607421875
7434,5536.71142578125
7435,4250.03662109375
7436,6240.66796875
7437,3958.364501953125
7438,6131.57666015625
7439,3256.62158203125
7440,9144.5302734375
7441,5950.779296875
7442,4973.8798828125
7443,10429.4140625
7444,10558.1474609375
7445,4048.760009765625
7446,6216.8291015625
7447,3886.240234375
7448,4417.27685546875
7449,5401.955078125
7450,6736.31103515625
7451,3910.859375
7452,4009.273193359375
7453,4741.091796875
7454,5058.2744140625
7455,4827.056640625
7456,5296.31884765625
7457,4083.878173828125
7458,6132.00146484375
7459,6427.60498046875
7460,5256.60595703125
7461,3600.554931640625
7462,3252.994140625
7463,6374.29248046875
7464,3393.6533203125
7465,8262.390625
7466,3812.939697265625
7467,3635.090576171875
7468,5193.248046875
7469,4391.9296875
7470,4000.15625
7471,4782.27978515625
7472,5430.197265625
7473,8083.97607421875
7474,7265.642578125
7475,4842.30712890625
7476,3840.829345703125
7477,4735.67578125
7478,3609.62890625
7479,4535.470703125
7480,4867.26025390625
7481,4937.03125
7482,9202.9169921875
7483,5928.2080078125
7484,4527.79541015625
7485,6651.59716796875
7486,4325.91064453125
7487,7381.201171875
7488,4376.7861328125
7489,10284.4365234375
7490,5355.9951171875
7491,4421.384765625
7492,3104.899658203125
7493,2799.738037109375
7494,5954.5625
7495,18292.861328125
7496,3404.25634765625
7497,4156.49853515625
7498,9111.3662109375
7499,5184.587890625
7500,5868.9892578125
7501,6943.1357421875
7502,4538.9560546875
7503,5437.185546875
7504,3881.16455078125
7505,8050.94970703125
7506,4764.96337890625
7507,6275.6865234375
7508,6830.46044921875
7509,4195.66162109375
7510,7228.5595703125
7511,5508.0849609375
7512,4025.549072265625
7513,7833.40283203125
7514,7247.6787109375
7515,3577.974365234375
7516,6677.6396484375
7517,5062.79833984375
7518,4036.9521484375
7519,6528.51611328125
7520,5819.43896484375
7521,5950.91748046875
7522,3621.242919921875
7523,4551.35009765625
7524,6305.2236328125
7525,3360.565673828125
7526,6256.1416015625
7527,3945.215576171875
7528,5042.9345703125
7529,3876.33203125
7530,5092.57861328125
7531,5778.80224609375
7532,5592.11083984375
7533,6177.72802734375
7534,6560.39013671875
7535,4577.23046875
7536,6478.67578125
7537,5319.5087890625
7538,6100.927734375
7539,7448.62841796875
7540,7034.43994140625
7541,3260.122802734375
7542,4650.03271484375
7543,6172.1015625
7544,5446.4970703125
7545,10829.7705078125
7546,4725.88818359375
7547,5606.65087890625
7548,8600.8935546875
7549,5306.25390625
7550,3264.229248046875
7551,14764.751953125
7552,9167.2822265625
7553,4872.52685546875
7554,5821.95361328125
7555,7388.55029296875
7556,5526.25390625
7557,4305.572265625
7558,5586.90283203125
7559,4357.72119140625
7560,4785.3974609375
7561,5785.142578125
7562,3850.312744140625
7563,6434.41650390625
7564,5039.95361328125
7565,4906.1845703125
7566,5892.90087890625
7567,5079.154296875
7568,4785.28564453125
7569,3912.379150390625
7570,5761.6962890625
7571,5512.306640625
7572,5115.73583984375
7573,5750.404296875
7574,5175.9580078125
7575,8170.70849609375
7576,4581.58447265625
7577,3774.71728515625
7578,4959.2880859375
7579,6210.9169921875
7580,5723.5234375
7581,4066.75048828125
7582,3248.541015625
7583,6496.34619140625
7584,6704.40576171875
7585,4441.39990234375
7586,6216.224609375
7587,5410.67138671875
7588,5129.01708984375
7589,4000.882568359375
7590,3085.20751953125
7591,6760.06640625
7592,5494.0419921875
7593,4942.7294921875
7594,7376.12890625
7595,6958.8134765625
7596,4247.3798828125
7597,6200.9892578125
7598,3799.62646484375
7599,2919.58447265625
7600,5807.54296875
7601,8159.37890625
7602,5680.97509765625
7603,5330.18310546875
7604,3105.011962890625
7605,4812.44677734375
7606,6429.62353515625
7607,5190.79541015625
7608,6099.20556640625
7609,3650.173095703125
7610,4637.13623046875
7611,4182.01416015625
7612,4175.91796875
7613,4566.544921875
7614,3676.95947265625
7615,4200.4755859375
7616,3395.01025390625
7617,6112.35693359375
7618,6028.0263671875
7619,4310.142578125
7620,4979.31884765625
7621,5734.5224609375
7622,4840.3359375
7623,2960.83935546875
7624,6671.38671875
7625,6196.31689453125
7626,4730.39306640625
7627,3275.27001953125
7628,8786.322265625
7629,5509.58447265625
7630,4368.1513671875
7631,6195.90087890625
7632,5594.818359375
7633,5491.23583984375
7634,4962.5146484375
7635,6371.65966796875
7636,6172.65869140625
7637,10482.9794921875
7638,3942.2998046875
7639,3721.187744140625
7640,4360.1181640625
7641,4741.52392578125
7642,4643.22314453125
7643,6253.16845703125
7644,5570.001953125
7645,5256.1357421875
7646,3779.652587890625
7647,4381.8740234375
7648,7617.8916015625
7649,3936.772216796875
7650,5932.8740234375
7651,3183.2099609375
7652,5547.77197265625
7653,6765.21435546875
7654,5473.16455078125
7655,6554.3583984375
7656,5234.4794921875
7657,3508.160888671875
7658,5200.42822265625
7659,5783.8828125
7660,7109.86669921875
7661,5455.8984375
7662,6621.3212890625
7663,4396.70263671875
7664,3653.136474609375
7665,8218.0693359375
7666,3062.403564453125
7667,8089.81298828125
7668,5631.06591796875
7669,3855.30419921875
7670,5825.958984375
7671,4666.6328125
7672,6825.9296875
7673,7472.796875
7674,3028.25
7675,4791.6943359375
7676,6139.9580078125
7677,7168.18505859375
7678,8243.212890625
7679,5013.01708984375
7680,4483.23583984375
7681,4591.04052734375
7682,5499.357421875
7683,3721.0517578125
7684,8316.26953125
7685,6776.81689453125
7686,9428.185546875
7687,4503.7216796875
7688,4559.3974609375
7689,11175.630859375
7690,7164.93603515625
7691,3745.981689453125
7692,7947.04638671875
7693,5187.09619140625
7694,4829.32568359375
7695,3949.482421875
7696,4881.9052734375
7697,3871.53759765625
7698,3618.2255859375
7699,4038.75537109375
7700,3890.26904296875
7701,7728.40234375
7702,5679.12060546875
7703,19526.29296875
7704,5653.24072265625
7705,3656.82958984375
7706,6008.38525390625
7707,8717.9443359375
7708,5446.06591796875
7709,6523.990234375
7710,5472.4130859375
7711,7048.90869140625
7712,5930.06005859375
7713,3352.9140625
7714,4903.3525390625
7715,6303.33154296875
7716,7039.32177734375
7717,6006.794921875
7718,8957.7900390625
7719,4111.1552734375
7720,4596.66357421875
7721,4907.31884765625
7722,7288.67626953125
7723,9144.2001953125
7724,7054.09619140625
7725,6609.62353515625
7726,3857.630859375
7727,5145.65234375
7728,3346.35009765625
7729,7347.02978515625
7730,7815.455078125
7731,8927.6552734375
7732,3910.79931640625
7733,4810.5107421875
7734,4146.828125
7735,4406.2529296875
7736,8738.9267578125
7737,5806.716796875
7738,4086.722900390625
7739,3935.7265625
7740,6507.22119140625
7741,3498.72314453125
7742,6143.9599609375
7743,3492.76513671875
7744,5761.88623046875
7745,5473.478515625
7746,5589.52294921875
7747,6728.80517578125
7748,5252.8984375
7749,5094.38623046875
7750,6277.4716796875
7751,5508.60498046875
7752,8293.5458984375
7753,5151.01806640625
7754,6908.39697265625
7755,7055.765625
7756,8215.32421875
7757,5435.2666015625
7758,7662.05810546875
7759,3264.19921875
7760,4877.4990234375
7761,5352.26025390625
7762,5425.55712890625
7763,8709.0556640625
7764,6286.67529296875
7765,4465.5029296875
7766,5804.92919921875
7767,5900.84716796875
7768,7758.88525390625
7769,3476.336669921875
7770,11319.025390625
7771,3438.258056640625
7772,5826.41259765625
7773,7213.60205078125
7774,4140.68896484375
7775,4536.12646484375
7776,5323.45361328125
7777,6469.162109375
7778,4716.18798828125
7779,4835.28369140625
7780,6773.21337890625
7781,6636.4453125
7782,5658.2236328125
7783,4266.25634765625
7784,6751.7255859375
7785,10029.5302734375
7786,5686.14013671875
7787,4763.6015625
7788,5671.7373046875
7789,5671.41015625
7790,5073.92578125
7791,6468.0361328125
7792,3662.460205078125
7793,6377.09912109375
7794,6078.611328125
7795,5925.599609375
7796,7135.85546875
7797,4599.77734375
7798,4384.66455078125
7799,4409.2802734375
7800,7286.951171875
7801,7430.4306640625
7802,4554.236328125
7803,3939.08837890625
7804,5796.01904296875
7805,5116.31787109375
7806,4315.87109375
7807,6179.265625
7808,5439.67333984375
7809,6965.080078125
7810,4789.8642578125
7811,4145.61669921875
7812,4960.31494140625
7813,8025.29248046875
7814,6648.279296875
7815,6834.6943359375
7816,6625.07958984375
7817,4911.2568359375
7818,7950.80859375
7819,4630.345703125
7820,5085.0361328125
7821,8023.78515625
7822,5007.63134765625
7823,8908.947265625
7824,7549.93115234375
7825,5775.62548828125
7826,4966.62646484375
7827,6932.763671875
7828,5967.27783203125
7829,5584.59619140625
7830,3503.786865234375
7831,5077.3037109375
7832,6421.841796875
7833,5080.77099609375
7834,3811.5126953125
7835,7021.662109375
7836,5552.03857421875
7837,5296.2275390625
7838,5281.22412109375
7839,4446.0107421875
7840,5922.60595703125
7841,5901.4638671875
7842,5034.11279296875
7843,4548.70947265625
7844,5011.23486328125
7845,5537.33349609375
7846,4779.4814453125
7847,6037.3251953125
7848,4272.75439453125
7849,7087.14404296875
7850,6860.31494140625
7851,5567.64453125
7852,9670.337890625
7853,3846.83984375
7854,4791.47998046875
7855,8972.8994140625
7856,5449.796875
7857,6956.16845703125
7858,6628.37109375
7859,4325.05517578125
7860,5904.08203125
7861,4693.9033203125
7862,7070.6142578125
7863,9035.896484375
7864,5393.841796875
7865,1850.456298828125
7866,4061.021728515625
7867,6457.17578125
7868,6368.42529296875
7869,4833.7119140625
7870,5877.28955078125
7871,4560.96142578125
7872,4808.009765625
7873,3368.820068359375
7874,4921.72021484375
7875,5646.388671875
7876,5992.62060546875
7877,6196.275390625
7878,7159.251953125
7879,6875.98193359375
7880,8021.3583984375
7881,6833.73779296875
7882,4749.6044921875
7883,8541.958984375
7884,8073.71875
7885,4641.41552734375
7886,6386.1865234375
7887,4432.72119140625
7888,5838.45556640625
7889,3183.37939453125
7890,5693.994140625
7891,4060.425537109375
7892,8450.6982421875
7893,6100.20458984375
7894,6267.47314453125
7895,7508.7392578125
7896,5287.9189453125
7897,6650.09130859375
7898,16747.986328125
7899,7915.76318359375
7900,4829.4306640625
7901,2558.206298828125
7902,5012.47705078125
7903,6554.07373046875
7904,5642.0400390625
7905,11636.8671875
7906,17757.0546875
7907,3552.113525390625
7908,5034.1904296875
7909,7254.251953125
7910,4347.88134765625
7911,6392.93115234375
7912,5503.341796875
7913,6317.83544921875
7914,0.0
7915,5465.37646484375
7916,5514.9365234375
7917,7337.59228515625
7918,7307.89453125
7919,5008.548828125
7920,4919.9306640625
7921,6157.9404296875
7922,3762.10400390625
7923,4578.79638671875
7924,7511.837890625
7925,4566.6064453125
7926,4693.93994140625
7927,6257.52587890625
7928,5776.8603515625
7929,6166.6240234375
7930,6707.36279296875
7931,5873.28173828125
7932,7401.08642578125
7933,7028.74072265625
7934,7148.92138671875
7935,4978.505859375
7936,3242.9814453125
7937,5223.89697265625
7938,4769.44775390625
7939,4402.486328125
7940,4363.51171875
7941,7456.84521484375
7942,6236.24658203125
7943,7499.58837890625
7944,6754.9765625
7945,5000.04541015625
7946,4322.12548828125
7947,4186.81982421875
7948,7969.78369140625
7949,3887.515869140625
7950,6576.1298828125
7951,13529.6533203125
7952,6346.6982421875
7953,4889.93212890625
7954,4373.8642578125
7955,4304.677734375
7956,5743.8115234375
7957,3592.227294921875
7958,6332.4287109375
7959,10976.6845703125
7960,4382.7158203125
7961,11954.060546875
7962,10994.5205078125
7963,4337.39501953125
7964,7385.2587890625
7965,5382.86328125
7966,5768.5673828125
7967,5373.35107421875
7968,10123.2802734375
7969,4777.14453125
7970,7921.93994140625
7971,3477.016357421875
7972,6672.5546875
7973,4851.3623046875
7974,7989.689453125
7975,5475.5244140625
7976,4992.283203125
7977,5607.95751953125
7978,5140.126953125
7979,6865.12158203125
7980,8580.8095703125
7981,5782.03076171875
7982,8057.7529296875
7983,5515.697265625
7984,8361.6982421875
7985,5292.6220703125
7986,4471.6796875
7987,4409.61865234375
7988,7107.7724609375
7989,5253.6884765625
7990,6758.51708984375
7991,5686.88671875
7992,6516.89892578125
7993,4022.53564453125
7994,7030.9052734375
7995,6183.4375
7996,3260.267578125
7997,10072.3125
7998,15476.693359375
7999,5134.98779296875
8000,5180.92919921875
8001,7672.07421875
8002,8566.6728515625
8003,10355.94921875
8004,4982.25927734375
8005,6071.68896484375
8006,5214.890625
8007,6985.17626953125
8008,4107.5615234375
8009,5069.02685546875
8010,4427.43310546875
8011,4959.0947265625
8012,6512.32958984375
8013,5121.14306640625
8014,3787.88427734375
8015,6581.15625
8016,3447.765625
8017,4042.116455078125
8018,5515.646484375
8019,4641.31298828125
8020,7490.2529296875
8021,7951.28173828125
8022,6157.2939453125
8023,5502.78759765625
8024,5739.87060546875
8025,9352.349609375
8026,5832.97509765625
8027,4494.46875
8028,4415.63671875
8029,7444.65673828125
8030,4096.4619140625
8031,6073.8974609375
8032,3109.123779296875
8033,4246.7509765625
8034,6446.9375
8035,6386.69921875
8036,4229.080078125
8037,7327.60888671875
8038,8384.7685546875
8039,10897.3974609375
8040,5471.603515625
8041,8001.2578125
8042,2885.867919921875
8043,5316.23583984375
8044,5410.658203125
8045,3162.414794921875
8046,6998.931640625
8047,4307.33837890625
8048,7063.74609375
8049,7421.35107421875
8050,10567.978515625
8051,6456.24462890625
8052,4857.28564453125
8053,4998.04296875
8054,9373.794921875
8055,7357.38623046875
8056,5034.615234375
8057,4311.52783203125
8058,5755.56982421875
8059,8009.67041015625
8060,4562.7529296875
8061,5656.794921875
8062,7028.68603515625
8063,6937.3701171875
8064,11996.0341796875
8065,5529.17626953125
8066,12856.0830078125
8067,5581.6962890625
8068,4540.2890625
8069,2705.923828125
8070,5364.69482421875
8071,4596.1845703125
8072,4751.45703125
8073,5535.8037109375
8074,4327.5908203125
8075,3929.3232421875
8076,5529.591796875
8077,3248.791259765625
8078,6114.56689453125
8079,5868.251953125
8080,6950.91796875
8081,7344.11376953125
8082,4438.2490234375
8083,8022.103515625
8084,5001.05029296875
8085,4954.27294921875
8086,4943.376953125
8087,4661.63916015625
8088,8494.52734375
8089,5843.56103515625
8090,4093.026123046875
8091,5383.7470703125
8092,8557.5244140625
8093,5882.91552734375
8094,5449.23193359375
8095,7257.29248046875
8096,5715.82861328125
8097,5472.55419921875
8098,5055.02001953125
8099,7049.31787109375
8100,4922.95654296875
8101,5189.27099609375
8102,4542.38525390625
8103,4317.65380859375
8104,3801.8935546875
8105,3737.22802734375
8106,6578.8291015625
8107,7698.6689453125
8108,9734.427734375
8109,10317.90234375
8110,6896.68896484375
8111,5872.31689453125
8112,5209.423828125
8113,10269.689453125
8114,9428.294921875
8115,4885.23486328125
8116,7144.96240234375
8117,7570.61572265625
8118,5088.8359375
8119,4323.873046875
8120,7653.91650390625
8121,5544.7744140625
8122,5795.8837890625
8123,4923.16357421875
8124,2326.7099609375
8125,8509.1904296875
8126,5751.54736328125
8127,7251.76513671875
8128,4705.8271484375
8129,4013.91845703125
8130,6723.91259765625
8131,5903.84912109375
8132,5999.56494140625
8133,5715.04833984375
8134,3659.408447265625
8135,3655.193603515625
8136,4169.99169921875
8137,5902.5517578125
8138,16468.390625
8139,3606.747802734375
8140,5395.5869140625
8141,6079.55224609375
8142,4505.869140625
8143,3753.621826171875
8144,4623.11279296875
8145,3759.6201171875
8146,6201.32470703125
8147,7126.693359375
8148,3523.740478515625
8149,7085.63037109375
8150,3577.638671875
8151,4908.1728515625
8152,7745.220703125
8153,6199.775390625
8154,8032.48095703125
8155,4856.25732421875
8156,5544.0830078125
8157,4279.33447265625
8158,4490.44384765625
8159,12631.12890625
8160,9383.3203125
8161,6836.13232421875
8162,4319.03662109375
8163,4714.71533203125
8164,5398.4013671875
8165,4289.1796875
8166,8859.2529296875
8167,5468.26416015625
8168,4457.80517578125
8169,5360.8837890625
8170,3837.5615234375
8171,6035.8974609375
8172,5610.43798828125
8173,5898.2353515625
8174,6731.8525390625
8175,3927.169677734375
8176,4930.51025390625
8177,5326.16455078125
8178,7454.01953125
8179,7390.0380859375
8180,6142.16162109375
8181,3319.46337890625
8182,6590.595703125
8183,5156.869140625
8184,3982.95703125
8185,5963.2509765625
8186,6507.88720703125
8187,5549.04638671875
8188,6450.33349609375
8189,5669.98193359375
8190,5208.60009765625
8191,5347.880859375
8192,6647.92431640625
8193,6203.65478515625
8194,4764.24609375
8195,9384.6923828125
8196,4733.80322265625
8197,4068.119384765625
8198,9414.7666015625
8199,4820.09521484375
8200,3769.240966796875
8201,6135.63720703125
8202,8763.5771484375
8203,8816.0546875
8204,4231.72314453125
8205,5163.0390625
8206,4810.29833984375
8207,6444.00146484375
8208,5166.47021484375
8209,5748.22314453125
8210,2774.786376953125
8211,4301.39794921875
8212,5337.0400390625
8213,4984.59716796875
8214,4524.96435546875
8215,6797.92919921875
8216,6025.62939453125
8217,5791.10986328125
8218,7086.5908203125
8219,5272.34619140625
8220,7147.896484375
8221,4110.103515625
8222,5572.21484375
8223,5962.5087890625
8224,6918.71337890625
8225,6622.291015625
8226,3129.29345703125
8227,8402.8173828125
8228,5651.990234375
8229,6042.7919921875
8230,4771.98828125
8231,3768.645751953125
8232,6688.29638671875
8233,4630.7587890625
8234,7741.4091796875
8235,5867.79052734375
8236,4917.6962890625
8237,6649.544921875
8238,5418.59619140625
8239,4512.77392578125
8240,6294.52197265625
8241,4826.14501953125
8242,7765.20068359375
8243,9308.58203125
8244,6293.8564453125
8245,3938.40771484375
8246,4377.7685546875
8247,3199.72802734375
8248,2862.315185546875
8249,6877.861328125
8250,4076.243896484375
8251,7822.51171875
8252,3300.312255859375
8253,4736.57421875
8254,5095.55078125
8255,6979.599609375
8256,4360.56689453125
8257,4204.1923828125
8258,4518.82763671875
8259,6718.708984375
8260,4611.830078125
8261,5564.236328125
8262,6538.95361328125
8263,7423.1279296875
8264,6651.60986328125
8265,6546.61083984375
8266,4826.19091796875
8267,4094.90771484375
8268,4648.201171875
8269,9191.9873046875
8270,7223.3310546875
8271,7356.38134765625
8272,13857.3154296875
8273,5100.0166015625
8274,4170.55029296875
8275,6006.81787109375
8276,7574.9482421875
8277,7641.3427734375
8278,5717.36962890625
8279,7164.28515625
8280,6981.42578125
8281,6325.10693359375
8282,5704.388671875
8283,4335.5224609375
8284,5546.3291015625
8285,3932.506103515625
8286,3535.004638671875
8287,3880.87939453125
8288,6241.29052734375
8289,13568.7587890625
8290,5851.22705078125
8291,4682.7548828125
8292,6328.39013671875
8293,4161.10546875
8294,6243.29052734375
8295,3747.687255859375
8296,9516.6201171875
8297,5809.41943359375
8298,5463.966796875
8299,10944.42578125
8300,10427.07421875
8301,4288.4267578125
8302,6374.26171875
8303,3766.81787109375
8304,4757.78271484375
8305,5936.8369140625
8306,6890.85986328125
8307,4126.56005859375
8308,4179.419921875
8309,5217.037109375
8310,5399.62353515625
8311,5276.7392578125
8312,5656.2666015625
8313,4450.13623046875
8314,6370.5302734375
8315,7118.3818359375
8316,5372.43896484375
8317,3782.593017578125
8318,3042.3828125
8319,6885.328125
8320,3722.40625
8321,8505.28125
8322,3802.81201171875
8323,4043.596435546875
8324,5167.11279296875
8325,4544.20263671875
8326,3933.376220703125
8327,4825.75634765625
8328,4992.1875
8329,8507.974609375
8330,7424.22265625
8331,5162.9873046875
8332,4150.59228515625
8333,5141.4013671875
8334,3881.903076171875
8335,4389.53271484375
8336,4969.3720703125
8337,5250.88134765625
8338,9485.9931640625
8339,5599.18017578125
8340,4645.74853515625
8341,6553.98779296875
8342,4394.28173828125
8343,7847.1953125
8344,4682.1533203125
8345,10301.5205078125
8346,5121.27880859375
8347,4390.46533203125
8348,3491.826416015625
8349,3177.456787109375
8350,6471.42626953125
8351,17406.49609375
8352,3482.171875
8353,4425.8330078125
8354,9510.0302734375
8355,5219.4873046875
8356,6107.91015625
8357,6734.73388671875
8358,4664.3310546875
8359,4967.56640625
8360,3887.430908203125
8361,8464.197265625
8362,5099.759765625
8363,6732.77001953125
8364,6814.91845703125
8365,4835.14111328125
8366,7135.861328125
8367,5988.82666015625
8368,3756.67431640625
8369,8297.048828125
8370,8122.78515625
8371,3651.1728515625
8372,6557.654296875
8373,5255.4306640625
8374,4157.7412109375
8375,6851.88232421875
8376,5666.94384765625
8377,6484.6845703125
8378,3973.157470703125
8379,4915.5185546875
8380,6226.2119140625
8381,3434.877197265625
8382,6837.63818359375
8383,4113.39404296875
8384,5325.81201171875
8385,4447.4384765625
8386,5110.89453125
8387,6027.98876953125
8388,5968.0595703125
8389,6177.3359375
8390,6818.8740234375
8391,4776.26220703125
8392,6522.30224609375
8393,5568.416015625
8394,5988.88232421875
8395,8051.9853515625
8396,7050.3388671875
8397,3209.52197265625
8398,5713.91845703125
8399,6481.13720703125
8400,5742.935546875
8401,10361.6123046875
8402,4343.99658203125
8403,5975.54736328125
8404,9002.953125
8405,6132.16162109375
8406,3267.12109375
8407,15857.48828125
8408,8796.3408203125
8409,5114.84130859375
8410,6467.54150390625
8411,8317.8173828125
8412,5253.1435546875
8413,5090.71484375
8414,5847.15185546875
8415,4695.9912109375
8416,5231.01025390625
8417,5929.62744140625
8418,4383.99853515625
8419,6155.46875
8420,5099.201171875
8421,5160.1328125
8422,5892.27099609375
8423,5540.6220703125
8424,4868.41357421875
8425,4125.67529296875
8426,6262.89306640625
8427,5617.779296875
8428,5407.96533203125
8429,6165.99267578125
8430,5170.17724609375
8431,8885.0556640625
8432,4557.6064453125
8433,4171.58544921875
8434,5058.54248046875
8435,5947.23388671875
8436,5835.2470703125
8437,4235.39501953125
8438,3649.072265625
8439,5927.9345703125
8440,6455.44482421875
8441,4637.02099609375
8442,6303.37744140625
8443,5387.8095703125
8444,4494.45458984375
8445,4039.4853515625
8446,3074.0869140625
8447,6469.1689453125
8448,5708.5087890625
8449,5557.77978515625
8450,7551.06982421875
8451,6658.26171875
8452,4883.92919921875
8453,6699.056640625
8454,3912.541259765625
8455,3216.641845703125
8456,6044.6240234375
8457,8200.4248046875
8458,5841.08251953125
8459,5869.083984375
8460,3551.512451171875
8461,5548.265625
8462,6431.3095703125
8463,4929.2177734375
8464,6135.8349609375
8465,3671.733642578125
8466,4595.29541015625
8467,4587.85107421875
8468,4162.8125
8469,4559.583984375
8470,4378.58056640625
8471,4409.38720703125
8472,3662.143798828125
8473,6354.4580078125
8474,6247.50048828125
8475,4215.896484375
8476,5759.18212890625
8477,5757.96728515625
8478,4608.6455078125
8479,3517.001708984375
8480,5957.03759765625
8481,6019.8310546875
8482,4156.005859375
8483,3642.82861328125
8484,10284.6240234375
8485,5733.7763671875
8486,4222.3720703125
8487,6009.58544921875
8488,6076.2373046875
8489,5794.76611328125
8490,5146.26806640625
8491,6924.255859375
8492,6282.27392578125
8493,10883.6787109375
8494,4231.83447265625
8495,4041.3857421875
8496,4243.4931640625
8497,5277.54248046875
8498,4940.34814453125
8499,5818.72412109375
8500,6157.22216796875
8501,5182.8193359375
8502,4006.99755859375
8503,4274.19677734375
8504,8175.533203125
8505,4038.492919921875
8506,6103.22900390625
8507,3282.1572265625
8508,5724.6259765625
8509,6725.392578125
8510,5816.89404296875
8511,6914.56640625
8512,5541.7578125
8513,3276.616455078125
8514,5239.685546875
8515,6262.04931640625
8516,7071.830078125
8517,5658.6787109375
8518,6461.3271484375
8519,4603.90380859375
8520,3859.943115234375
8521,8666.6513671875
8522,3783.376708984375
8523,8281.29296875
8524,5367.50146484375
8525,3655.115234375
8526,5625.22705078125
8527,5416.06298828125
8528,6566.38671875
8529,7792.2998046875
8530,3394.570068359375
8531,5165.68017578125
8532,6062.1845703125
8533,7325.546875
8534,8544.0009765625
8535,5021.93798828125
8536,4997.91796875
8537,4977.6240234375
8538,5587.75537109375
8539,4014.76220703125
8540,8402.20703125
8541,7297.482421875
8542,9788.8916015625
8543,4254.21875
8544,5003.6298828125
8545,11578.951171875
8546,7343.666015625
8547,4140.98583984375
8548,8430.6142578125
8549,5710.20458984375
8550,5386.88525390625
8551,4261.392578125
8552,4705.609375
8553,4662.02099609375
8554,3982.82373046875
8555,3909.4462890625
8556,3978.82421875
8557,7512.74462890625
8558,5919.3203125
8559,20147.728515625
8560,5907.24072265625
8561,4496.73828125
8562,6055.89306640625
8563,9380.79296875
8564,5948.65283203125
8565,7544.4091796875
8566,5985.638671875
8567,7404.8994140625
8568,6469.7724609375
8569,3535.884765625
8570,5201.1396484375
8571,6099.97509765625
8572,7652.02880859375
8573,6311.458984375
8574,9444.8310546875
8575,5128.2119140625
8576,4688.8671875
8577,6244.98388671875
8578,8519.087890625
8579,10490.939453125
8580,7890.310546875
8581,7371.74462890625
8582,3815.4443359375
8583,5662.47314453125
8584,3997.882568359375
8585,8424.5361328125
8586,9124.78125
8587,10435.3447265625
8588,4868.025390625
8589,5421.43994140625
8590,4488.080078125
8591,5079.32861328125
8592,9080.4521484375
8593,6150.4970703125
8594,4705.73095703125
8595,4456.96337890625
8596,6630.5068359375
8597,3802.61083984375
8598,7002.326171875
8599,4053.9189453125
8600,7381.369140625
8601,6116.828125
8602,6116.6767578125
8603,7256.2978515625
8604,6445.412109375
8605,6102.1689453125
8606,6789.70068359375
8607,6019.220703125
8608,8651.50390625
8609,5817.29736328125
8610,7817.89208984375
8611,7131.353515625
8612,8080.74365234375
8613,6070.5078125
8614,7398.34765625
8615,4065.90380859375
8616,5237.79052734375
8617,5570.22119140625
8618,6058.91796875
8619,9277.2392578125
8620,6733.16064453125
8621,5136.45556640625
8622,6934.76416015625
8623,6575.30712890625
8624,8037.1162109375
8625,4091.680419921875
8626,12153.80078125
8627,3881.666015625
8628,6407.33251953125
8629,7487.216796875
8630,4697.873046875
8631,5122.19873046875
8632,5579.30859375
8633,7089.5185546875
8634,4832.33056640625
8635,5250.5869140625
8636,7770.81005859375
8637,6768.15283203125
8638,5838.990234375
8639,4606.154296875
8640,7411.1474609375
8641,11974.1708984375
8642,6692.50341796875
8643,5644.4482421875
8644,5871.7431640625
8645,6285.3974609375
8646,6283.46240234375
8647,8005.2373046875
8648,3963.243896484375
8649,6998.2314453125
8650,7083.8046875
8651,5972.53125
8652,8491.15234375
8653,4559.5693359375
8654,4966.55078125
8655,4253.0185546875
8656,7749.251953125
8657,7719.22998046875
8658,4747.44482421875
8659,4324.03076171875
8660,6272.70068359375
8661,5363.0673828125
8662,4989.61572265625
8663,6093.28515625
8664,5960.22119140625
8665,7573.4853515625
8666,5179.3740234375
8667,4568.02587890625
8668,5499.6728515625
8669,8157.119140625
8670,6689.76025390625
8671,7088.02490234375
8672,7427.13623046875
8673,5744.50537109375
8674,8883.568359375
8675,5099.62060546875
8676,5497.91357421875
8677,9065.5390625
8678,5473.3193359375
8679,9525.0146484375
8680,7776.953125
8681,6740.0576171875
8682,5679.06982421875
8683,7613.97265625
8684,6607.90234375
8685,5634.560546875
8686,3609.9443359375
8687,5392.3681640625
8688,6957.26220703125
8689,5120.369140625
8690,3645.265625
8691,8210.1298828125
8692,6219.1103515625
8693,6074.06201171875
8694,5634.49951171875
8695,5151.7470703125
8696,6581.0498046875
8697,6568.77392578125
8698,5218.12451171875
8699,4680.08056640625
8700,5563.39599609375
8701,6106.095703125
8702,5519.67236328125
8703,6102.99267578125
8704,4489.68310546875
8705,7599.3525390625
8706,6963.97705078125
8707,5807.6533203125
8708,10752.0205078125
8709,4354.34228515625
8710,5057.57177734375
8711,9955.6279296875
8712,5752.89404296875
8713,7494.52490234375
8714,7378.0859375
8715,4701.6103515625
8716,6475.27294921875
8717,5089.6376953125
8718,7574.51416015625
8719,10451.337890625
8720,6012.80615234375
8721,2063.861328125
8722,4623.130859375
8723,6889.45654296875
8724,7210.34033203125
8725,4813.72900390625
8726,6385.64697265625
8727,4899.2509765625
8728,4626.0302734375
8729,3981.533203125
8730,5287.24365234375
8731,6042.1943359375
8732,6817.0791015625
8733,6546.357421875
8734,7744.0341796875
8735,7375.0595703125
8736,7787.771484375
8737,7609.79638671875
8738,5253.458984375
8739,9137.310546875
8740,8893.6845703125
8741,5137.1748046875
8742,6796.88720703125
8743,4867.43310546875
8744,6220.69189453125
8745,3629.506591796875
8746,6049.8759765625
8747,4246.3681640625
8748,9475.0908203125
8749,6757.10595703125
8750,7025.1416015625
8751,7861.751953125
8752,5852.384765625
8753,7378.3994140625
8754,17699.705078125
8755,8516.59375
8756,5523.94580078125
8757,2534.60986328125
8758,5187.72314453125
8759,6366.84130859375
8760,5340.30029296875
8761,11386.4560546875
8762,18458.296875
8763,4658.94287109375
8764,5352.8857421875
8765,8145.416015625
8766,4733.45556640625
8767,7128.1181640625
8768,5495.578125
8769,7118.2734375
8770,0.0
8771,6626.88720703125
8772,5593.74462890625
8773,8161.943359375
8774,8263.6123046875
8775,5409.10498046875
8776,5825.41162109375
8777,6448.43603515625
8778,4153.5908203125
8779,5015.7724609375
8780,8061.65234375
8781,5030.50146484375
8782,5552.24755859375
8783,6724.67626953125
8784,6137.15283203125
8785,6716.654296875
8786,6671.69482421875
8787,6691.55810546875
8788,8660.2568359375
8789,8310.1220703125
8790,7723.96875
8791,5013.626953125
8792,2624.27587890625
8793,5393.361328125
8794,5368.41455078125
8795,4518.95947265625
8796,4778.20361328125
8797,7763.4296875
8798,6365.4365234375
8799,8132.958984375
8800,7100.08984375
8801,5685.50048828125
8802,4539.59716796875
8803,5111.591796875
8804,9096.958984375
8805,4370.44921875
8806,7023.1650390625
8807,14743.322265625
8808,6854.97216796875
8809,4885.4541015625
8810,4779.2861328125
8811,4650.57373046875
8812,5648.1337890625
8813,3533.030517578125
8814,6725.560546875
8815,11838.806640625
8816,4505.26611328125
8817,12071.0654296875
8818,11877.7431640625
8819,5744.1376953125
8820,8470.3798828125
8821,5903.15771484375
8822,6399.51708984375
8823,5980.92041015625
8824,11172.9169921875
8825,5355.21923828125
8826,8408.0966796875
8827,4751.17431640625
8828,7165.412109375
8829,5660.04833984375
8830,8100.3994140625
8831,6042.04541015625
8832,5437.96240234375
8833,5920.9677734375
8834,5848.92724609375
8835,7647.1572265625
8836,9422.05078125
8837,6006.8984375
8838,8923.87890625
8839,6422.0947265625
8840,9001.9755859375
8841,5174.18603515625
8842,5230.92431640625
8843,4871.67236328125
8844,7966.6865234375
8845,5876.6953125
8846,7200.271484375
8847,6188.7841796875
8848,7335.0888671875
8849,4673.67138671875
8850,7173.6728515625
8851,6317.73583984375
8852,3847.83447265625
8853,11020.2177734375
8854,16778.79296875
8855,6317.01220703125
8856,5698.72802734375
8857,8255.607421875
8858,9240.998046875
8859,11017.1337890625
8860,5555.03466796875
8861,6993.3408203125
8862,6001.48193359375
8863,7800.765625
8864,4558.68505859375
8865,5341.7021484375
8866,4881.39013671875
8867,5302.60205078125
8868,7409.72509765625
8869,5345.189453125
8870,3653.67578125
8871,7326.7080078125
8872,4030.307861328125
8873,4731.6611328125
8874,5402.50634765625
8875,5260.091796875
8876,8322.2890625
8877,8560.4951171875
8878,7278.673828125
8879,6265.61474609375
8880,6368.0849609375
8881,9862.99609375
8882,6285.353515625
8883,4309.42724609375
8884,4729.31640625
8885,8720.8818359375
8886,4859.18896484375
8887,6397.64208984375
8888,3454.013671875
8889,4865.28857421875
8890,6338.49951171875
8891,7207.33251953125
8892,5237.41552734375
8893,8571.693359375
8894,9149.0556640625
8895,11412.4287109375
8896,6336.98046875
8897,8117.69970703125
8898,3310.5224609375
8899,5679.91796875
8900,5983.556640625
8901,4033.160888671875
8902,7468.1259765625
8903,4410.693359375
8904,7715.341796875
8905,8608.5888671875
8906,11234.5771484375
8907,7405.76025390625
8908,5258.66796875
8909,5762.14599609375
8910,10309.9287109375
8911,7925.42431640625
8912,5550.08642578125
8913,4814.931640625
8914,6593.85791015625
8915,8511.3818359375
8916,5016.93798828125
8917,6554.568359375
8918,7918.0478515625
8919,7241.8076171875
8920,12945.8076171875
8921,6318.74462890625
8922,13911.9638671875
8923,6544.72412109375
8924,5403.7255859375
8925,3050.7431640625
8926,5735.5107421875
8927,4943.43310546875
8928,5304.3388671875
8929,6228.4560546875
8930,4624.75732421875
8931,4321.71240234375
8932,5524.70068359375
8933,3859.0107421875
8934,6740.46142578125
8935,6201.9189453125
8936,7338.09130859375
8937,7355.3994140625
8938,5292.931640625
8939,8221.150390625
8940,5128.7392578125
8941,5463.5595703125
8942,5485.86767578125
8943,5599.79736328125
8944,10183.0849609375
8945,6627.8818359375
8946,4247.87939453125
8947,6280.654296875
8948,9769.162109375
8949,6463.75341796875
8950,5856.26806640625
8951,8061.8291015625
8952,5851.916015625
8953,5762.43310546875
8954,5350.59619140625
8955,7223.11962890625
8956,5263.09130859375
8957,6077.75537109375
8958,4566.994140625
8959,4806.2919921875
8960,4000.432861328125
8961,3966.358154296875
8962,7429.09423828125
8963,8563.93359375
8964,10591.0185546875
8965,11085.791015625
8966,7454.69775390625
8967,6425.30029296875
8968,5638.03564453125
8969,11252.404296875
8970,10429.0615234375
8971,5163.66259765625
8972,7811.74658203125
8973,8181.5263671875
8974,5067.17578125
8975,4604.76953125
8976,8458.169921875
8977,6372.095703125
8978,6481.22021484375
8979,5540.5947265625
8980,2583.60595703125
8981,9623.9619140625
8982,6997.39404296875
8983,7854.83447265625
8984,5200.3466796875
8985,4919.91455078125
8986,7202.72705078125
8987,6648.11474609375
8988,7031.60009765625
8989,5940.720703125
8990,3894.3837890625
8991,4046.2490234375
8992,4403.17431640625
8993,6495.65625
8994,16965.525390625
8995,3517.895263671875
8996,5381.44482421875
8997,6484.65087890625
8998,4798.87548828125
8999,4594.28662109375
9000,4774.044921875
9001,4137.28564453125
9002,6719.55517578125
9003,6957.41259765625
9004,3386.295654296875
9005,8175.59375
9006,3832.93603515625
9007,5045.72802734375
9008,9030.5986328125
9009,7079.40966796875
9010,9142.2275390625
9011,5388.12548828125
9012,5936.12646484375
9013,3861.08642578125
9014,5123.8203125
9015,12411.4248046875
9016,9456.5693359375
9017,7669.04345703125
9018,4742.52099609375
9019,5411.53759765625
9020,5727.869140625
9021,4881.6865234375
9022,10188.396484375
9023,6036.90087890625
9024,4902.5263671875
9025,5850.17041015625
9026,3980.51171875
9027,5962.59521484375
9028,5398.6376953125
9029,7085.03564453125
9030,6854.2138671875
9031,4432.46337890625
9032,5344.4560546875
9033,5979.1796875
9034,8373.66015625
9035,7323.408203125
9036,6900.24462890625
9037,3564.526611328125
9038,7800.919921875
9039,5628.5078125
9040,4769.45751953125
9041,6259.84521484375
9042,7451.7412109375
9043,5829.2451171875
9044,7085.337890625
9045,6346.7861328125
9046,6739.16748046875
9047,5336.732421875
9048,7881.0146484375
9049,6513.6650390625
9050,5369.8798828125
9051,9556.66796875
9052,5619.6064453125
9053,4733.67529296875
9054,10572.58984375
9055,4660.84814453125
9056,3395.458251953125
9057,6851.82373046875
9058,9756.6015625
9059,8397.587890625
9060,4881.0166015625
9061,6025.478515625
9062,5325.8984375
9063,7038.26708984375
9064,5616.07373046875
9065,6414.99072265625
9066,2567.897705078125
9067,4832.88427734375
9068,5764.05224609375
9069,5654.51416015625
9070,4669.8125
9071,7730.61279296875
9072,7049.86328125
9073,6306.16259765625
9074,7209.783203125
9075,6207.04931640625
9076,8013.6943359375
9077,4881.865234375
9078,6325.8818359375
9079,5807.50244140625
9080,7291.7470703125
9081,7261.8017578125
9082,2969.1865234375
9083,8531.0458984375
9084,6528.60888671875
9085,6618.53466796875
9086,4881.15576171875
9087,3656.01123046875
9088,7106.17919921875
9089,4966.30078125
9090,8365.140625
9091,6529.77392578125
9092,5506.59423828125
9093,6947.26708984375
9094,6535.447265625
9095,4556.88916015625
9096,7470.25634765625
9097,5182.4765625
9098,8880.033203125
9099,9133.78515625
9100,6611.251953125
9101,3919.3046875
9102,4506.984375
9103,3451.15478515625
9104,3620.0908203125
9105,7592.82275390625
9106,4653.1142578125
9107,8551.34765625
9108,3520.864990234375
9109,5098.92529296875
9110,5582.45458984375
9111,7066.759765625
9112,4925.94873046875
9113,4435.54150390625
9114,4630.955078125
9115,7308.955078125
9116,6060.1201171875
9117,6381.7373046875
9118,7565.0986328125
9119,8212.123046875
9120,6982.10009765625
9121,7252.7060546875
9122,5357.4072265625
9123,4803.0791015625
9124,4754.0947265625
9125,9842.021484375
9126,7350.9169921875
9127,8841.42578125
9128,13843.291015625
9129,5064.4423828125
9130,4728.4638671875
9131,6247.44482421875
9132,8364.96875
9133,8458.1552734375
9134,6335.8515625
9135,7816.7890625
9136,7966.376953125
9137,6554.50244140625
9138,6156.6044921875
9139,4889.1728515625
9140,6211.01806640625
9141,4154.673828125
9142,4498.6982421875
9143,4321.8291015625
9144,6741.412109375
9145,14751.22265625
9146,6590.59912109375
9147,5565.6044921875
9148,6800.47119140625
9149,4381.15478515625
9150,7246.0146484375
9151,3441.350341796875
9152,11114.138671875
9153,6451.74755859375
9154,5933.3330078125
9155,11882.44140625
9156,11113.5732421875
9157,4928.28662109375
9158,7317.69189453125
9159,3928.92724609375
9160,5346.796875
9161,6522.47900390625
9162,8092.537109375
9163,4182.47412109375
9164,4667.666015625
9165,5279.97412109375
9166,5672.69091796875
9167,5135.716796875
9168,6288.19384765625
9169,4277.416015625
9170,6985.86962890625
9171,8029.20751953125
9172,5631.544921875
9173,4171.9296875
9174,3054.13134765625
9175,7858.92822265625
9176,3627.806396484375
9177,9395.58203125
9178,4496.81494140625
9179,4884.01123046875
9180,5543.45654296875
9181,4652.779296875
9182,4620.3837890625
9183,5330.81298828125
9184,5462.52587890625
9185,9477.1455078125
9186,8369.7646484375
9187,5569.853515625
9188,4195.80029296875
9189,5928.86181640625
9190,4091.56201171875
9191,5056.38720703125
9192,5673.9384765625
9193,5805.2431640625
9194,11431.875
9195,6597.30419921875
9196,5375.982421875
9197,6956.70703125
9198,4506.587890625
9199,9332.34765625
9200,5203.37451171875
9201,10610.8505859375
9202,5843.39697265625
9203,5327.8095703125
9204,3895.473388671875
9205,3588.343994140625
9206,7154.64501953125
9207,19579.07421875
9208,3431.736328125
9209,4599.1103515625
9210,10156.2138671875
9211,5546.18701171875
9212,6151.763671875
9213,7657.46630859375
9214,5225.19580078125
9215,5946.029296875
9216,3904.86669921875
9217,9072.232421875
9218,5403.51416015625
9219,7517.0546875
9220,6906.109375
9221,5101.6669921875
9222,7976.11083984375
9223,6451.2548828125
9224,3883.218505859375
9225,8636.2734375
9226,8468.720703125
9227,3837.25048828125
9228,7288.73046875
9229,5622.85546875
9230,4653.76123046875
9231,8010.91845703125
9232,6451.0400390625
9233,7334.03369140625
9234,4818.3349609375
9235,5609.24853515625
9236,6656.0712890625
9237,3534.70263671875
9238,7643.24267578125
9239,4064.197021484375
9240,6016.93798828125
9241,5475.501953125
9242,5967.3642578125
9243,6666.4375
9244,6577.03857421875
9245,6765.27587890625
9246,7525.794921875
9247,5389.939453125
9248,7568.49609375
9249,5815.15966796875
9250,6386.27197265625
9251,9266.7998046875
9252,8176.44482421875
9253,3330.8056640625
9254,5675.15087890625
9255,7614.83935546875
9256,6521.0869140625
9257,11824.341796875
9258,4963.677734375
9259,6764.3330078125
9260,9926.0390625
9261,6258.44287109375
9262,3956.59228515625
9263,20310.970703125
9264,9639.1962890625
9265,4628.91943359375
9266,6551.04736328125
9267,8616.9541015625
9268,6352.33984375
9269,5546.52197265625
9270,6532.87939453125
9271,5033.85400390625
9272,5293.9462890625
9273,6293.91748046875
9274,4519.11181640625
9275,6230.27685546875
9276,6052.2294921875
9277,5882.36279296875
9278,6305.357421875
9279,6165.7880859375
9280,6033.6513671875
9281,4898.63427734375
9282,6408.86376953125
9283,5774.91650390625
9284,6230.55810546875
9285,6777.2861328125
9286,5541.04931640625
9287,9518.0263671875
9288,5168.62890625
9289,4422.544921875
9290,5123.56689453125
9291,6494.89404296875
9292,6224.14990234375
9293,4508.13037109375
9294,4422.87451171875
9295,5779.2197265625
9296,6877.44287109375
9297,5476.6259765625
9298,6434.2333984375
9299,5733.29296875
9300,4990.40234375
9301,4326.9365234375
9302,3173.0849609375
9303,7060.1083984375
9304,6117.59130859375
9305,5987.701171875
9306,8147.68505859375
9307,7253.52392578125
9308,5110.46728515625
9309,7559.771484375
9310,4509.1640625
9311,3704.97119140625
9312,6722.04052734375
9313,9007.3154296875
9314,6131.7333984375
9315,6472.86669921875
9316,3409.385986328125
9317,6409.095703125
9318,7341.5478515625
9319,5420.69287109375
9320,7071.30126953125
9321,3943.586181640625
9322,5225.37939453125
9323,4975.216796875
9324,5054.89208984375
9325,5324.77490234375
9326,4953.732421875
9327,5508.794921875
9328,4175.6025390625
9329,7386.12939453125
9330,6466.85546875
9331,4343.3935546875
9332,5894.576171875
9333,6286.25732421875
9334,5092.6259765625
9335,3807.76025390625
9336,7201.66015625
9337,7050.0078125
9338,5676.2197265625
9339,3741.6513671875
9340,10389.1630859375
9341,6326.62548828125
9342,4620.9443359375
9343,6912.16455078125
9344,6926.50732421875
9345,6642.7060546875
9346,5504.3212890625
9347,7368.87109375
9348,6630.4873046875
9349,11198.263671875
9350,4329.69970703125
9351,4404.3603515625
9352,4300.00439453125
9353,6252.52490234375
9354,5679.95703125
9355,5696.2822265625
9356,6807.435546875
9357,5713.21142578125
9358,4351.28369140625
9359,4877.63916015625
9360,9426.4453125
9361,4513.03857421875
9362,6506.830078125
9363,3237.9970703125
9364,6354.61279296875
9365,7362.9794921875
9366,6406.8076171875
9367,7570.62060546875
9368,6014.080078125
9369,3904.6025390625
9370,6076.80224609375
9371,6409.1240234375
9372,7982.17578125
9373,6335.279296875
9374,7340.826171875
9375,5139.78564453125
9376,4621.6142578125
9377,9402.189453125
9378,3411.333984375
9379,9783.5712890625
9380,5986.53466796875
9381,4463.2255859375
9382,6149.56689453125
9383,5472.43505859375
9384,8936.533203125
9385,8740.34375
9386,4158.208984375
9387,5041.23876953125
9388,6162.69140625
9389,7685.7490234375
9390,9008.9453125
9391,5421.98583984375
9392,5427.1875
9393,5440.7333984375
9394,6544.50537109375
9395,4125.79736328125
9396,9266.236328125
9397,8265.826171875
9398,10984.708984375
9399,5143.4873046875
9400,5010.91796875
9401,11291.4296875
9402,8170.31689453125
9403,4095.224365234375
9404,9494.7060546875
9405,6551.619140625
9406,5398.9033203125
9407,4905.30224609375
9408,5330.46142578125
9409,5069.30712890625
9410,3997.341796875
9411,4707.2919921875
9412,4048.79248046875
9413,7641.21875
9414,6958.5400390625
9415,22319.619140625
9416,7074.1298828125
9417,0.0
9418,0.0
9419,0.0
9420,0.0
9421,0.0
9422,0.0
9423,0.0
9424,0.0
9425,0.0
9426,0.0
9427,0.0
9428,0.0
9429,0.0
9430,0.0
9431,0.0
9432,0.0
9433,0.0
9434,0.0
9435,0.0
9436,0.0
9437,0.0
9438,0.0
9439,0.0
9440,0.0
9441,0.0
9442,0.0
9443,0.0
9444,0.0
9445,0.0
9446,0.0
9447,0.0
9448,0.0
9449,0.0
9450,0.0
9451,0.0
9452,0.0
9453,0.0
9454,0.0
9455,0.0
9456,0.0
9457,0.0
9458,0.0
9459,0.0
9460,0.0
9461,0.0
9462,0.0
9463,0.0
9464,0.0
9465,0.0
9466,0.0
9467,0.0
9468,0.0
9469,0.0
9470,0.0
9471,0.0
9472,0.0
9473,0.0
9474,0.0
9475,0.0
9476,0.0
9477,0.0
9478,0.0
9479,0.0
9480,0.0
9481,0.0
9482,0.0
9483,0.0
9484,0.0
9485,0.0
9486,0.0
9487,0.0
9488,0.0
9489,0.0
9490,0.0
9491,0.0
9492,0.0
9493,0.0
9494,0.0
9495,0.0
9496,0.0
9497,0.0
9498,0.0
9499,0.0
9500,0.0
9501,0.0
9502,0.0
9503,0.0
9504,0.0
9505,0.0
9506,0.0
9507,0.0
9508,3031.44873046875
9509,0.0
9510,0.0
9511,0.0
9512,0.0
9513,0.0
9514,0.0
9515,0.0
9516,0.0
9517,0.0
9518,0.0
9519,0.0
9520,0.0
9521,0.0
9522,0.0
9523,0.0
9524,0.0
9525,0.0
9526,0.0
9527,0.0
9528,0.0
9529,0.0
9530,0.0
9531,0.0
9532,0.0
9533,0.0
9534,0.0
9535,0.0
9536,0.0
9537,0.0
9538,0.0
9539,0.0
9540,0.0
9541,0.0
9542,0.0
9543,0.0
9544,0.0
9545,0.0
9546,0.0
9547,0.0
9548,0.0
9549,0.0
9550,0.0
9551,0.0
9552,0.0
9553,0.0
9554,0.0
9555,0.0
9556,0.0
9557,0.0
9558,0.0
9559,0.0
9560,0.0
9561,0.0
9562,0.0
9563,0.0
9564,0.0
9565,0.0
9566,0.0
9567,0.0
9568,0.0
9569,0.0
9570,0.0
9571,0.0
9572,0.0
9573,0.0
9574,0.0
9575,0.0
9576,2864.6083984375
9577,0.0
9578,0.0
9579,0.0
9580,0.0
9581,0.0
9582,0.0
9583,0.0
9584,0.0
9585,0.0
9586,0.0
9587,0.0
9588,0.0
9589,0.0
9590,0.0
9591,0.0
9592,0.0
9593,0.0
9594,0.0
9595,0.0
9596,0.0
9597,0.0
9598,0.0
9599,0.0
9600,0.0
9601,0.0
9602,0.0
9603,0.0
9604,0.0
9605,0.0
9606,0.0
9607,0.0
9608,0.0
9609,0.0
9610,0.0
9611,0.0
9612,0.0
9613,0.0
9614,0.0
9615,0.0
9616,0.0
9617,16434.462890625
9618,28499.3046875
9619,0.0
9620,0.0
9621,0.0
9622,0.0
9623,0.0
9624,0.0
9625,0.0
9626,7806.5048828125
9627,0.0
9628,0.0
9629,0.0
9630,0.0
9631,0.0
9632,0.0
9633,0.0
9634,0.0
9635,0.0
9636,0.0
9637,0.0
9638,0.0
9639,0.0
9640,0.0
9641,0.0
9642,0.0
9643,0.0
9644,0.0
9645,3846.292724609375
9646,0.0
9647,0.0
9648,0.0
9649,0.0
9650,0.0
9651,0.0
9652,0.0
9653,0.0
9654,0.0
9655,3236.853515625
9656,0.0
9657,0.0
9658,0.0
9659,0.0
9660,0.0
9661,0.0
9662,0.0
9663,0.0
9664,0.0
9665,0.0
9666,0.0
9667,0.0
9668,0.0
9669,0.0
9670,0.0
9671,0.0
9672,0.0
9673,7819.44287109375
9674,0.0
9675,0.0
9676,0.0
9677,0.0
9678,0.0
9679,0.0
9680,0.0
9681,0.0
9682,0.0
9683,0.0
9684,0.0
9685,0.0
9686,0.0
9687,0.0
9688,0.0
9689,0.0
9690,9214.8837890625
9691,0.0
9692,0.0
9693,0.0
9694,0.0
9695,0.0
9696,0.0
9697,0.0
9698,0.0
9699,0.0
9700,0.0
9701,0.0
9702,0.0
9703,0.0
9704,0.0
9705,0.0
9706,0.0
9707,0.0
9708,0.0
9709,0.0
9710,0.0
9711,0.0
9712,0.0
9713,0.0
9714,0.0
9715,0.0
9716,0.0
9717,0.0
9718,0.0
9719,0.0
9720,0.0
9721,0.0
9722,0.0
9723,0.0
9724,0.0
9725,0.0
9726,0.0
9727,0.0
9728,0.0
9729,0.0
9730,0.0
9731,0.0
9732,0.0
9733,0.0
9734,0.0
9735,0.0
9736,0.0
9737,0.0
9738,0.0
9739,0.0
9740,0.0
9741,0.0
9742,0.0
9743,0.0
9744,0.0
9745,0.0
9746,0.0
9747,0.0
9748,0.0
9749,0.0
9750,0.0
9751,0.0
9752,1741.9852294921875
9753,0.0
9754,0.0
9755,0.0
9756,0.0
9757,0.0
9758,0.0
9759,0.0
9760,0.0
9761,0.0
9762,0.0
9763,0.0
9764,0.0
9765,0.0
9766,4734.3271484375
9767,0.0
9768,0.0
9769,0.0
9770,0.0
9771,0.0
9772,0.0
9773,0.0
9774,0.0
9775,0.0
9776,0.0
9777,0.0
9778,0.0
9779,0.0
9780,0.0
9781,0.0
9782,0.0
9783,0.0
9784,0.0
9785,0.0
9786,0.0
9787,0.0
9788,0.0
9789,0.0
9790,0.0
9791,0.0
9792,0.0
9793,0.0
9794,0.0
9795,0.0
9796,0.0
9797,0.0
9798,0.0
9799,0.0
9800,0.0
9801,0.0
9802,0.0
9803,0.0
9804,0.0
9805,0.0
9806,0.0
9807,0.0
9808,0.0
9809,8002.30517578125
9810,0.0
9811,0.0
9812,0.0
9813,0.0
9814,0.0
9815,0.0
9816,0.0
9817,0.0
9818,0.0
9819,2380.83837890625
9820,0.0
9821,0.0
9822,0.0
9823,4661.1669921875
9824,0.0
9825,0.0
9826,0.0
9827,0.0
9828,0.0
9829,0.0
9830,0.0
9831,0.0
9832,0.0
9833,0.0
9834,0.0
9835,0.0
9836,0.0
9837,0.0
9838,0.0
9839,0.0
9840,0.0
9841,0.0
9842,0.0
9843,0.0
9844,0.0
9845,0.0
9846,0.0
9847,0.0
9848,0.0
9849,0.0
9850,20257.201171875
9851,0.0
9852,0.0
9853,0.0
9854,0.0
9855,0.0
9856,0.0
9857,0.0
9858,0.0
9859,0.0
9860,0.0
9861,0.0
9862,0.0
9863,0.0
9864,4771.294921875
9865,0.0
9866,0.0
9867,0.0
9868,0.0
9869,0.0
9870,0.0
9871,0.0
9872,0.0
9873,0.0
9874,0.0
9875,0.0
9876,0.0
9877,0.0
9878,0.0
9879,0.0
9880,0.0
9881,0.0
9882,0.0
9883,0.0
9884,0.0
9885,0.0
9886,0.0
9887,0.0
9888,0.0
9889,0.0
9890,0.0
9891,0.0
9892,0.0
9893,0.0
9894,0.0
9895,0.0
9896,0.0
9897,0.0
9898,0.0
9899,0.0
9900,0.0
9901,0.0
9902,0.0
9903,0.0
9904,0.0
9905,0.0
9906,0.0
9907,0.0
9908,0.0
9909,0.0
9910,0.0
9911,0.0
9912,0.0
9913,0.0
9914,0.0
9915,0.0
9916,0.0
9917,0.0
9918,0.0
9919,0.0
9920,0.0
9921,0.0
9922,0.0
9923,0.0
9924,0.0
9925,0.0
9926,0.0
9927,0.0
9928,0.0
9929,0.0
9930,0.0
9931,0.0
9932,0.0
9933,0.0
9934,0.0
9935,0.0
9936,0.0
9937,0.0
9938,0.0
9939,13315.1708984375
9940,0.0
9941,0.0
9942,0.0
9943,0.0
9944,0.0
9945,0.0
9946,0.0
9947,0.0
9948,0.0
9949,0.0
9950,0.0
9951,0.0
9952,0.0
9953,0.0
9954,0.0
9955,0.0
9956,0.0
9957,0.0
9958,0.0
9959,0.0
9960,0.0
9961,0.0
9962,0.0
9963,0.0
9964,0.0
9965,0.0
9966,0.0
9967,0.0
9968,0.0
9969,0.0
9970,0.0
9971,0.0
9972,0.0
9973,0.0
9974,0.0
9975,0.0
9976,0.0
9977,0.0
9978,0.0
9979,0.0
9980,0.0
9981,0.0
9982,0.0
9983,3353.68994140625
9984,15844.1337890625
9985,0.0
9986,0.0
9987,0.0
9988,0.0
9989,0.0
9990,0.0
9991,0.0
9992,0.0
9993,0.0
9994,0.0
9995,0.0
9996,0.0
9997,0.0
9998,0.0
9999,0.0
10000,0.0
10001,0.0
10002,0.0
10003,0.0
10004,0.0
10005,0.0
10006,0.0
10007,0.0
10008,0.0
10009,0.0
10010,0.0
10011,0.0
10012,11343.8916015625
10013,0.0
10014,0.0
10015,0.0
10016,0.0
10017,0.0
10018,0.0
10019,0.0
10020,0.0
10021,0.0
10022,0.0
10023,0.0
10024,0.0
10025,0.0
10026,0.0
10027,0.0
10028,0.0
10029,0.0
10030,0.0
10031,0.0
10032,0.0
10033,0.0
10034,0.0
10035,0.0
10036,0.0
10037,0.0
10038,0.0
10039,0.0
10040,0.0
10041,0.0
10042,0.0
10043,0.0
10044,0.0
10045,0.0
10046,0.0
10047,0.0
10048,0.0
10049,0.0
10050,0.0
10051,0.0
10052,0.0
10053,0.0
10054,0.0
10055,0.0
10056,0.0
10057,0.0
10058,0.0
10059,0.0
10060,0.0
10061,0.0
10062,0.0
10063,0.0
10064,0.0
10065,0.0
10066,0.0
10067,0.0
10068,0.0
10069,0.0
10070,0.0
10071,0.0
10072,0.0
10073,0.0
10074,0.0
10075,0.0
10076,0.0
10077,0.0
10078,0.0
10079,0.0
10080,0.0
10081,0.0
10082,2205.658447265625
10083,0.0
10084,0.0
10085,0.0
10086,2261.227294921875
10087,0.0
10088,0.0
10089,0.0
10090,0.0
10091,0.0
10092,0.0
10093,0.0
10094,0.0
10095,0.0
10096,0.0
10097,0.0
10098,0.0
10099,0.0
10100,0.0
10101,0.0
10102,0.0
10103,0.0
10104,0.0
10105,0.0
10106,0.0
10107,0.0
10108,0.0
10109,0.0
10110,0.0
10111,0.0
10112,0.0
10113,0.0
10114,0.0
10115,0.0
10116,0.0
10117,0.0
10118,0.0
10119,0.0
10120,0.0
10121,0.0
10122,0.0
10123,0.0
10124,0.0
10125,0.0
10126,0.0
10127,0.0
10128,0.0
10129,0.0
10130,0.0
10131,0.0
10132,0.0
10133,0.0
10134,0.0
10135,0.0
10136,0.0
10137,2356.859619140625
10138,0.0
10139,0.0
10140,0.0
10141,0.0
10142,0.0
10143,0.0
10144,0.0
10145,0.0
10146,0.0
10147,0.0
10148,0.0
10149,0.0
10150,0.0
10151,0.0
10152,10731.568359375
10153,0.0
10154,0.0
10155,0.0
10156,0.0
10157,0.0
10158,0.0
10159,0.0
10160,0.0
10161,0.0
10162,0.0
10163,0.0
10164,0.0
10165,0.0
10166,0.0
10167,0.0
10168,0.0
10169,0.0
10170,0.0
10171,0.0
10172,0.0
10173,0.0
10174,0.0
10175,0.0
10176,0.0
10177,0.0
10178,0.0
10179,0.0
10180,0.0
10181,0.0
10182,0.0
10183,0.0
10184,0.0
10185,0.0
10186,0.0
10187,0.0
10188,0.0
10189,0.0
10190,0.0
10191,0.0
10192,0.0
10193,0.0
10194,0.0
10195,0.0
10196,0.0
10197,0.0
10198,0.0
10199,0.0
10200,0.0
10201,0.0
10202,0.0
10203,0.0
10204,0.0
10205,0.0
10206,0.0
10207,0.0
10208,0.0
10209,0.0
10210,0.0
10211,0.0
10212,0.0
10213,0.0
10214,0.0
10215,0.0
10216,3332.67138671875
10217,0.0
10218,0.0
10219,0.0
10220,0.0
10221,0.0
10222,0.0
10223,0.0
10224,0.0
10225,0.0
10226,0.0
10227,0.0
10228,0.0
10229,0.0
10230,0.0
10231,0.0
10232,0.0
10233,0.0
10234,0.0
10235,0.0
10236,0.0
10237,0.0
10238,0.0
10239,0.0
10240,0.0
10241,0.0
10242,0.0
10243,0.0
10244,0.0
10245,0.0
10246,0.0
10247,0.0
10248,0.0
10249,0.0
10250,0.0
10251,0.0
10252,0.0
10253,0.0
10254,0.0
10255,0.0
10256,0.0
10257,14623.4228515625
10258,5590.91259765625
10259,0.0
10260,0.0
10261,0.0
10262,0.0
10263,0.0
10264,0.0
10265,0.0
10266,0.0
10267,0.0
10268,0.0
10269,0.0
10270,0.0
10271,0.0
10272,0.0
10273,4266.091796875
10274,3802.428955078125
10275,6732.4169921875
10276,3490.660888671875
10277,6291.82275390625
10278,4512.69873046875
10279,6113.482421875
10280,6398.1455078125
10281,4300.55615234375
10282,3200.050537109375
10283,5497.53271484375
10284,4935.08447265625
10285,4933.75830078125
10286,6827.56103515625
10287,5563.44140625
10288,3361.338623046875
10289,4680.146484375
10290,6649.111328125
10291,7668.0625
10292,5552.07470703125
10293,7348.2412109375
10294,3637.052978515625
10295,5314.51171875
10296,2445.754150390625
10297,7652.91845703125
10298,7326.21435546875
10299,8792.9208984375
10300,5421.9541015625
10301,4323.611328125
10302,3818.119140625
10303,5835.3896484375
10304,7138.17041015625
10305,4172.53662109375
10306,5189.77783203125
10307,5205.8564453125
10308,5210.32470703125
10309,2236.5859375
10310,7424.87841796875
10311,4423.48974609375
10312,7322.2939453125
10313,5887.10205078125
10314,3834.11865234375
10315,8474.6396484375
10316,5456.55078125
10317,4718.623046875
10318,3799.378173828125
10319,7442.22119140625
10320,9591.5673828125
10321,6051.28173828125
10322,5682.75390625
10323,9006.3681640625
10324,8518.3857421875
10325,5219.40478515625
10326,6583.50634765625
10327,2433.4912109375
10328,2567.615234375
10329,4756.5986328125
10330,5752.837890625
10331,8619.9921875
10332,7495.69580078125
10333,3932.2109375
10334,7817.60400390625
10335,7387.27099609375
10336,4910.9150390625
10337,2848.761474609375
10338,10824.04296875
10339,3103.008544921875
10340,4602.4560546875
10341,6691.09228515625
10342,3841.033447265625
10343,5226.2158203125
10344,2829.54296875
10345,5794.400390625
10346,4247.97705078125
10347,5910.00341796875
10348,8205.0361328125
10349,6735.630859375
10350,5920.59228515625
10351,3174.693115234375
10352,7918.3876953125
10353,11544.681640625
10354,6124.18310546875
10355,2838.1630859375
10356,6887.90283203125
10357,5492.79248046875
10358,6339.671875
10359,9129.4287109375
10360,2126.940673828125
10361,6816.67333984375
10362,5252.47705078125
10363,6021.9404296875
10364,6813.26123046875
10365,2406.457275390625
10366,4108.802734375
10367,4929.5625
10368,7943.7841796875
10369,6646.77001953125
10370,3997.423828125
10371,3636.448974609375
10372,7180.30029296875
10373,6046.4013671875
10374,4722.43408203125
10375,4198.61328125
10376,4652.81591796875
10377,6519.46044921875
10378,4745.71435546875
10379,2791.392333984375
10380,4771.4521484375
10381,6449.09814453125
10382,6465.79248046875
10383,7107.83544921875
10384,7476.697265625
10385,3754.673095703125
10386,8045.70263671875
10387,2753.711181640625
10388,3386.99658203125
10389,8052.58447265625
10390,6442.10693359375
10391,6808.771484375
10392,10265.58984375
10393,6377.5703125
10394,4998.2158203125
10395,6135.49462890625
10396,7793.232421875
10397,3978.434814453125
10398,2181.03515625
10399,5067.99951171875
10400,4570.72509765625
10401,5215.3125
10402,3208.0732421875
10403,5358.4892578125
10404,6092.9697265625
10405,5650.345703125
10406,5469.94091796875
10407,2784.342529296875
10408,5431.94091796875
10409,6635.92236328125
10410,4025.952392578125
10411,5541.08056640625
10412,3279.33349609375
10413,4973.05029296875
10414,4329.4033203125
10415,4142.77978515625
10416,4833.29345703125
10417,7167.1083984375
10418,6691.60791015625
10419,6334.8955078125
10420,12699.1171875
10421,3576.10205078125
10422,4939.3447265625
10423,10381.2451171875
10424,4809.08447265625
10425,8225.6318359375
10426,5772.21630859375
10427,5118.36669921875
10428,6086.68408203125
10429,4862.107421875
10430,4966.41357421875
10431,7759.9765625
10432,5412.29052734375
10433,2802.008544921875
10434,3046.603759765625
10435,6601.8759765625
10436,7959.896484375
10437,5787.806640625
10438,5936.58056640625
10439,4008.6748046875
10440,2019.8095703125
10441,2370.739013671875
10442,3714.5576171875
10443,4976.8076171875
10444,7342.07861328125
10445,4842.95703125
10446,5248.7021484375
10447,8603.509765625
10448,8200.255859375
10449,6556.6728515625
10450,4751.484375
10451,7954.07373046875
10452,8292.498046875
10453,3530.779052734375
10454,5135.30712890625
10455,4699.45068359375
10456,5950.3759765625
10457,3013.477783203125
10458,5183.810546875
10459,4530.83349609375
10460,8460.34765625
10461,5069.05712890625
10462,7593.564453125
10463,7072.41650390625
10464,4908.052734375
10465,7711.716796875
10466,17295.26171875
10467,7549.12890625
10468,3967.2001953125
10469,3275.539306640625
10470,5611.42529296875
10471,6993.76708984375
10472,3769.055908203125
10473,8718.53515625
10474,16677.947265625
10475,4841.88623046875
10476,2840.82568359375
10477,9534.333984375
10478,3331.896728515625
10479,4949.48388671875
10480,3838.861328125
10481,5733.03759765625
10482,4850.4814453125
10483,5701.96240234375
10484,5181.70751953125
10485,5303.52392578125
10486,9451.61328125
10487,5413.81396484375
10488,5240.71337890625
10489,6797.158203125
10490,5507.40673828125
10491,6135.3369140625
10492,10061.203125
10493,5021.61767578125
10494,5133.9619140625
10495,4130.24853515625
10496,3418.92919921875
10497,6563.6669921875
10498,4720.30810546875
10499,4633.328125
10500,8162.86669921875
10501,7776.2490234375
10502,8026.28466796875
10503,3901.415283203125
10504,4389.23193359375
10505,3942.578857421875
10506,3737.18896484375
10507,5163.76611328125
10508,3520.63818359375
10509,6763.697265625
10510,5273.189453125
10511,7028.04052734375
10512,5383.6015625
10513,4492.16455078125
10514,3658.53662109375
10515,2535.82958984375
10516,8440.478515625
10517,5602.1357421875
10518,5353.296875
10519,12822.44921875
10520,7504.05810546875
10521,3637.982177734375
10522,5706.57421875
10523,2476.601806640625
10524,4418.57177734375
10525,3994.35107421875
10526,5551.7724609375
10527,9844.0029296875
10528,4372.056640625
10529,8451.0546875
10530,9654.580078125
10531,4749.3779296875
10532,6973.5732421875
10533,4625.5107421875
10534,4907.03662109375
10535,5083.3564453125
10536,10400.154296875
10537,5141.787109375
10538,6821.099609375
10539,2475.4130859375
10540,5539.93994140625
10541,6004.62939453125
10542,7696.55908203125
10543,7008.52734375
10544,4977.404296875
10545,6334.748046875
10546,5848.888671875
10547,8132.22509765625
10548,6852.08154296875
10549,6867.50927734375
10550,8372.931640625
10551,6395.1455078125
10552,8226.9697265625
10553,3698.12646484375
10554,5268.99951171875
10555,4520.64013671875
10556,7457.224609375
10557,6361.203125
10558,7188.75439453125
10559,7115.56591796875
10560,7020.19580078125
10561,5015.0673828125
10562,5944.9150390625
10563,5784.45654296875
10564,2600.017822265625
10565,9354.1806640625
10566,16685.896484375
10567,6599.5703125
10568,6104.27294921875
10569,7157.4443359375
10570,7968.50341796875
10571,7862.87548828125
10572,3395.467041015625
10573,4147.02392578125
10574,5166.81005859375
10575,8285.25390625
10576,2703.19482421875
10577,4167.66162109375
10578,5134.50439453125
10579,4457.79052734375
10580,4736.02685546875
10581,3447.38671875
10582,3089.189453125
10583,7982.36865234375
10584,4010.92919921875
10585,4558.4111328125
10586,5900.87109375
10587,4372.03271484375
10588,8610.8310546875
10589,11489.8828125
10590,4801.19580078125
10591,7605.4404296875
10592,6365.435546875
10593,8882.9326171875
10594,4398.82861328125
10595,3011.810302734375
10596,4954.58447265625
10597,11750.9365234375
10598,3734.447265625
10599,6922.37890625
10600,1683.3861083984375
10601,3457.66162109375
10602,6326.67578125
10603,6513.78564453125
10604,4431.23046875
10605,8074.28857421875
10606,8723.201171875
10607,7735.83251953125
10608,4225.58544921875
10609,9372.9853515625
10610,1671.5972900390625
10611,3564.6572265625
10612,6385.15576171875
10613,4703.30810546875
10614,10429.3076171875
10615,2493.82275390625
10616,6508.97021484375
10617,5570.62939453125
10618,8762.1162109375
10619,9751.322265625
10620,4634.36669921875
10621,3711.14599609375
10622,8485.2041015625
10623,10304.107421875
10624,3884.2509765625
10625,5054.42578125
10626,8574.6572265625
10627,5889.681640625
10628,5742.62890625
10629,3454.344482421875
10630,7710.4091796875
10631,4263.04736328125
10632,11955.04296875
10633,8170.53515625
10634,15214.4248046875
10635,6820.2734375
10636,3950.20849609375
10637,1705.3780517578125
10638,5485.7421875
10639,5593.5595703125
10640,5042.26806640625
10641,8133.39013671875
10642,5451.65625
10643,2260.029052734375
10644,6594.79443359375
10645,3117.857421875
10646,6187.18701171875
10647,7084.1201171875
10648,6287.099609375
10649,7849.3984375
10650,4736.2412109375
10651,6650.95361328125
10652,5486.0712890625
10653,5586.00244140625
10654,6863.11181640625
10655,3898.338623046875
10656,8231.0947265625
10657,5350.21240234375
10658,3476.16748046875
10659,4563.123046875
10660,8340.5234375
10661,5992.205078125
10662,3945.063720703125
10663,4739.1083984375
10664,5458.208984375
10665,6084.56396484375
10666,5282.7099609375
10667,9140.716796875
10668,4898.81103515625
10669,3483.4892578125
10670,6031.84130859375
10671,5513.04638671875
10672,3111.662109375
10673,4674.2001953125
10674,7573.8896484375
10675,6909.28515625
10676,10775.0830078125
10677,9595.08984375
10678,6994.01171875
10679,6046.7890625
10680,4255.82568359375
10681,9555.1943359375
10682,7850.47119140625
10683,5492.943359375
10684,4654.505859375
10685,5113.10205078125
10686,4140.7333984375
10687,2806.946044921875
10688,8319.0087890625
10689,7201.4130859375
10690,5371.2578125
10691,4092.32666015625
10692,1125.8687744140625
10693,8265.091796875
10694,6388.85498046875
10695,5894.701171875
10696,3615.402099609375
10697,4529.62158203125
10698,5021.54345703125
10699,3854.26025390625
10700,10044.53125
10701,4794.107421875
10702,4153.3212890625
10703,3472.96533203125
10704,3530.128173828125
10705,4352.67724609375
10706,12972.8095703125
10707,3344.112548828125
10708,5311.89892578125
10709,4745.3740234375
10710,3500.4697265625
10711,3535.437255859375
10712,5873.11279296875
10713,2656.59521484375
10714,9753.8134765625
10715,6074.484375
10716,2417.424072265625
10717,7813.56640625
10718,2117.42431640625
10719,4121.35107421875
10720,8358.0048828125
10721,7101.5
10722,7226.97900390625
10723,2438.578857421875
10724,4305.74072265625
10725,5019.5322265625
10726,3627.66357421875
10727,14649.1826171875
10728,11049.9541015625
10729,5221.951171875
10730,3624.2548828125
10731,6127.70068359375
10732,4506.20654296875
10733,2527.7275390625
10734,7973.0947265625
10735,5092.77880859375
10736,4869.4892578125
10737,5751.3095703125
10738,4652.822265625
10739,4106.91796875
10740,5050.61865234375
10741,5641.54345703125
10742,7052.673828125
10743,2722.612548828125
10744,6474.0419921875
10745,6677.82421875
10746,7713.9091796875
10747,5835.0478515625
10748,7164.73876953125
10749,2221.445556640625
10750,7340.44384765625
10751,5202.8955078125
10752,2568.961669921875
10753,4210.1572265625
10754,4684.18408203125
10755,4519.63330078125
10756,7231.0302734375
10757,3989.452880859375
10758,5583.62255859375
10759,5324.3017578125
10760,7355.703125
10761,7707.29052734375
10762,5813.8466796875
10763,8384.7373046875
10764,5697.4267578125
10765,2531.24853515625
10766,10565.9375
10767,3303.23974609375
10768,3799.551513671875
10769,5332.47021484375
10770,10124.236328125
10771,8824.2568359375
10772,3576.133056640625
10773,4813.6728515625
10774,5489.439453125
10775,6628.79638671875
10776,4777.34619140625
10777,6844.5341796875
10778,2551.24462890625
10779,3934.69677734375
10780,4092.761474609375
10781,3564.77978515625
10782,4447.044921875
10783,7392.294921875
10784,6289.71337890625
10785,5464.9228515625
10786,5696.54150390625
10787,7840.36572265625
10788,7047.18505859375
10789,4479.02294921875
10790,5223.9287109375
10791,5287.59912109375
10792,6870.17236328125
10793,4908.73828125
10794,1939.5968017578125
10795,6133.30810546875
10796,6230.1826171875
10797,6309.50537109375
10798,5296.5751953125
10799,2951.6474609375
10800,8858.8916015625
10801,2626.345458984375
10802,8434.90625
10803,4843.5380859375
10804,4111.1474609375
10805,7498.76904296875
10806,4960.27880859375
10807,4184.20556640625
10808,7845.52734375
10809,3242.39404296875
10810,6710.3427734375
10811,9525.5302734375
10812,6504.40673828125
10813,2166.868408203125
10814,5290.8603515625
10815,3365.532470703125
10816,1913.544189453125
10817,5254.11083984375
10818,5792.9775390625
10819,4649.23291015625
10820,4327.81396484375
10821,4478.57958984375
10822,4772.666015625
10823,7622.6123046875
10824,5127.72998046875
10825,5768.35498046875
10826,3983.864013671875
10827,5445.494140625
10828,5362.841796875
10829,6055.91796875
10830,7864.35009765625
10831,6986.32861328125
10832,8280.5
10833,5412.79052734375
10834,4601.701171875
10835,2596.28955078125
10836,5679.91552734375
10837,8118.6279296875
10838,6293.6015625
10839,6620.4677734375
10840,13593.69140625
10841,3566.0908203125
10842,4424.14404296875
10843,4869.55078125
10844,8035.0185546875
10845,9743.5693359375
10846,7100.07275390625
10847,7086.2548828125
10848,7379.0712890625
10849,7278.75830078125
10850,6265.47021484375
10851,4943.12841796875
10852,3888.167724609375
10853,4876.2646484375
10854,2982.757568359375
10855,3196.287109375
10856,6818.99658203125
10857,16128.0078125
10858,5193.59228515625
10859,3254.091796875
10860,5338.88720703125
10861,5034.67333984375
10862,5392.15673828125
10863,2278.552734375
10864,7458.12646484375
10865,6279.69140625
10866,3431.0283203125
10867,10724.1259765625
10868,11575.7470703125
10869,2961.6787109375
10870,5258.2119140625
10871,3663.185791015625
10872,3508.342041015625
10873,4589.4580078125
10874,8048.32763671875
10875,3326.77001953125
10876,4842.2919921875
10877,4209.03369140625
10878,5377.54248046875
10879,4183.353515625
10880,6997.8017578125
10881,3342.06201171875
10882,7595.3974609375
10883,6415.8212890625
10884,4658.62744140625
10885,3477.99658203125
10886,3856.387939453125
10887,4897.396484375
10888,4631.26611328125
10889,9313.0576171875
10890,3886.23828125
10891,3015.8662109375
10892,6257.71435546875
10893,5299.27685546875
10894,5268.95654296875
10895,4015.894287109375
10896,5477.6103515625
10897,9842.4716796875
10898,6088.1669921875
10899,5352.294921875
10900,3032.34521484375
10901,4583.10546875
10902,4413.97705078125
10903,2981.4208984375
10904,4889.044921875
10905,4599.203125
10906,10440.869140625
10907,6741.169921875
10908,3634.369873046875
10909,5464.43359375
10910,5321.53466796875
10911,6925.90478515625
10912,4924.47119140625
10913,8381.1640625
10914,6634.9697265625
10915,4783.0185546875
10916,3060.235595703125
10917,1827.052001953125
10918,3437.038818359375
10919,19642.318359375
10920,2021.1085205078125
10921,5104.93310546875
10922,6914.5654296875
10923,6397.1435546875
10924,5377.55322265625
10925,7482.736328125
10926,5881.83203125
10927,7067.08740234375
10928,3645.591064453125
10929,7729.08544921875
10930,4091.06884765625
10931,6541.8701171875
10932,9216.685546875
10933,4283.71337890625
10934,6458.7412109375
10935,6504.76220703125
10936,3688.339111328125
10937,6060.5419921875
10938,6193.9013671875
10939,2790.0146484375
10940,8217.294921875
10941,6084.4853515625
10942,4036.536376953125
10943,7897.01025390625
10944,7756.6806640625
10945,6136.0908203125
10946,4427.73583984375
10947,5061.78369140625
10948,5282.93896484375
10949,3037.85009765625
10950,6072.46337890625
10951,3051.216552734375
10952,5034.865234375
10953,2602.10302734375
10954,5187.85302734375
10955,5165.26025390625
10956,4034.973388671875
10957,4945.05029296875
10958,8240.671875
10959,5231.2998046875
10960,7304.431640625
10961,5418.41845703125
10962,5448.57666015625
10963,9039.65625
10964,6815.91552734375
10965,3951.880859375
10966,4791.826171875
10967,5132.4501953125
10968,5413.94482421875
10969,12052.9423828125
10970,5133.8916015625
10971,5772.46923828125
10972,8727.380859375
10973,6303.48876953125
10974,1917.6185302734375
10975,16667.625
10976,8267.345703125
10977,5331.06787109375
10978,7463.3232421875
10979,6943.21240234375
10980,7249.66015625
10981,4934.453125
10982,3658.675048828125
10983,3085.4501953125
10984,4651.5576171875
10985,7276.05859375
10986,3154.493408203125
10987,8153.07763671875
10988,6445.89794921875
10989,4221.00634765625
10990,6769.8623046875
10991,4243.61962890625
10992,6668.8095703125
10993,3327.065673828125
10994,4339.11474609375
10995,4417.111328125
10996,3490.779052734375
10997,5836.5634765625
10998,6422.22705078125
10999,8135.98193359375
11000,5614.43212890625
11001,3730.16943359375
11002,6042.7568359375
11003,6432.05078125
11004,6327.49951171875
11005,2897.2392578125
11006,3035.287353515625
11007,7238.34814453125
11008,6066.05908203125
11009,3574.333984375
11010,7010.5302734375
11011,5747.6669921875
11012,5383.93408203125
11013,5135.69189453125
11014,1339.003173828125
11015,7058.47802734375
11016,5570.0224609375
11017,5288.5390625
11018,8414.3828125
11019,6591.427734375
11020,3480.128173828125
11021,6443.6171875
11022,3565.32080078125
11023,1394.252685546875
11024,5864.64013671875
11025,7805.2353515625
11026,4778.80126953125
11027,4234.9658203125
11028,2330.140380859375
11029,4258.32861328125
11030,6940.61962890625
11031,5573.681640625
11032,7718.244140625
11033,3346.3623046875
11034,4531.30712890625
11035,3215.940673828125
11036,6405.1982421875
11037,2663.889404296875
11038,2826.724365234375
11039,4427.8359375
11040,4057.4794921875
11041,6679.37939453125
11042,4800.314453125
11043,5106.83984375
11044,5109.46923828125
11045,7002.486328125
11046,4890.36181640625
11047,3086.231201171875
11048,8679.169921875
11049,6656.8291015625
11050,5997.357421875
11051,2874.841796875
11052,4947.67724609375
11053,5673.27783203125
11054,4372.56005859375
11055,6908.0849609375
11056,7055.53955078125
11057,6147.1953125
11058,5580.0390625
11059,5585.25
11060,6405.85888671875
11061,9689.7119140625
11062,2755.916015625
11063,3555.0400390625
11064,5188.17578125
11065,5045.919921875
11066,5322.44287109375
11067,7534.7412109375
11068,5340.9462890625
11069,5758.7802734375
11070,2948.335693359375
11071,5096.0068359375
11072,7266.302734375
11073,3103.451416015625
11074,6164.15966796875
11075,3307.25146484375
11076,6650.68310546875
11077,5522.67578125
11078,4698.16162109375
11079,5304.3486328125
11080,4278.9619140625
11081,4482.29833984375
11082,6231.40283203125
11083,5177.50927734375
11084,7958.77587890625
11085,4537.45849609375
11086,8263.3330078125
11087,5033.501953125
11088,3248.6171875
11089,8102.85498046875
11090,2630.52880859375
11091,8656.703125
11092,5304.41845703125
11093,4467.82177734375
11094,5646.111328125
11095,4017.172607421875
11096,4288.822265625
11097,6733.45556640625
11098,2565.670166015625
11099,3895.752197265625
11100,5920.5283203125
11101,6050.05859375
11102,8398.68359375
11103,5825.033203125
11104,4060.77392578125
11105,3623.58203125
11106,5969.06494140625
11107,2673.7099609375
11108,9787.73046875
11109,7148.26904296875
11110,10184.361328125
11111,6091.14013671875
11112,4435.92138671875
11113,10796.638671875
11114,8513.9150390625
11115,3197.313720703125
11116,7859.271484375
11117,5373.12060546875
11118,6024.47998046875
11119,5872.0146484375
11120,5367.2255859375
11121,2593.93115234375
11122,4549.93896484375
11123,3253.81494140625
11124,2549.6806640625
11125,7126.40576171875
11126,5309.89697265625
11127,22412.599609375
11128,7878.78759765625
11129,4363.54833984375
11130,8439.3603515625
11131,10808.01953125
11132,6098.58056640625
11133,8615.7041015625
11134,5608.81591796875
11135,8021.0439453125
11136,8331.7607421875
11137,7247.322265625
11138,6005.17529296875
11139,7551.75537109375
11140,8231.3212890625
11141,7827.20263671875
11142,8303.63671875
11143,7105.3779296875
11144,5420.0400390625
11145,6656.2685546875
11146,11354.3544921875
11147,10780.98046875
11148,9596.455078125
11149,8977.365234375
11150,4585.6845703125
11151,6823.072265625
11152,4553.8212890625
11153,8467.4140625
11154,11710.4658203125
11155,9455.30859375
11156,6671.76513671875
11157,6383.486328125
11158,4481.75244140625
11159,6877.564453125
11160,11094.703125
11161,7741.26806640625
11162,5415.97998046875
11163,6768.01416015625
11164,7397.56787109375
11165,3961.26318359375
11166,8434.1875
11167,4925.31201171875
11168,7472.66455078125
11169,7485.08837890625
11170,6594.974609375
11171,7868.0302734375
11172,7322.3994140625
11173,5479.0263671875
11174,6791.8486328125
11175,7878.630859375
11176,13387.03125
11177,7148.11181640625
11178,8245.578125
11179,8079.39453125
11180,10761.2216796875
11181,6991.08349609375
11182,11341.4765625
11183,4930.416015625
11184,4479.01171875
11185,6219.6669921875
11186,6436.87939453125
11187,10630.4345703125
11188,8040.98388671875
11189,5544.08154296875
11190,8100.70361328125
11191,6734.32666015625
11192,10143.8681640625
11193,4168.9033203125
11194,14043.220703125
11195,4707.38232421875
11196,5905.66748046875
11197,9089.1201171875
11198,4984.84033203125
11199,7044.16552734375
11200,7255.646484375
11201,8127.1962890625
11202,7313.84130859375
11203,6376.4638671875
11204,7947.32421875
11205,8328.669921875
11206,7956.564453125
11207,5819.12060546875
11208,7573.01025390625
11209,12144.16796875
11210,7457.9833984375
11211,4785.51220703125
11212,8305.078125
11213,5968.919921875
11214,6737.4931640625
11215,8326.6025390625
11216,3771.032958984375
11217,8649.208984375
11218,6594.9736328125
11219,7674.43310546875
11220,7938.9736328125
11221,5350.3232421875
11222,5701.3740234375
11223,5563.685546875
11224,8967.3525390625
11225,9106.15234375
11226,5041.76220703125
11227,4645.75390625
11228,7507.61572265625
11229,7402.81982421875
11230,6269.83984375
11231,6923.80712890625
11232,7352.96484375
11233,7802.84130859375
11234,6272.603515625
11235,4908.02783203125
11236,6961.57958984375
11237,9330.126953125
11238,8216.3427734375
11239,9138.150390625
11240,8935.4091796875
11241,5785.22412109375
11242,10401.2919921875
11243,5778.94091796875
11244,6752.93310546875
11245,9860.4501953125
11246,7102.51708984375
11247,10390.6240234375
11248,9425.689453125
11249,8256.88671875
11250,6775.75048828125
11251,7906.12451171875
11252,8823.099609375
11253,6166.36328125
11254,3278.740966796875
11255,6305.25146484375
11256,8072.71728515625
11257,7029.35205078125
11258,4963.07470703125
11259,8925.25
11260,6608.1982421875
11261,5670.05712890625
11262,6401.43408203125
11263,5405.4755859375
11264,7768.92578125
11265,7198.98583984375
11266,6608.27880859375
11267,6019.283203125
11268,6073.72509765625
11269,6985.3203125
11270,5230.13671875
11271,7400.1533203125
11272,6329.1298828125
11273,9517.3671875
11274,7839.642578125
11275,6906.69970703125
11276,12492.802734375
11277,4786.17724609375
11278,5852.53662109375
11279,11290.16796875
11280,7350.1708984375
11281,8789.498046875
11282,8289.818359375
11283,6160.0703125
11284,6598.7861328125
11285,5961.4228515625
11286,8157.3125
11287,11390.2958984375
11288,7067.3798828125
11289,2762.06884765625
11290,5431.72412109375
11291,8521.51171875
11292,9327.1669921875
11293,7729.74951171875
11294,7726.84912109375
11295,4773.021484375
11296,4675.77099609375
11297,3710.66650390625
11298,5892.58154296875
11299,6750.4013671875
11300,7775.1591796875
11301,6951.9853515625
11302,9127.0576171875
11303,9456.8662109375
11304,11216.9013671875
11305,8263.74609375
11306,5132.9033203125
11307,9810.1640625
11308,11718.94921875
11309,5938.81103515625
11310,7907.3623046875
11311,5905.83251953125
11312,7269.9814453125
11313,4934.8408203125
11314,7768.11279296875
11315,6053.79443359375
11316,9183.236328125
11317,7895.587890625
11318,9337.767578125
11319,8181.17578125
11320,6471.9208984375
11321,9632.9296875
11322,18732.24609375
11323,10781.845703125
11324,6204.802734375
11325,3395.319580078125
11326,6717.41259765625
11327,8304.05859375
11328,6058.8212890625
11329,12542.5029296875
11330,20534.275390625
11331,4097.46875
11332,5422.5322265625
11333,8513.8779296875
11334,5289.60400390625
11335,8603.2119140625
11336,6259.50390625
11337,8233.6845703125
11338,5805.732421875
11339,6606.93798828125
11340,7016.595703125
11341,7875.7373046875
11342,10328.9892578125
11343,7205.1240234375
11344,6373.7265625
11345,7263.4931640625
11346,5675.17041015625
11347,5172.3876953125
11348,8057.58349609375
11349,6415.13427734375
11350,5754.1611328125
11351,7619.3056640625
11352,5984.45361328125
11353,6297.02197265625
11354,6946.2763671875
11355,7031.037109375
11356,8958.208984375
11357,8325.6982421875
11358,8391.4287109375
11359,6264.58349609375
11360,4656.5146484375
11361,5955.958984375
11362,6318.84375
11363,6399.7392578125
11364,4677.32666015625
11365,9318.95703125
11366,7367.81982421875
11367,9996.185546875
11368,7605.50390625
11369,6910.7958984375
11370,5061.9462890625
11371,4828.29931640625
11372,10929.427734375
11373,5791.02978515625
11374,8268.9296875
11375,15157.6171875
11376,8452.701171875
11377,6456.984375
11378,6197.1083984375
11379,5244.81591796875
11380,8252.4599609375
11381,4441.48388671875
11382,5651.0166015625
11383,10932.1982421875
11384,5458.7373046875
11385,14733.8515625
11386,13107.328125
11387,6395.5205078125
11388,8207.310546875
11389,6110.87841796875
11390,7251.146484375
11391,7071.802734375
11392,13237.474609375
11393,8345.8310546875
11394,9670.7490234375
11395,4562.2080078125
11396,8069.8251953125
11397,7000.4990234375
11398,9428.373046875
11399,7761.384765625
11400,7707.09521484375
11401,7377.70263671875
11402,7175.12841796875
11403,9422.005859375
11404,9493.513671875
11405,7354.14306640625
11406,10834.828125
11407,7015.6513671875
11408,9745.25390625
11409,5915.99658203125
11410,5406.1826171875
11411,6122.25341796875
11412,9482.5859375
11413,7306.0478515625
11414,9081.8154296875
11415,7146.32470703125
11416,9713.0947265625
11417,5552.88623046875
11418,8774.505859375
11419,7299.07958984375
11420,4101.2080078125
11421,12397.9677734375
11422,18164.86328125
11423,7724.16796875
11424,7434.64990234375
11425,9949.3701171875
11426,10844.5263671875
11427,11855.7060546875
11428,6415.08251953125
11429,7609.37890625
11430,6418.23095703125
11431,9556.5986328125
11432,4496.77490234375
11433,5981.0615234375
11434,5666.3681640625
11435,5611.44091796875
11436,7636.4619140625
11437,5902.5732421875
11438,5235.1201171875
11439,7990.7900390625
11440,4249.80224609375
11441,5064.6865234375
11442,6381.1728515625
11443,6245.87109375
11444,10603.1787109375
11445,9847.728515625
11446,8156.6552734375
11447,6950.7578125
11448,7208.1728515625
11449,10519.1201171875
11450,7323.01904296875
11451,6108.31884765625
11452,5638.07080078125
11453,9735.302734375
11454,4776.90234375
11455,7581.84375
11456,3547.48828125
11457,5066.48779296875
11458,9061.3447265625
11459,6330.9404296875
11460,6460.75146484375
11461,10163.24609375
11462,10383.9794921875
11463,11904.7373046875
11464,6646.71826171875
11465,10763.2119140625
11466,2677.714599609375
11467,5760.04296875
11468,7400.736328125
11469,5088.61279296875
11470,9163.234375
11471,5578.91796875
11472,7858.2646484375
11473,9426.6533203125
11474,12500.166015625
11475,8923.0888671875
11476,5542.875
11477,6244.568359375
11478,9638.8349609375
11479,8426.916015625
11480,5800.84130859375
11481,6344.30810546875
11482,7272.0458984375
11483,10035.9833984375
11484,6137.3720703125
11485,5925.69873046875
11486,9152.4716796875
11487,8789.76953125
11488,13039.9453125
11489,7537.59423828125
11490,15170.9873046875
11491,7713.4130859375
11492,5147.33642578125
11493,2392.2314453125
11494,6401.59765625
11495,6424.36474609375
11496,6102.8359375
11497,8941.21875
11498,5576.4033203125
11499,4711.568359375
11500,7093.10986328125
11501,3965.69921875
11502,6965.8154296875
11503,7935.64892578125
11504,8159.173828125
11505,9322.841796875
11506,5987.6865234375
11507,10091.1240234375
11508,5899.78662109375
11509,6534.97021484375
11510,6426.07958984375
11511,5649.5712890625
11512,10299.8076171875
11513,6114.8251953125
11514,4985.271484375
11515,7450.66015625
11516,10266.26953125
11517,8374.107421875
11518,6518.14013671875
11519,9442.625
11520,6075.58544921875
11521,7204.09912109375
11522,6663.5693359375
11523,10053.48828125
11524,6201.072265625
11525,6595.16259765625
11526,6069.64013671875
11527,5900.9580078125
11528,4042.3740234375
11529,6614.298828125
11530,8586.15234375
11531,9257.767578125
11532,11918.88671875
11533,13192.4375
11534,9180.8212890625
11535,6396.08642578125
11536,4972.5068359375
11537,11490.83984375
11538,11436.181640625
11539,7675.95068359375
11540,8458.6396484375
11541,9610.970703125
11542,6470.8701171875
11543,3527.758056640625
11544,9409.1787109375
11545,6531.16943359375
11546,7230.7041015625
11547,5831.02978515625
11548,2613.911376953125
11549,12663.8291015625
11550,6758.818359375
11551,4016.177001953125
11552,5378.03466796875
11553,5860.66162109375
11554,7010.62890625
11555,7897.54150390625
11556,7057.1982421875
11557,5247.12890625
11558,5046.30224609375
11559,4157.7470703125
11560,3462.1982421875
11561,7976.640625
11562,18732.447265625
11563,4489.43505859375
11564,6246.7041015625
11565,7658.3583984375
11566,5911.00537109375
11567,5590.5732421875
11568,5324.95458984375
11569,4158.623046875
11570,7970.50390625
11571,7485.02783203125
11572,4347.8125
11573,9776.73046875
11574,5399.0712890625
11575,5764.384765625
11576,9995.0283203125
11577,8421.24609375
11578,8456.58984375
11579,5681.3896484375
11580,6678.8310546875
11581,5492.20751953125
11582,6005.05029296875
11583,14466.8974609375
11584,12046.6376953125
11585,7414.85498046875
11586,5800.4111328125
11587,6358.90673828125
11588,6865.69921875
11589,4642.9384765625
11590,10232.5107421875
11591,5802.2978515625
11592,6001.78076171875
11593,7708.67724609375
11594,5506.12255859375
11595,6622.58935546875
11596,6725.32080078125
11597,8091.25537109375
11598,7805.00634765625
11599,4634.3369140625
11600,5571.375
11601,7395.4765625
11602,9376.421875
11603,9172.6435546875
11604,8140.64208984375
11605,3689.391357421875
11606,8767.3701171875
11607,6174.80810546875
11608,5496.45654296875
11609,7219.76416015625
11610,7789.9375
11611,6898.0576171875
11612,6936.4873046875
11613,6960.5078125
11614,6009.21533203125
11615,6383.40478515625
11616,6944.4423828125
11617,7569.0859375
11618,6992.39990234375
11619,11087.5810546875
11620,6301.71875
11621,5147.16943359375
11622,13568.2509765625
11623,5847.751953125
11624,3944.38525390625
11625,8214.8291015625
11626,10962.685546875
11627,11461.6845703125
11628,4872.73486328125
11629,7349.4072265625
11630,6599.64208984375
11631,7458.0029296875
11632,7481.08935546875
11633,8523.63671875
11634,3378.60205078125
11635,5373.4365234375
11636,6754.64697265625
11637,5438.2236328125
11638,5416.28369140625
11639,7459.65869140625
11640,9031.9453125
11641,6043.39599609375
11642,8395.9794921875
11643,7840.70703125
11644,9196.896484375
11645,5950.58447265625
11646,6586.2607421875
11647,7101.5048828125
11648,9321.2236328125
11649,9358.5322265625
11650,4126.3671875
11651,8777.4794921875
11652,8356.255859375
11653,8136.5791015625
11654,4976.23583984375
11655,3897.186279296875
11656,9392.890625
11657,6131.24462890625
11658,9470.70703125
11659,7335.1923828125
11660,5409.6904296875
11661,9059.435546875
11662,6526.6396484375
11663,6767.189453125
11664,8590.3076171875
11665,6202.40625
11666,9979.94140625
11667,11980.8525390625
11668,8658.2529296875
11669,4743.486328125
11670,6617.43310546875
11671,4120.64306640625
11672,3073.15966796875
11673,9103.677734375
11674,5727.96142578125
11675,9474.1806640625
11676,4885.4423828125
11677,6012.76513671875
11678,6348.6982421875
11679,9414.99609375
11680,6618.7666015625
11681,5544.14013671875
11682,6418.23193359375
11683,7548.83056640625
11684,5262.65966796875
11685,8148.97412109375
11686,8678.1923828125
11687,8312.9736328125
11688,9006.2548828125
11689,7438.90966796875
11690,5841.072265625
11691,5192.31103515625
11692,5851.25146484375
11693,11724.28515625
11694,9506.8486328125
11695,7868.58935546875
11696,16963.8046875
11697,7047.4736328125
11698,4767.93896484375
11699,6576.3896484375
11700,9630.9072265625
11701,10670.8515625
11702,7812.890625
11703,8262.18359375
11704,8850.1552734375
11705,7853.72265625
11706,7799.5966796875
11707,6250.51513671875
11708,6293.31298828125
11709,5879.85400390625
11710,4019.85107421875
11711,5809.7958984375
11712,8881.0322265625
11713,18628.517578125
11714,6853.99072265625
11715,4873.1083984375
11716,8896.5439453125
11717,5950.65869140625
11718,7456.72900390625
11719,4617.25146484375
11720,10610.4443359375
11721,7480.93994140625
11722,7242.06591796875
11723,13750.87109375
11724,13705.033203125
11725,6090.80810546875
11726,6824.45458984375
11727,3492.08935546875
11728,5104.2861328125
11729,6030.64599609375
11730,8979.1171875
11731,4746.4189453125
11732,6815.162109375
11733,5301.01025390625
11734,5626.34423828125
11735,7267.9853515625
11736,7779.1337890625
11737,3737.845703125
11738,7912.37451171875
11739,9055.1142578125
11740,8316.619140625
11741,5409.81787109375
11742,5010.7353515625
11743,8489.1865234375
11744,4820.6240234375
11745,10448.107421875
11746,5023.9677734375
11747,5509.654296875
11748,7345.0478515625
11749,7971.06298828125
11750,4929.2685546875
11751,6553.47216796875
11752,7627.6416015625
11753,10285.923828125
11754,11029.1396484375
11755,6384.09765625
11756,4176.478515625
11757,5526.49072265625
11758,6527.48974609375
11759,5097.75244140625
11760,6739.103515625
11761,7731.84716796875
11762,11833.994140625
11763,8040.83837890625
11764,5731.96337890625
11765,7871.88330078125
11766,5199.10009765625
11767,9834.650390625
11768,5325.10546875
11769,12910.1533203125
11770,6873.44140625
11771,5696.2783203125
11772,5358.42236328125
11773,5295.45947265625
11774,7055.0244140625
11775,22764.943359375
11776,4187.302734375
11777,5903.568359375
11778,11084.39453125
11779,6324.49169921875
11780,7091.38037109375
11781,8417.140625
11782,6803.802734375
11783,6396.90380859375
11784,4777.78076171875
11785,10690.27734375
11786,6017.26123046875
11787,6928.02099609375
11788,8471.203125
11789,5412.7734375
11790,7940.45361328125
11791,6686.20556640625
11792,4650.3310546875
11793,8994.1474609375
11794,9950.9609375
11795,3831.4150390625
11796,8303.3984375
11797,7621.1103515625
11798,4961.658203125
11799,9386.6630859375
11800,7903.26708984375
11801,8722.8232421875
11802,4814.71728515625
11803,6006.662109375
11804,6550.8564453125
11805,4873.88720703125
11806,8076.68359375
11807,5455.99755859375
11808,7016.79345703125
11809,4766.00927734375
11810,6218.2724609375
11811,6437.37841796875
11812,6895.83837890625
11813,7318.7900390625
11814,9235.337890625
11815,6556.18701171875
11816,7637.7607421875
11817,6096.05078125
11818,9179.1171875
11819,9310.7197265625
11820,8227.9560546875
11821,4225.306640625
11822,6038.3046875
11823,7505.3251953125
11824,4506.95458984375
11825,13070.9111328125
11826,6198.37890625
11827,8074.70751953125
11828,11007.8427734375
11829,6552.8515625
11830,4145.74072265625
11831,16241.38671875
11832,10860.287109375
11833,6197.857421875
11834,9235.056640625
11835,9854.306640625
11836,6950.66015625
11837,5423.88037109375
11838,7471.68359375
11839,5471.01611328125
11840,6953.74169921875
11841,7988.54541015625
11842,5108.23486328125
11843,7861.39111328125
11844,7727.9619140625
11845,6500.1201171875
11846,8808.771484375
11847,6210.73974609375
11848,6324.8193359375
11849,4233.77880859375
11850,7459.60107421875
11851,7506.09912109375
11852,6379.35400390625
11853,6628.46337890625
11854,7621.60546875
11855,9822.693359375
11856,6533.11767578125
11857,5082.04345703125
11858,7080.76171875
11859,7589.43017578125
11860,6106.0380859375
11861,5431.44140625
11862,4998.8818359375
11863,6984.2744140625
11864,7709.7138671875
11865,6144.58984375
11866,8919.9892578125
11867,6700.72705078125
11868,7007.58984375
11869,6306.82421875
11870,3230.328857421875
11871,8137.24365234375
11872,7561.21630859375
11873,7479.35693359375
11874,9665.8408203125
11875,8683.00390625
11876,5128.33056640625
11877,8719.7490234375
11878,4729.93359375
11879,2395.560302734375
11880,7814.48046875
11881,10328.9462890625
11882,7626.66162109375
11883,7735.4326171875
11884,4084.72216796875
11885,7135.81005859375
11886,8946.5625
11887,6303.13916015625
11888,6416.48779296875
11889,5494.4365234375
11890,4661.57958984375
11891,5428.935546875
11892,5958.28466796875
11893,5722.697265625
11894,5537.90478515625
11895,5917.72021484375
11896,4480.12939453125
11897,7665.72998046875
11898,8601.06640625
11899,5761.86083984375
11900,6326.01318359375
11901,7647.0771484375
11902,5361.15576171875
11903,4897.21826171875
11904,8770.8369140625
11905,7193.21240234375
11906,5811.65380859375
11907,4225.05517578125
11908,11953.935546875
11909,7514.80322265625
11910,6465.9921875
11911,8042.71875
11912,7885.92578125
11913,7759.13427734375
11914,6300.15576171875
11915,7243.83447265625
11916,9702.2978515625
11917,13005.97265625
11918,5016.09375
11919,4828.59912109375
11920,5917.75048828125
11921,6815.34765625
11922,6250.19287109375
11923,7585.4091796875
11924,8404.509765625
11925,6962.44091796875
11926,4987.90185546875
11927,6017.7958984375
11928,9305.552734375
11929,5282.578125
11930,8009.0224609375
11931,4158.98876953125
11932,7602.15478515625
11933,7610.44287109375
11934,7371.81591796875
11935,7875.07958984375
11936,7162.60791015625
11937,5211.7001953125
11938,6870.59765625
11939,8498.2158203125
11940,9299.4111328125
11941,7589.1923828125
11942,8854.7734375
11943,6634.74853515625
11944,4844.736328125
11945,10901.798828125
11946,4557.73583984375
11947,10100.9501953125
11948,6175.8251953125
11949,5004.47314453125
11950,6540.794921875
11951,6331.95703125
11952,7076.56494140625
11953,8816.4677734375
11954,4165.4169921875
11955,5446.02978515625
11956,8048.10498046875
11957,8390.287109375
11958,10954.6728515625
11959,6649.0458984375
11960,5741.10205078125
11961,6090.02294921875
11962,6928.22412109375
11963,5861.89990234375
11964,11359.138671875
11965,9530.1064453125
11966,12598.849609375
11967,5534.650390625
11968,6384.0146484375
11969,11417.5830078125
11970,10442.666015625
11971,5974.1767578125
11972,10616.2001953125
11973,6415.7529296875
11974,7388.50830078125
11975,5905.28466796875
11976,6106.51220703125
11977,5243.5537109375
11978,5992.8095703125
11979,5058.5634765625
11980,4871.71630859375
11981,10248.4208984375
11982,6821.74853515625
11983,24540.861328125
11984,8459.369140625
11985,4030.384765625
11986,8938.7685546875
11987,10637.490234375
11988,7770.99755859375
11989,7927.41162109375
11990,6052.89404296875
11991,8543.01953125
11992,8549.94921875
11993,5886.076171875
11994,6124.23095703125
11995,7919.48388671875
11996,8099.54833984375
11997,7877.38720703125
11998,9828.65234375
11999,6411.48828125
12000,4135.88134765625
12001,6365.658203125
12002,10222.4072265625
12003,12615.28125
12004,9797.611328125
12005,8369.029296875
12006,5701.97607421875
12007,6544.677734375
12008,4234.1142578125
12009,8153.533203125
12010,11584.33203125
12011,9685.6025390625
12012,5948.54541015625
12013,6754.9326171875
12014,4463.17578125
12015,5020.33203125
12016,11397.55078125
12017,7164.41162109375
12018,5245.3017578125
12019,5048.8427734375
12020,7950.3994140625
12021,3438.247802734375
12022,7833.77587890625
12023,4544.87353515625
12024,7236.24462890625
12025,7383.96875
12026,6785.01513671875
12027,7595.97802734375
12028,6833.6044921875
12029,5758.13427734375
12030,7129.888671875
12031,8525.5478515625
12032,12859.3759765625
12033,6404.51416015625
12034,8506.1220703125
12035,7847.08642578125
12036,9884.8193359375
12037,7062.48095703125
12038,10539.3017578125
12039,4932.94189453125
12040,4907.486328125
12041,6650.90771484375
12042,6491.67822265625
12043,9477.7705078125
12044,7752.64794921875
12045,5702.384765625
12046,7823.69677734375
12047,6264.841796875
12048,10998.486328125
12049,4092.368408203125
12050,14433.1552734375
12051,5130.2548828125
12052,5704.2548828125
12053,9583.80078125
12054,5323.57421875
12055,7413.5859375
12056,6751.6064453125
12057,8247.71484375
12058,7374.900390625
12059,6250.17626953125
12060,7793.7216796875
12061,8113.32080078125
12062,8053.09130859375
12063,4992.89404296875
12064,7876.81982421875
12065,12207.884765625
12066,7274.064453125
12067,5389.33203125
12068,7783.10693359375
12069,6244.6015625
12070,5274.68212890625
12071,7778.2421875
12072,4124.298828125
12073,8837.7822265625
12074,6647.0751953125
12075,7069.5146484375
12076,7897.09033203125
12077,4473.09228515625
12078,5838.92041015625
12079,5418.31201171875
12080,9146.5869140625
12081,8651.849609375
12082,5015.8779296875
12083,5111.74609375
12084,7369.5009765625
12085,6371.90185546875
12086,5893.3671875
12087,7047.2705078125
12088,6678.01025390625
12089,8011.86865234375
12090,5655.01416015625
12091,4797.40771484375
12092,6933.14306640625
12093,8929.43359375
12094,8440.74609375
12095,8446.6796875
12096,8609.7548828125
12097,5423.65087890625
12098,10141.8095703125
12099,5894.3251953125
12100,7678.2978515625
12101,9648.9501953125
12102,6515.1474609375
12103,10901.9228515625
12104,8881.05859375
12105,7687.92626953125
12106,5929.2666015625
12107,7951.54736328125
12108,8497.36328125
12109,6224.56591796875
12110,3526.444091796875
12111,6236.59130859375
12112,7905.43798828125
12113,7077.08984375
12114,4670.06201171875
12115,9139.4736328125
12116,7050.763671875
12117,6001.9228515625
12118,6703.7998046875
12119,5697.76318359375
12120,8139.80517578125
12121,7807.244140625
12122,7008.09814453125
12123,5771.03271484375
12124,5698.5830078125
12125,6840.619140625
12126,5463.61474609375
12127,6811.88330078125
12128,5981.30419921875
12129,9148.6123046875
12130,7993.8857421875
12131,7129.326171875
12132,12276.185546875
12133,5329.7763671875
12134,5671.63037109375
12135,11225.1630859375
12136,7406.61181640625
12137,9057.1630859375
12138,8164.5869140625
12139,6099.39453125
12140,6811.0888671875
12141,6230.9189453125
12142,9373.77734375
12143,12227.205078125
12144,7637.2509765625
12145,2879.5732421875
12146,5493.41455078125
12147,8372.4765625
12148,8366.4833984375
12149,6945.6044921875
12150,8283.4296875
12151,5596.5322265625
12152,4701.79443359375
12153,4106.8408203125
12154,6310.67822265625
12155,6612.31298828125
12156,7726.8876953125
12157,6828.37841796875
12158,7749.1142578125
12159,8903.6005859375
12160,11643.3505859375
12161,8521.0263671875
12162,5162.34228515625
12163,9819.115234375
12164,10900.595703125
12165,6098.71435546875
12166,8262.6220703125
12167,5759.419921875
12168,6929.59716796875
12169,4628.7080078125
12170,7553.43408203125
12171,5936.072265625
12172,9152.7724609375
12173,7854.50341796875
12174,9043.6015625
12175,9147.044921875
12176,6564.33251953125
12177,8975.935546875
12178,19977.90234375
12179,11382.5234375
12180,6752.00244140625
12181,2883.237060546875
12182,6687.9638671875
12183,8822.7275390625
12184,6208.41796875
12185,12851.099609375
12186,19391.283203125
12187,4399.7470703125
12188,5880.83984375
12189,9808.7578125
12190,5256.43505859375
12191,9035.2080078125
12192,6494.5986328125
12193,8349.2548828125
12194,5172.0302734375
12195,6618.42724609375
12196,6385.99658203125
12197,8565.5673828125
12198,10157.84765625
12199,7139.44384765625
12200,6416.94677734375
12201,7835.7119140625
12202,5413.13037109375
12203,4773.9052734375
12204,8374.427734375
12205,6168.353515625
12206,5654.53515625
12207,7479.82763671875
12208,6173.57958984375
12209,7087.35986328125
12210,7502.48046875
12211,7380.19921875
12212,8643.0087890625
12213,8100.8916015625
12214,8569.31640625
12215,5824.45263671875
12216,4429.03955078125
12217,6514.69287109375
12218,6586.54248046875
12219,6570.568359375
12220,5232.28857421875
12221,10121.60546875
12222,8160.90673828125
12223,9745.32421875
12224,7683.78662109375
12225,6847.078125
12226,5363.48193359375
12227,4933.16455078125
12228,11206.7373046875
12229,4850.07177734375
12230,8043.96435546875
12231,17260.357421875
12232,7677.4501953125
12233,8219.76953125
12234,5999.36279296875
12235,5079.67333984375
12236,7660.302734375
12237,4451.01953125
12238,6216.0791015625
12239,12511.0234375
12240,5328.4296875
12241,15915.98828125
12242,14129.8037109375
12243,6009.84228515625
12244,7836.34814453125
12245,6220.2578125
12246,7298.61962890625
12247,7547.2021484375
12248,12982.1162109375
12249,8155.6435546875
12250,10532.099609375
12251,5472.84716796875
12252,7887.95458984375
12253,6671.79296875
12254,9802.7041015625
12255,7826.92138671875
12256,6736.8759765625
12257,6999.75634765625
12258,7175.95849609375
12259,8836.712890625
12260,10471.7451171875
12261,6853.5283203125
12262,11281.205078125
12263,6693.0380859375
12264,10461.328125
12265,5575.02978515625
12266,5658.53076171875
12267,6319.41357421875
12268,9544.3359375
12269,7013.9560546875
12270,9719.1806640625
12271,7576.87939453125
12272,9443.376953125
12273,5265.39453125
12274,8729.5341796875
12275,7829.4130859375
12276,4177.40478515625
12277,12728.478515625
12278,18815.71484375
12279,7083.1953125
12280,7414.24560546875
12281,10130.880859375
12282,11334.2041015625
12283,12030.640625
12284,6524.58154296875
12285,7997.87744140625
12286,6426.85595703125
12287,9087.7294921875
12288,4952.5595703125
12289,6082.1455078125
12290,5540.068359375
12291,5612.37890625
12292,7413.701171875
12293,5931.79931640625
12294,5476.47900390625
12295,8137.822265625
12296,4564.05126953125
12297,4482.46875
12298,6601.4365234375
12299,6402.2001953125
12300,10090.2998046875
12301,9268.05859375
12302,8263.45703125
12303,6792.28173828125
12304,7133.47998046875
12305,11904.8486328125
12306,7703.54345703125
12307,5972.3115234375
12308,5562.0263671875
12309,8827.984375
12310,4752.32958984375
12311,7840.4423828125
12312,3568.242431640625
12313,5490.45361328125
12314,8860.291015625
12315,6545.97265625
12316,5934.130859375
12317,9255.5234375
12318,10788.033203125
12319,13349.80859375
12320,6940.9365234375
12321,10383.1123046875
12322,2883.44921875
12323,4885.1435546875
12324,7163.24365234375
12325,4191.57177734375
12326,8444.5556640625
12327,5770.18017578125
12328,7777.77734375
12329,9339.4404296875
12330,12300.73046875
12331,10583.3125
12332,5591.7548828125
12333,6324.658203125
12334,10113.8212890625
12335,7895.2861328125
12336,6645.623046875
12337,5684.041015625
12338,6877.765625
12339,11333.400390625
12340,5746.39013671875
12341,6555.193359375
12342,8623.2822265625
12343,8185.25
12344,13849.8505859375
12345,7448.27734375
12346,15300.8134765625
12347,7146.841796875
12348,5654.6630859375
12349,3274.929931640625
12350,6583.70556640625
12351,5724.04833984375
12352,6168.80859375
12353,8333.33984375
12354,5464.09130859375
12355,6027.50244140625
12356,7354.47509765625
12357,3633.83251953125
12358,7476.22998046875
12359,7451.2021484375
12360,8645.755859375
12361,9545.4873046875
12362,5775.70654296875
12363,9271.7919921875
12364,6236.10546875
12365,6035.82958984375
12366,5844.2451171875
12367,5242.4580078125
12368,10772.455078125
12369,6849.87353515625
12370,5210.28466796875
12371,7895.583984375
12372,10948.8173828125
12373,8478.1669921875
12374,6189.83447265625
12375,9140.1435546875
12376,6535.9150390625
12377,6805.63671875
12378,6408.94287109375
12379,9611.5478515625
12380,6659.3955078125
12381,7150.5068359375
12382,5903.02880859375
12383,5917.31982421875
12384,4018.775146484375
12385,6489.8876953125
12386,8224.4248046875
12387,9539.59765625
12388,11581.77734375
12389,14473.6826171875
12390,9066.2744140625
12391,6431.11669921875
12392,5182.71875
12393,11867.951171875
12394,11313.650390625
12395,6286.39111328125
12396,9332.623046875
12397,9091.259765625
12398,6488.52099609375
12399,4561.5048828125
12400,9559.7216796875
12401,6957.84765625
12402,7265.23388671875
12403,6055.01318359375
12404,2778.853759765625
12405,13745.994140625
12406,6307.47265625
12407,4914.48046875
12408,4969.90283203125
12409,5675.51904296875
12410,7501.8974609375
12411,8399.1298828125
12412,7281.69189453125
12413,5093.7763671875
12414,4683.705078125
12415,4816.41064453125
12416,4107.13818359375
12417,7758.25
12418,18586.73046875
12419,5038.955078125
12420,6270.84326171875
12421,8133.701171875
12422,6098.40234375
12423,5887.94921875
12424,5220.3515625
12425,4723.86669921875
12426,7871.6875
12427,8153.841796875
12428,4302.22802734375
12429,9328.927734375
12430,5483.01806640625
12431,5405.61181640625
12432,10059.48046875
12433,8564.4658203125
12434,9202.7880859375
12435,5933.93408203125
12436,7453.26953125
12437,4895.74072265625
12438,6153.876953125
12439,14671.32421875
12440,11094.8486328125
12441,7130.2900390625
12442,6074.6875
12443,5818.9384765625
12444,6010.48193359375
12445,5614.1865234375
12446,12467.6787109375
12447,5883.888671875
12448,6802.95263671875
12449,7960.17529296875
12450,5174.00146484375
12451,6506.33642578125
12452,7288.2783203125
12453,7837.62939453125
12454,8126.96337890625
12455,5148.15087890625
12456,5965.01171875
12457,6222.0302734375
12458,9287.68359375
12459,8395.9541015625
12460,7538.564453125
12461,4118.58056640625
12462,8049.3603515625
12463,6825.77197265625
12464,5735.2138671875
12465,7837.30029296875
12466,7818.701171875
12467,7007.96533203125
12468,7188.07958984375
12469,7132.50927734375
12470,5915.19677734375
12471,6200.65966796875
12472,7353.96044921875
12473,6847.3349609375
12474,7153.90771484375
12475,10865.7158203125
12476,5981.82861328125
12477,5408.37353515625
12478,12961.228515625
12479,6454.0908203125
12480,4654.10693359375
12481,7962.798828125
12482,10161.357421875
12483,11828.3115234375
12484,5131.74755859375
12485,6848.50732421875
12486,6583.28271484375
12487,7869.279296875
12488,6769.41650390625
12489,8721.82421875
12490,3098.2451171875
12491,6469.68896484375
12492,6959.927734375
12493,5629.25146484375
12494,6091.7060546875
12495,7539.22265625
12496,9025.859375
12497,5627.34326171875
12498,9309.44140625
12499,7474.00927734375
12500,9418.443359375
12501,5763.79296875
12502,6651.685546875
12503,7627.107421875
12504,9298.580078125
12505,8942.3759765625
12506,5818.736328125
12507,8534.0595703125
12508,7848.22021484375
12509,8626.6826171875
12510,4651.2431640625
12511,4544.14794921875
12512,9709.1611328125
12513,6544.6005859375
12514,9551.65625
12515,7319.3798828125
12516,5980.234375
12517,8432.205078125
12518,7663.345703125
12519,7162.2783203125
12520,8597.3330078125
12521,6904.36572265625
12522,9967.841796875
12523,11968.3583984375
12524,8535.8349609375
12525,4857.33984375
12526,6376.75927734375
12527,4455.7734375
12528,3377.667724609375
12529,9535.3701171875
12530,5332.126953125
12531,9264.0791015625
12532,4574.541015625
12533,6425.8115234375
12534,6187.646484375
12535,10070.279296875
12536,5762.591796875
12537,5279.02392578125
12538,6568.94287109375
12539,7602.2060546875
12540,5688.87353515625
12541,8145.24267578125
12542,7978.90283203125
12543,8714.22265625
12544,8446.0654296875
12545,7505.1552734375
12546,6265.6552734375
12547,5082.0234375
12548,5666.11474609375
12549,11317.3095703125
12550,9458.103515625
12551,8299.515625
12552,16051.8193359375
12553,7007.28125
12554,5055.48974609375
12555,7736.63671875
12556,9005.4267578125
12557,10514.3349609375
12558,7457.0078125
12559,8723.478515625
12560,8744.7158203125
12561,7995.4931640625
12562,7549.46435546875
12563,6072.16455078125
12564,5923.873046875
12565,5807.2470703125
12566,4603.3291015625
12567,5976.3134765625
12568,8567.373046875
12569,17478.958984375
12570,6946.66943359375
12571,5153.99609375
12572,8575.126953125
12573,5063.53857421875
12574,7572.791015625
12575,4992.38671875
12576,11296.9150390625
12577,6906.07861328125
12578,6668.40673828125
12579,14256.5810546875
12580,12143.416015625
12581,6289.20947265625
12582,7024.77197265625
12583,3795.66552734375
12584,5221.23681640625
12585,6131.65966796875
12586,8803.0244140625
12587,5090.65234375
12588,6189.3271484375
12589,6123.49658203125
12590,6152.6416015625
12591,7462.20947265625
12592,7959.17724609375
12593,3760.569091796875
12594,7308.05322265625
12595,9284.23046875
12596,8825.5615234375
12597,5664.125
12598,4461.41259765625
12599,9004.9111328125
12600,5059.51611328125
12601,10506.2080078125
12602,5050.24267578125
12603,5663.34619140625
12604,7813.47412109375
12605,8268.423828125
12606,4875.18017578125
12607,6729.3056640625
12608,7309.458984375
12609,10148.6337890625
12610,11124.5361328125
12611,5998.126953125
12612,4736.607421875
12613,6075.12890625
12614,6746.33837890625
12615,5365.57470703125
12616,6199.9296875
12617,7801.9072265625
12618,11838.67578125
12619,7709.69775390625
12620,5673.9052734375
12621,8505.6806640625
12622,5819.66064453125
12623,9889.6552734375
12624,5722.84375
12625,14748.953125
12626,6357.62109375
12627,5897.03076171875
12628,5718.00244140625
12629,5424.36865234375
12630,7421.353515625
12631,18967.89453125
12632,4777.26611328125
12633,5246.7333984375
12634,11266.9228515625
12635,6264.6025390625
12636,6463.08837890625
12637,8267.978515625
12638,6762.4404296875
12639,6030.720703125
12640,5083.42236328125
12641,9939.53125
12642,6130.3955078125
12643,7114.8251953125
12644,7604.31494140625
12645,5472.1650390625
12646,7649.8427734375
12647,6454.66943359375
12648,4153.4833984375
12649,9407.234375
12650,9261.859375
12651,4402.455078125
12652,8237.6298828125
12653,7122.0830078125
12654,5399.63818359375
12655,9135.201171875
12656,7007.3623046875
12657,8537.19921875
12658,4925.7900390625
12659,6416.845703125
12660,7146.84033203125
12661,4576.5888671875
12662,8068.67333984375
12663,5735.91650390625
12664,6891.02099609375
12665,5163.60986328125
12666,6165.0234375
12667,7163.474609375
12668,7106.4775390625
12669,7409.462890625
12670,8445.2265625
12671,6410.353515625
12672,7579.55078125
12673,6308.6376953125
12674,8624.53515625
12675,9123.8212890625
12676,8947.169921875
12677,4041.29638671875
12678,6367.69091796875
12679,7733.02978515625
12680,5210.34228515625
12681,12180.44921875
12682,5992.83056640625
12683,8434.423828125
12684,10881.458984375
12685,6871.93798828125
12686,4028.9716796875
12687,14495.8564453125
12688,10744.0771484375
12689,6038.21728515625
12690,9420.17578125
12691,9791.1826171875
12692,6384.20068359375
12693,5803.70458984375
12694,7170.537109375
12695,5553.87255859375
12696,7110.64013671875
12697,7880.16357421875
12698,5353.29052734375
12699,7302.12109375
12700,7661.494140625
12701,6984.5625
12702,8537.9091796875
12703,6565.38525390625
12704,6568.8828125
12705,4919.49267578125
12706,7518.61572265625
12707,7414.068359375
12708,6864.9091796875
12709,7345.07080078125
12710,7380.47802734375
12711,10120.7607421875
12712,5838.80029296875
12713,5296.48583984375
12714,7285.60888671875
12715,7535.958984375
12716,6432.24267578125
12717,5557.81103515625
12718,4978.470703125
12719,7027.01416015625
12720,7377.8466796875
12721,5883.26904296875
12722,8895.1875
12723,6203.19775390625
12724,7016.275390625
12725,5931.1474609375
12726,3935.667236328125
12727,8148.6044921875
12728,7025.81005859375
12729,7566.69677734375
12730,9909.583984375
12731,8981.841796875
12732,5167.0546875
12733,9441.828125
12734,5062.88671875
12735,3223.009033203125
12736,8342.9150390625
12737,10761.248046875
12738,8811.7568359375
12739,7723.384765625
12740,4646.33984375
12741,7053.3837890625
12742,9534.5673828125
12743,6342.35498046875
12744,7198.99560546875
12745,5893.046875
12746,5488.33447265625
12747,5392.548828125
12748,5733.57568359375
12749,5676.5146484375
12750,5742.07958984375
12751,5135.02685546875
12752,4749.97998046875
12753,7537.39453125
12754,8235.7197265625
12755,5246.3916015625
12756,6410.546875
12757,7585.05224609375
12758,6150.1279296875
12759,5234.890625
12760,8631.2822265625
12761,7709.18212890625
12762,5896.18115234375
12763,4438.896484375
12764,11868.80859375
12765,7130.4619140625
12766,6047.72021484375
12767,8635.330078125
12768,7630.51611328125
12769,8179.0126953125
12770,6541.3466796875
12771,7812.5517578125
12772,8292.140625
12773,13387.501953125
12774,4954.4736328125
12775,5379.72802734375
12776,5749.4033203125
12777,7259.40625
12778,5839.66357421875
12779,6996.798828125
12780,8984.4111328125
12781,7041.25732421875
12782,5236.2626953125
12783,6205.2666015625
12784,10167.9111328125
12785,5204.81494140625
12786,8196.375
12787,4059.2353515625
12788,7018.7744140625
12789,8468.427734375
12790,7570.89306640625
12791,8488.150390625
12792,7127.3779296875
12793,4598.115234375
12794,7261.9462890625
12795,7295.74560546875
12796,9483.77734375
12797,7412.9453125
12798,8304.0234375
12799,6933.14453125
12800,4512.90771484375
12801,10783.369140625
12802,4316.8828125
12803,10060.759765625
12804,5759.69287109375
12805,5237.9228515625
12806,6989.8720703125
12807,6460.662109375
12808,7369.4169921875
12809,9252.880859375
12810,4498.92724609375
12811,5345.14892578125
12812,8576.69140625
12813,8914.69140625
12814,10778.3388671875
12815,5887.18310546875
12816,5744.0390625
12817,6903.28662109375
12818,6975.3232421875
12819,6456.70068359375
12820,10992.8916015625
12821,9265.0224609375
12822,13119.19921875
12823,5302.19189453125
12824,5946.4384765625
12825,10658.470703125
12826,10292.5732421875
12827,5907.482421875
12828,10856.58984375
12829,6631.8466796875
12830,7045.6875
12831,5129.31884765625
12832,5949.7568359375
12833,5589.6142578125
12834,5644.48828125
12835,4838.169921875
12836,5303.09375
12837,10056.92578125
12838,7349.93359375
12839,23812.125
12840,7862.65234375
12841,4835.42919921875
12842,8803.173828125
12843,10770.126953125
12844,7441.3173828125
12845,8967.0908203125
12846,5809.37353515625
12847,9954.3388671875
12848,9637.0986328125
12849,5429.8486328125
12850,6020.421875
12851,7992.9873046875
12852,8172.43017578125
12853,7340.06005859375
12854,9538.6083984375
12855,6471.27392578125
12856,3469.46826171875
12857,6646.7451171875
12858,10790.900390625
12859,12540.078125
12860,10486.0556640625
12861,9443.365234375
12862,5268.25146484375
12863,7242.2021484375
12864,4202.57177734375
12865,9168.873046875
12866,11748.2060546875
12867,10395.0771484375
12868,6755.14892578125
12869,7038.52099609375
12870,4000.450439453125
12871,5495.86083984375
12872,12165.455078125
12873,7708.34814453125
12874,5432.7587890625
12875,5437.328125
12876,8618.4482421875
12877,4149.6533203125
12878,8647.109375
12879,5409.79833984375
12880,7908.21337890625
12881,7908.587890625
12882,7247.37158203125
12883,7685.25146484375
12884,7447.36474609375
12885,6499.732421875
12886,7871.34326171875
12887,8626.8974609375
12888,13005.265625
12889,6609.2333984375
12890,9535.0498046875
12891,8068.23779296875
12892,10950.23828125
12893,7554.19091796875
12894,10092.974609375
12895,5495.5009765625
12896,5504.5390625
12897,7389.7412109375
12898,7114.03076171875
12899,10415.4189453125
12900,7754.66162109375
12901,6096.46875
12902,8353.0478515625
12903,6707.95361328125
12904,9573.1259765625
12905,4795.30078125
12906,16840.650390625
12907,5049.72802734375
12908,5839.89208984375
12909,10183.341796875
12910,5905.0341796875
12911,7723.98193359375
12912,7248.224609375
12913,9217.298828125
12914,7522.658203125
12915,6626.29736328125
12916,8061.54052734375
12917,8411.7919921875
12918,8568.3466796875
12919,5664.310546875
12920,7939.63623046875
12921,12410.5517578125
12922,7871.5234375
12923,6101.861328125
12924,8499.2822265625
12925,6596.88720703125
12926,6320.53857421875
12927,8005.90576171875
12928,4411.3076171875
12929,9649.7958984375
12930,7985.302734375
12931,7764.69921875
12932,9805.1103515625
12933,5102.40771484375
12934,6456.2900390625
12935,6331.79931640625
12936,9619.26953125
12937,9506.6533203125
12938,6093.04833984375
12939,5771.97216796875
12940,7842.58984375
12941,6825.24853515625
12942,6456.31396484375
12943,7391.56787109375
12944,7146.4287109375
12945,8510.662109375
12946,6362.91845703125
12947,5501.89697265625
12948,7303.7705078125
12949,9533.3935546875
12950,9108.90234375
12951,8798.25390625
12952,9811.501953125
12953,6229.5908203125
12954,10502.4345703125
12955,7263.9765625
12956,8246.9853515625
12957,11192.4306640625
12958,7249.673828125
12959,11592.353515625
12960,10124.3828125
12961,8556.6953125
12962,6517.2431640625
12963,8871.16796875
12964,9378.4833984375
12965,6674.72509765625
12966,4084.920166015625
12967,6790.96875
12968,9428.2099609375
12969,7406.345703125
12970,5552.384765625
12971,9972.8154296875
12972,7051.7412109375
12973,6727.6328125
12974,7253.91650390625
12975,6451.8154296875
12976,9221.3662109375
12977,8544.572265625
12978,7743.685546875
12979,6154.28955078125
12980,8223.220703125
12981,7931.41943359375
12982,5803.75244140625
12983,7323.02978515625
12984,6597.52734375
12985,10247.3955078125
12986,8956.7509765625
12987,7543.830078125
12988,12398.361328125
12989,6722.8720703125
12990,6618.53125
12991,12705.0048828125
12992,8315.615234375
12993,9140.5048828125
12994,8788.6640625
12995,5631.8857421875
12996,7323.61279296875
12997,5868.3212890625
12998,9352.291015625
12999,13593.51953125
13000,7137.91064453125
13001,3665.7568359375
13002,6647.9287109375
13003,9064.2392578125
13004,9289.4453125
13005,7389.65576171875
13006,8053.544921875
13007,5688.12060546875
13008,5521.783203125
13009,4182.5458984375
13010,6428.43310546875
13011,6962.54833984375
13012,8681.5498046875
13013,7643.626953125
13014,8430.2509765625
13015,9186.482421875
13016,11956.888671875
13017,9490.44140625
13018,6123.8681640625
13019,10948.625
13020,13516.8232421875
13021,6157.4296875
13022,8564.611328125
13023,6609.3037109375
13024,8148.8515625
13025,4637.53662109375
13026,8833.7265625
13027,7025.42919921875
13028,10143.041015625
13029,8684.3330078125
13030,10989.9765625
13031,9270.9638671875
13032,6998.74755859375
13033,9933.037109375
13034,20639.798828125
13035,12355.3935546875
13036,7514.572265625
13037,3153.685546875
13038,7311.0546875
13039,8879.9755859375
13040,6092.41455078125
13041,12763.6455078125
13042,19215.498046875
13043,4763.27734375
13044,6310.74853515625
13045,8888.26953125
13046,6529.4423828125
13047,10634.8974609375
13048,6850.96826171875
13049,9213.96875
13050,5476.78173828125
13051,7501.22705078125
13052,7530.45166015625
13053,9286.373046875
13054,11060.08984375
13055,7067.90283203125
13056,6792.1669921875
13057,7883.9033203125
13058,6305.59423828125
13059,5668.7666015625
13060,8822.4404296875
13061,6283.83740234375
13062,6186.1982421875
13063,8507.48046875
13064,6549.45458984375
13065,7139.9365234375
13066,7875.88525390625
13067,7998.67333984375
13068,9045.66796875
13069,8763.3134765625
13070,8942.9580078125
13071,6650.7587890625
13072,4666.59765625
13073,7214.49560546875
13074,6987.607421875
13075,6379.7177734375
13076,5382.451171875
13077,10349.3828125
13078,8633.697265625
13079,10304.4697265625
13080,8562.8857421875
13081,7307.091796875
13082,5173.724609375
13083,5623.7158203125
13084,11725.2255859375
13085,5706.16748046875
13086,7913.62451171875
13087,17362.44921875
13088,8868.9345703125
13089,7210.810546875
13090,5834.884765625
13091,5675.80712890625
13092,7295.91162109375
13093,4504.5322265625
13094,6579.232421875
13095,12759.9091796875
13096,4655.22802734375
13097,17252.615234375
13098,15597.86328125
13099,6115.8251953125
13100,9080.384765625
13101,6608.4033203125
13102,8120.47607421875
13103,8105.3896484375
13104,13146.990234375
13105,8145.30126953125
13106,11539.7421875
13107,5450.91357421875
13108,8981.0810546875
13109,6745.720703125
13110,10149.83203125
13111,8006.21142578125
13112,6955.98388671875
13113,6694.1513671875
13114,7205.96044921875
13115,9446.087890625
13116,10578.0771484375
13117,7261.20654296875
13118,12185.541015625
13119,7322.2763671875
13120,11483.826171875
13121,6010.47705078125
13122,6633.017578125
13123,6903.69482421875
13124,10734.0966796875
13125,7446.38720703125
13126,8847.8486328125
13127,8249.0263671875
13128,10088.5
13129,5857.82470703125
13130,9885.0185546875
13131,8292.7119140625
13132,4538.80419921875
13133,13771.27734375
13134,18443.3203125
13135,8283.345703125
13136,7889.9345703125
13137,10337.3330078125
13138,12132.79296875
13139,13150.70703125
13140,6472.47119140625
13141,8728.09765625
13142,6786.34326171875
13143,9663.98046875
13144,5064.00048828125
13145,6580.2626953125
13146,6302.2548828125
13147,6095.58642578125
13148,8111.23876953125
13149,6384.48828125
13150,5805.24951171875
13151,8388.0947265625
13152,4363.03466796875
13153,5706.70703125
13154,7192.2412109375
13155,7752.63720703125
13156,10968.2265625
13157,10568.2705078125
13158,9111.90234375
13159,7316.80810546875
13160,7593.16357421875
13161,12336.171875
13162,8215.3701171875
13163,6226.75634765625
13164,6421.96533203125
13165,9264.1240234375
13166,5200.39990234375
13167,7912.04833984375
13168,4040.7939453125
13169,6159.3798828125
13170,9263.2236328125
13171,6449.56396484375
13172,6096.02197265625
13173,10093.16015625
13174,10877.1884765625
13175,12882.26953125
13176,7628.396484375
13177,10506.466796875
13178,4195.7158203125
13179,5804.4208984375
13180,7852.787109375
13181,5156.330078125
13182,8851.2158203125
13183,5813.09912109375
13184,8726.45703125
13185,10189.533203125
13186,14013.271484375
13187,9323.7275390625
13188,5869.0224609375
13189,6485.5537109375
13190,12538.7607421875
13191,9810.88671875
13192,7236.7734375
13193,5918.32666015625
13194,7867.47509765625
13195,11723.6669921875
13196,6561.5419921875
13197,7119.7431640625
13198,9495.9365234375
13199,10066.056640625
13200,14004.3193359375
13201,8323.5283203125
13202,16984.8828125
13203,7804.83203125
13204,6187.07763671875
13205,3611.48046875
13206,7423.361328125
13207,6321.84130859375
13208,6719.20703125
13209,8349.607421875
13210,6075.57763671875
13211,5346.34423828125
13212,7731.5283203125
13213,4467.447265625
13214,7790.8974609375
13215,7863.25341796875
13216,8912.44140625
13217,10198.44921875
13218,6249.03515625
13219,10456.74609375
13220,6771.81982421875
13221,6659.0576171875
13222,6491.947265625
13223,6441.326171875
13224,10981.1943359375
13225,7256.7841796875
13226,6020.02294921875
13227,8419.955078125
13228,11097.7529296875
13229,8277.1025390625
13230,6772.84423828125
13231,10502.71484375
13232,6851.54248046875
13233,6902.64697265625
13234,7029.84716796875
13235,9770.583984375
13236,6378.66796875
13237,6995.41162109375
13238,6612.515625
13239,6266.671875
13240,3879.489013671875
13241,5546.705078125
13242,8913.9365234375
13243,9937.287109375
13244,12282.099609375
13245,14282.3349609375
13246,9406.984375
13247,7096.04541015625
13248,5657.9521484375
13249,12944.3798828125
13250,11902.541015625
13251,6919.1884765625
13252,9589.3427734375
13253,9610.8466796875
13254,6787.98681640625
13255,4801.92529296875
13256,10579.3154296875
13257,7636.90380859375
13258,8109.7548828125
13259,6588.17333984375
13260,3060.560302734375
13261,13836.1494140625
13262,6539.3076171875
13263,5826.88037109375
13264,5694.34765625
13265,6535.06640625
13266,8476.822265625
13267,9510.58203125
13268,6945.52734375
13269,6322.4365234375
13270,4707.42529296875
13271,5367.78466796875
13272,4260.1669921875
13273,8269.85546875
13274,18650.353515625
13275,5391.953125
13276,6698.4951171875
13277,9368.9462890625
13278,6002.0556640625
13279,6222.07763671875
13280,5761.24365234375
13281,5451.12451171875
13282,8062.044921875
13283,8615.7890625
13284,4781.94287109375
13285,10204.431640625
13286,5788.42138671875
13287,5565.9541015625
13288,10644.0439453125
13289,9263.337890625
13290,10040.341796875
13291,6661.6552734375
13292,7753.89599609375
13293,5185.47509765625
13294,6535.3251953125
13295,16697.556640625
13296,11650.47265625
13297,7640.2119140625
13298,6412.56396484375
13299,6032.291015625
13300,6224.357421875
13301,5423.37109375
13302,11633.0380859375
13303,6362.95703125
13304,7066.29296875
13305,8624.3681640625
13306,5529.09423828125
13307,6241.451171875
13308,7672.0439453125
13309,8598.970703125
13310,7696.60205078125
13311,5619.6513671875
13312,5918.1044921875
13313,7159.55615234375
13314,10093.927734375
13315,8420.18359375
13316,8372.2685546875
13317,4436.9365234375
13318,8991.294921875
13319,7272.0234375
13320,5877.7978515625
13321,7476.34033203125
13322,8177.0390625
13323,6945.10302734375
13324,7903.8486328125
13325,7983.25439453125
13326,6353.3359375
13327,6298.54150390625
13328,7692.833984375
13329,7151.8046875
13330,7764.560546875
13331,11206.619140625
13332,6634.8564453125
13333,6203.58154296875
13334,14228.798828125
13335,6297.46484375
13336,4731.12060546875
13337,8534.095703125
13338,10640.619140625
13339,13668.296875
13340,5831.4052734375
13341,7463.85888671875
13342,7100.3232421875
13343,8287.50390625
13344,7188.5830078125
13345,9505.7158203125
13346,3648.4111328125
13347,7437.51611328125
13348,7403.3095703125
13349,6396.7939453125
13350,6247.60888671875
13351,8387.0751953125
13352,9949.71484375
13353,6298.0849609375
13354,10281.5205078125
13355,8031.1689453125
13356,10184.2861328125
13357,6021.26220703125
13358,7414.33447265625
13359,8147.787109375
13360,9566.72265625
13361,9581.189453125
13362,4389.16650390625
13363,9429.390625
13364,7515.5263671875
13365,8929.9326171875
13366,5577.1123046875
13367,4740.56591796875
13368,9800.3349609375
13369,6793.58154296875
13370,10182.0771484375
13371,7405.42529296875
13372,6166.998046875
13373,8745.251953125
13374,7667.306640625
13375,7634.39208984375
13376,9043.0419921875
13377,7110.35009765625
13378,10393.6220703125
13379,12542.595703125
13380,9488.9228515625
13381,5097.18798828125
13382,6888.41015625
13383,3996.969970703125
13384,3556.8984375
13385,9807.7333984375
13386,5845.30859375
13387,10175.912109375
13388,4998.86572265625
13389,6409.8330078125
13390,6498.62939453125
13391,11314.810546875
13392,6196.50048828125
13393,5950.0439453125
13394,7174.525390625
13395,8372.056640625
13396,5949.966796875
13397,8546.7724609375
13398,7531.25244140625
13399,10378.365234375
13400,9332.93359375
13401,7825.52685546875
13402,6443.64599609375
13403,5633.36669921875
13404,5783.19482421875
13405,12637.5390625
13406,9918.4755859375
13407,8796.3076171875
13408,17110.431640625
13409,6878.95654296875
13410,5298.52685546875
13411,7961.45458984375
13412,9829.9072265625
13413,11489.1748046875
13414,8452.2724609375
13415,9307.2099609375
13416,9796.1962890625
13417,8593.1083984375
13418,7926.52197265625
13419,6380.865234375
13420,6299.92919921875
13421,5465.89111328125
13422,5112.70703125
13423,6212.86474609375
13424,8797.4736328125
13425,19389.83984375
13426,7486.958984375
13427,5707.1474609375
13428,9028.197265625
13429,4848.1650390625
13430,7472.4873046875
13431,4628.25830078125
13432,10175.3447265625
13433,7618.65576171875
13434,7260.44580078125
13435,14813.041015625
13436,12790.7841796875
13437,6408.8271484375
13438,7188.26953125
13439,4476.44580078125
13440,5787.7822265625
13441,6737.17333984375
13442,9162.01171875
13443,5556.95751953125
13444,6138.2275390625
13445,6420.7021484375
13446,6157.4931640625
13447,7728.08740234375
13448,8426.591796875
13449,4765.80224609375
13450,7900.791015625
13451,10103.08203125
13452,9354.833984375
13453,6292.6533203125
13454,5038.07080078125
13455,9355.2685546875
13456,5758.6123046875
13457,11411.431640625
13458,5721.603515625
13459,5841.75146484375
13460,8313.7626953125
13461,8532.556640625
13462,5864.54345703125
13463,6494.97265625
13464,8057.86279296875
13465,10723.6396484375
13466,12248.837890625
13467,6944.2861328125
13468,5124.81982421875
13469,5876.22509765625
13470,7038.1298828125
13471,5432.69873046875
13472,6608.27880859375
13473,8319.091796875
13474,12505.625
13475,7827.27392578125
13476,6193.52001953125
13477,9035.1943359375
13478,6345.62841796875
13479,10414.9775390625
13480,6200.890625
13481,14389.7841796875
13482,7264.6298828125
13483,6099.87939453125
13484,5372.91650390625
13485,5698.931640625
13486,7810.20166015625
13487,21684.962890625
13488,5498.4697265625
13489,5355.3525390625
13490,10975.6181640625
13491,7018.57275390625
13492,6852.73681640625
13493,9192.06640625
13494,7074.59912109375
13495,5971.84716796875
13496,4807.931640625
13497,10741.8046875
13498,6698.1533203125
13499,7385.56640625
13500,8078.28271484375
13501,6117.78955078125
13502,7844.0234375
13503,6961.82666015625
13504,4367.5126953125
13505,9769.3740234375
13506,9327.4951171875
13507,4875.37451171875
13508,8728.7900390625
13509,7403.3740234375
13510,5619.1748046875
13511,9079.3974609375
13512,7730.2421875
13513,8775.01953125
13514,4880.4248046875
13515,6889.99609375
13516,8474.7255859375
13517,5112.4658203125
13518,8255.34375
13519,6321.67431640625
13520,6734.1396484375
13521,5073.5380859375
13522,6766.53271484375
13523,7141.72412109375
13524,7747.4697265625
13525,7756.35986328125
13526,8208.68359375
13527,6885.12890625
13528,8574.4072265625
13529,7416.94580078125
13530,9986.4560546875
13531,9642.5458984375
13532,8764.892578125
13533,4339.64453125
13534,6744.841796875
13535,8210.2158203125
13536,5697.125
13537,12932.5478515625
13538,6915.7666015625
13539,8704.0517578125
13540,11674.1474609375
13541,7116.91064453125
13542,4647.1005859375
13543,14846.48828125
13544,11536.345703125
13545,6623.57275390625
13546,10151.794921875
13547,9473.40625
13548,7274.412109375
13549,6165.2666015625
13550,7902.62451171875
13551,6037.22314453125
13552,7538.79248046875
13553,8534.4404296875
13554,5613.5556640625
13555,7527.8720703125
13556,8500.0302734375
13557,7619.50830078125
13558,9609.7412109375
13559,7103.8515625
13560,7151.107421875
13561,4647.99462890625
13562,7651.3779296875
13563,8201.80859375
13564,6896.5205078125
13565,7318.41748046875
13566,8041.25048828125
13567,9886.9287109375
13568,6534.00830078125
13569,5532.43603515625
13570,7527.83056640625
13571,8145.51611328125
13572,7651.296875
13573,6199.74853515625
13574,5470.74462890625
13575,8042.30126953125
13576,7388.677734375
13577,6121.68896484375
13578,9220.0517578125
13579,6933.35693359375
13580,8205.2783203125
13581,5721.42138671875
13582,4023.475830078125
13583,8692.61328125
13584,7759.56103515625
13585,7870.6630859375
13586,11075.873046875
13587,11474.060546875
13588,5321.82958984375
13589,9169.837890625
13590,5465.7119140625
13591,3345.217529296875
13592,8952.9541015625
13593,11697.6455078125
13594,8187.62353515625
13595,8563.583984375
13596,4468.5
13597,7627.12060546875
13598,9871.4404296875
13599,6982.70068359375
13600,7005.083984375
13601,6183.1533203125
13602,5338.3564453125
13603,5596.34521484375
13604,6660.71240234375
13605,6362.77734375
13606,5916.9638671875
13607,6185.2109375
13608,5148.02880859375
13609,8318.505859375
13610,8729.4462890625
13611,5852.5751953125
13612,6815.05029296875
13613,8324.0234375
13614,6830.54638671875
13615,5769.26318359375
13616,9582.6796875
13617,8588.9453125
13618,6334.978515625
13619,4891.0869140625
13620,12387.158203125
13621,7122.76513671875
13622,6241.71142578125
13623,9442.12109375
13624,8565.1611328125
13625,9020.6943359375
13626,7106.00634765625
13627,8338.3896484375
13628,8548.4267578125
13629,15396.0419921875
13630,5453.669921875
13631,5775.80712890625
13632,5655.71728515625
13633,7504.61474609375
13634,6270.62451171875
13635,8143.8798828125
13636,8922.158203125
13637,7594.0830078125
13638,5548.4228515625
13639,6781.9716796875
13640,9730.8349609375
13641,5834.15380859375
13642,8519.4150390625
13643,4696.37548828125
13644,7665.12255859375
13645,8926.5927734375
13646,7871.55029296875
13647,9276.67578125
13648,7677.619140625
13649,5607.15771484375
13650,6855.025390625
13651,8534.2841796875
13652,10085.17578125
13653,8161.423828125
13654,9017.1865234375
13655,7234.216796875
13656,5159.10986328125
13657,11604.6201171875
13658,4062.0322265625
13659,11055.3896484375
13660,6740.6533203125
13661,5765.4208984375
13662,7926.68017578125
13663,6213.806640625
13664,8254.97265625
13665,9931.8447265625
13666,5514.21875
13667,5169.86181640625
13668,8993.66796875
13669,9991.47265625
13670,11062.2353515625
13671,7113.19287109375
13672,5962.59423828125
13673,7679.08154296875
13674,7412.05517578125
13675,6129.32568359375
13676,12069.783203125
13677,9807.4345703125
13678,13510.07421875
13679,5977.724609375
13680,5963.3642578125
13681,10819.33203125
13682,10260.4462890625
13683,6435.89208984375
13684,10993.87890625
13685,7190.94580078125
13686,7280.60205078125
13687,5471.509765625
13688,6974.4150390625
13689,5730.7578125
13690,6710.60498046875
13691,5367.98974609375
13692,5218.33251953125
13693,11093.6904296875
13694,7638.458984375
13695,25180.23046875
13696,7800.70703125
13697,4879.60693359375
13698,9784.4150390625
13699,12142.83203125
13700,8371.62890625
13701,9511.1103515625
13702,6704.62646484375
13703,9755.759765625
13704,8528.8388671875
13705,5720.98193359375
13706,6805.9267578125
13707,8539.0185546875
13708,8938.62890625
13709,8180.95703125
13710,9340.904296875
13711,6848.80419921875
13712,3807.077392578125
13713,7855.77685546875
13714,11609.677734375
13715,13731.740234375
13716,11617.4326171875
13717,9871.181640625
13718,6302.43408203125
13719,7089.50390625
13720,4613.109375
13721,9598.86328125
13722,12784.763671875
13723,10327.8701171875
13724,6966.1513671875
13725,7873.88916015625
13726,4264.63232421875
13727,5533.26904296875
13728,12133.4482421875
13729,8040.17724609375
13730,5527.49755859375
13731,6978.13134765625
13732,8510.9384765625
13733,4398.224609375
13734,8345.6435546875
13735,5637.77294921875
13736,7201.45263671875
13737,7157.20703125
13738,7241.35693359375
13739,7199.71826171875
13740,7565.80712890625
13741,5732.52001953125
13742,8245.66796875
13743,7940.72216796875
13744,13014.158203125
13745,6474.85986328125
13746,10504.48828125
13747,7810.06787109375
13748,10831.0966796875
13749,8303.0986328125
13750,9868.845703125
13751,6429.80126953125
13752,6324.83447265625
13753,7803.53662109375
13754,6738.1025390625
13755,10880.552734375
13756,8574.185546875
13757,6653.03125
13758,8322.525390625
13759,7148.625
13760,11757.25390625
13761,4694.72509765625
13762,17230.69140625
13763,6259.88525390625
13764,6929.06298828125
13765,10978.845703125
13766,6384.154296875
13767,8438.208984375
13768,8305.6904296875
13769,9724.7685546875
13770,7792.98193359375
13771,6138.44140625
13772,8005.55615234375
13773,7903.13525390625
13774,9198.923828125
13775,5172.9755859375
13776,8621.349609375
13777,12534.6181640625
13778,8579.8837890625
13779,6294.27685546875
13780,8185.23388671875
13781,6770.32470703125
13782,6791.94677734375
13783,7948.43994140625
13784,4986.49755859375
13785,10037.5439453125
13786,8162.50537109375
13787,8405.400390625
13788,9553.515625
13789,5951.99462890625
13790,6945.82373046875
13791,6761.29833984375
13792,10092.6494140625
13793,10407.240234375
13794,5745.1884765625
13795,5364.90771484375
13796,8106.45849609375
13797,7774.39697265625
13798,7218.92919921875
13799,8160.21337890625
13800,7739.27685546875
13801,8943.6611328125
13802,5884.46923828125
13803,5807.43994140625
13804,8485.7900390625
13805,9810.95703125
13806,9310.3271484375
13807,9371.1396484375
13808,9989.46484375
13809,6651.82763671875
13810,11323.0263671875
13811,7811.81640625
13812,8799.2265625
13813,10970.5771484375
13814,7310.78466796875
13815,13478.1572265625
13816,9444.38671875
13817,9352.10546875
13818,7119.82568359375
13819,10043.3662109375
13820,9861.7978515625
13821,7405.74853515625
13822,4850.255859375
13823,7370.85888671875
13824,9436.3125
13825,8192.4580078125
13826,6142.56005859375
13827,11079.9208984375
13828,7324.9326171875
13829,7121.97900390625
13830,7468.98291015625
13831,7264.998046875
13832,10494.9697265625
13833,9253.4091796875
13834,9373.7373046875
13835,5213.65478515625
13836,9642.29296875
13837,8344.0234375
13838,6571.68017578125
13839,9334.19921875
13840,7428.99755859375
13841,10317.111328125
13842,9215.7431640625
13843,7910.22021484375
13844,11841.1875
13845,6689.609375
13846,5981.43408203125
13847,13738.330078125
13848,8349.9453125
13849,8923.8662109375
13850,9443.931640625
13851,5486.2880859375
13852,7371.72265625
13853,6715.94287109375
13854,9888.96484375
13855,14957.7421875
13856,8108.44091796875
13857,3019.307373046875
13858,6478.796875
13859,9964.4931640625
13860,9810.080078125
13861,7568.82958984375
13862,8818.064453125
13863,6294.17529296875
13864,4897.552734375
13865,5136.35107421875
13866,7043.11767578125
13867,7222.16259765625
13868,8579.150390625
13869,8447.322265625
13870,9091.4599609375
13871,9812.7763671875
13872,12592.0947265625
13873,9552.7548828125
13874,6516.1982421875
13875,11844.646484375
13876,14444.408203125
13877,6668.6875
13878,9015.5263671875
13879,6117.40283203125
13880,8057.85107421875
13881,6177.16259765625
13882,9546.333984375
13883,7131.4326171875
13884,10299.0283203125
13885,9094.1103515625
13886,10691.568359375
13887,9914.52734375
13888,6714.392578125
13889,11116.1826171875
13890,22346.29296875
13891,12794.3095703125
13892,8634.099609375
13893,2713.656494140625
13894,7552.55908203125
13895,10260.7666015625
13896,7146.55224609375
13897,13156.28125
13898,19112.123046875
13899,5081.07763671875
13900,7047.6923828125
13901,9532.4443359375
13902,6541.46875
13903,11467.416015625
13904,8012.44677734375
13905,10135.3779296875
13906,5304.30517578125
13907,7998.64013671875
13908,7411.2021484375
13909,9841.478515625
13910,11795.4033203125
13911,6729.29443359375
13912,6307.39453125
13913,8769.908203125
13914,6435.427734375
13915,5757.0576171875
13916,8493.2587890625
13917,6182.98583984375
13918,6695.36376953125
13919,10064.615234375
13920,8356.0556640625
13921,7214.72021484375
13922,8567.3681640625
13923,8684.83984375
13924,9192.0126953125
13925,8265.34375
13926,8863.5673828125
13927,6639.01708984375
13928,3837.683349609375
13929,8020.51513671875
13930,7660.0869140625
13931,6543.19091796875
13932,5817.59228515625
13933,10870.087890625
13934,9221.2421875
13935,10694.529296875
13936,9514.791015625
13937,7640.77685546875
13938,6194.4736328125
13939,5985.83544921875
13940,13076.013671875
13941,6467.8935546875
13942,7769.9716796875
13943,19720.142578125
13944,8329.720703125
13945,7932.09130859375
13946,5670.61083984375
13947,5896.05908203125
13948,7531.78466796875
13949,4162.71826171875
13950,6791.244140625
13951,13803.68359375
13952,5073.4189453125
13953,18250.537109375
13954,16877.0625
13955,5831.57470703125
13956,8017.95458984375
13957,6697.576171875
13958,8523.58984375
13959,9237.5859375
13960,13502.1279296875
13961,8261.4638671875
13962,12663.15625
13963,5950.07666015625
13964,9047.7197265625
13965,5981.97607421875
13966,11329.501953125
13967,9013.5400390625
13968,7629.43310546875
13969,6481.439453125
13970,7076.35009765625
13971,10426.19140625
13972,11495.216796875
13973,7354.65869140625
13974,12857.673828125
13975,7213.62109375
13976,11778.98046875
13977,6088.18896484375
13978,6515.32177734375
13979,7076.9375
13980,10280.064453125
13981,7235.44677734375
13982,9859.1298828125
13983,8523.9501953125
13984,10338.1142578125
13985,5992.40380859375
13986,10668.404296875
13987,9064.287109375
13988,5173.130859375
13989,14335.615234375
13990,18250.6484375
13991,9026.017578125
13992,8667.6328125
13993,11423.3212890625
13994,13363.896484375
13995,14537.904296875
13996,7522.95458984375
13997,9763.861328125
13998,7883.3798828125
13999,10027.658203125
14000,5622.1591796875
14001,7057.892578125
14002,6068.61865234375
14003,6709.37158203125
14004,8768.7939453125
14005,6026.92138671875
14006,6753.4453125
14007,8915.7626953125
14008,5122.20263671875
14009,5445.97900390625
14010,7391.9951171875
14011,6847.3701171875
14012,10834.552734375
14013,11164.9580078125
14014,9455.044921875
14015,7421.8984375
14016,7995.5068359375
14017,12897.00390625
14018,8613.220703125
14019,6875.70947265625
14020,6226.86767578125
14021,9328.03125
14022,5281.482421875
14023,8097.29443359375
14024,4001.033203125
14025,6537.7197265625
14026,10255.1015625
14027,6096.34619140625
14028,6478.818359375
14029,9782.8662109375
14030,11330.953125
14031,12963.76953125
14032,8016.873046875
14033,9706.44140625
14034,3837.907470703125
14035,7171.0068359375
14036,8251.06640625
14037,5003.01171875
14038,8839.6005859375
14039,6557.064453125
14040,8963.2978515625
14041,10751.3291015625
14042,14453.2744140625
14043,9585.1416015625
14044,6795.22509765625
14045,6862.91259765625
14046,12001.26953125
14047,8623.8583984375
14048,8132.556640625
14049,6138.21044921875
14050,8795.390625
14051,12923.29296875
14052,6664.58203125
14053,7637.29052734375
14054,9665.365234375
14055,10181.330078125
14056,15599.83984375
14057,8342.81640625
14058,18089.7890625
14059,7936.09423828125
14060,6881.19140625
14061,4238.63232421875
14062,8005.439453125
14063,6770.623046875
14064,7287.34619140625
14065,8324.0458984375
14066,6434.62451171875
14067,5896.07763671875
14068,8229.14453125
14069,4869.18017578125
14070,8388.4111328125
14071,7723.1904296875
14072,9811.9189453125
14073,10784.4560546875
14074,6822.05322265625
14075,10712.642578125
14076,7398.78515625
14077,6919.6767578125
14078,6398.52587890625
14079,5775.80615234375
14080,12030.2509765625
14081,8069.61083984375
14082,6301.55517578125
14083,9265.2578125
14084,10731.6103515625
14085,9017.4638671875
14086,7814.55126953125
14087,10625.5087890625
14088,7219.880859375
14089,7253.35888671875
14090,7443.65771484375
14091,9495.568359375
14092,6975.87451171875
14093,8116.68408203125
14094,7315.25341796875
14095,6243.02978515625
14096,3855.314697265625
14097,5603.6142578125
14098,8736.5009765625
14099,10013.697265625
14100,12558.4814453125
14101,14830.205078125
14102,9610.34375
14103,6797.02294921875
14104,5931.220703125
14105,13214.966796875
14106,12266.0615234375
14107,7790.216796875
14108,10447.4033203125
14109,11349.7744140625
14110,7769.4560546875
14111,5384.7822265625
14112,11189.556640625
14113,8028.3857421875
14114,9527.953125
14115,7574.552734375
14116,3690.345458984375
14117,14164.09765625
14118,7019.64892578125
14119,6137.94140625
14120,5630.1884765625
14121,5393.8896484375
14122,9896.880859375
14123,10920.701171875
14124,7352.93798828125
14125,6667.26513671875
14126,5020.0263671875
14127,5235.90625
14128,4835.13623046875
14129,8917.3291015625
14130,19450.18359375
14131,5813.4140625
14132,6573.158203125
14133,9611.462890625
14134,6838.9912109375
14135,7190.01513671875
14136,6469.12060546875
14137,5465.931640625
14138,8566.740234375
14139,8331.6640625
14140,5209.46240234375
14141,10231.6904296875
14142,7441.60791015625
14143,5971.53125
14144,11056.1005859375
14145,10668.1875
14146,10867.703125
14147,7268.83740234375
14148,8942.6689453125
14149,5527.63623046875
14150,6745.33203125
14151,16651.94140625
14152,12248.8623046875
14153,8009.916015625
14154,6692.7275390625
14155,6068.45458984375
14156,6464.44140625
14157,5969.3212890625
14158,11981.8544921875
14159,5609.90283203125
14160,7644.72265625
14161,7961.43408203125
14162,6162.7724609375
14163,6936.54296875
14164,8640.4697265625
14165,8577.60546875
14166,9009.091796875
14167,5953.30126953125
14168,6640.12158203125
14169,7110.55859375
14170,11098.48046875
14171,8880.9482421875
14172,8563.1171875
14173,5544.44482421875
14174,8099.98046875
14175,8015.31494140625
14176,5990.27685546875
14177,8791.216796875
14178,8475.3701171875
14179,8387.5048828125
14180,8694.4833984375
14181,8743.0751953125
14182,6714.396484375
14183,6791.72607421875
14184,8227.185546875
14185,8457.1484375
14186,8643.7666015625
14187,11415.4189453125
14188,7097.48828125
14189,6479.431640625
14190,14543.931640625
14191,6655.49951171875
14192,3946.0244140625
14193,10678.857421875
14194,10978.3603515625
14195,14315.482421875
14196,5888.400390625
14197,7698.2548828125
14198,7324.2412109375
14199,8674.47265625
14200,7114.10595703125
14201,9749.8046875
14202,4160.0400390625
14203,7410.17822265625
14204,7033.32666015625
14205,7182.99365234375
14206,6645.60791015625
14207,8520.7734375
14208,11416.4599609375
14209,7442.34521484375
14210,11495.8994140625
14211,7729.62646484375
14212,10547.40234375
14213,6347.05517578125
14214,8182.4140625
14215,8630.5693359375
14216,9961.2197265625
14217,10090.8974609375
14218,5175.13623046875
14219,8918.0224609375
14220,8218.078125
14221,9247.8876953125
14222,5182.50244140625
14223,4889.30615234375
14224,9877.8154296875
14225,7719.22216796875
14226,10869.4716796875
14227,8045.2919921875
14228,7187.43701171875
14229,8651.2646484375
14230,9316.0380859375
14231,8949.71875
14232,9718.2109375
14233,7959.11669921875
14234,10975.91015625
14235,13051.0576171875
14236,9749.9921875
14237,5718.1474609375
14238,7346.42578125
14239,4530.81103515625
14240,4293.7568359375
14241,10396.33984375
14242,5405.88427734375
14243,10935.15234375
14244,5796.4248046875
14245,7620.0849609375
14246,8099.1396484375
14247,11003.2265625
14248,6435.27978515625
14249,6422.18408203125
14250,7238.57861328125
14251,8820.607421875
14252,5629.0986328125
14253,8786.998046875
14254,7641.93408203125
14255,10858.2216796875
14256,9211.65234375
14257,8134.90966796875
14258,6198.91455078125
14259,6263.75439453125
14260,6652.53369140625
14261,13647.4755859375
14262,10981.365234375
14263,8954.9892578125
14264,16893.880859375
14265,7870.1064453125
14266,6119.03857421875
14267,9051.03515625
14268,10342.6103515625
14269,11252.0234375
14270,8904.44140625
14271,10032.111328125
14272,10356.3271484375
14273,8963.7548828125
14274,7703.41845703125
14275,7143.6337890625
14276,7526.78271484375
14277,6566.54638671875
14278,5462.21435546875
14279,6827.09814453125
14280,8507.4384765625
14281,19509.58203125
14282,7876.736328125
14283,6199.25537109375
14284,9714.8330078125
14285,4895.4453125
14286,7447.1181640625
14287,4320.96337890625
14288,11469.5556640625
14289,7314.50537109375
14290,7837.0615234375
14291,16795.677734375
14292,12596.076171875
14293,7030.2890625
14294,8060.53515625
14295,4511.77294921875
14296,5937.9775390625
14297,7039.298828125
14298,9414.1787109375
14299,6254.3486328125
14300,6232.310546875
14301,7547.64697265625
14302,6887.59912109375
14303,8651.986328125
14304,8623.177734375
14305,4829.7021484375
14306,8595.55078125
14307,11079.826171875
14308,10661.5146484375
14309,6888.49609375
14310,5208.57177734375
14311,10352.5830078125
14312,6459.86767578125
14313,12076.970703125
14314,6228.04736328125
14315,6036.13134765625
14316,8630.9453125
14317,9656.37109375
14318,5948.44970703125
14319,6393.60791015625
14320,8825.0
14321,11015.5751953125
14322,13582.6484375
14323,6948.99560546875
14324,4995.35205078125
14325,6599.70263671875
14326,8246.2197265625
14327,5877.376953125
14328,6976.57568359375
14329,8309.3466796875
14330,13311.01171875
14331,7682.84765625
14332,6769.2568359375
14333,9524.6416015625
14334,6602.5439453125
14335,10883.95703125
14336,6769.7275390625
14337,15906.892578125
14338,8221.7431640625
14339,5463.13232421875
14340,5787.375
14341,5992.771484375
14342,8485.6767578125
14343,21584.89453125
14344,5697.7119140625
14345,5431.10986328125
14346,12071.2939453125
14347,7808.80224609375
14348,8035.36865234375
14349,9949.8720703125
14350,7696.70263671875
14351,4829.3173828125
14352,5498.7373046875
14353,11739.31640625
14354,7561.12744140625
14355,8127.0859375
14356,8262.279296875
14357,5898.27880859375
14358,8707.2578125
14359,8103.31787109375
14360,4214.2705078125
14361,10839.150390625
14362,10625.2294921875
14363,5215.4267578125
14364,8778.3623046875
14365,7672.59814453125
14366,5604.1923828125
14367,8768.9599609375
14368,7346.22705078125
14369,9010.0693359375
14370,5499.58740234375
14371,7178.765625
14372,8077.73583984375
14373,5316.67333984375
14374,8889.9375
14375,6762.130859375
14376,7516.35009765625
14377,6036.68701171875
14378,6982.97900390625
14379,7459.958984375
14380,8188.00146484375
14381,9285.01171875
14382,8394.0576171875
14383,7256.00390625
14384,8465.3984375
14385,7209.6455078125
14386,10758.3427734375
14387,10184.7705078125
14388,9516.2236328125
14389,4061.268798828125
14390,7075.732421875
14391,9250.974609375
14392,5750.72119140625
14393,12384.6923828125
14394,7398.55859375
14395,9731.7119140625
14396,12337.9580078125
14397,8055.82421875
14398,4422.91064453125
14399,10778.162109375
14400,11949.5478515625
14401,6988.58984375
14402,12002.8193359375
14403,10593.1708984375
14404,6430.9892578125
14405,7014.84130859375
14406,7219.1669921875
14407,6530.361328125
14408,7663.4658203125
14409,8412.078125
14410,6509.90625
14411,8177.22900390625
14412,8236.3251953125
14413,8220.0185546875
14414,10446.818359375
14415,7756.35302734375
14416,7972.60791015625
14417,5022.32421875
14418,8656.3701171875
14419,8890.802734375
14420,7459.13232421875
14421,8218.048828125
14422,9159.4765625
14423,11101.341796875
14424,7123.01708984375
14425,5661.025390625
14426,8135.021484375
14427,7739.9326171875
14428,8530.8701171875
14429,6341.37109375
14430,5681.765625
14431,7941.28759765625
14432,6895.6787109375
14433,6725.96923828125
14434,9518.888671875
14435,6895.9794921875
14436,8001.39404296875
14437,6076.8701171875
14438,4771.7470703125
14439,9653.6904296875
14440,8206.56640625
14441,9627.7822265625
14442,11791.84765625
14443,11869.8271484375
14444,5185.486328125
14445,10193.8349609375
14446,5552.2314453125
14447,3767.86572265625
14448,9489.4677734375
14449,11605.7529296875
14450,8673.1083984375
14451,9195.2314453125
14452,5834.77294921875
14453,8384.7353515625
14454,11092.28125
14455,8044.1416015625
14456,8675.1376953125
14457,6419.10546875
14458,5742.39794921875
14459,7005.78515625
14460,6634.8212890625
14461,6858.6279296875
14462,7272.19580078125
14463,6608.08154296875
14464,5549.2158203125
14465,8480.04296875
14466,10508.826171875
14467,5200.80810546875
14468,7472.59521484375
14469,8957.1875
14470,7134.943359375
14471,6537.966796875
14472,9558.2802734375
14473,9315.9580078125
14474,6290.0390625
14475,5292.50732421875
14476,15450.177734375
14477,5815.45654296875
14478,6422.45703125
14479,8789.251953125
14480,8541.328125
14481,9716.638671875
14482,7611.9501953125
14483,9120.2490234375
14484,9417.8916015625
14485,15516.0400390625
14486,6317.4296875
14487,6432.04931640625
14488,5896.61279296875
14489,7913.4853515625
14490,6518.9130859375
14491,7196.10546875
14492,9548.9736328125
14493,8342.1650390625
14494,6085.9921875
14495,7746.8447265625
14496,9941.4140625
14497,5707.5322265625
14498,9136.55078125
14499,5400.85107421875
14500,6561.9111328125
14501,10211.1552734375
14502,8534.6787109375
14503,10568.3818359375
14504,8094.8564453125
14505,5501.7919921875
14506,7513.35693359375
14507,7971.44091796875
14508,10976.275390625
14509,8636.6630859375
14510,8938.4404296875
14511,8065.4814453125
14512,5323.4306640625
14513,12180.1845703125
14514,4647.72998046875
14515,11784.763671875
14516,6681.69775390625
14517,5897.1416015625
14518,8596.8720703125
14519,6961.44873046875
14520,7499.4306640625
14521,10681.9638671875
14522,5519.033203125
14523,5048.68896484375
14524,9236.0732421875
14525,11413.177734375
14526,11450.087890625
14527,6441.16064453125
14528,6946.787109375
14529,8721.8203125
14530,7665.5595703125
14531,6761.8017578125
14532,12393.9404296875
14533,10260.8896484375
14534,14207.337890625
14535,6081.04150390625
14536,6707.69287109375
14537,10894.861328125
14538,10280.0751953125
14539,6977.99609375
14540,11688.43359375
14541,7118.95703125
14542,7062.2841796875
14543,6146.79052734375
14544,6665.3388671875
14545,6430.21875
14546,7326.04541015625
14547,6319.896484375
14548,6420.8212890625
14549,12260.857421875
14550,7490.205078125
14551,25219.921875
14552,7499.3759765625
14553,5357.859375
14554,12210.5205078125
14555,14618.921875
14556,9889.3251953125
14557,11632.6240234375
14558,8142.9716796875
14559,13440.9736328125
14560,13071.71875
14561,6164.04931640625
14562,9570.1806640625
14563,11595.2060546875
14564,10501.8857421875
14565,12469.7431640625
14566,12309.5009765625
14567,10642.994140625
14568,7409.1240234375
14569,10466.9658203125
14570,18479.22265625
14571,15532.234375
14572,17756.056640625
14573,12241.6005859375
14574,8126.9775390625
14575,7145.52197265625
14576,5554.86474609375
14577,12141.162109375
14578,18981.923828125
14579,14268.4521484375
14580,9929.314453125
14581,8303.3291015625
14582,4794.921875
14583,8105.240234375
14584,16958.734375
14585,10458.6435546875
14586,7361.7607421875
14587,11647.8173828125
14588,12205.2568359375
14589,5470.3486328125
14590,10541.0615234375
14591,7327.9091796875
14592,11973.6806640625
14593,10563.7509765625
14594,7340.65380859375
14595,11292.1884765625
14596,13303.7119140625
14597,9664.2353515625
14598,9526.3203125
14599,10804.5166015625
14600,19147.787109375
14601,8480.2138671875
14602,12505.421875
14603,11210.197265625
14604,13701.8955078125
14605,9592.3701171875
14606,15649.1474609375
14607,8797.0302734375
14608,7157.32861328125
14609,9670.3232421875
14610,7700.66748046875
14611,12469.732421875
14612,15487.0498046875
14613,8134.62646484375
14614,11387.5400390625
14615,9067.1533203125
14616,14866.984375
14617,5384.8232421875
14618,18307.88671875
14619,7157.50341796875
14620,8029.5537109375
14621,12386.2470703125
14622,8889.2587890625
14623,9047.173828125
14624,9352.83203125
14625,10549.1982421875
14626,10898.251953125
14627,8093.10888671875
14628,10584.072265625
14629,13739.5380859375
14630,10761.57421875
14631,9866.3828125
14632,10015.8017578125
14633,16694.25
14634,9185.419921875
14635,6808.68505859375
14636,10843.1435546875
14637,7787.92333984375
14638,6393.806640625
14639,11405.123046875
14640,5466.4169921875
14641,12537.171875
14642,9378.6826171875
14643,11933.0224609375
14644,11737.029296875
14645,6518.38134765625
14646,9005.1181640625
14647,10545.8466796875
14648,14675.703125
14649,13440.44921875
14650,6415.259765625
14651,6273.755859375
14652,10907.8828125
14653,12432.1787109375
14654,8085.70654296875
14655,9573.7236328125
14656,10124.283203125
14657,11652.326171875
14658,8735.6103515625
14659,6223.92041015625
14660,10879.65234375
14661,9753.564453125
14662,9988.361328125
14663,15259.83203125
14664,12260.63671875
14665,9172.0732421875
14666,13233.208984375
14667,8936.9580078125
14668,10209.6005859375
14669,12922.10546875
14670,10979.5947265625
14671,13568.5673828125
14672,9399.6181640625
14673,11917.8369140625
14674,8064.34521484375
14675,9857.15625
14676,14147.900390625
14677,12062.1923828125
14678,6334.41015625
14679,7771.4501953125
14680,11881.654296875
14681,9723.705078125
14682,8335.7841796875
14683,13366.0673828125
14684,8837.7431640625
14685,8646.232421875
14686,7184.12109375
14687,8311.509765625
14688,12156.0791015625
14689,11026.2919921875
14690,11799.6591796875
14691,9550.22265625
14692,8024.52001953125
14693,9747.2158203125
14694,8790.716796875
14695,9417.1240234375
14696,7978.66015625
14697,12131.74609375
14698,11338.357421875
14699,9241.986328125
14700,18582.841796875
14701,8417.759765625
14702,5821.1796875
14703,14770.318359375
14704,9255.2744140625
14705,13998.6435546875
14706,10126.52734375
14707,6488.5546875
14708,9268.6337890625
14709,8220.9560546875
14710,13745.3134765625
14711,17550.654296875
14712,9398.5205078125
14713,2782.357421875
14714,6579.369140625
14715,13261.140625
14716,14138.421875
14717,8179.42626953125
14718,10153.1806640625
14719,6004.44384765625
14720,8934.9609375
14721,5580.24560546875
14722,7965.69482421875
14723,7849.82958984375
14724,13390.2822265625
14725,9914.5439453125
14726,10589.0107421875
14727,8677.8740234375
14728,15051.8681640625
14729,11201.4599609375
14730,6883.7744140625
14731,13031.6064453125
14732,18500.287109375
14733,9972.541015625
14734,11208.1650390625
14735,7960.17822265625
14736,9981.0498046875
14737,9062.6728515625
14738,9960.1826171875
14739,12546.1728515625
14740,11778.25
14741,9813.1005859375
14742,13356.39453125
14743,11632.140625
14744,7662.40185546875
14745,14259.447265625
14746,24700.001953125
14747,14871.3369140625
14748,8840.810546875
14749,4978.541015625
14750,8965.859375
14751,13035.2021484375
14752,8671.388671875
14753,12875.1064453125
14754,20512.19921875
14755,7012.1748046875
14756,8526.765625
14757,11946.2607421875
14758,8101.75927734375
14759,13069.39453125
14760,11793.498046875
14761,11969.7841796875
14762,9118.9453125
14763,10436.2373046875
14764,8270.390625
14765,11689.103515625
14766,18928.552734375
14767,9881.6796875
14768,7770.2841796875
14769,10817.6708984375
14770,9112.931640625
14771,7016.150390625
14772,11355.3359375
14773,9695.861328125
14774,8673.6845703125
14775,11516.390625
14776,8978.5986328125
14777,8271.6201171875
14778,9462.744140625
14779,11242.1826171875
14780,11150.359375
14781,8825.326171875
14782,12892.888671875
14783,6904.4697265625
14784,7688.60009765625
14785,8382.91796875
14786,8283.3837890625
14787,7728.90283203125
14788,6335.60595703125
14789,14703.35546875
14790,9834.515625
14791,16446.841796875
14792,9841.8935546875
14793,9072.4111328125
14794,7000.34912109375
14795,6538.39208984375
14796,16031.234375
14797,8272.478515625
14798,11652.900390625
14799,21540.490234375
14800,9997.548828125
14801,8392.13671875
14802,6768.09521484375
14803,7620.283203125
14804,12468.7509765625
14805,7222.5048828125
14806,8926.1279296875
14807,15690.037109375
14808,9527.67578125
14809,24356.71875
14810,19066.703125
14811,6777.08544921875
14812,12170.083984375
14813,10550.6650390625
14814,9871.796875
14815,8718.564453125
14816,16804.59375
14817,10442.078125
14818,16776.935546875
14819,8134.03466796875
14820,10184.837890625
14821,11040.046875
14822,14538.638671875
14823,11248.5244140625
14824,8530.6865234375
14825,11251.162109375
14826,6816.068359375
14827,12210.2724609375
14828,12579.69921875
14829,7748.66259765625
14830,16805.560546875
14831,8931.0703125
14832,13783.8447265625
14833,7971.03466796875
14834,8629.4267578125
14835,8803.431640625
14836,15640.8818359375
14837,9015.4091796875
14838,12948.615234375
14839,11319.8505859375
14840,14909.115234375
14841,8690.830078125
14842,11181.1083984375
14843,9130.2470703125
14844,6804.578125
14845,17216.419921875
14846,21192.458984375
14847,11676.498046875
14848,13230.4921875
14849,14579.1005859375
14850,15705.9208984375
14851,15939.8544921875
14852,9097.28515625
14853,12026.666015625
14854,10207.509765625
14855,12623.326171875
14856,6588.95068359375
14857,6698.14453125
14858,9477.05859375
14859,9424.4296875
14860,11169.6513671875
14861,10094.318359375
14862,11757.3037109375
14863,9175.6181640625
14864,5135.07080078125
14865,7192.62353515625
14866,10571.615234375
14867,10031.7353515625
14868,13876.0068359375
14869,13343.5927734375
14870,10440.13671875
14871,11178.58984375
14872,9255.228515625
14873,14422.0361328125
14874,12480.37109375
14875,8490.1240234375
14876,6877.56494140625
14877,13292.1240234375
14878,5244.7373046875
14879,12665.5703125
14880,4416.03564453125
14881,7414.65380859375
14882,15398.5517578125
14883,10606.4140625
14884,8974.87109375
14885,11414.2646484375
14886,13092.419921875
14887,14933.0107421875
14888,8565.4658203125
14889,12958.53125
14890,4750.9794921875
14891,8582.861328125
14892,9751.0556640625
14893,6737.1279296875
14894,10019.859375
14895,7628.92822265625
14896,9283.6259765625
14897,11992.4658203125
14898,17221.91015625
14899,12367.662109375
14900,9370.8916015625
14901,7374.84716796875
14902,13340.51171875
14903,10200.4658203125
14904,8824.521484375
14905,8427.4375
14906,10474.4404296875
14907,12321.890625
14908,8707.103515625
14909,8721.1142578125
14910,12108.2900390625
14911,10964.701171875
14912,16941.37109375
14913,8757.388671875
14914,18337.173828125
14915,10248.078125
14916,7554.431640625
14917,4703.43212890625
14918,7811.994140625
14919,9936.5009765625
14920,8870.896484375
14921,9194.3310546875
14922,8706.1201171875
14923,7991.58154296875
14924,10625.6630859375
14925,4948.66650390625
14926,10848.3212890625
14927,13600.8173828125
14928,13370.111328125
14929,15723.8876953125
14930,9821.2490234375
14931,11583.9130859375
14932,8624.80078125
14933,7607.93115234375
14934,10275.267578125
14935,7634.7978515625
14936,18211.43359375
14937,10439.962890625
14938,6849.04541015625
14939,10570.6923828125
14940,16122.0107421875
14941,13930.3251953125
14942,11355.263671875
14943,12277.064453125
14944,7493.5810546875
14945,9627.375
14946,10842.48828125
14947,10386.7021484375
14948,10602.912109375
14949,9719.271484375
14950,10367.37890625
14951,9133.9765625
14952,7830.1533203125
14953,7944.94970703125
14954,13527.1669921875
14955,12113.9365234375
14956,15719.349609375
14957,18207.8515625
14958,10378.2138671875
14959,7985.38037109375
14960,6229.634765625
14961,14277.54296875
14962,16342.4560546875
14963,15120.62890625
14964,11817.736328125
14965,11093.548828125
14966,9678.3310546875
14967,6477.884765625
14968,13262.4072265625
14969,12599.8134765625
14970,12206.169921875
14971,10294.7646484375
14972,5671.3076171875
14973,14690.0400390625
14974,11670.2119140625
14975,10088.232421875
14976,5779.77197265625
14977,7090.8525390625
14978,10019.330078125
14979,14850.744140625
14980,10135.5888671875
14981,7069.18505859375
14982,10695.595703125
14983,7275.57568359375
14984,5110.67529296875
14985,9840.6328125
14986,21399.220703125
14987,7458.02294921875
14988,9250.5048828125
14989,10300.900390625
14990,8587.1044921875
14991,8690.30078125
14992,9346.166015625
14993,6533.32177734375
14994,11471.396484375
14995,12184.419921875
14996,7115.24951171875
14997,13812.6748046875
14998,11923.0908203125
14999,10603.509765625
15000,11746.5908203125
15001,11385.9794921875
15002,11352.1943359375
15003,9022.6142578125
15004,9793.1337890625
15005,8254.287109375
15006,8386.87109375
15007,18685.435546875
15008,16683.720703125
15009,9528.7646484375
15010,6156.9365234375
15011,8358.7744140625
15012,10940.19140625
15013,6687.14501953125
15014,13135.9716796875
15015,9633.3662109375
15016,8117.37060546875
15017,10358.9599609375
15018,8838.423828125
15019,9014.50390625
15020,12982.7607421875
15021,10181.0908203125
15022,11764.119140625
15023,7316.185546875
15024,8156.32763671875
15025,12565.8095703125
15026,13387.9638671875
15027,13171.8369140625
15028,9683.50390625
15029,6049.02880859375
15030,11793.853515625
15031,7894.14892578125
15032,5873.4951171875
15033,10708.5224609375
15034,10154.8486328125
15035,9857.140625
15036,10835.6728515625
15037,11424.306640625
15038,11197.892578125
15039,11122.5625
15040,9945.8330078125
15041,9625.9501953125
15042,13943.1123046875
15043,11747.8203125
15044,8807.7490234375
15045,8070.970703125
15046,17446.236328125
15047,9267.421875
15048,8071.09375
15049,11922.689453125
15050,13333.0966796875
15051,17356.384765625
15052,6952.5205078125
15053,9526.4072265625
15054,9211.720703125
15055,10017.2099609375
15056,7792.197265625
15057,13660.3623046875
15058,4144.37451171875
15059,10894.8720703125
15060,9391.9423828125
15061,8170.41845703125
15062,8658.76171875
15063,8850.1357421875
15064,14492.4326171875
15065,7964.888671875
15066,13593.29296875
15067,11160.3681640625
15068,12755.82421875
15069,8658.55078125
15070,8320.9912109375
15071,10373.6298828125
15072,10792.5341796875
15073,12051.529296875
15074,7273.68603515625
15075,9671.951171875
15076,12484.505859375
15077,14259.6220703125
15078,8159.173828125
15079,6893.58642578125
15080,15609.5634765625
15081,11077.720703125
15082,12375.025390625
15083,9782.83203125
15084,8086.7333984375
15085,13451.099609375
15086,9964.498046875
15087,14294.28125
15088,13322.998046875
15089,12342.1552734375
15090,12399.875
15091,17801.017578125
15092,12744.6455078125
15093,8076.68603515625
15094,11617.7001953125
15095,6866.80126953125
15096,4491.794921875
15097,14016.419921875
15098,10555.6357421875
15099,14373.8603515625
15100,8778.5537109375
15101,10412.841796875
15102,9760.666015625
15103,14071.77734375
15104,10245.125
15105,8571.5478515625
15106,11506.6142578125
15107,10393.12109375
15108,8069.60888671875
15109,8808.9697265625
15110,12299.1875
15111,11515.5224609375
15112,10909.2021484375
15113,8966.6943359375
15114,6421.21435546875
15115,6724.810546875
15116,8349.8515625
15117,16722.681640625
15118,13947.748046875
15119,10716.7744140625
15120,16260.7607421875
15121,8712.6259765625
15122,7237.76513671875
15123,11089.9736328125
15124,12142.6767578125
15125,18110.15625
15126,11246.4443359375
15127,11559.29296875
15128,12869.837890625
15129,11998.36328125
15130,12329.1015625
15131,11053.8583984375
15132,9296.9345703125
15133,7707.93310546875
15134,6733.44677734375
15135,8512.1767578125
15136,13423.5732421875
15137,26457.091796875
15138,10369.521484375
15139,8456.9482421875
15140,11653.2734375
15141,10553.193359375
15142,9000.6650390625
15143,7673.7041015625
15144,14952.6591796875
15145,9100.962890625
15146,8941.427734375
15147,20700.98046875
15148,15055.3193359375
15149,8712.1259765625
15150,11066.5859375
15151,4949.23876953125
15152,6765.57958984375
15153,7525.45947265625
15154,14357.037109375
15155,9072.41015625
15156,9591.955078125
15157,9950.2900390625
15158,9129.453125
15159,11718.6650390625
15160,10099.2216796875
15161,4293.6513671875
15162,11060.23828125
15163,13513.6904296875
15164,11253.6337890625
15165,9155.5009765625
15166,8010.31494140625
15167,11655.90625
15168,7373.92138671875
15169,14286.9287109375
15170,7957.37548828125
15171,8046.00537109375
15172,9986.5009765625
15173,12574.5830078125
15174,6836.05810546875
15175,10137.0771484375
15176,9543.599609375
15177,13373.837890625
15178,14481.7548828125
15179,7937.35546875
15180,5827.58984375
15181,8491.0126953125
15182,8836.70703125
15183,7256.896484375
15184,10367.052734375
15185,8488.0595703125
15186,17543.037109375
15187,14511.6005859375
15188,7097.6015625
15189,10498.044921875
15190,8487.75390625
15191,13653.4384765625
15192,8801.537109375
15193,17801.55078125
15194,10478.603515625
15195,10972.318359375
15196,9864.8876953125
15197,6530.91357421875
15198,10123.029296875
15199,24535.904296875
15200,6942.62353515625
15201,7670.64404296875
15202,17163.220703125
15203,8749.9609375
15204,12423.734375
15205,12263.37109375
15206,13565.7353515625
15207,10314.77734375
15208,8809.7119140625
15209,13882.0654296875
15210,9038.7685546875
15211,10011.6494140625
15212,12001.41796875
15213,8945.873046875
15214,9753.32421875
15215,9954.4833984375
15216,7217.61181640625
15217,14802.2841796875
15218,10820.7578125
15219,6514.83203125
15220,10686.0537109375
15221,10347.0478515625
15222,5957.52392578125
15223,14270.931640625
15224,8950.97265625
15225,12748.736328125
15226,7439.60009765625
15227,8106.189453125
15228,8187.12841796875
15229,6078.0078125
15230,11188.6845703125
15231,6970.54052734375
15232,8094.50244140625
15233,7090.56884765625
15234,8764.212890625
15235,7901.34326171875
15236,8939.046875
15237,11645.1123046875
15238,12824.162109375
15239,9768.28515625
15240,10058.7646484375
15241,9443.6005859375
15242,12106.44140625
15243,13086.107421875
15244,8685.671875
15245,4698.0078125
15246,8947.416015625
15247,10992.7578125
15248,7039.056640625
15249,15113.576171875
15250,10988.791015625
15251,11725.390625
15252,14913.6455078125
15253,7460.58642578125
15254,8152.48876953125
15255,12752.2939453125
15256,14259.6953125
15257,7890.2705078125
15258,12899.4140625
15259,13404.8359375
15260,9945.185546875
15261,8726.7236328125
15262,10394.677734375
15263,8409.9169921875
15264,9764.80859375
15265,9946.041015625
15266,8649.8759765625
15267,9339.6796875
15268,13640.4287109375
15269,10450.0625
15270,13048.685546875
15271,8250.509765625
15272,10485.68359375
15273,8651.5986328125
15274,12267.2783203125
15275,11813.65234375
15276,8267.29296875
15277,9778.4521484375
15278,12537.306640625
15279,14034.7490234375
15280,9281.033203125
15281,9271.5908203125
15282,11652.3544921875
15283,8872.5830078125
15284,10200.0107421875
15285,6110.7939453125
15286,7646.2177734375
15287,10862.2939453125
15288,8168.80419921875
15289,9175.7900390625
15290,14818.2900390625
15291,7776.849609375
15292,11656.03515625
15293,9785.876953125
15294,5251.01513671875
15295,9975.103515625
15296,9288.771484375
15297,10842.4609375
15298,12762.455078125
15299,13365.90234375
15300,7186.6435546875
15301,13690.216796875
15302,9503.6923828125
15303,4518.9130859375
15304,14707.8544921875
15305,16442.98828125
15306,11640.552734375
15307,11120.1396484375
15308,8705.443359375
15309,10752.3095703125
15310,14304.0517578125
15311,11691.880859375
15312,11675.912109375
15313,7775.69775390625
15314,6335.43115234375
15315,7181.52587890625
15316,8152.73681640625
15317,7822.541015625
15318,10447.259765625
15319,10964.9921875
15320,4660.79443359375
15321,11347.0068359375
15322,13711.8017578125
15323,9491.07421875
15324,9114.4560546875
15325,10220.5126953125
15326,7684.33447265625
15327,7266.88330078125
15328,12872.1875
15329,12397.837890625
15330,9276.27734375
15331,6250.39453125
15332,19863.85546875
15333,10238.6337890625
15334,11294.7353515625
15335,16979.166015625
15336,10499.328125
15337,12574.1689453125
15338,8053.61328125
15339,9901.6962890625
15340,13365.2900390625
15341,22346.34765625
15342,9928.5478515625
15343,7854.70556640625
15344,8880.544921875
15345,9563.3125
15346,8112.42529296875
15347,12483.55859375
15348,12972.017578125
15349,9007.2890625
15350,6715.19482421875
15351,10508.626953125
15352,12239.908203125
15353,7658.30029296875
15354,13234.6220703125
15355,7121.40673828125
15356,12253.3076171875
15357,12665.412109375
15358,9209.1015625
15359,12288.1181640625
15360,7868.9638671875
15361,9099.19921875
15362,7967.69873046875
15363,13208.0791015625
15364,12001.974609375
15365,9871.919921875
15366,11081.5576171875
15367,10400.4541015625
15368,6696.58740234375
15369,13620.322265625
15370,8061.29638671875
15371,13932.1201171875
15372,8250.72265625
15373,9764.0244140625
15374,11742.8671875
15375,9030.75
15376,8119.42333984375
15377,14389.9365234375
15378,8262.8486328125
15379,8199.55859375
15380,13667.279296875
15381,15009.3544921875
15382,14449.759765625
15383,7752.81005859375
15384,10555.6982421875
15385,11183.44140625
15386,9544.734375
15387,9079.9248046875
15388,14826.29296875
15389,14045.521484375
15390,16622.513671875
15391,7998.62548828125
15392,10925.0234375
15393,10909.0302734375
15394,13803.583984375
15395,9867.3935546875
15396,15260.6083984375
15397,9469.5458984375
15398,7270.205078125
15399,8335.0693359375
15400,9666.337890625
15401,8716.62890625
15402,11628.9912109375
15403,10517.267578125
15404,9980.4541015625
15405,14948.1328125
15406,8926.8232421875
15407,26927.357421875
15408,11963.3466796875
15409,0.0
15410,0.0
15411,0.0
15412,0.0
15413,0.0
15414,0.0
15415,0.0
15416,0.0
15417,0.0
15418,0.0
15419,0.0
15420,0.0
15421,0.0
15422,0.0
15423,0.0
15424,0.0
15425,0.0
15426,0.0
15427,0.0
15428,0.0
15429,0.0
15430,0.0
15431,0.0
15432,0.0
15433,0.0
15434,0.0
15435,0.0
15436,0.0
15437,0.0
15438,0.0
15439,0.0
15440,0.0
15441,0.0
15442,0.0
15443,0.0
15444,0.0
15445,0.0
15446,0.0
15447,0.0
15448,0.0
15449,0.0
15450,0.0
15451,0.0
15452,0.0
15453,0.0
15454,0.0
15455,0.0
15456,0.0
15457,0.0
15458,0.0
15459,0.0
15460,0.0
15461,0.0
15462,0.0
15463,0.0
15464,0.0
15465,0.0
15466,0.0
15467,0.0
15468,0.0
15469,0.0
15470,0.0
15471,0.0
15472,0.0
15473,0.0
15474,0.0
15475,0.0
15476,0.0
15477,0.0
15478,0.0
15479,0.0
15480,0.0
15481,0.0
15482,0.0
15483,0.0
15484,0.0
15485,0.0
15486,0.0
15487,0.0
15488,0.0
15489,0.0
15490,0.0
15491,0.0
15492,0.0
15493,0.0
15494,0.0
15495,0.0
15496,0.0
15497,0.0
15498,0.0
15499,0.0
15500,4307.5693359375
15501,0.0
15502,0.0
15503,0.0
15504,0.0
15505,0.0
15506,0.0
15507,0.0
15508,0.0
15509,0.0
15510,0.0
15511,0.0
15512,0.0
15513,0.0
15514,0.0
15515,0.0
15516,0.0
15517,0.0
15518,0.0
15519,0.0
15520,0.0
15521,0.0
15522,0.0
15523,0.0
15524,0.0
15525,0.0
15526,0.0
15527,0.0
15528,0.0
15529,0.0
15530,0.0
15531,0.0
15532,0.0
15533,0.0
15534,0.0
15535,0.0
15536,0.0
15537,0.0
15538,0.0
15539,0.0
15540,0.0
15541,0.0
15542,0.0
15543,0.0
15544,0.0
15545,0.0
15546,0.0
15547,0.0
15548,0.0
15549,0.0
15550,0.0
15551,0.0
15552,0.0
15553,0.0
15554,0.0
15555,0.0
15556,0.0
15557,0.0
15558,0.0
15559,0.0
15560,0.0
15561,0.0
15562,0.0
15563,0.0
15564,0.0
15565,0.0
15566,0.0
15567,0.0
15568,3058.83251953125
15569,0.0
15570,0.0
15571,0.0
15572,0.0
15573,0.0
15574,0.0
15575,0.0
15576,0.0
15577,0.0
15578,0.0
15579,0.0
15580,0.0
15581,0.0
15582,0.0
15583,0.0
15584,0.0
15585,0.0
15586,0.0
15587,0.0
15588,0.0
15589,0.0
15590,0.0
15591,0.0
15592,0.0
15593,0.0
15594,0.0
15595,0.0
15596,0.0
15597,0.0
15598,0.0
15599,0.0
15600,0.0
15601,0.0
15602,0.0
15603,0.0
15604,0.0
15605,0.0
15606,0.0
15607,0.0
15608,0.0
15609,15892.2626953125
15610,32403.412109375
15611,0.0
15612,0.0
15613,0.0
15614,0.0
15615,0.0
15616,0.0
15617,0.0
15618,7919.240234375
15619,0.0
15620,0.0
15621,0.0
15622,0.0
15623,0.0
15624,0.0
15625,0.0
15626,0.0
15627,0.0
15628,0.0
15629,0.0
15630,0.0
15631,0.0
15632,0.0
15633,0.0
15634,0.0
15635,0.0
15636,0.0
15637,4756.12255859375
15638,0.0
15639,0.0
15640,0.0
15641,0.0
15642,0.0
15643,0.0
15644,0.0
15645,0.0
15646,0.0
15647,5400.0263671875
15648,0.0
15649,0.0
15650,0.0
15651,-0.0
15652,0.0
15653,0.0
15654,0.0
15655,0.0
15656,0.0
15657,0.0
15658,0.0
15659,0.0
15660,0.0
15661,0.0
15662,0.0
15663,0.0
15664,0.0
15665,9438.83203125
15666,0.0
15667,0.0
15668,0.0
15669,0.0
15670,0.0
15671,0.0
15672,0.0
15673,0.0
15674,0.0
15675,0.0
15676,0.0
15677,0.0
15678,0.0
15679,0.0
15680,0.0
15681,0.0
15682,9072.6943359375
15683,0.0
15684,0.0
15685,0.0
15686,0.0
15687,0.0
15688,0.0
15689,0.0
15690,0.0
15691,0.0
15692,0.0
15693,0.0
15694,0.0
15695,0.0
15696,0.0
15697,0.0
15698,0.0
15699,0.0
15700,0.0
15701,0.0
15702,0.0
15703,0.0
15704,0.0
15705,0.0
15706,0.0
15707,0.0
15708,0.0
15709,0.0
15710,0.0
15711,0.0
15712,0.0
15713,0.0
15714,0.0
15715,0.0
15716,0.0
15717,0.0
15718,0.0
15719,0.0
15720,0.0
15721,0.0
15722,0.0
15723,0.0
15724,0.0
15725,0.0
15726,0.0
15727,0.0
15728,0.0
15729,0.0
15730,0.0
15731,0.0
15732,0.0
15733,0.0
15734,0.0
15735,0.0
15736,0.0
15737,0.0
15738,0.0
15739,0.0
15740,0.0
15741,0.0
15742,0.0
15743,0.0
15744,1616.6497802734375
15745,0.0
15746,0.0
15747,0.0
15748,0.0
15749,0.0
15750,0.0
15751,0.0
15752,0.0
15753,0.0
15754,0.0
15755,0.0
15756,0.0
15757,0.0
15758,4777.45068359375
15759,0.0
15760,0.0
15761,0.0
15762,0.0
15763,0.0
15764,0.0
15765,0.0
15766,0.0
15767,0.0
15768,0.0
15769,0.0
15770,0.0
15771,0.0
15772,0.0
15773,0.0
15774,0.0
15775,0.0
15776,0.0
15777,0.0
15778,0.0
15779,0.0
15780,0.0
15781,0.0
15782,0.0
15783,0.0
15784,0.0
15785,0.0
15786,0.0
15787,0.0
15788,0.0
15789,0.0
15790,0.0
15791,0.0
15792,0.0
15793,0.0
15794,0.0
15795,0.0
15796,0.0
15797,0.0
15798,0.0
15799,0.0
15800,0.0
15801,7946.7939453125
15802,0.0
15803,0.0
15804,0.0
15805,0.0
15806,0.0
15807,0.0
15808,0.0
15809,0.0
15810,0.0
15811,2729.023193359375
15812,0.0
15813,0.0
15814,0.0
15815,5214.05419921875
15816,0.0
15817,0.0
15818,0.0
15819,0.0
15820,0.0
15821,0.0
15822,0.0
15823,0.0
15824,0.0
15825,0.0
15826,0.0
15827,0.0
15828,0.0
15829,0.0
15830,0.0
15831,0.0
15832,0.0
15833,0.0
15834,0.0
15835,0.0
15836,0.0
15837,0.0
15838,0.0
15839,0.0
15840,0.0
15841,0.0
15842,20988.01171875
15843,0.0
15844,0.0
15845,0.0
15846,0.0
15847,0.0
15848,0.0
15849,0.0
15850,0.0
15851,0.0
15852,0.0
15853,0.0
15854,0.0
15855,0.0
15856,5424.60595703125
15857,0.0
15858,0.0
15859,0.0
15860,0.0
15861,0.0
15862,0.0
15863,0.0
15864,0.0
15865,0.0
15866,0.0
15867,0.0
15868,0.0
15869,0.0
15870,0.0
15871,0.0
15872,0.0
15873,0.0
15874,0.0
15875,0.0
15876,0.0
15877,0.0
15878,0.0
15879,0.0
15880,0.0
15881,0.0
15882,0.0
15883,0.0
15884,0.0
15885,0.0
15886,0.0
15887,0.0
15888,0.0
15889,0.0
15890,0.0
15891,0.0
15892,0.0
15893,0.0
15894,0.0
15895,0.0
15896,0.0
15897,0.0
15898,0.0
15899,0.0
15900,0.0
15901,0.0
15902,0.0
15903,0.0
15904,0.0
15905,0.0
15906,0.0
15907,0.0
15908,0.0
15909,0.0
15910,0.0
15911,0.0
15912,0.0
15913,0.0
15914,0.0
15915,0.0
15916,0.0
15917,0.0
15918,0.0
15919,0.0
15920,0.0
15921,0.0
15922,0.0
15923,0.0
15924,0.0
15925,0.0
15926,0.0
15927,0.0
15928,0.0
15929,0.0
15930,0.0
15931,12922.8564453125
15932,0.0
15933,0.0
15934,0.0
15935,0.0
15936,0.0
15937,0.0
15938,0.0
15939,0.0
15940,0.0
15941,0.0
15942,0.0
15943,0.0
15944,0.0
15945,0.0
15946,0.0
15947,0.0
15948,0.0
15949,0.0
15950,0.0
15951,0.0
15952,0.0
15953,0.0
15954,0.0
15955,0.0
15956,0.0
15957,0.0
15958,0.0
15959,0.0
15960,0.0
15961,0.0
15962,0.0
15963,0.0
15964,0.0
15965,0.0
15966,0.0
15967,0.0
15968,0.0
15969,0.0
15970,0.0
15971,0.0
15972,0.0
15973,0.0
15974,0.0
15975,4073.6474609375
15976,16809.341796875
15977,0.0
15978,0.0
15979,0.0
15980,0.0
15981,0.0
15982,0.0
15983,0.0
15984,0.0
15985,0.0
15986,0.0
15987,0.0
15988,0.0
15989,0.0
15990,0.0
15991,0.0
15992,0.0
15993,0.0
15994,0.0
15995,0.0
15996,0.0
15997,0.0
15998,0.0
15999,0.0
16000,0.0
16001,0.0
16002,0.0
16003,0.0
16004,11951.8212890625
16005,0.0
16006,0.0
16007,0.0
16008,0.0
16009,0.0
16010,0.0
16011,0.0
16012,0.0
16013,0.0
16014,0.0
16015,0.0
16016,0.0
16017,0.0
16018,0.0
16019,0.0
16020,0.0
16021,0.0
16022,0.0
16023,0.0
16024,0.0
16025,0.0
16026,0.0
16027,0.0
16028,0.0
16029,0.0
16030,0.0
16031,0.0
16032,0.0
16033,0.0
16034,0.0
16035,0.0
16036,0.0
16037,0.0
16038,0.0
16039,0.0
16040,0.0
16041,0.0
16042,0.0
16043,0.0
16044,0.0
16045,0.0
16046,0.0
16047,0.0
16048,0.0
16049,0.0
16050,0.0
16051,0.0
16052,0.0
16053,0.0
16054,0.0
16055,0.0
16056,0.0
16057,0.0
16058,0.0
16059,0.0
16060,0.0
16061,0.0
16062,0.0
16063,0.0
16064,0.0
16065,0.0
16066,0.0
16067,0.0
16068,0.0
16069,0.0
16070,0.0
16071,0.0
16072,0.0
16073,0.0
16074,2110.412353515625
16075,0.0
16076,0.0
16077,0.0
16078,2016.2152099609375
16079,0.0
16080,0.0
16081,0.0
16082,0.0
16083,0.0
16084,0.0
16085,0.0
16086,0.0
16087,0.0
16088,0.0
16089,0.0
16090,0.0
16091,0.0
16092,0.0
16093,0.0
16094,0.0
16095,0.0
16096,0.0
16097,0.0
16098,0.0
16099,0.0
16100,0.0
16101,0.0
16102,0.0
16103,0.0
16104,0.0
16105,0.0
16106,0.0
16107,0.0
16108,0.0
16109,0.0
16110,0.0
16111,0.0
16112,0.0
16113,0.0
16114,0.0
16115,0.0
16116,0.0
16117,0.0
16118,0.0
16119,0.0
16120,0.0
16121,0.0
16122,0.0
16123,0.0
16124,0.0
16125,0.0
16126,0.0
16127,0.0
16128,0.0
16129,2823.033935546875
16130,0.0
16131,0.0
16132,0.0
16133,0.0
16134,0.0
16135,0.0
16136,0.0
16137,0.0
16138,0.0
16139,0.0
16140,0.0
16141,0.0
16142,0.0
16143,0.0
16144,11155.896484375
16145,0.0
16146,0.0
16147,0.0
16148,0.0
16149,0.0
16150,0.0
16151,0.0
16152,0.0
16153,0.0
16154,0.0
16155,0.0
16156,0.0
16157,0.0
16158,0.0
16159,0.0
16160,0.0
16161,0.0
16162,0.0
16163,0.0
16164,0.0
16165,0.0
16166,0.0
16167,0.0
16168,0.0
16169,0.0
16170,0.0
16171,0.0
16172,0.0
16173,0.0
16174,0.0
16175,0.0
16176,0.0
16177,0.0
16178,0.0
16179,0.0
16180,0.0
16181,0.0
16182,0.0
16183,0.0
16184,0.0
16185,0.0
16186,0.0
16187,0.0
16188,0.0
16189,0.0
16190,0.0
16191,0.0
16192,0.0
16193,0.0
16194,0.0
16195,0.0
16196,0.0
16197,0.0
16198,0.0
16199,0.0
16200,0.0
16201,0.0
16202,0.0
16203,0.0
16204,0.0
16205,0.0
16206,0.0
16207,0.0
16208,5071.2021484375
16209,0.0
16210,0.0
16211,0.0
16212,0.0
16213,0.0
16214,0.0
16215,0.0
16216,0.0
16217,0.0
16218,0.0
16219,0.0
16220,0.0
16221,0.0
16222,0.0
16223,0.0
16224,0.0
16225,0.0
16226,0.0
16227,0.0
16228,0.0
16229,0.0
16230,0.0
16231,0.0
16232,0.0
16233,0.0
16234,0.0
16235,0.0
16236,0.0
16237,0.0
16238,0.0
16239,0.0
16240,0.0
16241,0.0
16242,0.0
16243,0.0
16244,0.0
16245,0.0
16246,0.0
16247,0.0
16248,0.0
16249,14932.7783203125
16250,6162.94580078125
16251,0.0
16252,0.0
16253,0.0
16254,0.0
16255,0.0
16256,0.0
16257,0.0
16258,0.0
16259,0.0
16260,0.0
16261,0.0
16262,0.0
16263,0.0
16264,0.0
16265,4381.779296875
16266,4468.7626953125
16267,7582.533203125
16268,4291.94140625
16269,6975.306640625
16270,4479.78125
16271,6712.921875
16272,7121.9794921875
16273,5281.09423828125
16274,3785.266357421875
16275,6977.40087890625
16276,5245.6572265625
16277,5169.7158203125
16278,7252.3076171875
16279,6988.859375
16280,3853.75244140625
16281,5418.06298828125
16282,7713.56884765625
16283,9104.8427734375
16284,6701.12548828125
16285,8283.087890625
16286,4187.33935546875
16287,6359.2109375
16288,2580.485595703125
16289,8441.9130859375
16290,7633.18701171875
16291,10170.646484375
16292,6529.3330078125
16293,3725.907958984375
16294,4743.71728515625
16295,6382.37548828125
16296,7610.32666015625
16297,4561.32421875
16298,6029.92041015625
16299,6962.53564453125
16300,6135.8203125
16301,2924.963134765625
16302,8541.5283203125
16303,4941.26708984375
16304,8304.87890625
16305,6698.8876953125
16306,5003.5927734375
16307,9255.1416015625
16308,7009.32275390625
16309,5036.333984375
16310,3874.718505859375
16311,9028.84765625
16312,10391.45703125
16313,6463.7958984375
16314,6740.71337890625
16315,9210.11328125
16316,7792.3916015625
16317,6072.8359375
16318,6437.6748046875
16319,2885.204345703125
16320,3112.68408203125
16321,5079.93212890625
16322,7263.07568359375
16323,9226.767578125
16324,7831.43359375
16325,4578.63525390625
16326,8776.08984375
16327,7807.7275390625
16328,4959.08984375
16329,3377.534423828125
16330,11727.94921875
16331,3701.33984375
16332,4486.00634765625
16333,7190.34375
16334,4495.56884765625
16335,5972.86376953125
16336,3131.046142578125
16337,6468.61572265625
16338,5106.11767578125
16339,6358.666015625
16340,8085.54541015625
16341,8753.4765625
16342,5573.73876953125
16343,3908.62646484375
16344,8118.29541015625
16345,13395.2890625
16346,7296.2587890625
16347,4172.861328125
16348,6456.34326171875
16349,5367.15673828125
16350,6454.22021484375
16351,9264.6240234375
16352,2467.623046875
16353,8500.69921875
16354,5872.8125
16355,6148.65869140625
16356,8721.458984375
16357,3174.846923828125
16358,5294.8486328125
16359,5621.90625
16360,8292.1884765625
16361,7502.33251953125
16362,3914.389404296875
16363,4218.439453125
16364,8016.1728515625
16365,6404.73486328125
16366,5426.34619140625
16367,4754.71533203125
16368,5347.98486328125
16369,7321.81201171875
16370,5505.6494140625
16371,3128.285888671875
16372,5961.1884765625
16373,6684.44677734375
16374,6881.57568359375
16375,7508.50048828125
16376,8277.8466796875
16377,4650.88720703125
16378,9975.85546875
16379,3506.67724609375
16380,3441.704345703125
16381,8280.564453125
16382,7350.376953125
16383,7324.07373046875
16384,10355.2705078125
16385,7023.86865234375
16386,5014.52001953125
16387,6666.41455078125
16388,7718.65673828125
16389,4957.4755859375
16390,3370.923095703125
16391,5494.03173828125
16392,5040.23388671875
16393,5280.22021484375
16394,3420.7880859375
16395,5913.1494140625
16396,6274.40625
16397,6130.6748046875
16398,6409.26123046875
16399,3268.8984375
16400,6996.18701171875
16401,7722.89794921875
16402,3976.277099609375
16403,5777.7783203125
16404,5060.98828125
16405,5784.83935546875
16406,4029.29541015625
16407,5158.16015625
16408,5649.83642578125
16409,7888.21240234375
16410,7006.71484375
16411,6643.42822265625
16412,14153.31640625
16413,4530.9873046875
16414,4954.19287109375
16415,10511.845703125
16416,6393.38818359375
16417,9365.853515625
16418,5943.45361328125
16419,5589.798828125
16420,6586.5751953125
16421,4717.79638671875
16422,5372.515625
16423,8719.8994140625
16424,6222.369140625
16425,3302.8720703125
16426,4003.608642578125
16427,7619.15625
16428,9171.0849609375
16429,7156.51904296875
16430,6564.40283203125
16431,4942.92822265625
16432,2795.18310546875
16433,3240.1435546875
16434,3887.050048828125
16435,7258.72998046875
16436,8207.197265625
16437,5126.62353515625
16438,4817.99462890625
16439,8480.9990234375
16440,8375.064453125
16441,8506.609375
16442,5785.1611328125
16443,9222.7705078125
16444,9657.3291015625
16445,4192.90576171875
16446,5882.306640625
16447,5699.3359375
16448,6960.2177734375
16449,2980.540771484375
16450,6039.63916015625
16451,5141.7060546875
16452,8467.203125
16453,6489.46240234375
16454,7626.14404296875
16455,7576.56689453125
16456,6226.673828125
16457,8447.0615234375
16458,18608.90234375
16459,8869.3935546875
16460,4464.51171875
16461,4036.84912109375
16462,7210.28125
16463,8227.0859375
16464,4843.22802734375
16465,9447.12109375
16466,18183.71875
16467,5853.90771484375
16468,3514.059814453125
16469,12167.2451171875
16470,3312.43994140625
16471,5125.00390625
16472,3935.98583984375
16473,6486.48046875
16474,4729.1552734375
16475,6722.537109375
16476,5255.23681640625
16477,6098.615234375
16478,10352.578125
16479,6836.67236328125
16480,6434.68701171875
16481,7188.19384765625
16482,5806.599609375
16483,5899.29296875
16484,10607.4990234375
16485,5544.44287109375
16486,5235.1337890625
16487,4171.85693359375
16488,4264.9931640625
16489,6599.86376953125
16490,5133.06982421875
16491,5154.33251953125
16492,8350.5830078125
16493,9207.712890625
16494,8516.9716796875
16495,5505.0087890625
16496,4809.35791015625
16497,4346.64599609375
16498,3985.5458984375
16499,6169.25341796875
16500,3803.4072265625
16501,6889.19873046875
16502,5676.29345703125
16503,10248.60546875
16504,5934.2861328125
16505,5033.08984375
16506,3813.875244140625
16507,3795.286865234375
16508,9074.0927734375
16509,6160.4677734375
16510,6752.103515625
16511,13809.3857421875
16512,8169.45263671875
16513,5132.92529296875
16514,5931.87890625
16515,3322.53857421875
16516,4346.88134765625
16517,4504.2841796875
16518,6140.92822265625
16519,10791.7255859375
16520,5228.00048828125
16521,10062.3017578125
16522,10484.4765625
16523,5852.84716796875
16524,5635.99560546875
16525,5259.4306640625
16526,5794.0439453125
16527,5676.59326171875
16528,11320.8330078125
16529,5621.8974609375
16530,7881.814453125
16531,3311.247314453125
16532,6100.08544921875
16533,6278.24267578125
16534,7935.1435546875
16535,6957.12744140625
16536,5702.3056640625
16537,7515.66796875
16538,5569.28515625
16539,8494.388671875
16540,8068.97265625
16541,7298.32275390625
16542,8876.791015625
16543,7599.56884765625
16544,8802.880859375
16545,4405.09716796875
16546,6134.40576171875
16547,5726.21337890625
16548,8856.67578125
16549,6745.93115234375
16550,7060.50341796875
16551,7412.74951171875
16552,8134.18994140625
16553,4985.96923828125
16554,7999.5595703125
16555,6872.19873046875
16556,3193.37939453125
16557,11139.7734375
16558,16258.6708984375
16559,7548.5302734375
16560,6951.7724609375
16561,8520.521484375
16562,8737.2001953125
16563,9322.716796875
16564,3414.932861328125
16565,4806.76171875
16566,6956.40869140625
16567,8256.7392578125
16568,3724.6826171875
16569,4146.10009765625
16570,5968.56298828125
16571,5044.3505859375
16572,5190.25146484375
16573,4036.054931640625
16574,3359.681640625
16575,8247.0078125
16576,4420.28759765625
16577,5274.46337890625
16578,6379.95947265625
16579,5009.1103515625
16580,8821.62109375
16581,12029.234375
16582,5988.1240234375
16583,7084.55029296875
16584,7391.62744140625
16585,10934.05859375
16586,5414.859375
16587,3390.146240234375
16588,5470.96728515625
16589,14631.7529296875
16590,4760.20263671875
16591,8204.5859375
16592,2428.818603515625
16593,3999.374755859375
16594,7550.80908203125
16595,7200.66259765625
16596,5418.15234375
16597,9382.88671875
16598,9433.4111328125
16599,9248.1845703125
16600,5172.59326171875
16601,9479.3505859375
16602,2334.984375
16603,4750.03466796875
16604,7027.06103515625
16605,5258.93115234375
16606,10709.3896484375
16607,3474.3759765625
16608,7424.90283203125
16609,6417.90576171875
16610,9342.45703125
16611,10848.0966796875
16612,5804.646484375
16613,4263.765625
16614,10378.982421875
16615,9711.92578125
16616,4527.25390625
16617,6331.72509765625
16618,8534.2451171875
16619,6304.3837890625
16620,6555.77587890625
16621,4183.8828125
16622,8291.921875
16623,4601.22607421875
16624,11133.3369140625
16625,9485.763671875
16626,15647.1474609375
16627,7019.8212890625
16628,5714.3125
16629,2797.2646484375
16630,6600.46337890625
16631,6060.83251953125
16632,5568.93505859375
16633,9225.7392578125
16634,6601.626953125
16635,3219.76416015625
16636,8089.3828125
16637,4311.12060546875
16638,6958.00732421875
16639,7913.14599609375
16640,7195.53759765625
16641,9439.18359375
16642,5295.6103515625
16643,7233.30322265625
16644,5567.27734375
16645,6701.416015625
16646,7429.57275390625
16647,4714.0908203125
16648,8962.677734375
16649,6012.73095703125
16650,3271.4453125
16651,5257.9033203125
16652,8220.4052734375
16653,6893.2109375
16654,5286.78955078125
16655,5654.54736328125
16656,5873.19775390625
16657,5827.06494140625
16658,6745.98583984375
16659,9842.5517578125
16660,4861.06640625
16661,3912.300048828125
16662,6761.14501953125
16663,6660.31982421875
16664,3974.553466796875
16665,5088.28125
16666,9612.810546875
16667,8587.9951171875
16668,11348.9482421875
16669,9431.2724609375
16670,8579.9599609375
16671,7066.373046875
16672,5219.54638671875
16673,10431.52734375
16674,8667.2353515625
16675,7559.56396484375
16676,5332.955078125
16677,6215.48779296875
16678,4833.6953125
16679,2985.291015625
16680,9297.359375
16681,8027.26953125
16682,6113.00146484375
16683,4709.953125
16684,1574.040283203125
16685,8535.5244140625
16686,6996.77978515625
16687,6595.8662109375
16688,4549.08837890625
16689,4280.12744140625
16690,6598.00244140625
16691,4970.5927734375
16692,10816.724609375
16693,5242.03076171875
16694,5430.5908203125
16695,4022.720947265625
16696,4050.12158203125
16697,5166.74951171875
16698,13529.2021484375
16699,3927.4052734375
16700,6063.78271484375
16701,5357.5830078125
16702,4207.85302734375
16703,4100.54052734375
16704,6284.087890625
16705,3167.228515625
16706,9917.2685546875
16707,6937.076171875
16708,3219.68017578125
16709,8860.521484375
16710,3054.71337890625
16711,4887.20556640625
16712,9184.154296875
16713,8022.73291015625
16714,8722.763671875
16715,3088.619384765625
16716,4677.27294921875
16717,4654.52392578125
16718,5640.6328125
16719,15943.41015625
16720,12389.6640625
16721,6082.65966796875
16722,3948.41845703125
16723,7148.22607421875
16724,5242.6044921875
16725,3025.8466796875
16726,8788.9013671875
16727,5429.52197265625
16728,5351.271484375
16729,7611.30126953125
16730,4625.689453125
16731,4816.66845703125
16732,6035.48974609375
16733,6601.5498046875
16734,7307.6064453125
16735,3138.48486328125
16736,5768.26220703125
16737,8003.04150390625
16738,8216.2412109375
16739,6212.95263671875
16740,7193.861328125
16741,2654.25732421875
16742,7695.78369140625
16743,5731.37109375
16744,3829.585205078125
16745,4664.79150390625
16746,5302.7666015625
16747,5132.80322265625
16748,7811.90869140625
16749,4370.9853515625
16750,6173.79931640625
16751,5825.978515625
16752,8192.1318359375
16753,8255.3203125
16754,7418.03076171875
16755,8908.583984375
16756,6341.3017578125
16757,3048.71728515625
16758,11148.6142578125
16759,3956.0166015625
16760,4722.5830078125
16761,7066.03173828125
16762,10694.64453125
16763,10763.771484375
16764,4557.4287109375
16765,5660.75341796875
16766,5905.9912109375
16767,7433.5966796875
16768,4782.5615234375
16769,9273.7265625
16770,3125.5810546875
16771,5209.904296875
16772,4265.81298828125
16773,3857.5859375
16774,4470.5693359375
16775,7057.17041015625
16776,6553.75244140625
16777,6845.6044921875
16778,5971.80908203125
16779,9730.77734375
16780,8436.927734375
16781,5599.94921875
16782,5826.69970703125
16783,5779.7548828125
16784,7969.6552734375
16785,5194.82763671875
16786,2300.135986328125
16787,6841.748046875
16788,6952.96826171875
16789,6889.58935546875
16790,5869.5341796875
16791,3538.64990234375
16792,10636.03515625
16793,3745.101318359375
16794,9834.0947265625
16795,4840.39453125
16796,4688.494140625
16797,8130.1220703125
16798,4053.132080078125
16799,4641.3837890625
16800,8439.943359375
16801,2919.16845703125
16802,7788.5361328125
16803,10162.291015625
16804,6420.125
16805,2194.7734375
16806,5957.56640625
16807,3894.674560546875
16808,2873.6640625
16809,5424.52099609375
16810,6426.3984375
16811,5270.53662109375
16812,5306.26953125
16813,5009.4228515625
16814,5593.3505859375
16815,8012.4775390625
16816,5687.08251953125
16817,6560.69482421875
16818,5000.8291015625
16819,5597.44091796875
16820,6590.1357421875
16821,6813.94921875
16822,8726.7431640625
16823,7653.43212890625
16824,9131.595703125
16825,6292.62841796875
16826,5629.3984375
16827,3444.880126953125
16828,5925.96728515625
16829,9259.9208984375
16830,6684.74658203125
16831,8388.0107421875
16832,14399.6923828125
16833,3388.78759765625
16834,5391.77587890625
16835,5198.595703125
16836,8758.1728515625
16837,10698.8134765625
16838,7865.4140625
16839,7686.7646484375
16840,8468.4599609375
16841,7996.7080078125
16842,6820.416015625
16843,5412.759765625
16844,4177.791015625
16845,4956.90380859375
16846,3311.361083984375
16847,3769.347412109375
16848,7716.57666015625
16849,17040.1328125
16850,5802.9404296875
16851,4790.30908203125
16852,5457.43310546875
16853,5372.65283203125
16854,6974.263671875
16855,3313.6435546875
16856,6739.2412109375
16857,7326.10009765625
16858,4097.6513671875
16859,12403.1435546875
16860,11831.3896484375
16861,2792.65283203125
16862,5801.068359375
16863,4495.7822265625
16864,4255.068359375
16865,5718.048828125
16866,8832.0771484375
16867,4151.2705078125
16868,5557.82470703125
16869,4559.15869140625
16870,4987.63720703125
16871,4917.02490234375
16872,8280.7333984375
16873,3966.2861328125
16874,8344.375
16875,7296.85205078125
16876,4923.78466796875
16877,4657.0126953125
16878,4400.65673828125
16879,5508.58447265625
16880,4832.50390625
16881,10283.5927734375
16882,4863.48486328125
16883,4531.36328125
16884,7112.82861328125
16885,7305.68798828125
16886,6648.0458984375
16887,5339.0595703125
16888,6681.697265625
16889,10117.0556640625
16890,6666.2294921875
16891,6445.9482421875
16892,3909.1845703125
16893,4812.59326171875
16894,5461.6953125
16895,4343.76318359375
16896,4481.248046875
16897,5475.291015625
16898,10852.2275390625
16899,7736.88623046875
16900,4463.2568359375
16901,6282.693359375
16902,5577.34912109375
16903,7891.2958984375
16904,5687.05859375
16905,8914.4951171875
16906,6297.94921875
16907,6074.64306640625
16908,4312.1796875
16909,1880.9805908203125
16910,4373.3759765625
16911,20985.8046875
16912,2536.692626953125
16913,5269.71044921875
16914,7000.55224609375
16915,6726.19775390625
16916,6498.865234375
16917,8952.025390625
16918,6174.580078125
16919,7431.876953125
16920,4069.700439453125
16921,8496.673828125
16922,4292.13720703125
16923,7143.13330078125
16924,9442.6162109375
16925,4348.068359375
16926,7626.97509765625
16927,7816.25537109375
16928,3849.506103515625
16929,6508.84765625
16930,7467.52294921875
16931,3317.911865234375
16932,9438.923828125
16933,6157.841796875
16934,5464.62890625
16935,8386.1328125
16936,8286.6240234375
16937,6511.1845703125
16938,4785.67138671875
16939,5528.62890625
16940,6457.48046875
16941,3793.95458984375
16942,7035.6142578125
16943,3584.6171875
16944,5389.00146484375
16945,3449.77490234375
16946,5681.33740234375
16947,5261.5703125
16948,4652.48828125
16949,5637.3994140625
16950,9276.716796875
16951,5977.17822265625
16952,7765.80908203125
16953,5602.91064453125
16954,6142.25
16955,9780.8466796875
16956,7457.77294921875
16957,4941.2216796875
16958,5537.2822265625
16959,6339.05126953125
16960,5337.3173828125
16961,13034.3583984375
16962,6997.90283203125
16963,6389.8232421875
16964,9085.6015625
16965,6697.22216796875
16966,2668.706787109375
16967,11400.2392578125
16968,9772.359375
16969,7075.90673828125
16970,8089.52783203125
16971,8100.75244140625
16972,8101.31201171875
16973,5701.05126953125
16974,4233.40625
16975,3658.74072265625
16976,5530.2822265625
16977,7933.3798828125
16978,3270.0810546875
16979,7621.71337890625
16980,7599.78369140625
16981,5214.3349609375
16982,7866.9833984375
16983,6089.76171875
16984,8073.91162109375
16985,3860.581787109375
16986,5109.5029296875
16987,5015.95068359375
16988,4654.76220703125
16989,6351.05859375
16990,6676.12060546875
16991,8603.2802734375
16992,6720.4072265625
16993,5039.22021484375
16994,6360.81201171875
16995,7341.92431640625
16996,7333.06494140625
16997,3738.3056640625
16998,3607.996337890625
16999,8223.2265625
17000,6591.86669921875
17001,0.0
17002,8116.224609375
17003,6853.46923828125
17004,6347.0625
17005,5737.50830078125
17006,2238.78857421875
17007,6618.97705078125
17008,6514.66015625
17009,5900.7197265625
17010,8690.6103515625
17011,6407.95703125
17012,3783.18212890625
17013,7276.78125
17014,4121.04638671875
17015,907.5375366210938
17016,6557.482421875
17017,8596.462890625
17018,5201.6669921875
17019,4725.7529296875
17020,3013.337158203125
17021,4987.03564453125
17022,6965.86669921875
17023,6406.77880859375
17024,8965.7685546875
17025,3921.16845703125
17026,5381.84130859375
17027,3629.48828125
17028,6775.76708984375
17029,3075.90869140625
17030,3052.615966796875
17031,5091.8642578125
17032,4199.90869140625
17033,7464.65576171875
17034,5100.33154296875
17035,5794.404296875
17036,5527.2958984375
17037,8973.0498046875
17038,5359.9404296875
17039,4154.853515625
17040,11036.22265625
17041,7511.0068359375
17042,7097.462890625
17043,3455.3955078125
17044,5190.89794921875
17045,6366.9296875
17046,5116.77392578125
17047,8823.4189453125
17048,8564.107421875
17049,6795.72412109375
17050,7378.86669921875
17051,6216.15966796875
17052,7814.80322265625
17053,12879.505859375
17054,4318.04296875
17055,4400.4775390625
17056,5598.2138671875
17057,5543.72119140625
17058,5852.0927734375
17059,7140.64697265625
17060,5919.6708984375
17061,6131.197265625
17062,3228.5419921875
17063,6172.1513671875
17064,8387.8955078125
17065,3466.29345703125
17066,7719.70068359375
17067,3245.232666015625
17068,6598.51708984375
17069,6274.474609375
17070,5443.42138671875
17071,5850.30029296875
17072,4702.08251953125
17073,5280.9375
17074,7620.17919921875
17075,5163.46142578125
17076,8973.892578125
17077,5411.0693359375
17078,9023.1875
17079,5341.77685546875
17080,4240.32275390625
17081,9040.666015625
17082,3693.69384765625
17083,9712.5615234375
17084,6234.8427734375
17085,5412.16845703125
17086,7597.0869140625
17087,5135.9609375
17088,4852.78955078125
17089,6193.67919921875
17090,3085.1015625
17091,3554.23681640625
17092,6270.1982421875
17093,6192.76220703125
17094,8510.287109375
17095,5882.50390625
17096,5054.6416015625
17097,4373.53076171875
17098,6590.6337890625
17099,3229.501708984375
17100,10133.87890625
17101,8113.59912109375
17102,11369.3037109375
17103,6736.42578125
17104,5323.1474609375
17105,11187.8134765625
17106,8229.17578125
17107,3047.0390625
17108,9355.8251953125
17109,5547.40869140625
17110,6509.181640625
17111,6617.8505859375
17112,5593.14990234375
17113,3497.9267578125
17114,5401.490234375
17115,4167.9384765625
17116,3561.570068359375
17117,8709.5107421875
17118,7042.82177734375
17119,23327.08203125
17120,7384.71630859375
17121,3577.837890625
17122,5931.0341796875
17123,9907.6904296875
17124,5338.56640625
17125,6830.65771484375
17126,5109.50537109375
17127,7185.12939453125
17128,6304.49462890625
17129,3613.835205078125
17130,5108.826171875
17131,5990.302734375
17132,7285.76904296875
17133,6683.5615234375
17134,6946.87890625
17135,4420.6865234375
17136,4435.60791015625
17137,4915.99462890625
17138,9209.740234375
17139,11214.17578125
17140,7611.982421875
17141,7578.22119140625
17142,4186.68115234375
17143,6089.162109375
17144,3478.592529296875
17145,8238.77734375
17146,8657.9814453125
17147,8910.1171875
17148,5196.60986328125
17149,5195.4453125
17150,3722.386474609375
17151,5780.8720703125
17152,10138.876953125
17153,5541.04443359375
17154,4578.84375
17155,5395.62890625
17156,7614.23876953125
17157,3801.330322265625
17158,6787.27734375
17159,3652.4462890625
17160,6111.71728515625
17161,5806.34033203125
17162,5863.4931640625
17163,8076.52001953125
17164,5623.8837890625
17165,5569.94287109375
17166,6439.55224609375
17167,6360.78369140625
17168,9890.2421875
17169,5396.01904296875
17170,6999.00146484375
17171,8663.3740234375
17172,8238.8447265625
17173,6083.71875
17174,8688.75390625
17175,3343.276123046875
17176,4163.87451171875
17177,5730.6181640625
17178,6150.30322265625
17179,9154.271484375
17180,6455.6259765625
17181,4766.2490234375
17182,6979.697265625
17183,5901.849609375
17184,8169.60498046875
17185,4189.943359375
17186,12585.6796875
17187,4326.7626953125
17188,5204.1767578125
17189,7661.89990234375
17190,3862.774169921875
17191,5806.2646484375
17192,5919.1005859375
17193,7245.36572265625
17194,5588.07080078125
17195,4766.52587890625
17196,7201.80224609375
17197,7282.12646484375
17198,6691.75146484375
17199,4626.77001953125
17200,7231.61376953125
17201,11766.666015625
17202,6559.447265625
17203,4916.51318359375
17204,5706.03515625
17205,5962.525390625
17206,5652.41943359375
17207,7775.49755859375
17208,4042.01025390625
17209,6637.03662109375
17210,5500.9130859375
17211,6252.26171875
17212,8156.77734375
17213,5676.720703125
17214,5520.2080078125
17215,4812.4599609375
17216,7487.9091796875
17217,7710.0458984375
17218,4042.34326171875
17219,4666.1259765625
17220,6909.7353515625
17221,5567.34033203125
17222,5499.0712890625
17223,5743.65234375
17224,6205.07373046875
17225,7080.21630859375
17226,5360.4599609375
17227,4654.83203125
17228,5416.3505859375
17229,7993.82763671875
17230,6772.6845703125
17231,7721.40771484375
17232,8004.25244140625
17233,4828.81982421875
17234,9023.0830078125
17235,5359.310546875
17236,5163.08056640625
17237,8222.4150390625
17238,5843.24755859375
17239,8879.8798828125
17240,7871.314453125
17241,6081.8603515625
17242,5158.17041015625
17243,7432.40673828125
17244,6635.26025390625
17245,5836.09619140625
17246,4157.7958984375
17247,6619.68798828125
17248,7010.92919921875
17249,5150.0537109375
17250,4087.614013671875
17251,7494.63330078125
17252,5943.1162109375
17253,5970.8154296875
17254,5701.48974609375
17255,5057.478515625
17256,6787.23681640625
17257,6617.91259765625
17258,4825.21435546875
17259,4826.775390625
17260,5469.6875
17261,6616.759765625
17262,3774.613525390625
17263,6527.46435546875
17264,5108.18115234375
17265,7596.62548828125
17266,6839.93603515625
17267,5539.298828125
17268,11197.3662109375
17269,3969.54248046875
17270,5130.42529296875
17271,10757.455078125
17272,6978.92724609375
17273,8030.2001953125
17274,7282.90625
17275,6049.45166015625
17276,6155.5498046875
17277,4656.92529296875
17278,7871.779296875
17279,9194.9501953125
17280,6723.65966796875
17281,1898.0526123046875
17282,4701.7412109375
17283,7857.90673828125
17284,8175.13916015625
17285,5814.205078125
17286,6746.59375
17287,5025.36865234375
17288,3918.105224609375
17289,3984.266845703125
17290,4809.80029296875
17291,6713.07470703125
17292,6775.72265625
17293,5797.455078125
17294,5958.5673828125
17295,7521.83935546875
17296,8019.41650390625
17297,7533.76220703125
17298,4668.78466796875
17299,9248.6083984375
17300,9569.9609375
17301,4661.20849609375
17302,7387.6748046875
17303,5676.27978515625
17304,7118.5087890625
17305,2614.46337890625
17306,6553.31982421875
17307,4833.39306640625
17308,8068.7001953125
17309,6925.96142578125
17310,8417.66796875
17311,8831.87109375
17312,6046.2099609375
17313,7275.64013671875
17314,17820.279296875
17315,8926.9775390625
17316,5984.880859375
17317,2671.656494140625
17318,6730.271484375
17319,8751.15625
17320,6065.4228515625
17321,12299.9638671875
17322,20013.818359375
17323,3437.39697265625
17324,4212.8056640625
17325,9907.3193359375
17326,3944.019287109375
17327,8001.37646484375
17328,5271.3251953125
17329,7054.048828125
17330,5874.94873046875
17331,6343.92724609375
17332,5255.3369140625
17333,7252.8759765625
17334,8793.6708984375
17335,6556.04296875
17336,6038.2333984375
17337,6158.33642578125
17338,4066.093505859375
17339,4826.3154296875
17340,7548.984375
17341,4687.1201171875
17342,5045.6396484375
17343,6640.24658203125
17344,5654.14453125
17345,6274.59326171875
17346,5802.263671875
17347,6019.6015625
17348,8151.6923828125
17349,8737.705078125
17350,8797.4306640625
17351,5386.13427734375
17352,3664.284912109375
17353,5366.625
17354,5103.130859375
17355,5550.08349609375
17356,4494.67431640625
17357,7950.8056640625
17358,5424.0810546875
17359,10086.8232421875
17360,5848.40283203125
17361,5291.64404296875
17362,4925.650390625
17363,4811.7763671875
17364,8526.1015625
17365,4469.17919921875
17366,8073.53515625
17367,15142.041015625
17368,7356.841796875
17369,6775.92041015625
17370,4735.0380859375
17371,4792.87158203125
17372,7015.63134765625
17373,4108.37060546875
17374,5958.984375
17375,10705.59765625
17376,5413.1162109375
17377,13768.892578125
17378,11662.849609375
17379,4619.701171875
17380,6248.44091796875
17381,5296.0087890625
17382,6323.2587890625
17383,6111.35302734375
17384,10862.87109375
17385,6309.3642578125
17386,9427.4169921875
17387,4435.95361328125
17388,7449.10986328125
17389,5454.32275390625
17390,8053.69921875
17391,5483.02685546875
17392,5036.24755859375
17393,6639.2919921875
17394,6545.89794921875
17395,8079.42822265625
17396,9530.8955078125
17397,5842.08251953125
17398,9721.3173828125
17399,6304.06640625
17400,9464.9521484375
17401,5573.60888671875
17402,4482.05224609375
17403,4740.1015625
17404,7950.85791015625
17405,6115.1943359375
17406,7391.013671875
17407,5858.5458984375
17408,8105.7744140625
17409,4750.8681640625
17410,9539.361328125
17411,6560.4453125
17412,3724.110107421875
17413,12078.7431640625
17414,16288.357421875
17415,5809.29638671875
17416,7311.7080078125
17417,10563.2734375
17418,9606.2421875
17419,10731.3984375
17420,6763.6826171875
17421,7043.89990234375
17422,7071.5078125
17423,7828.09130859375
17424,4846.89990234375
17425,5968.1748046875
17426,5173.40625
17427,5049.17919921875
17428,7121.537109375
17429,4743.580078125
17430,3719.156494140625
17431,6847.357421875
17432,3915.139404296875
17433,4124.8330078125
17434,5795.01220703125
17435,5564.859375
17436,8292.076171875
17437,8243.451171875
17438,6598.662109375
17439,6190.73095703125
17440,6651.61474609375
17441,10360.552734375
17442,6724.0439453125
17443,5336.14794921875
17444,5626.0048828125
17445,10605.9228515625
17446,3960.3330078125
17447,7366.74072265625
17448,3846.59375
17449,4341.09814453125
17450,7045.88037109375
17451,7107.7626953125
17452,4890.4111328125
17453,9149.072265625
17454,9515.66015625
17455,11398.373046875
17456,5922.72021484375
17457,8805.1982421875
17458,3031.479736328125
17459,6059.01416015625
17460,6823.8935546875
17461,3644.5595703125
17462,9248.3427734375
17463,5097.3154296875
17464,6948.69189453125
17465,8583.671875
17466,10296.1943359375
17467,7839.10107421875
17468,5457.07861328125
17469,4648.76708984375
17470,11086.1201171875
17471,7198.71728515625
17472,5905.8779296875
17473,5296.0283203125
17474,6405.7724609375
17475,7997.34716796875
17476,5090.20947265625
17477,5439.46435546875
17478,7605.36376953125
17479,7451.7919921875
17480,10755.845703125
17481,7227.3623046875
17482,15367.5224609375
17483,5860.91162109375
17484,6142.05615234375
17485,3789.677001953125
17486,6183.75439453125
17487,5101.96484375
17488,4936.0380859375
17489,7715.841796875
17490,5244.14111328125
17491,4758.01611328125
17492,6923.3681640625
17493,3412.1796875
17494,5509.31982421875
17495,6639.67431640625
17496,6823.76220703125
17497,8789.4326171875
17498,4341.98876953125
17499,8670.1171875
17500,4614.75390625
17501,5546.267578125
17502,5651.40673828125
17503,4931.83837890625
17504,8868.4267578125
17505,6423.5849609375
17506,3863.70166015625
17507,6203.2509765625
17508,8331.921875
17509,6972.08642578125
17510,6257.0341796875
17511,8168.5595703125
17512,5786.4228515625
17513,7392.2998046875
17514,5908.1240234375
17515,8587.8798828125
17516,5808.7099609375
17517,5438.54150390625
17518,5010.30078125
17519,5011.0205078125
17520,4209.23876953125
17521,4344.14208984375
17522,8007.8310546875
17523,8531.8017578125
17524,10828.044921875
17525,9843.3798828125
17526,7897.28466796875
17527,7620.5205078125
17528,5407.49951171875
17529,10256.7998046875
17530,9812.8232421875
17531,7162.59521484375
17532,7244.82275390625
17533,8597.396484375
17534,4460.50146484375
17535,3408.054931640625
17536,7336.80908203125
17537,5938.72900390625
17538,6966.544921875
17539,5184.103515625
17540,1814.130859375
17541,8956.6123046875
17542,5750.330078125
17543,5931.38916015625
17544,5419.7470703125
17545,4392.26708984375
17546,7415.13818359375
17547,6785.15966796875
17548,7184.85546875
17549,5747.2177734375
17550,4089.970947265625
17551,3843.971435546875
17552,3842.07470703125
17553,6997.78857421875
17554,16831.111328125
17555,3687.30224609375
17556,5968.62939453125
17557,7035.1875
17558,5395.046875
17559,4938.1904296875
17560,5087.4921875
17561,4567.84375
17562,7186.54541015625
17563,7247.310546875
17564,3537.234375
17565,7857.93896484375
17566,3954.3857421875
17567,4685.93994140625
17568,9269.791015625
17569,6973.83544921875
17570,9450.921875
17571,4803.53271484375
17572,5907.33251953125
17573,4256.9580078125
17574,5602.0380859375
17575,14695.7607421875
17576,10601.08984375
17577,6702.0126953125
17578,4653.79345703125
17579,5707.3720703125
17580,6097.474609375
17581,4312.22021484375
17582,8696.4501953125
17583,5332.36279296875
17584,4341.7275390625
17585,6516.001953125
17586,3938.35595703125
17587,5630.10302734375
17588,6251.14794921875
17589,6177.05810546875
17590,6545.56982421875
17591,4218.89111328125
17592,4377.79296875
17593,6471.15380859375
17594,7896.72021484375
17595,7679.5224609375
17596,7043.794921875
17597,3770.489501953125
17598,7304.76708984375
17599,6074.0498046875
17600,4565.71240234375
17601,7236.34033203125
17602,7453.01806640625
17603,6100.32080078125
17604,6641.7060546875
17605,6937.6943359375
17606,5697.35693359375
17607,5560.40966796875
17608,7239.23291015625
17609,6851.52197265625
17610,5679.13232421875
17611,8905.0849609375
17612,5536.845703125
17613,4957.14697265625
17614,11160.16015625
17615,5278.37548828125
17616,4258.21533203125
17617,7893.27294921875
17618,9623.8681640625
17619,9855.251953125
17620,4744.5224609375
17621,5726.7099609375
17622,4940.986328125
17623,7412.328125
17624,5980.3662109375
17625,8319.7119140625
17626,2667.35546875
17627,6357.93505859375
17628,5408.77490234375
17629,4556.373046875
17630,4589.44775390625
17631,6134.21435546875
17632,6400.072265625
17633,6083.1044921875
17634,6965.6337890625
17635,6735.0458984375
17636,7521.7548828125
17637,4842.310546875
17638,5543.23828125
17639,5294.05712890625
17640,7192.3544921875
17641,8601.0810546875
17642,3468.745361328125
17643,8203.150390625
17644,5810.41015625
17645,7218.38671875
17646,5250.10546875
17647,3531.9189453125
17648,7572.455078125
17649,5492.83935546875
17650,9411.9658203125
17651,5753.3662109375
17652,5102.6552734375
17653,7802.96875
17654,5805.8193359375
17655,4505.078125
17656,6510.3427734375
17657,5165.52490234375
17658,9420.4404296875
17659,10042.708984375
17660,6466.69140625
17661,4248.79541015625
17662,4811.5107421875
17663,3641.30419921875
17664,3345.755126953125
17665,7417.2353515625
17666,5135.443359375
17667,9766.58984375
17668,3624.919921875
17669,5464.9775390625
17670,5984.44580078125
17671,8823.5947265625
17672,4927.548828125
17673,4792.7216796875
17674,6079.34716796875
17675,6689.3798828125
17676,4451.158203125
17677,6974.09716796875
17678,7256.109375
17679,7707.23193359375
17680,7098.8525390625
17681,7544.02685546875
17682,5061.0361328125
17683,4582.91357421875
17684,4685.2333984375
17685,10394.2412109375
17686,7976.85205078125
17687,9036.8916015625
17688,15778.62890625
17689,5459.30224609375
17690,4188.42333984375
17691,6826.0869140625
17692,8714.0478515625
17693,8929.6123046875
17694,6479.57373046875
17695,7355.9951171875
17696,8252.00390625
17697,6127.490234375
17698,6475.5322265625
17699,5359.90771484375
17700,5264.7744140625
17701,4027.396484375
17702,3908.350830078125
17703,4709.90087890625
17704,7529.7265625
17705,17111.525390625
17706,6274.49560546875
17707,6122.90087890625
17708,7227.67578125
17709,4110.79931640625
17710,5746.36376953125
17711,4293.08642578125
17712,7999.69677734375
17713,6478.58203125
17714,6134.3916015625
17715,12140.3935546875
17716,13603.8740234375
17717,5447.18701171875
17718,6973.1474609375
17719,4826.6962890625
17720,5217.1201171875
17721,5971.16162109375
17722,7503.95654296875
17723,4667.63427734375
17724,4454.32275390625
17725,5599.45703125
17726,4561.34375
17727,6394.72412109375
17728,6831.25048828125
17729,4531.9384765625
17730,7001.97021484375
17731,8216.9931640625
17732,6172.24853515625
17733,4471.923828125
17734,3810.877197265625
17735,7450.091796875
17736,3901.056396484375
17737,10133.634765625
17738,4221.6669921875
17739,4551.41455078125
17740,6298.326171875
17741,5985.056640625
17742,4619.6396484375
17743,5057.15478515625
17744,5933.04052734375
17745,9220.060546875
17746,8108.60400390625
17747,5742.93701171875
17748,4612.12939453125
17749,5519.42626953125
17750,4054.233154296875
17751,5489.25537109375
17752,4544.375
17753,5761.34814453125
17754,10377.3193359375
17755,7303.29931640625
17756,5694.61572265625
17757,6531.33935546875
17758,4579.97900390625
17759,9308.8251953125
17760,5108.39599609375
17761,11152.138671875
17762,5404.8515625
17763,4896.07080078125
17764,5039.56591796875
17765,4161.017578125
17766,6478.19384765625
17767,19344.123046875
17768,4141.47216796875
17769,5454.1142578125
17770,9084.095703125
17771,7619.0029296875
17772,7162.25
17773,7997.4990234375
17774,5736.67138671875
17775,5803.04443359375
17776,3481.37255859375
17777,9027.68359375
17778,5353.35009765625
17779,6470.10986328125
17780,7736.50830078125
17781,4638.86279296875
17782,7422.99365234375
17783,7332.12548828125
17784,3978.58837890625
17785,8789.162109375
17786,9468.70703125
17787,3992.5078125
17788,8176.0166015625
17789,6078.63134765625
17790,4741.66015625
17791,8012.38330078125
17792,6621.39599609375
17793,8286.4462890625
17794,4601.85546875
17795,4793.421875
17796,6404.3251953125
17797,3236.5341796875
17798,7175.52001953125
17799,5229.244140625
17800,5795.0556640625
17801,4867.36669921875
17802,5473.73486328125
17803,5403.5400390625
17804,6656.4462890625
17805,5827.724609375
17806,7926.7529296875
17807,5277.98681640625
17808,8828.8115234375
17809,5907.92822265625
17810,7943.345703125
17811,8595.1318359375
17812,8223.8779296875
17813,3760.910888671875
17814,5295.93701171875
17815,6904.15576171875
17816,5159.7236328125
17817,11897.5673828125
17818,5121.57080078125
17819,6983.34130859375
17820,9917.607421875
17821,7311.580078125
17822,3464.3056640625
17823,10068.4150390625
17824,10111.357421875
17825,5791.9775390625
17826,7176.28564453125
17827,9173.2568359375
17828,6420.99267578125
17829,5943.3095703125
17830,6619.26171875
17831,5114.04638671875
17832,5310.36767578125
17833,7426.630859375
17834,4136.4775390625
17835,6201.046875
17836,6837.49560546875
17837,5891.896484375
17838,7607.095703125
17839,5967.1123046875
17840,6536.0419921875
17841,4919.08349609375
17842,7203.22119140625
17843,6330.93212890625
17844,6645.91845703125
17845,6095.62158203125
17846,5690.76806640625
17847,9332.1826171875
17848,6093.23876953125
17849,4608.1845703125
17850,5658.9501953125
17851,7520.22412109375
17852,6339.7255859375
17853,4368.271484375
17854,3609.72802734375
17855,6549.46630859375
17856,7522.68896484375
17857,5464.32958984375
17858,7546.0703125
17859,6017.1669921875
17860,5779.77587890625
17861,5524.97216796875
17862,3344.018310546875
17863,6227.2509765625
17864,7004.4052734375
17865,6871.4306640625
17866,7866.0966796875
17867,7873.06591796875
17868,5154.9765625
17869,8734.1494140625
17870,4403.716796875
17871,2011.114013671875
17872,7624.50439453125
17873,8898.30859375
17874,6625.60400390625
17875,6749.41943359375
17876,3303.00634765625
17877,5978.15966796875
17878,7491.53662109375
17879,5640.0615234375
17880,7503.0029296875
17881,4168.275390625
17882,4344.3388671875
17883,4575.80322265625
17884,5987.3740234375
17885,4723.2734375
17886,4819.240234375
17887,4900.94873046875
17888,3654.417236328125
17889,5957.24169921875
17890,7155.75244140625
17891,4561.3076171875
17892,6098.30224609375
17893,7341.44677734375
17894,5583.59375
17895,3960.1220703125
17896,8701.5419921875
17897,7194.8525390625
17898,5611.05029296875
17899,3839.5419921875
17900,13592.6181640625
17901,6047.86572265625
17902,5246.423828125
17903,7519.615234375
17904,7329.279296875
17905,6624.93017578125
17906,6358.26806640625
17907,6566.50537109375
17908,8754.5361328125
17909,13604.1640625
17910,5733.21337890625
17911,4152.15478515625
17912,5748.4111328125
17913,6287.126953125
17914,5270.419921875
17915,7100.5576171875
17916,7263.1484375
17917,5227.1494140625
17918,4365.66650390625
17919,5167.1708984375
17920,9840.0615234375
17921,4587.96484375
17922,6706.2119140625
17923,3533.3935546875
17924,5827.56982421875
17925,6433.21533203125
17926,6739.08740234375
17927,7271.669921875
17928,5534.81884765625
17929,3912.40625
17930,5919.37451171875
17931,8325.134765625
17932,8333.88671875
17933,7171.619140625
17934,7579.7880859375
17935,4998.18896484375
17936,4063.721435546875
17937,10364.0869140625
17938,3943.118408203125
17939,9995.6875
17940,6029.1533203125
17941,4475.95556640625
17942,6930.40283203125
17943,4911.17626953125
17944,6795.22607421875
17945,7631.8779296875
17946,4404.68359375
17947,4881.76171875
17948,5969.36767578125
17949,7173.00537109375
17950,8256.23046875
17951,4819.9091796875
17952,5307.9482421875
17953,4777.51953125
17954,6793.5361328125
17955,4876.83935546875
17956,10287.7666015625
17957,8209.1015625
17958,10128.7353515625
17959,4349.97021484375
17960,6703.72265625
17961,12062.2080078125
17962,10213.3173828125
17963,4199.67626953125
17964,8284.72265625
17965,5071.955078125
17966,5847.669921875
17967,5200.80126953125
17968,5627.4365234375
17969,4757.20947265625
17970,4573.19287109375
17971,4217.78955078125
17972,5017.08544921875
17973,9158.404296875
17974,6068.62158203125
17975,22025.79296875
17976,6228.44091796875
17977,3492.86083984375
17978,5519.166015625
17979,8481.189453125
17980,6010.263671875
17981,6394.22900390625
17982,5169.18701171875
17983,6643.86376953125
17984,5888.5908203125
17985,3478.60107421875
17986,4521.4609375
17987,5586.5517578125
17988,6577.228515625
17989,5900.9765625
17990,9265.001953125
17991,3915.023681640625
17992,4390.0205078125
17993,4221.35791015625
17994,7194.69384765625
17995,9376.1123046875
17996,6309.810546875
17997,6504.99169921875
17998,3767.558349609375
17999,5365.765625
18000,3202.97314453125
18001,6932.40185546875
18002,7092.142578125
18003,8716.03125
18004,3952.260498046875
18005,4938.146484375
18006,3469.97900390625
18007,4791.701171875
18008,8036.93603515625
18009,5069.56494140625
18010,4079.966064453125
18011,4881.1953125
18012,6180.90185546875
18013,3275.387939453125
18014,5759.64306640625
18015,3348.011962890625
18016,5776.15380859375
18017,5235.087890625
18018,5684.0107421875
18019,6735.96826171875
18020,4999.21826171875
18021,4781.51025390625
18022,5944.7900390625
18023,6065.46728515625
18024,8476.2275390625
18025,4866.53466796875
18026,7103.9033203125
18027,7534.1884765625
18028,7588.99169921875
18029,5345.71630859375
18030,6992.9990234375
18031,3321.640625
18032,4294.0517578125
18033,5119.18798828125
18034,6100.01220703125
18035,8370.7294921875
18036,5460.57470703125
18037,4506.74462890625
18038,6376.45849609375
18039,5062.8310546875
18040,7454.01708984375
18041,3474.8251953125
18042,11932.9072265625
18043,3245.348388671875
18044,4914.060546875
18045,6775.30908203125
18046,3580.92724609375
18047,4548.29931640625
18048,4773.24560546875
18049,6464.908203125
18050,4916.40185546875
18051,4663.6279296875
18052,6707.3251953125
18053,6624.39111328125
18054,4596.25537109375
18055,3878.17431640625
18056,6626.26904296875
18057,10535.033203125
18058,5531.07958984375
18059,5479.859375
18060,4744.13427734375
18061,5811.18359375
18062,4798.48046875
18063,6374.92236328125
18064,3469.84033203125
18065,5702.1044921875
18066,4742.4140625
18067,4708.23583984375
18068,8196.501953125
18069,3592.340576171875
18070,3862.320068359375
18071,3503.348876953125
18072,6777.0478515625
18073,6950.5048828125
18074,3693.03173828125
18075,3624.654296875
18076,5539.26611328125
18077,4592.818359375
18078,4456.77490234375
18079,5633.79443359375
18080,5513.20263671875
18081,6718.3984375
18082,4362.07958984375
18083,3814.813232421875
18084,4361.23828125
18085,7527.857421875
18086,5708.53369140625
18087,6121.408203125
18088,6229.78515625
18089,4233.81298828125
18090,8453.5869140625
18091,4608.912109375
18092,4479.22509765625
18093,7586.29345703125
18094,4923.97314453125
18095,8204.66015625
18096,6716.02001953125
18097,5161.4306640625
18098,4779.50341796875
18099,6653.5048828125
18100,5523.5390625
18101,5060.546875
18102,3321.32470703125
18103,4760.4716796875
18104,6104.1259765625
18105,4081.861328125
18106,3298.8974609375
18107,6376.65283203125
18108,5278.705078125
18109,5121.0517578125
18110,4744.03076171875
18111,4446.853515625
18112,5973.4443359375
18113,5811.27978515625
18114,4321.2890625
18115,3980.87451171875
18116,5482.666015625
18117,5521.21533203125
18118,3914.12060546875
18119,5350.177734375
18120,4215.33349609375
18121,6644.92919921875
18122,6522.41259765625
18123,5291.57763671875
18124,9654.896484375
18125,4044.896484375
18126,4437.404296875
18127,8436.591796875
18128,5287.42041015625
18129,6923.3876953125
18130,6104.60205078125
18131,4533.060546875
18132,5273.376953125
18133,4617.73681640625
18134,7296.4892578125
18135,8644.9482421875
18136,6947.091796875
18137,1979.5802001953125
18138,3759.154296875
18139,6286.44287109375
18140,5854.646484375
18141,4739.3056640625
18142,4864.03076171875
18143,4126.2744140625
18144,4309.296875
18145,3347.09716796875
18146,4613.93994140625
18147,5815.85107421875
18148,5848.201171875
18149,5310.4267578125
18150,4394.12158203125
18151,6535.8095703125
18152,6954.072265625
18153,6530.94287109375
18154,3448.51611328125
18155,8139.9619140625
18156,7522.1943359375
18157,3841.815673828125
18158,6070.65234375
18159,4936.3291015625
18160,6115.09765625
18161,2283.484130859375
18162,5772.42822265625
18163,4075.201171875
18164,7649.98583984375
18165,6050.14501953125
18166,6619.982421875
18167,7964.8994140625
18168,5010.05322265625
18169,6108.30322265625
18170,16503.81640625
18171,8356.6044921875
18172,4346.17822265625
18173,2311.30126953125
18174,5149.3212890625
18175,6974.6083984375
18176,5105.86572265625
18177,11432.001953125
18178,18591.3203125
18179,3445.677978515625
18180,4161.29296875
18181,10005.865234375
18182,3327.993896484375
18183,6494.66845703125
18184,4638.52392578125
18185,6331.43505859375
18186,4653.5908203125
18187,4845.6005859375
18188,4584.47119140625
18189,6786.82177734375
18190,7531.841796875
18191,5353.33935546875
18192,5268.88525390625
18193,6592.46044921875
18194,3353.512939453125
18195,3953.897705078125
18196,7169.4814453125
18197,4497.64404296875
18198,4715.22509765625
18199,5725.26171875
18200,5377.67822265625
18201,5105.56103515625
18202,5711.38330078125
18203,5468.34130859375
18204,6915.5107421875
18205,8277.6904296875
18206,7636.34619140625
18207,4744.6181640625
18208,2674.58740234375
18209,4523.34814453125
18210,4319.8134765625
18211,4695.583984375
18212,4424.53271484375
18213,6622.19775390625
18214,4938.18408203125
18215,9077.5771484375
18216,5782.8173828125
18217,4706.53515625
18218,4301.68408203125
18219,4715.77001953125
18220,7792.4130859375
18221,3804.019775390625
18222,7036.30712890625
18223,13588.220703125
18224,6180.91943359375
18225,6156.8154296875
18226,4433.115234375
18227,3936.945556640625
18228,5300.9423828125
18229,3352.420654296875
18230,5443.740234375
18231,10872.37109375
18232,4516.01171875
18233,11412.9462890625
18234,10743.94140625
18235,4116.7392578125
18236,5460.35009765625
18237,4790.767578125
18238,5836.18896484375
18239,4932.1923828125
18240,10019.306640625
18241,4872.2470703125
18242,8472.306640625
18243,3584.31982421875
18244,6759.86767578125
18245,4574.88623046875
18246,6969.734375
18247,4940.41552734375
18248,4502.69677734375
18249,5500.67822265625
18250,5489.58447265625
18251,6782.580078125
18252,9026.5595703125
18253,5157.638671875
18254,7674.4912109375
18255,5434.96875
18256,8517.04296875
18257,4475.89208984375
18258,3720.342041015625
18259,3646.35888671875
18260,6160.98779296875
18261,5072.95703125
18262,6689.18017578125
18263,5318.7216796875
18264,7042.302734375
18265,3676.37841796875
18266,7558.51171875
18267,6122.8115234375
18268,3394.57421875
18269,9938.18359375
18270,14772.7001953125
18271,4406.15380859375
18272,5466.37646484375
18273,7038.26025390625
18274,8351.966796875
18275,10153.9990234375
18276,4828.2900390625
18277,5858.9248046875
18278,5390.7119140625
18279,6852.4892578125
18280,4044.0546875
18281,4839.34765625
18282,4119.78857421875
18283,4396.65673828125
18284,6124.4189453125
18285,4449.7958984375
18286,3226.485107421875
18287,6110.5048828125
18288,3408.34326171875
18289,3517.423583984375
18290,5483.79931640625
18291,4558.23828125
18292,7195.61279296875
18293,6874.92919921875
18294,6243.21533203125
18295,5322.66455078125
18296,5840.330078125
18297,9891.072265625
18298,5702.38671875
18299,3934.344970703125
18300,4635.23291015625
18301,9176.5390625
18302,3651.52685546875
18303,5903.3291015625
18304,3536.076904296875
18305,3765.2333984375
18306,6667.6533203125
18307,6739.4248046875
18308,4311.69287109375
18309,7884.73388671875
18310,8507.6064453125
18311,10929.8291015625
18312,5702.58837890625
18313,8102.798828125
18314,2756.813720703125
18315,4376.908203125
18316,5297.8173828125
18317,2992.44873046875
18318,7026.646484375
18319,3860.009521484375
18320,6615.9833984375
18321,7586.18505859375
18322,9173.9892578125
18323,9093.548828125
18324,5190.85009765625
18325,4375.041015625
18326,11417.37890625
18327,6320.26708984375
18328,4955.5947265625
18329,4397.01513671875
18330,5389.05029296875
18331,7678.30224609375
18332,4405.0732421875
18333,5126.486328125
18334,6941.4970703125
18335,6374.83544921875
18336,11192.2470703125
18337,5952.3662109375
18338,12462.1357421875
18339,5023.24169921875
18340,4853.94482421875
18341,2929.16015625
18342,5106.1611328125
18343,4316.67578125
18344,4405.19873046875
18345,6206.5009765625
18346,4312.03515625
18347,4819.767578125
18348,6107.4697265625
18349,2926.3994140625
18350,5497.74072265625
18351,5582.99609375
18352,6709.310546875
18353,7371.8115234375
18354,3663.106201171875
18355,7691.59716796875
18356,4443.48974609375
18357,4985.814453125
18358,4661.8349609375
18359,4502.58935546875
18360,7957.7919921875
18361,5048.1845703125
18362,3491.0205078125
18363,4810.73046875
18364,7353.05126953125
18365,5737.75439453125
18366,5914.01025390625
18367,6741.740234375
18368,5252.859375
18369,5182.24658203125
18370,5182.939453125
18371,7053.625
18372,5198.3740234375
18373,5017.7919921875
18374,4027.170166015625
18375,4032.984130859375
18376,3405.791015625
18377,3485.759521484375
18378,7067.8701171875
18379,8754.740234375
18380,8568.3818359375
18381,8942.8974609375
18382,6667.46142578125
18383,7361.4404296875
18384,5229.07080078125
18385,9829.0576171875
18386,8931.6787109375
18387,5618.162109375
18388,6649.15869140625
18389,6511.259765625
18390,4512.9892578125
18391,3501.862060546875
18392,7201.68701171875
18393,5591.69873046875
18394,5498.177734375
18395,4766.56787109375
18396,1982.43310546875
18397,8850.9716796875
18398,5392.89892578125
18399,5383.5244140625
18400,4274.662109375
18401,3570.68017578125
18402,5562.3056640625
18403,6455.71435546875
18404,6178.65966796875
18405,5351.63232421875
18406,3727.9208984375
18407,3066.044677734375
18408,3333.275390625
18409,6068.28271484375
18410,14731.7421875
18411,3254.324462890625
18412,4910.31591796875
18413,5364.44580078125
18414,4426.2998046875
18415,3601.411865234375
18416,4182.53173828125
18417,3956.64794921875
18418,6691.78564453125
18419,5952.427734375
18420,3007.76708984375
18421,6959.88916015625
18422,3893.680908203125
18423,3948.7373046875
18424,8594.9716796875
18425,5829.1484375
18426,7974.19677734375
18427,4141.349609375
18428,5184.814453125
18429,3674.33935546875
18430,4644.60546875
18431,12709.5625
18432,9268.6240234375
18433,6071.54443359375
18434,4199.84228515625
18435,4741.787109375
18436,4838.98046875
18437,4513.56689453125
18438,10139.5283203125
18439,4939.6474609375
18440,3806.328369140625
18441,5630.65576171875
18442,3153.57421875
18443,5574.52490234375
18444,5645.38037109375
18445,5369.51171875
18446,5709.43310546875
18447,3646.99658203125
18448,4459.04833984375
18449,4995.2265625
18450,7175.2890625
18451,6704.7548828125
18452,6008.681640625
18453,3918.11962890625
18454,6038.697265625
18455,4934.44775390625
18456,3855.23681640625
18457,5826.33203125
18458,6523.90673828125
18459,5318.654296875
18460,6043.44384765625
18461,4942.74560546875
18462,4730.58154296875
18463,4481.14599609375
18464,6545.2373046875
18465,6155.5322265625
18466,5128.669921875
18467,8503.05859375
18468,4747.20166015625
18469,3818.853271484375
18470,9206.779296875
18471,4505.16845703125
18472,3401.53662109375
18473,6351.0849609375
18474,8270.51171875
18475,8827.7666015625
18476,4150.4013671875
18477,4787.576171875
18478,5190.53125
18479,6155.0908203125
18480,4934.2744140625
18481,6950.5771484375
18482,2832.010986328125
18483,3994.216552734375
18484,4619.56396484375
18485,4257.91552734375
18486,4315.93115234375
18487,5526.4658203125
18488,5391.09130859375
18489,5586.265625
18490,6026.9638671875
18491,5936.87353515625
18492,6443.05517578125
18493,4173.775390625
18494,4934.98486328125
18495,5095.38232421875
18496,6632.85595703125
18497,6249.2568359375
18498,3904.486328125
18499,8018.85791015625
18500,5354.19775390625
18501,5894.771484375
18502,4310.56298828125
18503,3265.138916015625
18504,6889.7109375
18505,4715.08740234375
18506,8022.07958984375
18507,5360.41552734375
18508,4627.830078125
18509,6848.72412109375
18510,5264.98828125
18511,4463.4423828125
18512,6374.96044921875
18513,4843.546875
18514,8396.154296875
18515,8492.9287109375
18516,6145.06396484375
18517,3697.160400390625
18518,4100.197265625
18519,3306.64208984375
18520,3232.904296875
18521,6044.8935546875
18522,3919.603271484375
18523,7178.400390625
18524,3639.594970703125
18525,4838.7490234375
18526,5402.330078125
18527,6566.3740234375
18528,4579.94384765625
18529,4179.2568359375
18530,4408.423828125
18531,6188.21826171875
18532,4268.556640625
18533,5715.66552734375
18534,6674.2392578125
18535,7076.70263671875
18536,6583.169921875
18537,6470.8359375
18538,4533.31689453125
18539,3949.7783203125
18540,3888.14599609375
18541,8002.80078125
18542,7204.830078125
18543,8994.2060546875
18544,13997.0
18545,3942.017578125
18546,3894.17724609375
18547,5379.51318359375
18548,7509.853515625
18549,7676.00732421875
18550,5728.69580078125
18551,6810.07373046875
18552,6914.10595703125
18553,6191.60205078125
18554,5147.77099609375
18555,4377.17822265625
18556,4673.1201171875
18557,3348.9228515625
18558,3611.269287109375
18559,3854.669677734375
18560,6546.083984375
18561,13162.2236328125
18562,5324.6865234375
18563,5082.07958984375
18564,5657.7451171875
18565,3519.007080078125
18566,5652.55224609375
18567,3798.47802734375
18568,8534.85546875
18569,5585.1064453125
18570,5212.00927734375
18571,10998.4228515625
18572,10336.6689453125
18573,4256.68408203125
18574,6450.27978515625
18575,4191.57958984375
18576,4699.2666015625
18577,5744.89111328125
18578,6913.1416015625
18579,3420.359375
18580,3870.133056640625
18581,5288.865234375
18582,4321.43798828125
18583,4666.88525390625
18584,5700.37255859375
18585,4154.64306640625
18586,6087.4951171875
18587,6855.83544921875
18588,4790.5322265625
18589,3773.77783203125
18590,2730.02734375
18591,6988.93505859375
18592,3887.25927734375
18593,8251.13671875
18594,3622.131103515625
18595,4199.99609375
18596,5457.98388671875
18597,5684.6728515625
18598,4131.15576171875
18599,4448.1083984375
18600,5276.33544921875
18601,7673.4013671875
18602,7249.234375
18603,4931.97265625
18604,4434.1884765625
18605,5555.892578125
18606,3672.56298828125
18607,4270.720703125
18608,4107.81787109375
18609,5372.58837890625
18610,10021.2158203125
18611,6509.35693359375
18612,4790.25146484375
18613,6352.65966796875
18614,4333.56591796875
18615,7894.2333984375
18616,4469.11328125
18617,9897.7099609375
18618,4414.14990234375
18619,4232.935546875
18620,3881.130615234375
18621,3070.608154296875
18622,6208.94384765625
18623,17497.1171875
18624,2975.416259765625
18625,3958.283203125
18626,7158.63623046875
18627,5528.4560546875
18628,6648.0419921875
18629,6954.94091796875
18630,4413.2685546875
18631,5336.8076171875
18632,3890.91162109375
18633,8456.0283203125
18634,4655.3662109375
18635,5759.06396484375
18636,7082.95263671875
18637,4588.33203125
18638,6858.326171875
18639,5432.70849609375
18640,3605.988525390625
18641,7824.3935546875
18642,8085.439453125
18643,3909.18994140625
18644,7084.87890625
18645,5310.4189453125
18646,4539.65283203125
18647,6856.01123046875
18648,5761.525390625
18649,6581.1337890625
18650,4097.60546875
18651,3851.284423828125
18652,6321.7763671875
18653,3138.018798828125
18654,6571.220703125
18655,4059.252685546875
18656,5061.5595703125
18657,4145.36279296875
18658,4968.99169921875
18659,5242.27880859375
18660,6211.95556640625
18661,4952.9072265625
18662,6753.45703125
18663,4793.44873046875
18664,6070.0791015625
18665,5676.64794921875
18666,5982.853515625
18667,7896.201171875
18668,7096.41015625
18669,2927.605224609375
18670,5148.4111328125
18671,6261.26416015625
18672,5081.8115234375
18673,10901.134765625
18674,4464.66943359375
18675,6003.1357421875
18676,8609.5615234375
18677,6236.15771484375
18678,3156.617431640625
18679,9123.7939453125
18680,9005.15625
18681,5272.46826171875
18682,6252.591796875
18683,8647.6484375
18684,4993.82470703125
18685,4308.71533203125
18686,5302.7783203125
18687,4409.86962890625
18688,5077.13037109375
18689,6003.07958984375
18690,3879.82177734375
18691,5359.8203125
18692,5805.908203125
18693,4748.2783203125
18694,6076.02197265625
18695,5616.43505859375
18696,5122.27490234375
18697,4985.97314453125
18698,6172.11474609375
18699,5076.50927734375
18700,5709.2177734375
18701,5830.67041015625
18702,4934.74560546875
18703,8509.28515625
18704,4805.40966796875
18705,4785.3583984375
18706,4816.3466796875
18707,6376.22314453125
18708,5491.39111328125
18709,3867.28857421875
18710,3205.4814453125
18711,6510.375
18712,6777.791015625
18713,4681.55419921875
18714,6331.60205078125
18715,4806.83203125
18716,4584.919921875
18717,3801.906982421875
18718,2183.948486328125
18719,5743.87255859375
18720,5461.94921875
18721,5004.0947265625
18722,7661.1435546875
18723,6549.33056640625
18724,4198.3515625
18725,7639.146484375
18726,4032.044189453125
18727,2575.47119140625
18728,5888.38330078125
18729,7696.04296875
18730,6694.37548828125
18731,5557.94775390625
18732,3482.728271484375
18733,5196.1171875
18734,5867.0830078125
18735,4859.2294921875
18736,6611.89501953125
18737,3381.4892578125
18738,4144.8916015625
18739,4612.5537109375
18740,4666.12646484375
18741,3639.850341796875
18742,3832.708251953125
18743,3527.689208984375
18744,3648.083740234375
18745,6076.5244140625
18746,5829.79150390625
18747,3832.87646484375
18748,5416.30908203125
18749,5520.39306640625
18750,4974.51025390625
18751,3404.511962890625
18752,6820.81591796875
18753,5948.45751953125
18754,4585.17333984375
18755,3327.697021484375
18756,9514.09375
18757,5289.55859375
18758,4317.16015625
18759,6315.0888671875
18760,5589.87939453125
18761,5788.04150390625
18762,5179.7333984375
18763,6110.57373046875
18764,6726.13818359375
18765,11632.9013671875
18766,4137.455078125
18767,3930.156982421875
18768,4913.2998046875
18769,5915.1796875
18770,4931.27978515625
18771,5541.92041015625
18772,6065.26220703125
18773,4709.33935546875
18774,3724.452880859375
18775,4511.85302734375
18776,10698.49609375
18777,3437.755859375
18778,6436.3896484375
18779,3338.728759765625
18780,5204.39013671875
18781,6393.248046875
18782,5700.91357421875
18783,6084.154296875
18784,5031.0634765625
18785,3259.720703125
18786,5537.828125
18787,5980.61279296875
18788,7002.40771484375
18789,5803.5390625
18790,6693.53662109375
18791,4548.36083984375
18792,3898.56396484375
18793,8509.3291015625
18794,3531.3818359375
18795,8227.982421875
18796,4624.6611328125
18797,3565.2236328125
18798,6399.79541015625
18799,4946.56494140625
18800,6337.28759765625
18801,7071.39892578125
18802,3326.482177734375
18803,3944.87841796875
18804,5482.517578125
18805,6490.85693359375
18806,8223.13671875
18807,4084.877685546875
18808,4752.1513671875
18809,4428.8017578125
18810,5648.47119140625
18811,4239.19873046875
18812,8148.65234375
18813,7158.033203125
18814,10458.0869140625
18815,4197.79248046875
18816,4651.0126953125
18817,10455.8994140625
18818,8337.8193359375
18819,3219.429443359375
18820,8406.837890625
18821,4796.57421875
18822,4931.09619140625
18823,4336.111328125
18824,4842.44482421875
18825,4564.3515625
18826,3944.320556640625
18827,4025.52001953125
18828,4126.95947265625
18829,7611.802734375
18830,6516.369140625
18831,19591.8515625
18832,5509.25
18833,3519.95556640625
18834,5095.6494140625
18835,7946.18994140625
18836,4808.75927734375
18837,6215.42822265625
18838,4700.69287109375
18839,6861.44873046875
18840,5740.92919921875
18841,3269.253662109375
18842,4336.62109375
18843,4925.90478515625
18844,6053.2314453125
18845,5470.10693359375
18846,8039.224609375
18847,4012.4248046875
18848,3869.66748046875
18849,4217.86962890625
18850,7020.6396484375
18851,8470.84375
18852,5548.5380859375
18853,6479.556640625
18854,3488.542236328125
18855,5172.1318359375
18856,2853.658447265625
18857,7001.40673828125
18858,7262.0107421875
18859,8682.46484375
18860,3983.968505859375
18861,4829.16943359375
18862,3109.868896484375
18863,4646.119140625
18864,8646.451171875
18865,5114.845703125
18866,3673.883056640625
18867,4994.1669921875
18868,6413.13427734375
18869,2856.095458984375
18870,5699.93017578125
18871,3236.525634765625
18872,5160.28564453125
18873,4817.763671875
18874,5179.74853515625
18875,6551.2880859375
18876,4681.466796875
18877,5321.27001953125
18878,5856.41162109375
18879,5263.34375
18880,8088.2236328125
18881,4734.025390625
18882,6652.2626953125
18883,7669.98193359375
18884,7239.189453125
18885,5004.8447265625
18886,6346.33251953125
18887,2912.344970703125
18888,3969.75732421875
18889,4914.37939453125
18890,5624.666015625
18891,7806.541015625
18892,5279.95458984375
18893,4112.48974609375
18894,5664.39013671875
18895,5344.69091796875
18896,5975.103515625
18897,3433.988037109375
18898,11931.5185546875
18899,3037.01708984375
18900,4681.7626953125
18901,6687.443359375
18902,3461.537353515625
18903,3908.969482421875
18904,4436.70654296875
18905,6134.93359375
18906,4137.48291015625
18907,4082.49755859375
18908,6369.90576171875
18909,6231.912109375
18910,4839.9287109375
18911,3819.130615234375
18912,6740.45556640625
18913,9839.0791015625
18914,5979.44873046875
18915,5013.97021484375
18916,4605.71533203125
18917,5718.30126953125
18918,5055.314453125
18919,6465.84375
18920,3452.526611328125
18921,5566.26123046875
18922,4996.8623046875
18923,5252.07861328125
18924,8286.2763671875
18925,3864.498779296875
18926,3992.846435546875
18927,3149.94091796875
18928,6307.939453125
18929,6592.33544921875
18930,3864.24560546875
18931,3365.3134765625
18932,5291.29443359375
18933,4563.626953125
18934,4279.7841796875
18935,5246.21337890625
18936,5475.8095703125
18937,6483.361328125
18938,4165.28369140625
18939,3955.58544921875
18940,4452.93310546875
18941,6716.07275390625
18942,5396.0615234375
18943,6056.14208984375
18944,6468.05419921875
18945,4252.4921875
18946,8030.8994140625
18947,4551.4208984375
18948,4544.75
18949,6810.14111328125
18950,4696.9130859375
18951,7968.978515625
18952,6998.00537109375
18953,4982.2236328125
18954,4339.55029296875
18955,6161.50048828125
18956,5371.017578125
18957,4773.98681640625
18958,3225.84375
18959,4745.09130859375
18960,6053.24462890625
18961,3721.534423828125
18962,3282.04345703125
18963,6243.63671875
18964,5208.9638671875
18965,4818.92578125
18966,4117.10205078125
18967,4261.166015625
18968,5460.27978515625
18969,5305.43505859375
18970,4076.338134765625
18971,3832.0146484375
18972,5181.900390625
18973,5526.7919921875
18974,3738.494140625
18975,4908.4365234375
18976,4220.45556640625
18977,6668.810546875
18978,6174.06982421875
18979,5208.57177734375
18980,9732.6572265625
18981,4430.9833984375
18982,4025.815185546875
18983,8707.1455078125
18984,5243.0986328125
18985,6800.279296875
18986,5971.814453125
18987,3643.684326171875
18988,5160.9140625
18989,4433.259765625
18990,6481.8701171875
18991,8668.27734375
18992,5908.26318359375
18993,1851.638916015625
18994,4082.78173828125
18995,6096.0205078125
18996,6296.24072265625
18997,5082.0859375
18998,4533.85400390625
18999,4027.012939453125
19000,3934.408203125
19001,3319.3349609375
19002,4486.1826171875
19003,5532.4140625
19004,5550.9453125
19005,5268.31982421875
19006,4474.13916015625
19007,6570.23095703125
19008,6419.177734375
19009,6361.8271484375
19010,3612.23779296875
19011,7940.71435546875
19012,7457.20361328125
19013,3832.064453125
19014,5646.23388671875
19015,4433.30419921875
19016,6079.2275390625
19017,2090.275634765625
19018,5294.91455078125
19019,3937.11669921875
19020,7448.41357421875
19021,5584.81689453125
19022,6739.87744140625
19023,7514.46044921875
19024,5134.9296875
19025,6138.650390625
19026,16027.8447265625
19027,8587.9638671875
19028,4344.912109375
19029,2446.59130859375
19030,5268.18896484375
19031,6407.31005859375
19032,5087.94384765625
19033,11084.8798828125
19034,18462.037109375
19035,3241.013916015625
19036,3903.5048828125
19037,8358.6953125
19038,3653.836669921875
19039,6535.7177734375
19040,3985.564208984375
19041,6165.9013671875
19042,4492.8427734375
19043,5239.39208984375
19044,4531.11328125
19045,6216.76171875
19046,7358.38818359375
19047,4913.68359375
19048,4841.5419921875
19049,5671.77587890625
19050,3682.830322265625
19051,3668.285400390625
19052,7269.296875
19053,4066.593505859375
19054,4337.77294921875
19055,5581.47509765625
19056,4834.87158203125
19057,5019.25146484375
19058,5483.8955078125
19059,5352.32861328125
19060,6469.62841796875
19061,8091.46337890625
19062,7007.275390625
19063,4666.3798828125
19064,2546.9130859375
19065,4811.83447265625
19066,3827.255126953125
19067,4131.82470703125
19068,4141.896484375
19069,6493.97265625
19070,4793.13623046875
19071,8597.6787109375
19072,5397.89501953125
19073,4409.60400390625
19074,3975.3466796875
19075,4421.02197265625
19076,7403.97412109375
19077,3826.242919921875
19078,6625.00732421875
19079,12535.005859375
19080,5941.0302734375
19081,4905.13818359375
19082,3573.0068359375
19083,3737.027099609375
19084,4682.32861328125
19085,3399.76708984375
19086,5284.8916015625
19087,9572.005859375
19088,4418.5029296875
19089,11409.392578125
19090,10312.7109375
19091,3665.224609375
19092,5721.91162109375
19093,4714.7373046875
19094,5508.6533203125
19095,4943.12548828125
19096,9948.103515625
19097,4134.97216796875
19098,7537.98876953125
19099,3204.0302734375
19100,6784.7412109375
19101,4271.1005859375
19102,6848.42822265625
19103,4927.86279296875
19104,4565.974609375
19105,4903.404296875
19106,5592.8564453125
19107,6550.6025390625
19108,8345.74609375
19109,4908.02001953125
19110,7753.6103515625
19111,4856.455078125
19112,8040.0185546875
19113,4328.6376953125
19114,3862.682373046875
19115,3449.730224609375
19116,6212.8740234375
19117,4964.5859375
19118,5730.01220703125
19119,5280.744140625
19120,6999.607421875
19121,3468.953369140625
19122,5899.5537109375
19123,5771.654296875
19124,3110.36962890625
19125,10998.009765625
19126,13672.861328125
19127,4476.720703125
19128,5470.5810546875
19129,6813.73486328125
19130,8061.69482421875
19131,9451.5888671875
19132,4722.6494140625
19133,5889.7607421875
19134,5391.9072265625
19135,6232.7802734375
19136,3861.03173828125
19137,4437.1875
19138,4112.37890625
19139,4161.919921875
19140,6279.15869140625
19141,4263.44970703125
19142,3087.061767578125
19143,5927.21240234375
19144,3221.650634765625
19145,3555.747314453125
19146,4950.6396484375
19147,5332.86767578125
19148,6867.23388671875
19149,6819.2958984375
19150,6007.556640625
19151,4875.2060546875
19152,5430.67041015625
19153,8719.7900390625
19154,5480.515625
19155,3749.707763671875
19156,4212.70361328125
19157,8661.677734375
19158,3452.4765625
19159,5715.09765625
19160,3363.293701171875
19161,4323.96240234375
19162,5661.1162109375
19163,6058.92822265625
19164,4039.212890625
19165,7115.728515625
19166,7865.67333984375
19167,10851.9794921875
19168,5305.34375
19169,7278.52685546875
19170,2929.67529296875
19171,4783.35546875
19172,5204.86083984375
19173,2726.69580078125
19174,7262.169921875
19175,3747.8369140625
19176,6555.0732421875
19177,7710.75830078125
19178,9381.0087890625
19179,7800.1494140625
19180,4794.66162109375
19181,3821.774658203125
19182,12449.9765625
19183,6662.34423828125
19184,4710.669921875
19185,3988.1025390625
19186,5482.66357421875
19187,6818.71044921875
19188,4661.69775390625
19189,5165.91015625
19190,6663.189453125
19191,6041.06982421875
19192,10810.3720703125
19193,5761.02587890625
19194,12927.87890625
19195,4978.31689453125
19196,4516.7353515625
19197,2741.3759765625
19198,5270.10107421875
19199,4176.19482421875
19200,3981.32177734375
19201,5867.16748046875
19202,3871.997314453125
19203,3675.48779296875
19204,5771.28271484375
19205,2957.572998046875
19206,5272.81640625
19207,5372.38916015625
19208,6372.525390625
19209,6664.97314453125
19210,3699.625244140625
19211,7491.6123046875
19212,4509.748046875
19213,4711.3779296875
19214,4784.357421875
19215,4644.42236328125
19216,7395.09326171875
19217,4756.5439453125
19218,3494.121337890625
19219,5470.89306640625
19220,7082.95263671875
19221,5212.20458984375
19222,5820.3896484375
19223,7270.18896484375
19224,5210.08349609375
19225,5353.28076171875
19226,5282.6552734375
19227,6136.32958984375
19228,4191.5205078125
19229,4545.36865234375
19230,3994.474609375
19231,3950.56201171875
19232,3274.405029296875
19233,3551.28515625
19234,7055.7216796875
19235,8102.19287109375
19236,8834.904296875
19237,8341.1298828125
19238,6358.23876953125
19239,7205.0517578125
19240,4374.6103515625
19241,9910.28125
19242,8492.9755859375
19243,6121.83837890625
19244,6487.73388671875
19245,5943.0634765625
19246,4275.25732421875
19247,3594.401611328125
19248,7082.7685546875
19249,5242.37109375
19250,5217.64599609375
19251,4705.1884765625
19252,2298.60986328125
19253,8129.97314453125
19254,5259.46484375
19255,5622.31884765625
19256,3864.392578125
19257,3805.69091796875
19258,5521.423828125
19259,6529.30908203125
19260,5323.7978515625
19261,5276.7666015625
19262,3572.059326171875
19263,3609.609619140625
19264,2983.779296875
19265,5680.0107421875
19266,14076.87109375
19267,3109.09326171875
19268,4657.51416015625
19269,5481.51220703125
19270,3861.339599609375
19271,4021.86865234375
19272,3841.435302734375
19273,3755.4384765625
19274,5944.7353515625
19275,5832.55517578125
19276,3288.17236328125
19277,6998.02880859375
19278,3415.608642578125
19279,4092.31494140625
19280,8396.341796875
19281,6070.9208984375
19282,7936.4462890625
19283,3972.855224609375
19284,4699.22607421875
19285,3962.724609375
19286,4706.67431640625
19287,13436.0546875
19288,9432.31640625
19289,5920.0556640625
19290,4159.10498046875
19291,4528.837890625
19292,4638.4677734375
19293,3548.538330078125
19294,7913.30712890625
19295,5136.4580078125
19296,4198.857421875
19297,5274.40673828125
19298,3576.428466796875
19299,5068.255859375
19300,5272.7939453125
19301,5333.60986328125
19302,5126.42578125
19303,3378.27392578125
19304,4424.646484375
19305,5427.86962890625
19306,6944.04541015625
19307,6240.833984375
19308,5788.228515625
19309,3364.575439453125
19310,6234.8427734375
19311,4996.92236328125
19312,3610.8515625
19313,5489.74755859375
19314,6332.4169921875
19315,4987.521484375
19316,5822.60107421875
19317,4784.21240234375
19318,4616.53564453125
19319,4192.27392578125
19320,5833.83349609375
19321,5658.91650390625
19322,4768.74462890625
19323,8145.57861328125
19324,4611.76220703125
19325,3747.26220703125
19326,9224.40625
19327,4285.59423828125
19328,3625.629150390625
19329,5789.4873046875
19330,8042.92041015625
19331,8439.7685546875
19332,4362.50634765625
19333,4454.15283203125
19334,4726.5546875
19335,6230.4873046875
19336,4552.0712890625
19337,7034.99755859375
19338,2802.50830078125
19339,4397.03076171875
19340,4575.580078125
19341,4241.34912109375
19342,3773.85595703125
19343,5723.36669921875
19344,5580.25732421875
19345,5536.19287109375
19346,6019.07421875
19347,5791.0810546875
19348,6246.1025390625
19349,4337.18603515625
19350,5092.41650390625
19351,5100.19287109375
19352,5960.10302734375
19353,5628.98828125
19354,2312.022216796875
19355,7804.71435546875
19356,4984.70947265625
19357,5359.67626953125
19358,4568.5390625
19359,3000.362060546875
19360,6510.13427734375
19361,4598.29443359375
19362,8082.837890625
19363,4952.0546875
19364,4575.44091796875
19365,5989.9765625
19366,4743.8232421875
19367,4042.104248046875
19368,6072.8388671875
19369,4261.82763671875
19370,7660.02978515625
19371,8313.208984375
19372,5762.41845703125
19373,3555.09521484375
19374,3977.793212890625
19375,3111.430419921875
19376,3180.64501953125
19377,5886.88671875
19378,4038.29833984375
19379,6617.10498046875
19380,3189.738037109375
19381,4366.11865234375
19382,5109.8896484375
19383,6880.51513671875
19384,4281.72216796875
19385,4163.01953125
19386,4119.56982421875
19387,5950.55078125
19388,3634.717529296875
19389,5719.5625
19390,6320.8564453125
19391,6665.25
19392,6074.3642578125
19393,6269.865234375
19394,4265.16845703125
19395,3616.56396484375
19396,3836.293212890625
19397,8652.4404296875
19398,6909.7470703125
19399,8408.1484375
19400,13580.517578125
19401,3892.856689453125
19402,3513.5654296875
19403,4988.6279296875
19404,7334.8486328125
19405,7446.15380859375
19406,5847.47705078125
19407,6248.255859375
19408,6631.48974609375
19409,5875.77294921875
19410,5011.37548828125
19411,3855.343017578125
19412,4454.7548828125
19413,3182.046142578125
19414,3335.04736328125
19415,3904.75439453125
19416,6244.05078125
19417,13374.3134765625
19418,5483.32958984375
19419,5190.26953125
19420,5876.3759765625
19421,3221.248046875
19422,5702.5263671875
19423,3761.6328125
19424,7942.70703125
19425,5483.7900390625
19426,5165.0615234375
19427,10037.0625
19428,10654.10546875
19429,4796.0322265625
19430,5688.875
19431,3511.66455078125
19432,4506.5361328125
19433,5830.162109375
19434,6089.52880859375
19435,3733.71240234375
19436,3739.73583984375
19437,5277.189453125
19438,4115.32080078125
19439,4769.529296875
19440,5078.4091796875
19441,3827.059814453125
19442,5683.39697265625
19443,6298.07470703125
19444,5049.970703125
19445,3224.697509765625
19446,3104.634033203125
19447,6918.220703125
19448,3718.636474609375
19449,8131.109375
19450,3431.4599609375
19451,4377.5166015625
19452,5017.95947265625
19453,5162.9638671875
19454,3767.776123046875
19455,4345.28759765625
19456,5105.4599609375
19457,7937.06494140625
19458,7149.482421875
19459,4555.47509765625
19460,3796.90673828125
19461,4899.18994140625
19462,3413.2958984375
19463,4117.98388671875
19464,3968.063232421875
19465,5123.40087890625
19466,9636.2119140625
19467,5647.66943359375
19468,4526.8115234375
19469,6193.65185546875
19470,4159.31494140625
19471,8059.99072265625
19472,4200.53173828125
19473,9422.40625
19474,4530.68505859375
19475,3682.37841796875
19476,3572.85595703125
19477,2932.778076171875
19478,5738.9140625
19479,15940.1650390625
19480,3434.611328125
19481,3803.679931640625
19482,6698.140625
19483,5253.22216796875
19484,6704.02783203125
19485,6592.8876953125
19486,4238.50244140625
19487,4748.42431640625
19488,3568.497314453125
19489,7689.2626953125
19490,4763.2744140625
19491,5715.2392578125
19492,7082.9931640625
19493,4454.4345703125
19494,6812.2626953125
19495,4885.6357421875
19496,3650.57080078125
19497,6817.232421875
19498,7759.34130859375
19499,3948.396240234375
19500,6592.09326171875
19501,5048.302734375
19502,4338.0087890625
19503,6399.26953125
19504,5166.3203125
19505,6123.69384765625
19506,3742.013427734375
19507,3604.614990234375
19508,6474.4521484375
19509,3365.685302734375
19510,6193.72802734375
19511,4413.24072265625
19512,4733.93896484375
19513,4059.306396484375
19514,4715.06298828125
19515,5495.12255859375
19516,5989.71484375
19517,4973.17822265625
19518,6195.1728515625
19519,4287.99951171875
19520,6075.5546875
19521,5845.82470703125
19522,6089.2685546875
19523,7305.3037109375
19524,6859.1787109375
19525,2831.74853515625
19526,5034.34130859375
19527,6177.23486328125
19528,5350.515625
19529,10594.4267578125
19530,4531.71044921875
19531,5751.52490234375
19532,8229.279296875
19533,5824.63232421875
19534,3415.160888671875
19535,9200.8798828125
19536,8312.947265625
19537,5181.03564453125
19538,5678.03271484375
19539,8096.951171875
19540,5043.0224609375
19541,4414.97119140625
19542,5478.50927734375
19543,4549.162109375
19544,4877.49560546875
19545,5844.8720703125
19546,3873.0234375
19547,5092.70947265625
19548,5300.7099609375
19549,4820.90087890625
19550,5566.10595703125
19551,5376.34765625
19552,4839.38916015625
19553,4481.66015625
19554,5869.67578125
19555,5145.3076171875
19556,5221.5234375
19557,5938.02490234375
19558,4854.72900390625
19559,7947.2509765625
19560,4664.5263671875
19561,4437.67578125
19562,4580.857421875
19563,6245.23583984375
19564,5277.98291015625
19565,3963.875244140625
19566,3037.219970703125
19567,7081.42626953125
19568,6485.80126953125
19569,4243.74951171875
19570,5727.71533203125
19571,4972.79150390625
19572,5502.6259765625
19573,3765.988037109375
19574,2674.502197265625
19575,5624.7158203125
19576,5439.6962890625
19577,4579.39794921875
19578,7318.03662109375
19579,6942.81298828125
19580,4306.89990234375
19581,7215.92431640625
19582,3857.198974609375
19583,2035.1553955078125
19584,5387.24853515625
19585,8879.671875
19586,5300.888671875
19587,5535.72119140625
19588,2858.47802734375
19589,4882.1474609375
19590,6227.63916015625
19591,4743.40087890625
19592,5750.72705078125
19593,3325.057373046875
19594,3697.04150390625
19595,4256.46728515625
19596,4414.57958984375
19597,3647.889892578125
19598,3451.105712890625
19599,3625.366943359375
19600,3427.7119140625
19601,6349.19384765625
19602,6109.7255859375
19603,3523.983642578125
19604,5224.044921875
19605,5576.6298828125
19606,4577.7900390625
19607,3531.313232421875
19608,6357.58056640625
19609,6577.74609375
19610,4041.909423828125
19611,3217.457763671875
19612,8767.6923828125
19613,4852.029296875
19614,4115.048828125
19615,6181.65234375
19616,6267.75830078125
19617,5708.8076171875
19618,5068.6201171875
19619,5944.67138671875
19620,6804.0107421875
19621,11687.62890625
19622,3871.1064453125
19623,3689.251708984375
19624,4248.4482421875
19625,5120.47998046875
19626,4500.92724609375
19627,6323.1591796875
19628,5891.09326171875
19629,5172.5751953125
19630,3075.081787109375
19631,4171.3564453125
19632,9052.9482421875
19633,3385.404052734375
19634,5889.80224609375
19635,3585.5322265625
19636,5039.82763671875
19637,6247.849609375
19638,5428.68017578125
19639,5885.19140625
19640,5024.8974609375
19641,3261.262451171875
19642,5349.45751953125
19643,5836.04443359375
19644,6937.56982421875
19645,5503.94189453125
19646,6318.95068359375
19647,4437.978515625
19648,3335.5791015625
19649,8375.5205078125
19650,3009.09375
19651,8349.1064453125
19652,4912.3486328125
19653,3472.600341796875
19654,5838.37841796875
19655,4846.185546875
19656,6146.48291015625
19657,7103.15771484375
19658,3119.36376953125
19659,3518.342529296875
19660,5597.73828125
19661,5540.482421875
19662,8013.5654296875
19663,4369.3896484375
19664,4034.683837890625
19665,4802.43017578125
19666,5116.57275390625
19667,4463.51611328125
19668,8008.1826171875
19669,7021.904296875
19670,9549.6640625
19671,3810.587646484375
19672,4840.119140625
19673,9978.3671875
19674,8365.564453125
19675,3376.399169921875
19676,7491.966796875
19677,4684.89013671875
19678,4343.89697265625
19679,4129.86376953125
19680,4975.7138671875
19681,4124.61962890625
19682,4039.205810546875
19683,3835.25634765625
19684,4371.25
19685,7248.998046875
19686,5668.81884765625
19687,19539.71875
19688,4666.40869140625
19689,3439.341552734375
19690,5320.67578125
19691,8541.2421875
19692,4908.447265625
19693,6286.927734375
19694,4784.7763671875
19695,6625.240234375
19696,5611.01123046875
19697,3450.570068359375
19698,4386.73779296875
19699,5024.6552734375
19700,6087.140625
19701,5881.7265625
19702,8543.498046875
19703,4334.154296875
19704,3976.37939453125
19705,4401.49365234375
19706,6709.33984375
19707,8512.486328125
19708,6572.6103515625
19709,6579.64501953125
19710,3307.7275390625
19711,5170.087890625
19712,2886.342041015625
19713,7240.62841796875
19714,6648.076171875
19715,8873.279296875
19716,4141.99169921875
19717,4758.099609375
19718,3295.316162109375
19719,4532.68115234375
19720,7825.36572265625
19721,4960.77294921875
19722,3515.25927734375
19723,4591.07421875
19724,5772.75634765625
19725,3020.412841796875
19726,5564.76953125
19727,3091.0869140625
19728,5286.69970703125
19729,5008.14501953125
19730,5261.0419921875
19731,6303.638671875
19732,4747.21826171875
19733,4692.39208984375
19734,5978.88525390625
19735,4899.07958984375
19736,7921.1376953125
19737,4393.50634765625
19738,6583.13525390625
19739,7268.91015625
19740,7437.17236328125
19741,4970.7109375
19742,6508.0498046875
19743,3262.933837890625
19744,4134.80908203125
19745,4659.97265625
19746,5406.0869140625
19747,8210.84375
19748,5357.90380859375
19749,4145.1962890625
19750,5618.02783203125
19751,5308.1298828125
19752,6102.70751953125
19753,3305.00634765625
19754,11753.6318359375
19755,2871.333251953125
19756,4675.56787109375
19757,6532.20068359375
19758,3623.646728515625
19759,3860.281494140625
19760,4453.4189453125
19761,6373.2431640625
19762,4267.013671875
19763,4454.1884765625
19764,6356.56396484375
19765,6018.79345703125
19766,4555.671875
19767,3634.61474609375
19768,6305.8349609375
19769,9639.7763671875
19770,5649.89306640625
19771,5190.74609375
19772,4593.42138671875
19773,5568.98828125
19774,4532.65966796875
19775,6546.27587890625
19776,3258.966064453125
19777,5565.63330078125
19778,4863.384765625
19779,5422.73388671875
19780,8168.03759765625
19781,3773.421630859375
19782,3798.346435546875
19783,3494.283447265625
19784,6360.45361328125
19785,6863.00732421875
19786,3507.927490234375
19787,3419.292724609375
19788,5165.28271484375
19789,4420.93603515625
19790,4375.7724609375
19791,4986.27587890625
19792,5155.68994140625
19793,6232.14892578125
19794,4209.86376953125
19795,3763.581787109375
19796,4387.01953125
19797,7121.06396484375
19798,5995.93115234375
19799,6030.54541015625
19800,6444.06884765625
19801,4136.48046875
19802,7962.21142578125
19803,4131.6328125
19804,4185.6416015625
19805,7100.39697265625
19806,4745.84521484375
19807,8453.0087890625
19808,6580.943359375
19809,5295.23486328125
19810,4659.26220703125
19811,6472.365234375
19812,5367.12939453125
19813,4941.97900390625
19814,3440.4873046875
19815,4576.1279296875
19816,6065.8544921875
19817,3937.134521484375
19818,3160.575439453125
19819,6172.30029296875
19820,5165.21142578125
19821,5118.765625
19822,4126.52001953125
19823,3992.595703125
19824,5780.7734375
19825,5151.9951171875
19826,4390.91650390625
19827,3896.88232421875
19828,4788.51318359375
19829,5587.10986328125
19830,4297.578125
19831,6011.7509765625
19832,4397.22509765625
19833,6826.9619140625
19834,6552.83984375
19835,5317.75048828125
19836,9371.7568359375
19837,4114.01611328125
19838,4077.652587890625
19839,8585.1142578125
19840,5076.11572265625
19841,6771.23779296875
19842,5906.45556640625
19843,3467.728515625
19844,5088.58056640625
19845,4340.82568359375
19846,5962.68310546875
19847,8358.6904296875
19848,5974.62158203125
19849,1714.7734375
19850,3802.23388671875
19851,5999.21923828125
19852,6280.67626953125
19853,4818.33740234375
19854,4798.2177734375
19855,3884.295166015625
19856,4258.00341796875
19857,3318.5146484375
19858,4551.0888671875
19859,5681.06787109375
19860,5566.24072265625
19861,5485.7451171875
19862,4962.05078125
19863,6924.11767578125
19864,6609.5068359375
19865,6425.27099609375
19866,3502.729248046875
19867,7954.6123046875
19868,7423.05029296875
19869,3728.298583984375
19870,5949.0576171875
19871,4571.76953125
19872,6072.17529296875
19873,2257.66015625
19874,5672.14453125
19875,3868.039306640625
19876,7054.83544921875
19877,5552.48828125
19878,6446.015625
19879,7469.4697265625
19880,5282.8740234375
19881,6642.65087890625
19882,16403.4296875
19883,8042.74560546875
19884,4451.73486328125
19885,2393.087158203125
19886,4938.61474609375
19887,5693.8466796875
19888,5311.66357421875
19889,11599.24609375
19890,17594.8984375
19891,3042.663818359375
19892,4148.22021484375
19893,7971.84326171875
19894,3434.123779296875
19895,6228.916015625
19896,4591.009765625
19897,6549.23974609375
19898,4759.41943359375
19899,5693.61376953125
19900,4709.658203125
19901,6562.66748046875
19902,7116.8408203125
19903,5321.71044921875
19904,4736.07080078125
19905,6031.28466796875
19906,3697.346435546875
19907,3847.65087890625
19908,7974.3173828125
19909,3947.48046875
19910,4156.7763671875
19911,5727.35595703125
19912,5403.67138671875
19913,4972.77099609375
19914,5859.16748046875
19915,5439.1572265625
19916,6659.28173828125
19917,8880.4189453125
19918,7329.9677734375
19919,4938.17236328125
19920,2468.492919921875
19921,4755.8125
19922,3978.388427734375
19923,4316.06591796875
19924,4284.8525390625
19925,6875.03369140625
19926,4428.337890625
19927,8496.6123046875
19928,5576.3154296875
19929,4587.5234375
19930,3755.419189453125
19931,4898.333984375
19932,7515.7724609375
19933,3662.45361328125
19934,6198.822265625
19935,12813.5830078125
19936,5930.7724609375
19937,4995.21923828125
19938,3753.31982421875
19939,3749.783447265625
19940,4930.66455078125
19941,3207.745361328125
19942,5456.01416015625
19943,9517.875
19944,4155.7666015625
19945,11684.5546875
19946,10473.7880859375
19947,3700.773193359375
19948,6339.041015625
19949,4792.24267578125
19950,5513.95751953125
19951,4866.86474609375
19952,9980.7578125
19953,4120.51806640625
19954,7821.3876953125
19955,3376.09033203125
19956,6995.8271484375
19957,4444.0947265625
19958,7493.912109375
19959,4911.5537109375
19960,4433.58837890625
19961,5038.05224609375
19962,5561.125
19963,6799.99951171875
19964,8246.9599609375
19965,5060.40185546875
19966,7283.5625
19967,4808.576171875
19968,8217.7255859375
19969,4619.81591796875
19970,3515.857177734375
19971,3505.57275390625
19972,5921.65625
19973,4912.7724609375
19974,5942.7138671875
19975,4880.734375
19976,6579.92333984375
19977,3332.250244140625
19978,7350.79736328125
19979,6405.27490234375
19980,3076.0751953125
19981,10011.94921875
19982,13416.1533203125
19983,4483.85400390625
19984,5554.34765625
19985,7193.59033203125
19986,8083.9208984375
19987,9529.1064453125
19988,4742.5263671875
19989,5672.66650390625
19990,5234.20703125
19991,6238.58837890625
19992,3767.816650390625
19993,4640.02197265625
19994,4163.4140625
19995,4471.03125
19996,6263.16748046875
19997,4226.74072265625
19998,3145.789306640625
19999,6033.892578125
20000,3648.583740234375
20001,3234.26318359375
20002,5175.9970703125
20003,4475.6943359375
20004,7039.3896484375
20005,7665.30224609375
20006,6050.2265625
20007,5027.51611328125
20008,5295.81201171875
20009,8666.673828125
20010,5501.94873046875
20011,3743.125
20012,4164.69091796875
20013,8506.224609375
20014,3564.380615234375
20015,5670.7880859375
20016,3549.689453125
20017,3847.8525390625
20018,5691.8701171875
20019,6402.111328125
20020,4207.12939453125
20021,7073.7197265625
20022,8119.97021484375
20023,10879.080078125
20024,5583.3818359375
20025,7367.01123046875
20026,2784.428466796875
20027,4568.5693359375
20028,5064.7490234375
20029,2715.93505859375
20030,6686.19140625
20031,3601.858642578125
20032,6550.0087890625
20033,7845.83642578125
20034,10677.0888671875
20035,7088.08642578125
20036,4822.79296875
20037,4097.36474609375
20038,11903.2119140625
20039,6291.267578125
20040,4874.69140625
20041,4183.52685546875
20042,5548.2158203125
20043,6978.48779296875
20044,4516.94580078125
20045,5190.4287109375
20046,6782.15673828125
20047,5983.4833984375
20048,11612.150390625
20049,5466.955078125
20050,12522.767578125
20051,4713.8310546875
20052,4565.35888671875
20053,2443.806396484375
20054,4821.080078125
20055,4204.791015625
20056,4242.111328125
20057,5523.638671875
20058,3852.17431640625
20059,3545.674560546875
20060,5587.708984375
20061,2989.99267578125
20062,5922.2734375
20063,5294.71630859375
20064,6868.53857421875
20065,7110.796875
20066,3630.7724609375
20067,7690.79638671875
20068,4729.982421875
20069,4875.83251953125
20070,4492.40185546875
20071,3762.6640625
20072,7834.92724609375
20073,5109.0166015625
20074,3713.53271484375
20075,5228.82763671875
20076,7703.25439453125
20077,5332.5419921875
20078,5733.900390625
20079,7342.13623046875
20080,5501.24365234375
20081,5358.37939453125
20082,5515.53369140625
20083,6122.01611328125
20084,4388.8291015625
20085,4924.68017578125
20086,4332.86962890625
20087,3979.74560546875
20088,3438.84765625
20089,3482.150390625
20090,6794.7919921875
20091,8596.162109375
20092,9092.537109375
20093,9611.099609375
20094,6559.88134765625
20095,7445.2734375
20096,4302.9052734375
20097,10055.861328125
20098,8963.40625
20099,5664.6201171875
20100,6495.23828125
20101,6448.041015625
20102,4409.25
20103,3550.52294921875
20104,7457.29541015625
20105,5367.880859375
20106,5314.23779296875
20107,4773.71435546875
20108,2552.079833984375
20109,7847.638671875
20110,5333.20068359375
20111,5526.65283203125
20112,3872.84814453125
20113,3797.33837890625
20114,5803.4990234375
20115,6311.2041015625
20116,5629.3623046875
20117,5700.51953125
20118,3581.8388671875
20119,3015.107666015625
20120,3162.017822265625
20121,5672.806640625
20122,14160.927734375
20123,3197.941650390625
20124,4814.41064453125
20125,5750.447265625
20126,4049.165283203125
20127,3621.692138671875
20128,3924.44775390625
20129,3944.27490234375
20130,6549.166015625
20131,5526.62158203125
20132,3461.9755859375
20133,6982.80224609375
20134,3643.536865234375
20135,4139.90234375
20136,8395.5078125
20137,5867.1201171875
20138,8441.490234375
20139,4211.78125
20140,5119.888671875
20141,3840.510498046875
20142,4687.0244140625
20143,13055.001953125
20144,8807.4716796875
20145,5897.59765625
20146,3961.08056640625
20147,4522.00048828125
20148,4760.59765625
20149,3635.735595703125
20150,8387.119140625
20151,5204.4638671875
20152,4522.2265625
20153,4860.58349609375
20154,3568.0927734375
20155,5379.02490234375
20156,5876.7177734375
20157,5281.0361328125
20158,5568.56103515625
20159,3462.2841796875
20160,4546.3349609375
20161,5051.708984375
20162,7070.90966796875
20163,6725.82568359375
20164,5926.671875
20165,3447.39892578125
20166,6182.5927734375
20167,4573.87109375
20168,3885.911865234375
20169,5495.638671875
20170,6573.05078125
20171,5105.2958984375
20172,5883.572265625
20173,4753.69482421875
20174,4609.66845703125
20175,4259.09326171875
20176,5722.38720703125
20177,5993.36767578125
20178,4343.1572265625
20179,8214.0966796875
20180,4806.3427734375
20181,3503.095458984375
20182,9401.5712890625
20183,4171.4384765625
20184,3829.365234375
20185,6319.08447265625
20186,8351.44921875
20187,8818.5673828125
20188,4317.119140625
20189,4451.728515625
20190,4792.7978515625
20191,6043.84375
20192,4749.41064453125
20193,6601.78955078125
20194,2918.675537109375
20195,4156.99853515625
20196,4514.0078125
20197,4238.521484375
20198,4239.087890625
20199,5713.5380859375
20200,5412.470703125
20201,5406.39111328125
20202,6524.25
20203,5347.17431640625
20204,6355.91552734375
20205,4225.791015625
20206,5448.03662109375
20207,5143.1875
20208,6047.03759765625
20209,5736.71142578125
20210,2814.531494140625
20211,7756.501953125
20212,5352.20166015625
20213,5326.93017578125
20214,4321.46533203125
20215,2915.66748046875
20216,6266.33544921875
20217,4810.66162109375
20218,8064.791015625
20219,5018.44873046875
20220,4402.9560546875
20221,6079.88330078125
20222,4829.3798828125
20223,3976.80615234375
20224,5934.19921875
20225,4299.73779296875
20226,7189.603515625
20227,8082.0458984375
20228,6214.14794921875
20229,3668.41943359375
20230,4041.12255859375
20231,3266.73046875
20232,2693.08056640625
20233,6025.71923828125
20234,4048.654052734375
20235,7256.50244140625
20236,3274.186279296875
20237,4640.890625
20238,4869.2578125
20239,5820.1962890625
20240,4309.18896484375
20241,4153.08447265625
20242,4262.1650390625
20243,6109.880859375
20244,4132.705078125
20245,5342.66552734375
20246,6031.39306640625
20247,6793.3271484375
20248,6144.5947265625
20249,6537.91943359375
20250,4244.68896484375
20251,3851.58056640625
20252,3897.488037109375
20253,8911.056640625
20254,6667.22705078125
20255,8899.1591796875
20256,13770.66015625
20257,3981.79248046875
20258,3465.12548828125
20259,4861.33203125
20260,7661.51953125
20261,7196.27294921875
20262,5721.1494140625
20263,6536.97705078125
20264,6857.0400390625
20265,6176.01025390625
20266,5179.0498046875
20267,3806.204833984375
20268,4723.37109375
20269,3347.556884765625
20270,3185.173095703125
20271,3791.285888671875
20272,6064.2333984375
20273,12980.87109375
20274,5423.95703125
20275,4865.1875
20276,5273.42578125
20277,3617.986083984375
20278,5593.66259765625
20279,4014.7587890625
20280,9167.380859375
20281,5700.6884765625
20282,5337.833984375
20283,10245.71484375
20284,10107.66015625
20285,4550.3134765625
20286,5602.22216796875
20287,3401.233154296875
20288,4486.98681640625
20289,5891.1015625
20290,6331.62939453125
20291,3815.21435546875
20292,3729.773193359375
20293,5432.4755859375
20294,4680.90869140625
20295,4950.8623046875
20296,5204.6728515625
20297,4117.87841796875
20298,5710.88916015625
20299,6642.4365234375
20300,5159.6806640625
20301,3520.08984375
20302,2643.624755859375
20303,7330.9599609375
20304,3878.001708984375
20305,8267.689453125
20306,3525.852294921875
20307,3700.787841796875
20308,5315.5517578125
20309,5219.34326171875
20310,4141.6181640625
20311,4432.95703125
20312,4769.2373046875
20313,7843.15234375
20314,6948.61376953125
20315,4689.36962890625
20316,3714.286376953125
20317,4872.86181640625
20318,3959.31396484375
20319,4343.91064453125
20320,4097.92822265625
20321,4961.6708984375
20322,9521.12109375
20323,5519.4453125
20324,4639.04736328125
20325,6090.537109375
20326,4401.0205078125
20327,8275.9658203125
20328,4579.4228515625
20329,9396.23046875
20330,4475.1962890625
20331,3995.63330078125
20332,3679.908447265625
20333,3149.507568359375
20334,5896.2666015625
20335,16468.296875
20336,3087.75146484375
20337,3842.105224609375
20338,8278.013671875
20339,5241.630859375
20340,5925.14208984375
20341,6539.1357421875
20342,4206.34326171875
20343,4846.88037109375
20344,3359.799072265625
20345,8398.828125
20346,5015.41064453125
20347,5967.52880859375
20348,6985.28662109375
20349,5096.08203125
20350,6737.3193359375
20351,5432.33642578125
20352,3568.89794921875
20353,7304.251953125
20354,8575.6416015625
20355,4229.69921875
20356,6892.15673828125
20357,5203.35595703125
20358,4862.6357421875
20359,6660.51513671875
20360,5410.2802734375
20361,6291.6015625
20362,3959.11083984375
20363,4149.9658203125
20364,6006.07177734375
20365,3471.955322265625
20366,6422.4423828125
20367,3971.63330078125
20368,4844.822265625
20369,4123.73486328125
20370,4852.1474609375
20371,5459.45654296875
20372,6379.77978515625
20373,5508.14111328125
20374,6191.92041015625
20375,4715.53955078125
20376,5808.85107421875
20377,5617.79052734375
20378,5723.28125
20379,7726.78271484375
20380,7137.11181640625
20381,2701.0966796875
20382,5352.3447265625
20383,6233.06201171875
20384,5499.06982421875
20385,10509.9111328125
20386,4492.2646484375
20387,5848.412109375
20388,8685.166015625
20389,6342.49951171875
20390,3367.769775390625
20391,12422.66015625
20392,8722.3828125
20393,5129.82373046875
20394,6029.353515625
20395,8687.80078125
20396,4864.2490234375
20397,4933.99755859375
20398,5222.65673828125
20399,4591.34033203125
20400,5126.78955078125
20401,5943.0400390625
20402,3885.770263671875
20403,5891.70654296875
20404,5153.234375
20405,4670.66650390625
20406,5676.31689453125
20407,5359.1376953125
20408,4704.3916015625
20409,4197.7041015625
20410,6106.59521484375
20411,5300.7431640625
20412,4773.79052734375
20413,5781.4677734375
20414,5073.89208984375
20415,8266.2578125
20416,4369.93603515625
20417,4582.890625
20418,4989.75634765625
20419,6114.6455078125
20420,5383.7216796875
20421,3950.357177734375
20422,3158.703857421875
20423,6093.09814453125
20424,6436.37744140625
20425,4429.82177734375
20426,6048.89697265625
20427,5209.52734375
20428,4333.53369140625
20429,3669.398193359375
20430,2602.4228515625
20431,5574.82861328125
20432,5739.1201171875
20433,5133.4423828125
20434,7209.68017578125
20435,6416.28759765625
20436,4298.94677734375
20437,7284.81982421875
20438,3665.5166015625
20439,2565.945068359375
20440,5291.376953125
20441,8353.900390625
20442,5389.0068359375
20443,5515.62255859375
20444,3373.599853515625
20445,5313.16845703125
20446,5880.79296875
20447,4535.87060546875
20448,6113.4501953125
20449,3152.72607421875
20450,4116.5712890625
20451,4470.7509765625
20452,4240.25537109375
20453,3673.19921875
20454,3823.355712890625
20455,3395.16748046875
20456,3638.0302734375
20457,6330.30078125
20458,6557.05908203125
20459,3597.90185546875
20460,5559.0361328125
20461,5548.3828125
20462,4672.90966796875
20463,3529.788818359375
20464,5779.3125
20465,6019.76220703125
20466,4101.88427734375
20467,3440.17333984375
20468,9708.6884765625
20469,5221.42236328125
20470,4247.70703125
20471,5952.2900390625
20472,6035.20654296875
20473,5951.826171875
20474,4750.6982421875
20475,6074.43212890625
20476,6877.7724609375
20477,10951.64453125
20478,4006.380859375
20479,4057.686767578125
20480,4165.69775390625
20481,5414.1181640625
20482,4661.0126953125
20483,5620.10400390625
20484,5897.45751953125
20485,5278.630859375
20486,3157.8212890625
20487,4378.07275390625
20488,9003.34765625
20489,3453.36328125
20490,5688.107421875
20491,3428.3955078125
20492,4714.2919921875
20493,6596.9208984375
20494,5540.19873046875
20495,5935.90283203125
20496,5316.1640625
20497,3134.939208984375
20498,5176.97900390625
20499,5938.3876953125
20500,6761.33056640625
20501,5549.7822265625
20502,6315.416015625
20503,4354.04345703125
20504,3300.53466796875
20505,8435.2314453125
20506,3506.264892578125
20507,8201.9208984375
20508,4859.92041015625
20509,3328.252197265625
20510,5783.45263671875
20511,5018.0732421875
20512,6237.3525390625
20513,7428.8271484375
20514,2910.74609375
20515,3766.42236328125
20516,5501.48388671875
20517,6243.43994140625
20518,8105.19580078125
20519,4142.951171875
20520,4684.31396484375
20521,5252.216796875
20522,5289.49755859375
20523,4258.5888671875
20524,7770.556640625
20525,7239.91845703125
20526,10405.1875
20527,3793.15576171875
20528,4574.4541015625
20529,10565.9658203125
20530,8293.0029296875
20531,3535.5595703125
20532,7887.85791015625
20533,5093.0908203125
20534,4723.5107421875
20535,3765.51220703125
20536,4436.59326171875
20537,4444.74365234375
20538,3963.7841796875
20539,3920.2470703125
20540,4422.87109375
20541,7931.1806640625
20542,6005.875
20543,20185.52734375
20544,4792.5009765625
20545,3728.07763671875
20546,4661.8720703125
20547,10005.5693359375
20548,5277.96728515625
20549,6342.68408203125
20550,4902.517578125
20551,7818.9462890625
20552,5442.40625
20553,3182.285400390625
20554,4330.14501953125
20555,4832.26708984375
20556,6696.80078125
20557,5966.8603515625
20558,8414.3369140625
20559,4060.737060546875
20560,3785.6279296875
20561,4990.47216796875
20562,7036.3642578125
20563,9147.4736328125
20564,6326.47998046875
20565,6526.53173828125
20566,3094.96337890625
20567,5377.47314453125
20568,3182.935791015625
20569,7651.013671875
20570,7649.32666015625
20571,9978.46484375
20572,4345.5810546875
20573,4757.51806640625
20574,3079.5634765625
20575,4879.2724609375
20576,8290.865234375
20577,5011.21240234375
20578,3876.3271484375
20579,4714.12890625
20580,5979.52001953125
20581,2910.293212890625
20582,5864.64404296875
20583,3426.74755859375
20584,6484.2744140625
20585,5505.08056640625
20586,5425.71337890625
20587,6658.00439453125
20588,5234.11962890625
20589,5567.5009765625
20590,6191.77294921875
20591,5987.26025390625
20592,8567.4365234375
20593,4759.83251953125
20594,7009.8955078125
20595,7339.546875
20596,6559.46826171875
20597,5478.06787109375
20598,6426.4296875
20599,3060.283447265625
20600,4177.93408203125
20601,4589.080078125
20602,6250.75830078125
20603,8759.41015625
20604,5651.10400390625
20605,4528.107421875
20606,6218.8701171875
20607,5347.90087890625
20608,6574.85302734375
20609,3524.131103515625
20610,11832.814453125
20611,3051.1142578125
20612,5017.84375
20613,6388.1201171875
20614,3694.724609375
20615,3626.490478515625
20616,4595.47802734375
20617,6718.5478515625
20618,4583.3701171875
20619,4505.01220703125
20620,6970.5439453125
20621,6142.8896484375
20622,4386.3193359375
20623,3517.84619140625
20624,6528.15087890625
20625,10671.16796875
20626,6227.28759765625
20627,5684.96240234375
20628,4758.42041015625
20629,5849.353515625
20630,5002.6796875
20631,7150.64990234375
20632,3254.133056640625
20633,6079.10498046875
20634,5813.88916015625
20635,5242.30712890625
20636,9454.6533203125
20637,3522.21923828125
20638,4333.06494140625
20639,3356.384765625
20640,6733.87060546875
20641,6948.3154296875
20642,3656.815185546875
20643,3379.658203125
20644,5450.98974609375
20645,4520.3857421875
20646,4195.408203125
20647,4867.55859375
20648,5341.99951171875
20649,6759.234375
20650,4282.5283203125
20651,3941.967041015625
20652,4767.9580078125
20653,7735.44189453125
20654,6072.02490234375
20655,5990.18310546875
20656,6582.0107421875
20657,4788.3955078125
20658,8780.95703125
20659,4182.44482421875
20660,4728.7431640625
20661,7983.6015625
20662,4827.83984375
20663,8255.72265625
20664,6784.7734375
20665,5756.6318359375
20666,4927.34912109375
20667,6411.03759765625
20668,6126.7802734375
20669,4570.31982421875
20670,2784.839599609375
20671,4989.94921875
20672,6291.56005859375
20673,3809.808837890625
20674,2870.309326171875
20675,6954.7412109375
20676,5391.07177734375
20677,5070.98876953125
20678,4143.099609375
20679,4189.41650390625
20680,5944.84912109375
20681,5265.9208984375
20682,4355.88671875
20683,4126.8603515625
20684,4791.24072265625
20685,5676.736328125
20686,4586.04541015625
20687,5946.31005859375
20688,4593.4501953125
20689,6668.2734375
20690,6381.8935546875
20691,5320.6982421875
20692,10558.7236328125
20693,4119.35791015625
20694,4144.5380859375
20695,9153.5390625
20696,4988.90283203125
20697,7524.884765625
20698,6288.10498046875
20699,3070.7353515625
20700,5731.79052734375
20701,4558.47412109375
20702,6395.6513671875
20703,9300.916015625
20704,6790.5966796875
20705,1621.6214599609375
20706,3964.373046875
20707,6483.4580078125
20708,6519.8447265625
20709,4371.4638671875
20710,4703.1015625
20711,3990.08740234375
20712,3986.899658203125
20713,3425.0029296875
20714,4235.90380859375
20715,5940.69482421875
20716,6064.57958984375
20717,5363.59521484375
20718,4694.42041015625
20719,7230.677734375
20720,6311.3857421875
20721,6870.18701171875
20722,3620.832763671875
20723,7929.572265625
20724,7657.56005859375
20725,3758.320556640625
20726,5916.7216796875
20727,4534.15966796875
20728,5990.31982421875
20729,2896.37841796875
20730,5351.7509765625
20731,3807.214111328125
20732,7736.8681640625
20733,6170.45458984375
20734,7419.10107421875
20735,7780.71728515625
20736,5803.1103515625
20737,6816.54296875
20738,16814.80859375
20739,9184.435546875
20740,4976.59423828125
20741,2160.856689453125
20742,5229.4306640625
20743,5666.1103515625
20744,5102.91162109375
20745,11872.3212890625
20746,18262.056640625
20747,3823.59130859375
20748,4151.98974609375
20749,8713.5771484375
20750,3601.10693359375
20751,6321.98583984375
20752,4601.77685546875
20753,6434.71875
20754,4829.0009765625
20755,6140.4912109375
20756,4769.95654296875
20757,6984.96630859375
20758,7767.82666015625
20759,5515.9814453125
20760,5329.509765625
20761,5705.89306640625
20762,3611.360107421875
20763,4106.7880859375
20764,7800.7216796875
20765,4324.34130859375
20766,4773.2109375
20767,6018.9140625
20768,5118.95751953125
20769,4716.94140625
20770,5786.50927734375
20771,5875.89794921875
20772,7759.83935546875
20773,10004.5302734375
20774,7623.1923828125
20775,5115.61572265625
20776,2432.21435546875
20777,4740.83251953125
20778,4339.7021484375
20779,4549.9755859375
20780,4239.9814453125
20781,6393.2841796875
20782,4319.400390625
20783,9256.1640625
20784,6157.52001953125
20785,5124.9384765625
20786,4027.27587890625
20787,5751.2216796875
20788,7856.4892578125
20789,3761.676025390625
20790,6434.24267578125
20791,14109.4453125
20792,6389.78173828125
20793,5096.83837890625
20794,4067.18701171875
20795,3842.17822265625
20796,5218.35498046875
20797,3380.270751953125
20798,5814.03662109375
20799,10523.701171875
20800,4243.103515625
20801,11977.4404296875
20802,11093.16796875
20803,5008.5029296875
20804,6977.18017578125
20805,4551.03857421875
20806,5814.01416015625
20807,5060.560546875
20808,10915.3994140625
20809,3863.336181640625
20810,7632.748046875
20811,3448.576416015625
20812,6984.43212890625
20813,4933.78564453125
20814,7296.97509765625
20815,5119.44384765625
20816,4299.365234375
20817,5233.41455078125
20818,5908.49365234375
20819,7162.345703125
20820,9200.3134765625
20821,5237.20263671875
20822,7692.38330078125
20823,5415.48828125
20824,9184.728515625
20825,4426.2431640625
20826,3897.443603515625
20827,3847.182373046875
20828,6347.57958984375
20829,5226.46875
20830,6098.06396484375
20831,5592.17529296875
20832,7156.509765625
20833,3640.6484375
20834,6422.98583984375
20835,5848.4658203125
20836,3202.29931640625
20837,10783.0234375
20838,15048.4384765625
20839,5067.138671875
20840,5808.89599609375
20841,7283.83837890625
20842,8209.337890625
20843,10185.9189453125
20844,4618.4462890625
20845,6108.74755859375
20846,5595.70458984375
20847,6761.35009765625
20848,3856.053466796875
20849,4454.2734375
20850,4797.2392578125
20851,4186.64794921875
20852,6511.82763671875
20853,4294.568359375
20854,3168.638916015625
20855,5840.3486328125
20856,3294.27783203125
20857,3435.911376953125
20858,4974.96044921875
20859,4396.53173828125
20860,7354.455078125
20861,8015.7490234375
20862,6804.82666015625
20863,5642.326171875
20864,5543.11279296875
20865,9423.791015625
20866,5679.638671875
20867,3747.54736328125
20868,4424.9853515625
20869,9396.482421875
20870,3964.458984375
20871,5779.35107421875
20872,3420.96630859375
20873,4092.12109375
20874,5430.79248046875
20875,6596.57666015625
20876,4532.33251953125
20877,7703.0546875
20878,8225.13671875
20879,10850.1748046875
20880,5928.07275390625
20881,7367.34130859375
20882,2848.92578125
20883,4644.8466796875
20884,5117.19677734375
20885,2840.649169921875
20886,6956.208984375
20887,3672.45751953125
20888,6874.2958984375
20889,8091.4140625
20890,10102.7099609375
20891,6928.47998046875
20892,4637.15234375
20893,4086.773193359375
20894,12574.064453125
20895,6169.6494140625
20896,4660.2919921875
20897,4411.59326171875
20898,6038.31982421875
20899,7326.18408203125
20900,4665.85546875
20901,5685.09130859375
20902,6921.84130859375
20903,5669.6123046875
20904,11508.7294921875
20905,5913.787109375
20906,12789.916015625
20907,5140.1650390625
20908,4797.76123046875
20909,2249.342041015625
20910,5005.50048828125
20911,4341.33642578125
20912,4333.4833984375
20913,6228.14111328125
20914,4313.23486328125
20915,3550.9375
20916,5718.60205078125
20917,3167.68310546875
20918,6267.341796875
20919,5691.40576171875
20920,6554.4521484375
20921,6824.14501953125
20922,3906.459228515625
20923,7718.21337890625
20924,4528.42724609375
20925,5549.4033203125
20926,5042.3544921875
20927,4374.77294921875
20928,8766.228515625
20929,5528.42578125
20930,3436.1484375
20931,5839.140625
20932,9100.0712890625
20933,5784.681640625
20934,4731.17236328125
20935,7558.0478515625
20936,5222.64013671875
20937,5939.79541015625
20938,5437.42822265625
20939,6484.0693359375
20940,4484.4853515625
20941,5660.44482421875
20942,4797.14453125
20943,4981.033203125
20944,3735.629150390625
20945,2971.82568359375
20946,7653.3408203125
20947,8864.2890625
20948,9488.052734375
20949,10615.6630859375
20950,7032.54638671875
20951,8007.0693359375
20952,4627.6259765625
20953,10412.2666015625
20954,9683.9404296875
20955,5888.921875
20956,6358.779296875
20957,6244.81591796875
20958,3834.398193359375
20959,3634.32470703125
20960,7589.23193359375
20961,5669.08740234375
20962,5178.87939453125
20963,4861.2744140625
20964,2426.95751953125
20965,8350.4375
20966,7105.9443359375
20967,6444.63671875
20968,4102.65185546875
20969,3897.592529296875
20970,6263.20947265625
20971,5689.1474609375
20972,5804.4345703125
20973,5458.1259765625
20974,3585.3427734375
20975,3123.760986328125
20976,2902.0419921875
20977,5549.47998046875
20978,15167.7578125
20979,2906.71484375
20980,4633.19482421875
20981,5733.546875
20982,3786.98046875
20983,3955.758056640625
20984,4104.73046875
20985,3977.1259765625
20986,7275.2119140625
20987,5522.52978515625
20988,3008.68017578125
20989,7650.53564453125
20990,3444.157470703125
20991,4299.5009765625
20992,9746.70703125
20993,6041.45849609375
20994,9067.8759765625
20995,4028.099365234375
20996,5144.21826171875
20997,3589.491943359375
20998,5233.990234375
20999,11947.1171875
21000,8625.1025390625
21001,6387.07177734375
21002,4572.4072265625
21003,4604.36669921875
21004,4957.60791015625
21005,4063.035888671875
21006,9096.6767578125
21007,5656.26318359375
21008,4494.20751953125
21009,5521.20068359375
21010,3457.94189453125
21011,5041.1904296875
21012,5116.92138671875
21013,5970.71875
21014,5223.66455078125
21015,3915.89990234375
21016,4768.42138671875
21017,6093.36083984375
21018,7729.19775390625
21019,6666.86669921875
21020,6287.97509765625
21021,3314.765380859375
21022,6954.125
21023,4629.89453125
21024,4391.23193359375
21025,5408.60888671875
21026,7094.2880859375
21027,5022.20849609375
21028,6197.658203125
21029,5197.865234375
21030,5577.93505859375
21031,4403.44482421875
21032,6132.81005859375
21033,6024.875
21034,4838.8671875
21035,8250.32421875
21036,4944.923828125
21037,3897.358642578125
21038,9725.52734375
21039,4126.03466796875
21040,3438.65771484375
21041,6111.779296875
21042,8930.9169921875
21043,8145.58984375
21044,4341.45849609375
21045,5037.3544921875
21046,5117.470703125
21047,6382.54736328125
21048,4733.68505859375
21049,7111.3251953125
21050,2710.35986328125
21051,4626.87890625
21052,4757.001953125
21053,4370.279296875
21054,4369.998046875
21055,6074.19921875
21056,5779.97119140625
21057,5511.45361328125
21058,6050.7822265625
21059,5808.31640625
21060,7024.17333984375
21061,4287.6796875
21062,5510.16357421875
21063,4859.51904296875
21064,6132.5
21065,6062.126953125
21066,2439.890625
21067,8185.39794921875
21068,5705.94921875
21069,5289.07275390625
21070,3910.32861328125
21071,3181.189453125
21072,6569.88232421875
21073,4568.18603515625
21074,8163.06884765625
21075,5905.70068359375
21076,4521.615234375
21077,6301.7421875
21078,4714.79443359375
21079,4106.9560546875
21080,6903.8583984375
21081,4227.79443359375
21082,8438.5078125
21083,7808.421875
21084,5703.1923828125
21085,3364.490966796875
21086,3872.677978515625
21087,3019.95458984375
21088,3234.2041015625
21089,6532.28466796875
21090,4325.15185546875
21091,6734.0595703125
21092,3125.85986328125
21093,4614.06591796875
21094,4879.15380859375
21095,6037.58642578125
21096,4442.236328125
21097,4070.613037109375
21098,4030.39404296875
21099,5991.19189453125
21100,4950.6162109375
21101,5820.392578125
21102,6487.091796875
21103,7098.8037109375
21104,6452.79296875
21105,6286.8203125
21106,4695.85791015625
21107,3634.010498046875
21108,3979.469482421875
21109,9211.2060546875
21110,6381.626953125
21111,10509.490234375
21112,13769.5390625
21113,3357.235107421875
21114,3639.1103515625
21115,4542.4296875
21116,7588.52294921875
21117,7793.75830078125
21118,5931.09912109375
21119,6763.5146484375
21120,7067.92529296875
21121,6161.85400390625
21122,5330.47509765625
21123,4177.29150390625
21124,4817.54296875
21125,3526.481201171875
21126,3786.572265625
21127,3711.493408203125
21128,6741.14404296875
21129,13871.248046875
21130,5866.29541015625
21131,5720.58447265625
21132,5428.2109375
21133,3768.089111328125
21134,6447.748046875
21135,3813.07373046875
21136,10274.5302734375
21137,5889.17333984375
21138,5804.09765625
21139,10878.513671875
21140,11028.0185546875
21141,4402.46044921875
21142,5980.73291015625
21143,3465.957763671875
21144,4565.80615234375
21145,6277.65625
21146,7237.51123046875
21147,3621.818359375
21148,3682.69140625
21149,5382.37548828125
21150,4759.65234375
21151,4361.552734375
21152,5573.93408203125
21153,3517.062744140625
21154,6071.841796875
21155,6339.11669921875
21156,5442.408203125
21157,3669.606201171875
21158,2451.791748046875
21159,7679.31982421875
21160,3874.109130859375
21161,8552.5400390625
21162,3707.30419921875
21163,5610.81982421875
21164,5741.35546875
21165,5541.26708984375
21166,4373.64990234375
21167,4370.05517578125
21168,5362.99169921875
21169,8101.60498046875
21170,7392.240234375
21171,4952.416015625
21172,3325.916748046875
21173,4979.400390625
21174,3593.150146484375
21175,4296.25732421875
21176,4493.81494140625
21177,5289.6787109375
21178,11288.0185546875
21179,6175.064453125
21180,4997.3251953125
21181,6104.5537109375
21182,4301.14306640625
21183,8384.5849609375
21184,4545.02001953125
21185,9191.11328125
21186,4658.10888671875
21187,4734.83056640625
21188,3965.71826171875
21189,2961.672119140625
21190,5590.671875
21191,17979.16015625
21192,3182.8349609375
21193,3778.514892578125
21194,8643.1689453125
21195,5067.68310546875
21196,5762.697265625
21197,6928.140625
21198,4108.2998046875
21199,4854.04638671875
21200,3345.916748046875
21201,8410.1865234375
21202,4758.666015625
21203,5911.68212890625
21204,7202.10205078125
21205,4627.79345703125
21206,7272.4833984375
21207,5692.64208984375
21208,3193.591064453125
21209,6867.7177734375
21210,8466.0810546875
21211,3511.414794921875
21212,7058.5703125
21213,5410.57958984375
21214,4738.14453125
21215,7370.18408203125
21216,5542.15380859375
21217,6536.58154296875
21218,4019.626708984375
21219,4544.58447265625
21220,6578.8603515625
21221,2915.474609375
21222,6852.11962890625
21223,3401.84814453125
21224,5060.765625
21225,4565.82763671875
21226,5514.94140625
21227,5847.6162109375
21228,6260.3916015625
21229,5425.73828125
21230,6869.55224609375
21231,4803.15087890625
21232,6423.45068359375
21233,5078.7041015625
21234,5891.88720703125
21235,8738.35546875
21236,7498.779296875
21237,2646.6025390625
21238,5162.08154296875
21239,6932.34033203125
21240,5590.3388671875
21241,11488.5322265625
21242,4942.3984375
21243,6175.42822265625
21244,8654.84375
21245,5736.63623046875
21246,3335.005859375
21247,17613.4921875
21248,9689.04296875
21249,5242.7861328125
21250,6116.900390625
21251,8256.923828125
21252,5436.05859375
21253,5027.876953125
21254,5300.87353515625
21255,4630.3095703125
21256,4741.8408203125
21257,5966.392578125
21258,3833.9482421875
21259,5298.2177734375
21260,6411.61279296875
21261,5113.60205078125
21262,5672.8408203125
21263,5734.4931640625
21264,5099.3525390625
21265,5092.822265625
21266,5953.3046875
21267,5125.97265625
21268,5931.89794921875
21269,5956.34716796875
21270,5128.9814453125
21271,8489.640625
21272,4442.15380859375
21273,4236.93115234375
21274,4959.93603515625
21275,6743.4990234375
21276,5510.36376953125
21277,3968.2919921875
21278,3332.6318359375
21279,5547.15869140625
21280,6852.40283203125
21281,4701.8046875
21282,5923.82470703125
21283,5240.01904296875
21284,4469.91015625
21285,3980.51171875
21286,2924.491455078125
21287,5960.0966796875
21288,5540.73583984375
21289,4974.796875
21290,7362.1640625
21291,6996.9560546875
21292,4095.023681640625
21293,7522.96728515625
21294,3416.712646484375
21295,1929.7391357421875
21296,5880.39599609375
21297,8082.26416015625
21298,5504.32861328125
21299,5764.86572265625
21300,3091.133544921875
21301,5817.77978515625
21302,5402.42333984375
21303,4420.76806640625
21304,6514.84033203125
21305,2779.90625
21306,4477.10107421875
21307,4190.1396484375
21308,4564.37109375
21309,4038.8603515625
21310,4078.802734375
21311,4766.0751953125
21312,3192.16943359375
21313,7101.88671875
21314,5822.5908203125
21315,3579.92041015625
21316,5257.03564453125
21317,5574.3232421875
21318,4528.99462890625
21319,3199.417236328125
21320,7253.27490234375
21321,6990.17138671875
21322,3990.86669921875
21323,3167.32666015625
21324,9681.09765625
21325,5505.7939453125
21326,4545.7880859375
21327,6936.01513671875
21328,6220.84130859375
21329,6013.03564453125
21330,5049.16064453125
21331,5881.4150390625
21332,6543.01513671875
21333,11925.0751953125
21334,3553.4599609375
21335,3913.21923828125
21336,3954.499267578125
21337,5269.08056640625
21338,4962.5849609375
21339,5142.0966796875
21340,6131.48828125
21341,5067.328125
21342,3021.960205078125
21343,4025.70458984375
21344,10482.935546875
21345,3676.047119140625
21346,6067.46142578125
21347,2879.073486328125
21348,5325.58447265625
21349,6497.462890625
21350,5672.01123046875
21351,6095.1396484375
21352,5224.36962890625
21353,3081.565185546875
21354,5395.7109375
21355,5780.4326171875
21356,7125.7119140625
21357,5703.77001953125
21358,6810.26025390625
21359,4175.2705078125
21360,3913.77490234375
21361,8572.466796875
21362,3175.4267578125
21363,9195.873046875
21364,5457.458984375
21365,3766.658935546875
21366,6207.734375
21367,4652.568359375
21368,5682.88916015625
21369,8246.3212890625
21370,3660.87353515625
21371,3864.52392578125
21372,5638.21923828125
21373,6419.25390625
21374,8131.3583984375
21375,4252.75927734375
21376,4186.78271484375
21377,4990.15966796875
21378,5408.21240234375
21379,3768.97314453125
21380,7732.11328125
21381,8315.4541015625
21382,10423.60546875
21383,4563.8076171875
21384,4856.03173828125
21385,10661.943359375
21386,9029.7421875
21387,3371.54736328125
21388,8401.1826171875
21389,5196.84130859375
21390,4540.18896484375
21391,4221.5166015625
21392,5114.25244140625
21393,4802.9794921875
21394,3742.452880859375
21395,4091.0283203125
21396,3969.87890625
21397,7589.1005859375
21398,6577.83447265625
21399,21404.494140625
21400,5023.62548828125
21401,0.0
21402,0.0
21403,0.0
21404,0.0
21405,0.0
21406,0.0
21407,0.0
21408,0.0
21409,0.0
21410,0.0
21411,0.0
21412,0.0
21413,0.0
21414,0.0
21415,0.0
21416,0.0
21417,0.0
21418,0.0
21419,0.0
21420,0.0
21421,0.0
21422,0.0
21423,0.0
21424,0.0
21425,0.0
21426,0.0
21427,0.0
21428,0.0
21429,0.0
21430,0.0
21431,0.0
21432,0.0
21433,0.0
21434,0.0
21435,0.0
21436,0.0
21437,0.0
21438,0.0
21439,0.0
21440,0.0
21441,0.0
21442,0.0
21443,0.0
21444,0.0
21445,0.0
21446,0.0
21447,0.0
21448,0.0
21449,0.0
21450,0.0
21451,0.0
21452,0.0
21453,0.0
21454,0.0
21455,0.0
21456,0.0
21457,0.0
21458,0.0
21459,0.0
21460,0.0
21461,0.0
21462,0.0
21463,0.0
21464,0.0
21465,0.0
21466,0.0
21467,0.0
21468,0.0
21469,0.0
21470,0.0
21471,0.0
21472,0.0
21473,0.0
21474,0.0
21475,0.0
21476,0.0
21477,0.0
21478,0.0
21479,0.0
21480,0.0
21481,0.0
21482,0.0
21483,0.0
21484,0.0
21485,0.0
21486,0.0
21487,0.0
21488,0.0
21489,0.0
21490,0.0
21491,0.0
21492,4560.9453125
21493,0.0
21494,0.0
21495,0.0
21496,0.0
21497,0.0
21498,0.0
21499,0.0
21500,0.0
21501,0.0
21502,0.0
21503,0.0
21504,0.0
21505,0.0
21506,0.0
21507,0.0
21508,0.0
21509,0.0
21510,0.0
21511,0.0
21512,0.0
21513,0.0
21514,0.0
21515,0.0
21516,0.0
21517,0.0
21518,0.0
21519,0.0
21520,0.0
21521,0.0
21522,0.0
21523,0.0
21524,0.0
21525,0.0
21526,0.0
21527,0.0
21528,0.0
21529,0.0
21530,0.0
21531,0.0
21532,0.0
21533,0.0
21534,0.0
21535,0.0
21536,0.0
21537,0.0
21538,0.0
21539,0.0
21540,0.0
21541,0.0
21542,0.0
21543,0.0
21544,0.0
21545,0.0
21546,0.0
21547,0.0
21548,0.0
21549,0.0
21550,0.0
21551,0.0
21552,0.0
21553,0.0
21554,0.0
21555,0.0
21556,0.0
21557,0.0
21558,0.0
21559,0.0
21560,3333.78662109375
21561,0.0
21562,0.0
21563,0.0
21564,0.0
21565,0.0
21566,0.0
21567,0.0
21568,0.0
21569,0.0
21570,0.0
21571,0.0
21572,0.0
21573,0.0
21574,0.0
21575,0.0
21576,0.0
21577,0.0
21578,0.0
21579,0.0
21580,0.0
21581,0.0
21582,0.0
21583,0.0
21584,0.0
21585,0.0
21586,0.0
21587,0.0
21588,0.0
21589,0.0
21590,0.0
21591,0.0
21592,0.0
21593,0.0
21594,0.0
21595,0.0
21596,0.0
21597,0.0
21598,0.0
21599,0.0
21600,0.0
21601,17268.83984375
21602,29640.6796875
21603,0.0
21604,0.0
21605,0.0
21606,0.0
21607,0.0
21608,0.0
21609,0.0
21610,7586.8984375
21611,0.0
21612,0.0
21613,0.0
21614,0.0
21615,0.0
21616,0.0
21617,0.0
21618,0.0
21619,0.0
21620,0.0
21621,0.0
21622,0.0
21623,0.0
21624,0.0
21625,0.0
21626,0.0
21627,0.0
21628,0.0
21629,5442.6337890625
21630,0.0
21631,0.0
21632,0.0
21633,0.0
21634,0.0
21635,0.0
21636,0.0
21637,0.0
21638,0.0
21639,4281.13427734375
21640,0.0
21641,0.0
21642,0.0
21643,0.0
21644,0.0
21645,0.0
21646,0.0
21647,0.0
21648,0.0
21649,0.0
21650,0.0
21651,0.0
21652,0.0
21653,0.0
21654,0.0
21655,0.0
21656,0.0
21657,8055.53369140625
21658,0.0
21659,0.0
21660,0.0
21661,0.0
21662,0.0
21663,0.0
21664,0.0
21665,0.0
21666,0.0
21667,0.0
21668,0.0
21669,0.0
21670,0.0
21671,0.0
21672,0.0
21673,0.0
21674,8856.0537109375
21675,0.0
21676,0.0
21677,0.0
21678,0.0
21679,0.0
21680,0.0
21681,0.0
21682,0.0
21683,0.0
21684,0.0
21685,0.0
21686,0.0
21687,0.0
21688,0.0
21689,0.0
21690,0.0
21691,0.0
21692,0.0
21693,0.0
21694,0.0
21695,0.0
21696,0.0
21697,0.0
21698,0.0
21699,0.0
21700,0.0
21701,0.0
21702,0.0
21703,0.0
21704,0.0
21705,0.0
21706,0.0
21707,0.0
21708,0.0
21709,0.0
21710,0.0
21711,0.0
21712,0.0
21713,0.0
21714,0.0
21715,0.0
21716,0.0
21717,0.0
21718,0.0
21719,0.0
21720,0.0
21721,0.0
21722,0.0
21723,0.0
21724,0.0
21725,0.0
21726,0.0
21727,0.0
21728,0.0
21729,0.0
21730,0.0
21731,0.0
21732,0.0
21733,0.0
21734,0.0
21735,0.0
21736,2210.316162109375
21737,0.0
21738,0.0
21739,0.0
21740,0.0
21741,0.0
21742,0.0
21743,0.0
21744,0.0
21745,0.0
21746,0.0
21747,0.0
21748,0.0
21749,0.0
21750,6035.3017578125
21751,0.0
21752,0.0
21753,0.0
21754,0.0
21755,0.0
21756,0.0
21757,0.0
21758,0.0
21759,0.0
21760,0.0
21761,0.0
21762,0.0
21763,0.0
21764,0.0
21765,0.0
21766,0.0
21767,0.0
21768,0.0
21769,0.0
21770,0.0
21771,0.0
21772,0.0
21773,0.0
21774,0.0
21775,0.0
21776,0.0
21777,0.0
21778,0.0
21779,0.0
21780,0.0
21781,0.0
21782,0.0
21783,0.0
21784,0.0
21785,0.0
21786,0.0
21787,0.0
21788,0.0
21789,0.0
21790,0.0
21791,0.0
21792,0.0
21793,7907.787109375
21794,0.0
21795,0.0
21796,0.0
21797,0.0
21798,0.0
21799,0.0
21800,0.0
21801,0.0
21802,0.0
21803,2815.89306640625
21804,0.0
21805,0.0
21806,0.0
21807,6310.017578125
21808,0.0
21809,0.0
21810,0.0
21811,0.0
21812,0.0
21813,0.0
21814,0.0
21815,0.0
21816,0.0
21817,0.0
21818,0.0
21819,0.0
21820,0.0
21821,0.0
21822,0.0
21823,0.0
21824,0.0
21825,0.0
21826,0.0
21827,0.0
21828,0.0
21829,0.0
21830,0.0
21831,0.0
21832,0.0
21833,0.0
21834,20054.7421875
21835,0.0
21836,0.0
21837,0.0
21838,0.0
21839,0.0
21840,0.0
21841,0.0
21842,0.0
21843,0.0
21844,0.0
21845,0.0
21846,0.0
21847,0.0
21848,5676.48681640625
21849,0.0
21850,0.0
21851,0.0
21852,0.0
21853,0.0
21854,0.0
21855,0.0
21856,0.0
21857,0.0
21858,0.0
21859,0.0
21860,0.0
21861,0.0
21862,0.0
21863,0.0
21864,0.0
21865,0.0
21866,0.0
21867,0.0
21868,0.0
21869,0.0
21870,0.0
21871,0.0
21872,0.0
21873,0.0
21874,0.0
21875,0.0
21876,0.0
21877,0.0
21878,0.0
21879,0.0
21880,0.0
21881,0.0
21882,0.0
21883,0.0
21884,0.0
21885,0.0
21886,0.0
21887,0.0
21888,0.0
21889,0.0
21890,0.0
21891,0.0
21892,0.0
21893,0.0
21894,0.0
21895,0.0
21896,0.0
21897,0.0
21898,0.0
21899,0.0
21900,0.0
21901,0.0
21902,0.0
21903,0.0
21904,0.0
21905,0.0
21906,0.0
21907,0.0
21908,0.0
21909,0.0
21910,0.0
21911,0.0
21912,0.0
21913,0.0
21914,0.0
21915,0.0
21916,0.0
21917,0.0
21918,0.0
21919,0.0
21920,0.0
21921,0.0
21922,0.0
21923,12893.33203125
21924,0.0
21925,0.0
21926,0.0
21927,0.0
21928,0.0
21929,0.0
21930,0.0
21931,0.0
21932,0.0
21933,0.0
21934,0.0
21935,0.0
21936,0.0
21937,0.0
21938,0.0
21939,0.0
21940,0.0
21941,0.0
21942,0.0
21943,0.0
21944,0.0
21945,0.0
21946,0.0
21947,0.0
21948,0.0
21949,0.0
21950,0.0
21951,0.0
21952,0.0
21953,0.0
21954,0.0
21955,0.0
21956,0.0
21957,0.0
21958,0.0
21959,0.0
21960,0.0
21961,0.0
21962,0.0
21963,0.0
21964,0.0
21965,0.0
21966,0.0
21967,4959.7216796875
21968,16117.00390625
21969,0.0
21970,0.0
21971,0.0
21972,0.0
21973,0.0
21974,0.0
21975,0.0
21976,0.0
21977,0.0
21978,0.0
21979,0.0
21980,0.0
21981,0.0
21982,0.0
21983,0.0
21984,0.0
21985,0.0
21986,0.0
21987,0.0
21988,0.0
21989,0.0
21990,0.0
21991,0.0
21992,0.0
21993,0.0
21994,0.0
21995,0.0
21996,11571.4013671875
21997,0.0
21998,0.0
21999,0.0
22000,0.0
22001,0.0
22002,0.0
22003,0.0
22004,0.0
22005,0.0
22006,0.0
22007,0.0
22008,0.0
22009,0.0
22010,0.0
22011,0.0
22012,0.0
22013,0.0
22014,0.0
22015,0.0
22016,0.0
22017,0.0
22018,0.0
22019,0.0
22020,0.0
22021,0.0
22022,0.0
22023,0.0
22024,0.0
22025,0.0
22026,0.0
22027,0.0
22028,0.0
22029,0.0
22030,0.0
22031,0.0
22032,0.0
22033,0.0
22034,0.0
22035,0.0
22036,0.0
22037,0.0
22038,0.0
22039,0.0
22040,0.0
22041,0.0
22042,0.0
22043,0.0
22044,0.0
22045,0.0
22046,0.0
22047,0.0
22048,0.0
22049,0.0
22050,0.0
22051,0.0
22052,0.0
22053,0.0
22054,0.0
22055,0.0
22056,0.0
22057,0.0
22058,0.0
22059,0.0
22060,0.0
22061,0.0
22062,0.0
22063,0.0
22064,0.0
22065,0.0
22066,2769.12841796875
22067,0.0
22068,0.0
22069,0.0
22070,2360.976318359375
22071,0.0
22072,0.0
22073,0.0
22074,0.0
22075,0.0
22076,0.0
22077,0.0
22078,0.0
22079,0.0
22080,0.0
22081,0.0
22082,0.0
22083,0.0
22084,0.0
22085,0.0
22086,0.0
22087,0.0
22088,0.0
22089,0.0
22090,0.0
22091,0.0
22092,0.0
22093,0.0
22094,0.0
22095,0.0
22096,0.0
22097,0.0
22098,0.0
22099,0.0
22100,0.0
22101,0.0
22102,0.0
22103,0.0
22104,0.0
22105,0.0
22106,0.0
22107,0.0
22108,0.0
22109,0.0
22110,0.0
22111,0.0
22112,0.0
22113,0.0
22114,0.0
22115,0.0
22116,0.0
22117,0.0
22118,0.0
22119,0.0
22120,0.0
22121,3438.033203125
22122,0.0
22123,0.0
22124,0.0
22125,0.0
22126,0.0
22127,0.0
22128,0.0
22129,0.0
22130,0.0
22131,0.0
22132,0.0
22133,0.0
22134,0.0
22135,0.0
22136,11353.26171875
22137,0.0
22138,0.0
22139,0.0
22140,0.0
22141,0.0
22142,0.0
22143,0.0
22144,0.0
22145,0.0
22146,0.0
22147,0.0
22148,0.0
22149,0.0
22150,0.0
22151,0.0
22152,0.0
22153,0.0
22154,0.0
22155,0.0
22156,0.0
22157,0.0
22158,0.0
22159,0.0
22160,0.0
22161,0.0
22162,0.0
22163,0.0
22164,0.0
22165,0.0
22166,0.0
22167,0.0
22168,0.0
22169,0.0
22170,0.0
22171,0.0
22172,0.0
22173,0.0
22174,0.0
22175,0.0
22176,0.0
22177,0.0
22178,0.0
22179,0.0
22180,0.0
22181,0.0
22182,0.0
22183,0.0
22184,0.0
22185,0.0
22186,0.0
22187,0.0
22188,0.0
22189,0.0
22190,0.0
22191,0.0
22192,0.0
22193,0.0
22194,0.0
22195,0.0
22196,0.0
22197,0.0
22198,0.0
22199,0.0
22200,5089.900390625
22201,0.0
22202,0.0
22203,0.0
22204,0.0
22205,0.0
22206,0.0
22207,0.0
22208,0.0
22209,0.0
22210,0.0
22211,0.0
22212,0.0
22213,0.0
22214,0.0
22215,0.0
22216,0.0
22217,0.0
22218,0.0
22219,0.0
22220,0.0
22221,0.0
22222,0.0
22223,0.0
22224,0.0
22225,0.0
22226,0.0
22227,0.0
22228,0.0
22229,0.0
22230,0.0
22231,0.0
22232,0.0
22233,0.0
22234,0.0
22235,0.0
22236,0.0
22237,0.0
22238,0.0
22239,0.0
22240,0.0
22241,14461.853515625
22242,6307.27490234375
22243,0.0
22244,0.0
22245,0.0
22246,0.0
22247,0.0
22248,0.0
22249,0.0
22250,0.0
22251,0.0
22252,0.0
22253,0.0
22254,0.0
22255,0.0
22256,0.0
22257,3734.114013671875
22258,3712.4208984375
22259,6745.65234375
22260,3581.652587890625
22261,5846.02294921875
22262,3888.60595703125
22263,5975.87109375
22264,6197.46044921875
22265,4202.0908203125
22266,2941.116943359375
22267,5469.8701171875
22268,4650.12109375
22269,3899.82861328125
22270,6895.568359375
22271,5359.9775390625
22272,3260.6044921875
22273,5034.5908203125
22274,6322.9716796875
22275,7832.95361328125
22276,5511.5556640625
22277,7540.83203125
22278,3685.6455078125
22279,5586.0400390625
22280,2259.688720703125
22281,7670.60107421875
22282,6444.8251953125
22283,9081.9111328125
22284,5957.08544921875
22285,4023.403564453125
22286,4380.591796875
22287,5585.85595703125
22288,7119.38037109375
22289,3687.7568359375
22290,5067.1650390625
22291,5371.91015625
22292,5678.90234375
22293,2542.73046875
22294,6857.7763671875
22295,3903.04541015625
22296,7233.23876953125
22297,6064.96630859375
22298,4127.189453125
22299,8007.087890625
22300,5971.880859375
22301,4896.09228515625
22302,3671.59033203125
22303,7552.7578125
22304,9617.517578125
22305,5748.42236328125
22306,6193.66064453125
22307,8325.5615234375
22308,6832.0830078125
22309,5176.205078125
22310,5118.728515625
22311,2256.59912109375
22312,2669.72900390625
22313,4411.04248046875
22314,6365.078125
22315,8615.4755859375
22316,6803.6123046875
22317,4207.04443359375
22318,7966.83203125
22319,8197.8095703125
22320,4608.228515625
22321,3155.531982421875
22322,10726.88671875
22323,2386.6171875
22324,4868.36279296875
22325,6415.73095703125
22326,3399.498046875
22327,4671.76025390625
22328,2286.6416015625
22329,5743.615234375
22330,4485.4794921875
22331,5299.623046875
22332,7808.08056640625
22333,7411.55419921875
22334,4876.85693359375
22335,2748.883544921875
22336,7098.90966796875
22337,12606.4736328125
22338,6079.91748046875
22339,3768.563232421875
22340,5827.05712890625
22341,5002.791015625
22342,5970.619140625
22343,8601.271484375
22344,2093.913330078125
22345,7555.5791015625
22346,4827.50244140625
22347,5401.4462890625
22348,7955.142578125
22349,2166.3564453125
22350,4010.262939453125
22351,4483.5498046875
22352,7262.3701171875
22353,6570.90234375
22354,3342.870849609375
22355,3783.901123046875
22356,7037.7275390625
22357,5595.1640625
22358,4754.28564453125
22359,4086.109619140625
22360,4750.4248046875
22361,6048.6298828125
22362,4065.886474609375
22363,2618.206787109375
22364,5181.18994140625
22365,6317.498046875
22366,6207.017578125
22367,6411.6787109375
22368,7459.703125
22369,3495.854736328125
22370,8531.5380859375
22371,2877.428955078125
22372,2847.509521484375
22373,7312.04931640625
22374,6390.99267578125
22375,6639.642578125
22376,9121.263671875
22377,6376.119140625
22378,4926.90283203125
22379,5752.05859375
22380,7087.443359375
22381,3975.727783203125
22382,2407.152587890625
22383,5245.078125
22384,4834.15673828125
22385,4700.51806640625
22386,2863.60595703125
22387,5125.72705078125
22388,6243.80029296875
22389,5408.5537109375
22390,5745.53125
22391,2946.6904296875
22392,5868.861328125
22393,6553.1845703125
22394,3353.4453125
22395,4952.86279296875
22396,3554.998291015625
22397,5303.8701171875
22398,4023.544189453125
22399,4323.51416015625
22400,4586.53271484375
22401,7127.431640625
22402,6440.869140625
22403,6237.04248046875
22404,13241.1953125
22405,3932.001220703125
22406,4637.69580078125
22407,10039.40625
22408,5422.5869140625
22409,7829.8984375
22410,5207.85888671875
22411,4290.97314453125
22412,6321.66845703125
22413,4099.57861328125
22414,4185.65283203125
22415,7734.013671875
22416,5155.4677734375
22417,2590.643310546875
22418,3094.8662109375
22419,6836.83935546875
22420,8476.9296875
22421,6060.54833984375
22422,5559.439453125
22423,4092.221923828125
22424,1705.772216796875
22425,2570.984375
22426,3287.66162109375
22427,6179.6748046875
22428,7137.75634765625
22429,4458.25048828125
22430,4918.57177734375
22431,7959.9365234375
22432,7576.6474609375
22433,7397.19482421875
22434,5293.42626953125
22435,8101.2060546875
22436,8631.0673828125
22437,3516.888916015625
22438,5048.19677734375
22439,5101.732421875
22440,6500.66015625
22441,2501.107666015625
22442,5161.87841796875
22443,4375.27490234375
22444,7773.74462890625
22445,5823.88037109375
22446,7277.89990234375
22447,7162.453125
22448,5154.64306640625
22449,7553.3701171875
22450,16451.546875
22451,8119.06005859375
22452,3944.533447265625
22453,3355.28125
22454,6032.33251953125
22455,6383.388671875
22456,4228.35498046875
22457,8850.3759765625
22458,16788.814453125
22459,5118.60791015625
22460,3123.92724609375
22461,9847.96875
22462,2895.4189453125
22463,5666.72705078125
22464,2989.11572265625
22465,5724.63427734375
22466,4775.5986328125
22467,6011.02392578125
22468,4986.02392578125
22469,5234.0576171875
22470,9740.439453125
22471,6035.68896484375
22472,5701.4951171875
22473,6723.77490234375
22474,5333.14453125
22475,5366.8115234375
22476,11042.4638671875
22477,4542.86865234375
22478,4811.34130859375
22479,3871.68359375
22480,3452.6796875
22481,5356.845703125
22482,4319.9208984375
22483,4458.5849609375
22484,7834.35791015625
22485,8706.8486328125
22486,7807.93603515625
22487,4647.9638671875
22488,4548.0595703125
22489,3954.844970703125
22490,2867.506591796875
22491,4965.61865234375
22492,3196.54931640625
22493,5766.6455078125
22494,5169.85546875
22495,7844.38818359375
22496,5083.25048828125
22497,4624.298828125
22498,2879.79541015625
22499,3146.506103515625
22500,8320.6240234375
22501,5604.23828125
22502,5463.59423828125
22503,12658.234375
22504,7562.60009765625
22505,4247.8388671875
22506,4979.765625
22507,2450.7158203125
22508,3533.6806640625
22509,3671.838623046875
22510,5488.3662109375
22511,9878.2099609375
22512,4747.13037109375
22513,8109.12939453125
22514,9312.990234375
22515,5183.35009765625
22516,5820.30859375
22517,4575.65185546875
22518,5073.0283203125
22519,4926.7587890625
22520,10083.19140625
22521,5286.88525390625
22522,7214.7958984375
22523,2944.56689453125
22524,5616.853515625
22525,5539.95849609375
22526,7222.3974609375
22527,6175.89990234375
22528,5149.5380859375
22529,6219.33056640625
22530,4769.56982421875
22531,8181.310546875
22532,7086.16552734375
22533,6640.1220703125
22534,7850.4931640625
22535,7015.890625
22536,8096.87158203125
22537,3251.89306640625
22538,4920.48095703125
22539,5085.85888671875
22540,7650.72119140625
22541,6377.66650390625
22542,6705.96630859375
22543,6515.7802734375
22544,7022.03271484375
22545,4382.84765625
22546,6355.65185546875
22547,5851.35888671875
22548,2739.94384765625
22549,9548.087890625
22550,15751.2744140625
22551,6610.2109375
22552,5976.201171875
22553,6742.490234375
22554,7634.88525390625
22555,8249.6826171875
22556,2819.931640625
22557,4155.61669921875
22558,5655.8740234375
22559,7149.7880859375
22560,3084.674072265625
22561,4079.77734375
22562,4992.50537109375
22563,4368.0458984375
22564,4784.72412109375
22565,3344.31396484375
22566,2729.6591796875
22567,7189.9287109375
22568,3984.48583984375
22569,4506.28369140625
22570,5534.43115234375
22571,4064.090087890625
22572,8184.45263671875
22573,11649.234375
22574,5491.77880859375
22575,6823.861328125
22576,6612.6484375
22577,9847.0302734375
22578,4144.259765625
22579,2602.912109375
22580,5180.5703125
22581,11970.6943359375
22582,4165.01220703125
22583,6442.4755859375
22584,2254.415283203125
22585,3621.439208984375
22586,6971.5517578125
22587,6297.49658203125
22588,4773.810546875
22589,8638.796875
22590,8591.48046875
22591,8833.728515625
22592,4498.79150390625
22593,8523.4765625
22594,1929.7999267578125
22595,3485.174072265625
22596,6401.36181640625
22597,4363.63916015625
22598,9982.8994140625
22599,2061.4140625
22600,7117.9619140625
22601,5790.095703125
22602,9305.3193359375
22603,9538.1884765625
22604,4858.35986328125
22605,3636.93017578125
22606,9507.97265625
22607,8887.3818359375
22608,4273.76220703125
22609,5043.93994140625
22610,8175.47802734375
22611,5588.4970703125
22612,5875.18408203125
22613,3785.038818359375
22614,7692.6357421875
22615,3767.69677734375
22616,10855.7119140625
22617,8383.5771484375
22618,14598.1572265625
22619,6475.5302734375
22620,4887.41455078125
22621,2162.075927734375
22622,6016.02197265625
22623,5614.126953125
22624,5091.59130859375
22625,8435.9287109375
22626,5594.48583984375
22627,2341.080810546875
22628,6875.60888671875
22629,3621.81494140625
22630,6690.435546875
22631,6708.8564453125
22632,6434.00439453125
22633,7692.041015625
22634,4572.64501953125
22635,6338.439453125
22636,5385.9970703125
22637,5538.4609375
22638,7030.99658203125
22639,4039.4521484375
22640,8180.97900390625
22641,5230.9775390625
22642,3138.5751953125
22643,4461.48974609375
22644,8293.8857421875
22645,5532.77294921875
22646,4712.46435546875
22647,5074.30517578125
22648,5536.0205078125
22649,4741.2587890625
22650,5564.0634765625
22651,8632.1259765625
22652,4347.275390625
22653,3129.094482421875
22654,6146.044921875
22655,5604.09619140625
22656,3123.14892578125
22657,4784.4140625
22658,8494.5322265625
22659,7580.28515625
22660,10520.3330078125
22661,9292.189453125
22662,7676.552734375
22663,6639.14013671875
22664,4721.080078125
22665,9770.56640625
22666,7874.3544921875
22667,6773.68994140625
22668,4912.7568359375
22669,4631.02294921875
22670,3697.114501953125
22671,2705.419677734375
22672,8712.9013671875
22673,6750.47216796875
22674,5615.4697265625
22675,4746.07861328125
22676,1934.86328125
22677,7149.20361328125
22678,6138.88916015625
22679,6653.53369140625
22680,3783.86572265625
22681,4280.009765625
22682,5319.06494140625
22683,4577.283203125
22684,9904.2158203125
22685,5318.8310546875
22686,4380.76904296875
22687,3480.84228515625
22688,3305.787841796875
22689,4612.03271484375
22690,11794.0048828125
22691,2969.302490234375
22692,5288.1142578125
22693,4902.7841796875
22694,3449.53369140625
22695,3302.079345703125
22696,5623.20263671875
22697,3315.54296875
22698,9510.876953125
22699,6230.828125
22700,2525.5
22701,8381.869140625
22702,2234.37451171875
22703,3915.358154296875
22704,9215.306640625
22705,7068.7548828125
22706,8291.544921875
22707,2418.30615234375
22708,4234.4072265625
22709,3962.114501953125
22710,4999.68994140625
22711,15427.2333984375
22712,11866.17578125
22713,5492.37841796875
22714,3000.736572265625
22715,6097.470703125
22716,4193.95703125
22717,2325.72705078125
22718,7566.78515625
22719,5073.6904296875
22720,5168.806640625
22721,6603.36669921875
22722,4152.2890625
22723,3664.622802734375
22724,5367.5595703125
22725,6042.03662109375
22726,6652.29150390625
22727,2910.1669921875
22728,5314.17822265625
22729,7505.484375
22730,7499.0341796875
22731,5394.00732421875
22732,6667.51904296875
22733,1785.3795166015625
22734,7209.2353515625
22735,4811.76025390625
22736,2988.443603515625
22737,3918.67626953125
22738,4581.1845703125
22739,4271.4990234375
22740,7098.615234375
22741,3101.243408203125
22742,5367.3671875
22743,4742.2626953125
22744,7344.1513671875
22745,7214.5517578125
22746,6232.9716796875
22747,7996.7197265625
22748,6046.990234375
22749,2693.639892578125
22750,10115.6650390625
22751,3087.3974609375
22752,3764.2890625
22753,5639.48193359375
22754,9979.705078125
22755,9914.2109375
22756,4203.56103515625
22757,4954.08642578125
22758,5669.12109375
22759,6926.22265625
22760,4326.35986328125
22761,7925.7421875
22762,2648.38134765625
22763,3656.745361328125
22764,3676.864990234375
22765,3704.18603515625
22766,4229.3125
22767,6689.40625
22768,5602.4697265625
22769,6075.08203125
22770,5071.25
22771,7701.36474609375
22772,7604.73876953125
22773,4836.2763671875
22774,5206.556640625
22775,5059.44189453125
22776,6746.146484375
22777,4195.9013671875
22778,1770.1019287109375
22779,5722.8388671875
22780,6191.18359375
22781,5577.435546875
22782,5036.10498046875
22783,2916.413330078125
22784,9218.1318359375
22785,3036.34375
22786,9189.9404296875
22787,4610.5234375
22788,4468.3525390625
22789,7525.58349609375
22790,3640.145751953125
22791,3663.80517578125
22792,7584.30322265625
22793,2683.253662109375
22794,7125.0234375
22795,8751.5595703125
22796,5814.42724609375
22797,1936.1051025390625
22798,4784.0830078125
22799,3583.718505859375
22800,2837.747802734375
22801,4401.09033203125
22802,5619.39111328125
22803,4338.70703125
22804,4403.0224609375
22805,4383.099609375
22806,4552.04052734375
22807,7138.921875
22808,5328.88037109375
22809,5695.40478515625
22810,4246.0595703125
22811,4947.40087890625
22812,5719.7822265625
22813,5713.88427734375
22814,7420.26708984375
22815,6447.81640625
22816,8168.8466796875
22817,5579.32666015625
22818,4746.693359375
22819,2689.400146484375
22820,5048.27587890625
22821,7989.8681640625
22822,5763.37060546875
22823,7452.95556640625
22824,13133.3916015625
22825,2618.06689453125
22826,4190.49462890625
22827,4454.19677734375
22828,8040.7880859375
22829,9572.03515625
22830,7287.16845703125
22831,6878.51025390625
22832,7587.11279296875
22833,7447.24951171875
22834,6078.43994140625
22835,4683.0927734375
22836,3862.637451171875
22837,4614.7763671875
22838,3036.593505859375
22839,3126.99755859375
22840,6219.17822265625
22841,16161.0166015625
22842,5435.240234375
22843,3836.156494140625
22844,5004.70947265625
22845,4595.72119140625
22846,6235.1708984375
22847,2136.839111328125
22848,7122.96240234375
22849,6570.74267578125
22850,3580.5068359375
22851,10574.84765625
22852,10367.65625
22853,3126.50634765625
22854,5116.564453125
22855,3817.711181640625
22856,3490.24755859375
22857,5492.361328125
22858,7935.24609375
22859,3099.5703125
22860,4604.97314453125
22861,3991.111083984375
22862,4674.14990234375
22863,3996.885498046875
22864,6861.7412109375
22865,3557.558349609375
22866,7287.9951171875
22867,6381.79345703125
22868,4213.98876953125
22869,3899.889892578125
22870,3118.73486328125
22871,5130.865234375
22872,4892.23876953125
22873,8996.279296875
22874,3973.642333984375
22875,2836.3740234375
22876,6176.4638671875
22877,4891.703125
22878,5410.99658203125
22879,3713.020751953125
22880,5615.873046875
22881,8998.44140625
22882,6177.01318359375
22883,5388.86181640625
22884,3553.656005859375
22885,4247.89208984375
22886,3997.862060546875
22887,3328.61328125
22888,3463.89306640625
22889,4940.76513671875
22890,10175.1865234375
22891,7068.01220703125
22892,3819.367431640625
22893,5355.19921875
22894,5178.1064453125
22895,6899.3466796875
22896,4812.64794921875
22897,7476.5849609375
22898,5628.04296875
22899,4401.78271484375
22900,3297.301025390625
22901,1126.37890625
22902,3444.79296875
22903,20057.73046875
22904,2110.324951171875
22905,4428.5146484375
22906,7002.79150390625
22907,6045.216796875
22908,5220.42626953125
22909,7836.9609375
22910,5367.3564453125
22911,7029.6240234375
22912,3316.610595703125
22913,7744.11572265625
22914,3802.981201171875
22915,6254.595703125
22916,8885.720703125
22917,4233.02587890625
22918,6857.201171875
22919,6555.31591796875
22920,3326.4736328125
22921,5424.09033203125
22922,6519.10009765625
22923,2581.255126953125
22924,8876.8740234375
22925,5707.54931640625
22926,4684.11767578125
22927,7644.828125
22928,7335.58251953125
22929,5773.080078125
22930,4129.57568359375
22931,3991.637451171875
22932,5502.86865234375
22933,3304.977294921875
22934,6382.53857421875
22935,2805.7587890625
22936,5242.43017578125
22937,2781.591064453125
22938,5320.63623046875
22939,5134.763671875
22940,4316.4873046875
22941,4625.40673828125
22942,7719.95068359375
22943,5114.80419921875
22944,6575.658203125
22945,5290.7421875
22946,5669.2431640625
22947,9532.044921875
22948,7202.5361328125
22949,3857.41259765625
22950,4859.52978515625
22951,5555.9541015625
22952,5253.34228515625
22953,12515.2294921875
22954,5748.4541015625
22955,6181.32861328125
22956,8256.0185546875
22957,6737.45458984375
22958,1913.148681640625
22959,15682.919921875
22960,8242.765625
22961,6239.609375
22962,7260.4296875
22963,6702.0361328125
22964,7353.14599609375
22965,5185.1318359375
22966,3701.43017578125
22967,2942.074462890625
22968,4900.7255859375
22969,7426.02392578125
22970,2704.8828125
22971,6841.033203125
22972,6672.0986328125
22973,4434.693359375
22974,6511.5908203125
22975,5032.10791015625
22976,6827.07080078125
22977,3684.46826171875
22978,4384.39697265625
22979,4128.20751953125
22980,3658.88671875
22981,6215.60888671875
22982,5585.51171875
22983,7730.505859375
22984,6165.39501953125
22985,3946.611328125
22986,5479.89453125
22987,6438.009765625
22988,6468.5263671875
22989,3029.7265625
22990,3197.227294921875
22991,7646.68212890625
22992,6093.51513671875
22993,3878.642333984375
22994,6847.1376953125
22995,6278.763671875
22996,5377.529296875
22997,4315.58349609375
22998,1365.1148681640625
22999,6583.00341796875
23000,5749.25
23001,4944.26513671875
23002,8287.0146484375
23003,6459.03125
23004,3460.9296875
23005,6411.49365234375
23006,3258.015380859375
23007,153.11862182617188
23008,5775.04443359375
23009,7761.90869140625
23010,4336.3798828125
23011,4304.658203125
23012,2480.41845703125
23013,4548.2412109375
23014,6292.1328125
23015,5089.005859375
23016,7760.6796875
23017,3246.915771484375
23018,4938.70263671875
23019,3200.208740234375
23020,6057.90625
23021,2414.23828125
23022,2496.06640625
23023,4714.56201171875
23024,3980.3515625
23025,6865.4052734375
23026,4838.1875
23027,4648.4072265625
23028,5122.974609375
23029,7615.93115234375
23030,4893.96533203125
23031,3316.59912109375
23032,9109.0009765625
23033,6712.90576171875
23034,6220.15625
23035,2965.871826171875
23036,4554.30419921875
23037,5371.50927734375
23038,3857.915283203125
23039,7415.95654296875
23040,8149.5947265625
23041,6075.40771484375
23042,5917.18701171875
23043,5824.9365234375
23044,6724.55908203125
23045,10804.27734375
23046,3494.59619140625
23047,3867.30517578125
23048,4764.49658203125
23049,5205.36474609375
23050,5552.33984375
23051,6800.044921875
23052,5356.251953125
23053,5510.2880859375
23054,2724.802490234375
23055,5241.72900390625
23056,7794.75830078125
23057,2888.23388671875
23058,6304.86767578125
23059,2996.194091796875
23060,5425.61376953125
23061,5309.66943359375
23062,4604.42724609375
23063,5032.24658203125
23064,4030.646484375
23065,4701.06396484375
23066,6467.31298828125
23067,4338.65234375
23068,8408.822265625
23069,4591.33740234375
23070,8389.43359375
23071,4974.77294921875
23072,3503.2822265625
23073,8019.22216796875
23074,2394.778076171875
23075,8662.9287109375
23076,5230.103515625
23077,4715.72705078125
23078,6045.294921875
23079,4002.035400390625
23080,4091.02734375
23081,6264.11279296875
23082,2565.981689453125
23083,2909.682861328125
23084,5831.26904296875
23085,5159.34326171875
23086,7954.90283203125
23087,5435.06103515625
23088,4108.37890625
23089,3723.44384765625
23090,5558.26953125
23091,3096.975341796875
23092,8756.7490234375
23093,7294.328125
23094,10072.2685546875
23095,5787.1982421875
23096,4197.71240234375
23097,10139.138671875
23098,8221.4521484375
23099,2621.282470703125
23100,8480.3037109375
23101,4994.0380859375
23102,5930.03759765625
23103,5746.6064453125
23104,4530.40087890625
23105,2828.83349609375
23106,4519.73583984375
23107,3525.858154296875
23108,2727.182373046875
23109,7672.5029296875
23110,5878.275390625
23111,22951.71484375
23112,6347.53564453125
23113,4086.0654296875
23114,7595.1455078125
23115,10322.96875
23116,6107.638671875
23117,7942.5791015625
23118,5101.4384765625
23119,7869.400390625
23120,7571.2548828125
23121,5526.26904296875
23122,6168.21875
23123,7179.91259765625
23124,7507.40234375
23125,7077.54150390625
23126,7975.12744140625
23127,6782.5009765625
23128,5372.4326171875
23129,5952.74609375
23130,10772.3779296875
23131,9700.265625
23132,9042.380859375
23133,8303.2939453125
23134,4827.84130859375
23135,7010.3388671875
23136,3991.6923828125
23137,8282.890625
23138,10187.734375
23139,9618.6884765625
23140,6445.41455078125
23141,5196.1083984375
23142,3850.224853515625
23143,5654.4658203125
23144,10353.1318359375
23145,6723.42919921875
23146,5002.06982421875
23147,6691.3740234375
23148,7025.27392578125
23149,3673.90283203125
23150,7780.12548828125
23151,4368.07958984375
23152,7224.82177734375
23153,7057.0234375
23154,6539.26806640625
23155,7961.572265625
23156,6878.09814453125
23157,5690.34326171875
23158,6883.8193359375
23159,7852.9931640625
23160,12148.474609375
23161,6370.77783203125
23162,7698.29931640625
23163,7837.52685546875
23164,9184.9501953125
23165,6631.123046875
23166,9036.8125
23167,4057.029052734375
23168,4718.32373046875
23169,5783.978515625
23170,6610.61181640625
23171,9868.8935546875
23172,7254.05615234375
23173,5633.59619140625
23174,7608.62109375
23175,8262.158203125
23176,9090.87890625
23177,4247.18505859375
23178,13264.0615234375
23179,4835.64404296875
23180,7310.79833984375
23181,8189.34228515625
23182,4463.830078125
23183,5979.75830078125
23184,6693.70751953125
23185,7826.53173828125
23186,7865.62451171875
23187,5730.47900390625
23188,7954.1181640625
23189,8370.8896484375
23190,6984.5078125
23191,4810.08154296875
23192,7033.01220703125
23193,13046.8017578125
23194,6672.29052734375
23195,5022.1337890625
23196,7192.42822265625
23197,6099.56591796875
23198,5733.791015625
23199,8137.67919921875
23200,3956.638916015625
23201,8856.044921875
23202,6156.2265625
23203,7284.9365234375
23204,9229.2158203125
23205,4813.24658203125
23206,5497.337890625
23207,5657.71484375
23208,8558.671875
23209,8894.380859375
23210,4552.9482421875
23211,4268.7109375
23212,7083.44189453125
23213,6963.05859375
23214,6089.04443359375
23215,6425.2724609375
23216,7213.5400390625
23217,7573.646484375
23218,5747.24853515625
23219,4912.544921875
23220,6334.49462890625
23221,8825.28125
23222,6902.80322265625
23223,8645.27734375
23224,8315.2880859375
23225,5671.39306640625
23226,10794.3203125
23227,5749.388671875
23228,6871.66552734375
23229,8844.6982421875
23230,6729.13818359375
23231,9483.8486328125
23232,8757.9970703125
23233,7776.80615234375
23234,6169.2109375
23235,7722.1962890625
23236,8120.43408203125
23237,6447.58837890625
23238,4041.23876953125
23239,6199.65869140625
23240,8104.73876953125
23241,6343.7314453125
23242,4764.4931640625
23243,8421.4677734375
23244,6558.90185546875
23245,6079.4951171875
23246,5887.431640625
23247,5493.0693359375
23248,6957.783203125
23249,6549.787109375
23250,6581.89306640625
23251,5809.4697265625
23252,5229.880859375
23253,6834.46826171875
23254,5384.8720703125
23255,7267.70849609375
23256,6622.1923828125
23257,8773.8701171875
23258,7899.62890625
23259,6920.28759765625
23260,13650.361328125
23261,4995.10400390625
23262,5370.86962890625
23263,10556.20703125
23264,7093.564453125
23265,8655.994140625
23266,7174.23388671875
23267,5729.74169921875
23268,6970.263671875
23269,5529.09765625
23270,7875.8583984375
23271,10682.548828125
23272,7553.64111328125
23273,3236.608642578125
23274,5274.5
23275,8556.919921875
23276,9541.935546875
23277,7353.72021484375
23278,7071.46240234375
23279,4615.89990234375
23280,4407.17626953125
23281,3937.784912109375
23282,5878.78173828125
23283,6627.921875
23284,7563.72705078125
23285,6415.27294921875
23286,10369.75
23287,8751.2841796875
23288,10730.7197265625
23289,7868.0693359375
23290,6148.08203125
23291,9392.912109375
23292,10868.138671875
23293,5910.69921875
23294,7194.90234375
23295,5935.04541015625
23296,7194.59619140625
23297,4637.01708984375
23298,6992.8486328125
23299,6071.43798828125
23300,8671.927734375
23301,7294.517578125
23302,9192.62109375
23303,8176.51806640625
23304,6510.171875
23305,9596.6337890625
23306,17824.58203125
23307,10548.060546875
23308,5851.390625
23309,3309.0830078125
23310,7111.126953125
23311,7564.65380859375
23312,6396.4580078125
23313,11891.240234375
23314,18373.7890625
23315,4089.05859375
23316,5272.3994140625
23317,9215.28125
23318,4870.87255859375
23319,8653.7333984375
23320,6481.28271484375
23321,7986.15625
23322,5134.72705078125
23323,6889.1123046875
23324,6934.306640625
23325,7248.43408203125
23326,10881.826171875
23327,6363.64013671875
23328,6791.9658203125
23329,7080.44775390625
23330,5606.66259765625
23331,5665.66552734375
23332,8166.03173828125
23333,6205.40478515625
23334,5520.56640625
23335,7204.162109375
23336,5874.36328125
23337,5665.78759765625
23338,6665.74560546875
23339,7009.74560546875
23340,8672.123046875
23341,8995.451171875
23342,8211.13671875
23343,6340.74267578125
23344,4403.66650390625
23345,5808.298828125
23346,5075.126953125
23347,6129.046875
23348,4667.08056640625
23349,9029.685546875
23350,6890.4833984375
23351,10688.5830078125
23352,6608.90966796875
23353,5915.76025390625
23354,5089.1572265625
23355,4965.1083984375
23356,10237.94921875
23357,5918.88623046875
23358,8665.4375
23359,14663.9697265625
23360,7995.19775390625
23361,6677.00244140625
23362,5707.59375
23363,5057.1806640625
23364,7794.4443359375
23365,4478.79296875
23366,5457.6337890625
23367,11352.5986328125
23368,5661.28857421875
23369,14761.3583984375
23370,12686.9443359375
23371,5470.6708984375
23372,8111.82861328125
23373,5833.8701171875
23374,7132.9228515625
23375,6041.88623046875
23376,11719.16796875
23377,7237.50439453125
23378,9317.0595703125
23379,4777.72216796875
23380,7701.22802734375
23381,6147.2763671875
23382,9159.2421875
23383,7673.53271484375
23384,5731.05224609375
23385,7173.091796875
23386,6008.27880859375
23387,9331.0751953125
23388,9459.5009765625
23389,6409.6748046875
23390,10078.0146484375
23391,6648.767578125
23392,9035.017578125
23393,5527.01171875
23394,5246.57568359375
23395,5959.1162109375
23396,10552.6923828125
23397,6782.6689453125
23398,8394.326171875
23399,6510.9755859375
23400,8856.5205078125
23401,4815.57275390625
23402,8592.8515625
23403,7022.0390625
23404,3886.540283203125
23405,13221.837890625
23406,16689.642578125
23407,7569.79052734375
23408,7566.71630859375
23409,9553.6787109375
23410,10239.236328125
23411,11429.4833984375
23412,5788.767578125
23413,7309.6982421875
23414,6175.24462890625
23415,8938.4619140625
23416,4758.3720703125
23417,6232.41845703125
23418,5835.64306640625
23419,5691.41845703125
23420,7459.38525390625
23421,5249.3984375
23422,5122.5927734375
23423,7229.6943359375
23424,4657.296875
23425,5107.86962890625
23426,6351.427734375
23427,5935.9599609375
23428,9976.1904296875
23429,9263.927734375
23430,8296.6181640625
23431,6579.38330078125
23432,7197.546875
23433,10886.234375
23434,7162.86669921875
23435,5958.67431640625
23436,5662.2177734375
23437,10956.298828125
23438,4663.037109375
23439,7232.2822265625
23440,3727.407958984375
23441,4866.43994140625
23442,7987.52685546875
23443,6391.62353515625
23444,5981.87890625
23445,9624.5966796875
23446,10194.84765625
23447,11849.53125
23448,6365.98095703125
23449,10440.39453125
23450,3013.62255859375
23451,6959.1904296875
23452,7275.94677734375
23453,4803.73388671875
23454,9081.8203125
23455,5443.45751953125
23456,7737.5625
23457,9017.92578125
23458,11211.1328125
23459,8851.2451171875
23460,5776.5380859375
23461,5945.7353515625
23462,11237.642578125
23463,8159.984375
23464,5473.15087890625
23465,6103.78271484375
23466,7232.04345703125
23467,8886.7880859375
23468,6091.7255859375
23469,6038.328125
23470,9262.564453125
23471,8807.1455078125
23472,11935.67578125
23473,7240.9072265625
23474,14831.044921875
23475,7429.0361328125
23476,5617.4521484375
23477,3425.039794921875
23478,6272.2490234375
23479,6332.357421875
23480,6160.5927734375
23481,9287.0009765625
23482,5413.81591796875
23483,4830.876953125
23484,7726.1728515625
23485,3981.731689453125
23486,7292.7021484375
23487,7473.2666015625
23488,8042.48095703125
23489,9674.6484375
23490,5819.18701171875
23491,9977.5263671875
23492,5941.39111328125
23493,5746.61767578125
23494,6327.6279296875
23495,5364.75634765625
23496,9812.75390625
23497,5664.5458984375
23498,4703.67578125
23499,7383.93408203125
23500,10219.3173828125
23501,8139.43115234375
23502,6625.63818359375
23503,9237.91015625
23504,5941.2763671875
23505,5763.31494140625
23506,7161.38720703125
23507,9920.2568359375
23508,5883.7314453125
23509,6421.58984375
23510,6723.43359375
23511,6295.53857421875
23512,4562.55615234375
23513,6288.04638671875
23514,9300.185546875
23515,8901.6376953125
23516,11574.357421875
23517,13265.7080078125
23518,8952.029296875
23519,7857.9775390625
23520,5056.88232421875
23521,10904.6943359375
23522,11750.8505859375
23523,9195.82421875
23524,8179.39404296875
23525,8821.8388671875
23526,6359.984375
23527,3503.083251953125
23528,9804.64453125
23529,6438.4228515625
23530,6650.91259765625
23531,6240.32763671875
23532,3351.031494140625
23533,11250.7822265625
23534,6564.0986328125
23535,6496.86279296875
23536,5129.53564453125
23537,5618.14111328125
23538,6614.33544921875
23539,7876.91064453125
23540,7428.8388671875
23541,5182.44482421875
23542,5008.96142578125
23543,3848.04736328125
23544,3746.887451171875
23545,7382.13134765625
23546,16956.98828125
23547,4235.5859375
23548,5832.4169921875
23549,6817.1044921875
23550,5487.7138671875
23551,5106.48876953125
23552,5320.79833984375
23553,4167.21484375
23554,8062.4697265625
23555,7817.6181640625
23556,4176.62255859375
23557,9104.7822265625
23558,5693.3837890625
23559,5343.294921875
23560,10676.5849609375
23561,7987.74853515625
23562,8585.669921875
23563,5594.125
23564,6622.8017578125
23565,5324.50732421875
23566,5585.62353515625
23567,14389.078125
23568,11859.9140625
23569,7864.20458984375
23570,5423.77685546875
23571,6215.85791015625
23572,6447.83349609375
23573,4356.1240234375
23574,9283.9521484375
23575,6033.72509765625
23576,6518.00439453125
23577,8562.1279296875
23578,5453.0244140625
23579,6319.357421875
23580,7331.349609375
23581,7419.7275390625
23582,7968.96240234375
23583,4465.4384765625
23584,5503.63037109375
23585,7990.375
23586,8791.169921875
23587,8671.412109375
23588,7569.80517578125
23589,4704.99267578125
23590,8328.6240234375
23591,6386.98974609375
23592,5451.39501953125
23593,7185.29443359375
23594,7559.552734375
23595,6349.87646484375
23596,7297.02685546875
23597,5942.87548828125
23598,6200.58935546875
23599,6055.54296875
23600,6965.392578125
23601,7537.78271484375
23602,7800.765625
23603,11033.23046875
23604,6689.4306640625
23605,5409.18701171875
23606,12342.09375
23607,5499.490234375
23608,4338.77880859375
23609,7804.98681640625
23610,10260.6484375
23611,11286.7548828125
23612,5269.9677734375
23613,6941.9091796875
23614,6508.36962890625
23615,7604.97216796875
23616,6652.90283203125
23617,8890.8486328125
23618,3678.782470703125
23619,5670.21533203125
23620,6534.0947265625
23621,5112.70849609375
23622,5991.7890625
23623,6947.42529296875
23624,8325.29296875
23625,6548.869140625
23626,8458.3330078125
23627,7839.71630859375
23628,9111.361328125
23629,6058.16552734375
23630,6678.2900390625
23631,6784.32275390625
23632,8654.7958984375
23633,8649.337890625
23634,4330.74169921875
23635,8139.146484375
23636,8061.46044921875
23637,7831.388671875
23638,5390.39404296875
23639,3945.435546875
23640,9064.80078125
23641,6288.91015625
23642,9944.2470703125
23643,7152.11328125
23644,5558.38134765625
23645,8839.458984375
23646,6442.82763671875
23647,7005.13671875
23648,8272.1201171875
23649,6082.94775390625
23650,9378.3076171875
23651,11153.533203125
23652,8439.234375
23653,4882.98486328125
23654,6587.59619140625
23655,4803.1708984375
23656,3897.466552734375
23657,8411.056640625
23658,5424.53466796875
23659,9014.7275390625
23660,5420.0615234375
23661,6306.62646484375
23662,6371.72119140625
23663,8412.6142578125
23664,6202.23095703125
23665,6051.4716796875
23666,6416.994140625
23667,7478.88916015625
23668,5656.62646484375
23669,7763.876953125
23670,8427.115234375
23671,8147.76123046875
23672,8768.361328125
23673,7109.95361328125
23674,5949.6123046875
23675,4992.56494140625
23676,5350.76953125
23677,11231.1337890625
23678,9009.9013671875
23679,9024.052734375
23680,15316.7763671875
23681,6115.2080078125
23682,5103.38623046875
23683,6467.93603515625
23684,9252.1181640625
23685,10346.859375
23686,7475.7314453125
23687,7940.6220703125
23688,8610.8369140625
23689,7866.65625
23690,7368.96875
23691,6418.63330078125
23692,5750.09326171875
23693,6043.4560546875
23694,3929.00927734375
23695,5453.6689453125
23696,8283.7529296875
23697,17422.28515625
23698,6761.9677734375
23699,5486.18798828125
23700,7553.8212890625
23701,5224.677734375
23702,7514.7001953125
23703,4447.54052734375
23704,9739.2978515625
23705,7304.77880859375
23706,7167.1357421875
23707,13497.7216796875
23708,12674.5244140625
23709,5794.03955078125
23710,6950.6650390625
23711,3910.013671875
23712,5378.2490234375
23713,5981.68505859375
23714,8930.2783203125
23715,4996.18798828125
23716,6113.1669921875
23717,6066.08056640625
23718,5275.4541015625
23719,7123.0146484375
23720,7559.52685546875
23721,3937.947509765625
23722,7435.078125
23723,8596.81640625
23724,7790.63134765625
23725,5314.4697265625
23726,4783.115234375
23727,8218.6767578125
23728,5110.6845703125
23729,9957.4384765625
23730,4741.35400390625
23731,5189.76513671875
23732,7857.470703125
23733,6933.150390625
23734,5231.72607421875
23735,6125.1142578125
23736,7688.10009765625
23737,9250.537109375
23738,9791.38671875
23739,5919.904296875
23740,4513.11767578125
23741,5617.0400390625
23742,6223.119140625
23743,4943.2783203125
23744,6268.51708984375
23745,6860.22119140625
23746,11561.529296875
23747,8495.8955078125
23748,6282.07177734375
23749,7137.72119140625
23750,5307.705078125
23751,9741.841796875
23752,5466.55419921875
23753,11465.279296875
23754,7039.18896484375
23755,5152.951171875
23756,5599.2607421875
23757,4908.1416015625
23758,6533.7001953125
23759,21608.111328125
23760,4613.47900390625
23761,5655.8837890625
23762,11280.396484375
23763,6496.88427734375
23764,7381.20703125
23765,8668.1513671875
23766,6519.01123046875
23767,6491.06982421875
23768,4261.859375
23769,9812.3232421875
23770,6282.2607421875
23771,7175.46044921875
23772,8445.3115234375
23773,5037.263671875
23774,8083.416015625
23775,7127.19140625
23776,3614.3603515625
23777,8791.7919921875
23778,10009.0732421875
23779,4158.38671875
23780,8800.4208984375
23781,7374.78662109375
23782,5613.10498046875
23783,9435.3896484375
23784,7079.67236328125
23785,8120.158203125
23786,4732.94140625
23787,5250.0439453125
23788,6455.85009765625
23789,4277.72216796875
23790,8304.6328125
23791,4219.427734375
23792,6516.4765625
23793,4737.72216796875
23794,6371.10595703125
23795,5753.91455078125
23796,6974.34521484375
23797,7186.71240234375
23798,8819.2919921875
23799,6138.8125
23800,7112.2841796875
23801,5628.353515625
23802,9470.15234375
23803,9869.4306640625
23804,7736.703125
23805,5186.96142578125
23806,6164.03076171875
23807,7619.96142578125
23808,4873.11865234375
23809,12562.365234375
23810,6310.06494140625
23811,8256.69921875
23812,10255.4619140625
23813,6975.80029296875
23814,4527.96728515625
23815,14117.58984375
23816,10325.7958984375
23817,6723.45947265625
23818,8788.5244140625
23819,9531.34375
23820,7125.00439453125
23821,6032.81787109375
23822,7091.517578125
23823,4993.9482421875
23824,7144.52783203125
23825,8291.21875
23826,4758.4130859375
23827,7097.70068359375
23828,7860.6884765625
23829,6174.1318359375
23830,8777.8935546875
23831,6313.57470703125
23832,6413.8203125
23833,5291.45849609375
23834,7918.3154296875
23835,7200.51708984375
23836,6431.46337890625
23837,6740.44091796875
23838,7687.9189453125
23839,9519.3388671875
23840,6703.79931640625
23841,5775.6142578125
23842,6764.78564453125
23843,7572.44140625
23844,6901.10498046875
23845,4833.53369140625
23846,4176.177734375
23847,7328.486328125
23848,6829.92138671875
23849,5743.37255859375
23850,8679.599609375
23851,6672.92919921875
23852,6515.30712890625
23853,5373.13232421875
23854,3242.4365234375
23855,7794.591796875
23856,7295.20654296875
23857,6978.1474609375
23858,9467.3212890625
23859,8167.365234375
23860,4870.53271484375
23861,8461.146484375
23862,4574.70654296875
23863,2260.381103515625
23864,7239.21533203125
23865,10276.8388671875
23866,7521.185546875
23867,7546.2509765625
23868,4332.330078125
23869,6867.212890625
23870,8390.5888671875
23871,6313.77587890625
23872,6646.693359375
23873,4784.07568359375
23874,4444.958984375
23875,5728.18798828125
23876,6117.984375
23877,5127.19580078125
23878,5744.24462890625
23879,5911.35400390625
23880,4417.49951171875
23881,7705.51171875
23882,8410.8486328125
23883,5571.234375
23884,6136.751953125
23885,7756.59423828125
23886,6014.6806640625
23887,4981.77001953125
23888,9506.7607421875
23889,7543.92138671875
23890,5913.29345703125
23891,4037.457763671875
23892,12151.185546875
23893,7049.3115234375
23894,5670.49609375
23895,8692.09765625
23896,8199.884765625
23897,7769.56884765625
23898,6683.1328125
23899,7159.42578125
23900,9828.1787109375
23901,13588.52734375
23902,5537.7041015625
23903,5201.4453125
23904,5608.95947265625
23905,6309.42236328125
23906,6463.05908203125
23907,7417.84033203125
23908,8693.6552734375
23909,6719.06494140625
23910,4411.671875
23911,6128.20556640625
23912,10530.4716796875
23913,4994.478515625
23914,7851.2587890625
23915,4429.33544921875
23916,6577.1787109375
23917,7652.3837890625
23918,7214.95458984375
23919,7157.08837890625
23920,6928.03125
23921,5100.58251953125
23922,6350.416015625
23923,8191.72607421875
23924,8547.5185546875
23925,7769.513671875
23926,8772.7568359375
23927,6361.7021484375
23928,4558.822265625
23929,9984.0703125
23930,4610.11083984375
23931,9995.53515625
23932,6320.1162109375
23933,5000.34912109375
23934,6715.1865234375
23935,5985.759765625
23936,7021.76416015625
23937,8398.8076171875
23938,4005.9677734375
23939,4476.08203125
23940,7513.12158203125
23941,8621.6904296875
23942,10299.7109375
23943,6108.0078125
23944,5529.388671875
23945,6873.62109375
23946,6639.42578125
23947,6211.814453125
23948,10558.421875
23949,9722.2373046875
23950,12604.1669921875
23951,5162.32177734375
23952,6347.810546875
23953,10334.9970703125
23954,10491.7001953125
23955,5503.6083984375
23956,10441.9736328125
23957,6063.9775390625
23958,7054.12353515625
23959,6171.27294921875
23960,5827.64404296875
23961,5644.8173828125
23962,6348.15185546875
23963,4686.65087890625
23964,5637.54345703125
23965,10161.3798828125
23966,6932.36865234375
23967,23790.794921875
23968,6974.74462890625
23969,4262.03955078125
23970,8269.890625
23971,9626.0048828125
23972,7570.39794921875
23973,8272.337890625
23974,5319.18603515625
23975,7892.7451171875
23976,8054.7421875
23977,5594.3916015625
23978,5784.5400390625
23979,7542.6396484375
23980,7965.84912109375
23981,7370.5341796875
23982,9748.046875
23983,6131.87158203125
23984,5457.27099609375
23985,5968.89697265625
23986,9984.2822265625
23987,11153.634765625
23988,9241.5888671875
23989,8187.14697265625
23990,5451.85986328125
23991,6738.162109375
23992,4684.14599609375
23993,8138.2451171875
23994,10425.1923828125
23995,9969.93359375
23996,6011.59716796875
23997,5462.2275390625
23998,4596.28515625
23999,5548.85595703125
24000,10656.8369140625
24001,6231.75390625
24002,4991.94287109375
24003,6447.41064453125
24004,7993.9375
24005,3687.9013671875
24006,7587.5029296875
24007,4580.9873046875
24008,7490.408203125
24009,7426.68994140625
24010,6435.06640625
24011,7750.70947265625
24012,6353.76220703125
24013,6334.10888671875
24014,6915.9462890625
24015,7530.7763671875
24016,11906.29296875
24017,5921.0341796875
24018,8843.775390625
24019,8080.0302734375
24020,9684.5908203125
24021,6926.4814453125
24022,9250.681640625
24023,4856.8515625
24024,5191.10693359375
24025,6172.18505859375
24026,6542.94140625
24027,9350.4140625
24028,7361.6640625
24029,6077.3720703125
24030,7856.61572265625
24031,7750.53955078125
24032,9951.103515625
24033,3969.072021484375
24034,13626.1796875
24035,4943.7177734375
24036,7308.05078125
24037,8564.1220703125
24038,5196.486328125
24039,6364.689453125
24040,6013.853515625
24041,7831.49755859375
24042,8366.8603515625
24043,5700.4052734375
24044,7926.12109375
24045,8128.0361328125
24046,7231.4306640625
24047,4798.4208984375
24048,7437.70458984375
24049,12589.3037109375
24050,6457.96337890625
24051,5427.55029296875
24052,7075.1552734375
24053,6524.61767578125
24054,5254.39892578125
24055,7668.4140625
24056,3951.27197265625
24057,8816.1328125
24058,6321.80419921875
24059,7025.77783203125
24060,9014.06640625
24061,3890.386962890625
24062,5479.79931640625
24063,5939.787109375
24064,8517.0498046875
24065,8854.5224609375
24066,5181.43505859375
24067,4282.904296875
24068,7057.7666015625
24069,6144.7978515625
24070,6404.77392578125
24071,6846.04150390625
24072,6603.91748046875
24073,7772.2236328125
24074,5442.74609375
24075,4401.41650390625
24076,6470.6533203125
24077,9139.1689453125
24078,8079.23095703125
24079,8600.1416015625
24080,7969.27294921875
24081,5694.3173828125
24082,10367.115234375
24083,5877.36181640625
24084,6801.1240234375
24085,9534.9306640625
24086,6670.22265625
24087,10610.115234375
24088,8147.48876953125
24089,7544.02001953125
24090,6443.9091796875
24091,7994.58544921875
24092,8082.37646484375
24093,7051.86474609375
24094,4132.08740234375
24095,6777.6552734375
24096,7847.36572265625
24097,6061.4541015625
24098,4286.03564453125
24099,8362.849609375
24100,7546.60302734375
24101,6239.6767578125
24102,6018.32470703125
24103,5458.76416015625
24104,8023.18359375
24105,7057.0732421875
24106,7292.34619140625
24107,5922.4462890625
24108,5567.09130859375
24109,7011.857421875
24110,5684.2333984375
24111,6669.19384765625
24112,6404.77294921875
24113,8720.68359375
24114,8002.5078125
24115,7222.86572265625
24116,13059.923828125
24117,6187.90283203125
24118,5407.03271484375
24119,10979.4560546875
24120,7055.44580078125
24121,8570.9111328125
24122,6913.86669921875
24123,5319.548828125
24124,6984.95703125
24125,5310.3330078125
24126,9011.3408203125
24127,11599.8798828125
24128,7972.70849609375
24129,3566.961669921875
24130,5019.6787109375
24131,8363.1123046875
24132,8198.02734375
24133,7223.76318359375
24134,6982.98974609375
24135,5255.720703125
24136,5101.50634765625
24137,4028.0234375
24138,6023.19140625
24139,6350.7861328125
24140,7525.19384765625
24141,7383.37744140625
24142,10434.9228515625
24143,8138.46533203125
24144,10572.5703125
24145,7927.6357421875
24146,7047.296875
24147,9887.755859375
24148,10548.1064453125
24149,6296.505859375
24150,7130.67431640625
24151,5940.69921875
24152,7026.345703125
24153,4390.43603515625
24154,7555.32177734375
24155,5840.4541015625
24156,9256.9072265625
24157,7244.23974609375
24158,9874.2529296875
24159,9397.271484375
24160,6222.14111328125
24161,8756.20703125
24162,19102.69921875
24163,10645.623046875
24164,6301.06591796875
24165,2959.244140625
24166,6698.78369140625
24167,8860.0771484375
24168,6042.5888671875
24169,12002.4990234375
24170,16734.119140625
24171,4901.82861328125
24172,5723.81689453125
24173,10601.21875
24174,4888.50537109375
24175,9659.162109375
24176,6533.93408203125
24177,8110.880859375
24178,4587.02197265625
24179,6505.8828125
24180,6374.1787109375
24181,7690.77685546875
24182,10952.4365234375
24183,6388.0419921875
24184,6581.05810546875
24185,7931.05517578125
24186,5438.78125
24187,5700.56689453125
24188,7912.65380859375
24189,6325.85400390625
24190,5756.734375
24191,6799.013671875
24192,6613.146484375
24193,6293.65625
24194,7104.87109375
24195,7320.44287109375
24196,8146.2080078125
24197,8318.6943359375
24198,9136.392578125
24199,5993.044921875
24200,4552.85595703125
24201,6187.90625
24202,5608.17431640625
24203,5899.10400390625
24204,4847.06103515625
24205,9103.83984375
24206,7556.5029296875
24207,10930.9970703125
24208,7347.958984375
24209,6018.43798828125
24210,4779.16943359375
24211,4816.87646484375
24212,10133.14453125
24213,5230.7080078125
24214,8181.294921875
24215,16546.556640625
24216,7695.75927734375
24217,7988.91943359375
24218,5616.86328125
24219,4894.68359375
24220,6801.564453125
24221,4714.919921875
24222,6255.91943359375
24223,12202.84765625
24224,5542.53564453125
24225,15779.9638671875
24226,13687.880859375
24227,4916.67333984375
24228,8326.1064453125
24229,6153.3837890625
24230,7328.85302734375
24231,5899.71142578125
24232,11453.341796875
24233,7040.40087890625
24234,10124.3037109375
24235,5806.8369140625
24236,7794.07568359375
24237,6098.93603515625
24238,9074.9296875
24239,7356.97998046875
24240,5662.80224609375
24241,7138.84130859375
24242,5817.70458984375
24243,8960.05078125
24244,9987.1494140625
24245,6070.099609375
24246,9747.7431640625
24247,6815.67578125
24248,10600.79296875
24249,5656.07373046875
24250,5370.392578125
24251,6049.17529296875
24252,9696.1494140625
24253,6842.24609375
24254,8583.4833984375
24255,6709.01513671875
24256,8675.2724609375
24257,4619.05859375
24258,8878.818359375
24259,7596.47705078125
24260,4011.4326171875
24261,12430.2724609375
24262,17939.9140625
24263,7201.8369140625
24264,7624.658203125
24265,9701.60546875
24266,10636.1083984375
24267,11945.3583984375
24268,5801.001953125
24269,7507.3603515625
24270,6173.61767578125
24271,8505.6015625
24272,4726.48486328125
24273,7052.41162109375
24274,5735.599609375
24275,6029.7138671875
24276,7013.3125
24277,5776.01318359375
24278,4817.3232421875
24279,6797.13671875
24280,4780.3076171875
24281,5028.38232421875
24282,6890.41259765625
24283,5698.7236328125
24284,9849.201171875
24285,9237.6103515625
24286,8554.6005859375
24287,6760.38232421875
24288,7341.0
24289,12049.107421875
24290,7557.00439453125
24291,4967.52490234375
24292,5775.0546875
24293,10517.9501953125
24294,4815.0986328125
24295,7017.65087890625
24296,3859.60205078125
24297,5189.01611328125
24298,9647.298828125
24299,6582.23388671875
24300,5637.107421875
24301,8764.2021484375
24302,10528.931640625
24303,12897.833984375
24304,6442.90234375
24305,9745.5
24306,3100.48828125
24307,5852.96630859375
24308,6569.35009765625
24309,4887.87841796875
24310,8168.32763671875
24311,5165.5966796875
24312,7910.5087890625
24313,9337.533203125
24314,12673.3681640625
24315,10713.4384765625
24316,5719.46728515625
24317,5996.46533203125
24318,11685.40625
24319,7734.4736328125
24320,6713.38818359375
24321,5835.69580078125
24322,7065.4013671875
24323,9766.2861328125
24324,6040.5126953125
24325,6431.3388671875
24326,9295.6103515625
24327,8658.619140625
24328,13334.8876953125
24329,7319.4541015625
24330,15122.03125
24331,7105.9658203125
24332,5926.39453125
24333,4059.914306640625
24334,6581.69775390625
24335,6204.29638671875
24336,6167.8974609375
24337,8179.7373046875
24338,5292.18701171875
24339,5640.23046875
24340,8230.98828125
24341,3894.3857421875
24342,8002.02099609375
24343,7317.080078125
24344,8555.1396484375
24345,9447.373046875
24346,5691.38232421875
24347,9680.392578125
24348,6377.08447265625
24349,5693.61181640625
24350,5654.4443359375
24351,5740.81103515625
24352,10432.3984375
24353,6433.48583984375
24354,5423.71142578125
24355,6993.48388671875
24356,10625.3740234375
24357,7767.95556640625
24358,6467.90869140625
24359,9005.17578125
24360,6041.12744140625
24361,5124.29052734375
24362,6910.4091796875
24363,8999.044921875
24364,7197.7724609375
24365,6924.16015625
24366,6360.7509765625
24367,6103.40625
24368,4718.2607421875
24369,5994.3984375
24370,9277.9765625
24371,9204.1474609375
24372,11198.9052734375
24373,13128.955078125
24374,8625.0234375
24375,8197.2099609375
24376,5278.912109375
24377,11371.138671875
24378,11951.1259765625
24379,8423.439453125
24380,8815.96875
24381,8338.1474609375
24382,6269.99462890625
24383,4389.96044921875
24384,10118.453125
24385,7258.13427734375
24386,7486.78564453125
24387,6514.25732421875
24388,3199.8837890625
24389,12200.978515625
24390,6776.62158203125
24391,7741.23828125
24392,5081.470703125
24393,6421.8984375
24394,6915.87890625
24395,8482.12890625
24396,7389.42919921875
24397,5665.01708984375
24398,4713.6044921875
24399,4352.53076171875
24400,3993.769775390625
24401,6885.66650390625
24402,17329.556640625
24403,4626.29638671875
24404,5830.94091796875
24405,7419.310546875
24406,5745.92919921875
24407,5104.7041015625
24408,5275.7001953125
24409,4701.72119140625
24410,7594.37255859375
24411,8000.3017578125
24412,4417.33544921875
24413,9258.6650390625
24414,5771.34765625
24415,5336.95458984375
24416,10337.8642578125
24417,7241.314453125
24418,9696.9345703125
24419,5782.48974609375
24420,7931.7119140625
24421,5290.90234375
24422,6067.33984375
24423,15290.3798828125
24424,12320.0048828125
24425,7611.4765625
24426,6000.0224609375
24427,5857.14990234375
24428,5844.49755859375
24429,5423.32861328125
24430,11084.78515625
24431,5867.79052734375
24432,6654.85400390625
24433,8155.51513671875
24434,4996.05126953125
24435,6150.34912109375
24436,7768.283203125
24437,7161.10205078125
24438,7718.26708984375
24439,4751.490234375
24440,5442.75634765625
24441,7285.1123046875
24442,9371.283203125
24443,8519.4296875
24444,7272.93798828125
24445,4784.49951171875
24446,7933.2021484375
24447,6669.6337890625
24448,4800.4814453125
24449,7018.3505859375
24450,7804.72998046875
24451,6552.90771484375
24452,7276.609375
24453,6314.99609375
24454,6395.90283203125
24455,5985.25927734375
24456,7082.5859375
24457,6986.8203125
24458,7342.50634765625
24459,11258.4296875
24460,6195.82177734375
24461,5013.03271484375
24462,12212.81640625
24463,6390.61083984375
24464,4841.6689453125
24465,7673.7626953125
24466,9896.4755859375
24467,12874.130859375
24468,5147.75146484375
24469,6050.99560546875
24470,6853.94091796875
24471,7425.974609375
24472,6253.294921875
24473,8829.8740234375
24474,3789.235595703125
24475,6153.73291015625
24476,6497.69140625
24477,5444.396484375
24478,6162.25390625
24479,6872.50537109375
24480,8470.9140625
24481,6603.2978515625
24482,9232.271484375
24483,7819.580078125
24484,9156.619140625
24485,5279.24267578125
24486,7011.1298828125
24487,6921.27734375
24488,9007.0517578125
24489,7989.77392578125
24490,5559.81494140625
24491,7808.9384765625
24492,7860.96533203125
24493,7964.353515625
24494,5262.19677734375
24495,4436.9599609375
24496,9297.9697265625
24497,6130.56689453125
24498,9636.021484375
24499,7304.81298828125
24500,5895.08935546875
24501,8819.2783203125
24502,7219.02099609375
24503,7197.931640625
24504,8955.087890625
24505,6611.248046875
24506,10065.6650390625
24507,10962.19921875
24508,8488.9765625
24509,5021.97998046875
24510,6173.517578125
24511,4827.431640625
24512,4037.786865234375
24513,8333.2041015625
24514,5166.57421875
24515,8949.6650390625
24516,4934.5478515625
24517,6542.30712890625
24518,6286.375
24519,9337.9775390625
24520,5271.11865234375
24521,5520.2802734375
24522,6205.05615234375
24523,7769.24365234375
24524,6193.51904296875
24525,7678.8955078125
24526,8316.5419921875
24527,9531.0224609375
24528,8555.2216796875
24529,7307.87890625
24530,6128.1962890625
24531,5106.62548828125
24532,5150.33154296875
24533,10585.7451171875
24534,9140.482421875
24535,9422.5029296875
24536,14367.7275390625
24537,5884.853515625
24538,5287.19091796875
24539,7104.7998046875
24540,9155.24609375
24541,10461.19140625
24542,7360.2783203125
24543,8400.1845703125
24544,8358.986328125
24545,7880.291015625
24546,7276.41748046875
24547,5856.48681640625
24548,5626.33251953125
24549,5859.2900390625
24550,4500.10205078125
24551,5467.2080078125
24552,8650.4990234375
24553,17214.857421875
24554,7026.5322265625
24555,5723.982421875
24556,7934.9150390625
24557,5096.94482421875
24558,7276.52294921875
24559,4507.30712890625
24560,10516.3515625
24561,7035.52880859375
24562,6851.67431640625
24563,13692.0185546875
24564,9918.923828125
24565,6256.62841796875
24566,7113.9892578125
24567,4282.33837890625
24568,5372.1904296875
24569,5809.9697265625
24570,8723.556640625
24571,4807.92431640625
24572,5439.18359375
24573,6753.8515625
24574,5502.73876953125
24575,6672.46044921875
24576,7498.158203125
24577,4242.5458984375
24578,7168.48291015625
24579,8469.9814453125
24580,7450.48486328125
24581,5359.6123046875
24582,4522.9853515625
24583,8785.75
24584,5471.5078125
24585,10059.376953125
24586,4720.47998046875
24587,5128.18017578125
24588,7446.26025390625
24589,7051.7978515625
24590,5029.326171875
24591,6207.33837890625
24592,7740.07080078125
24593,9309.3583984375
24594,9678.1328125
24595,5755.72216796875
24596,5020.58154296875
24597,6716.1767578125
24598,6520.609375
24599,5009.96240234375
24600,6615.8486328125
24601,6757.216796875
24602,12098.978515625
24603,8504.615234375
24604,6078.43017578125
24605,7609.26123046875
24606,5798.5400390625
24607,10112.595703125
24608,7093.04736328125
24609,13313.9853515625
24610,6403.4326171875
24611,5638.44921875
24612,5309.2587890625
24613,4735.94287109375
24614,6866.021484375
24615,19640.892578125
24616,4089.397216796875
24617,5016.7001953125
24618,11183.5478515625
24619,6446.564453125
24620,7735.1630859375
24621,8650.2568359375
24622,6466.36328125
24623,6055.70361328125
24624,5093.0126953125
24625,9939.0830078125
24626,6605.841796875
24627,7153.43212890625
24628,7868.6044921875
24629,5257.60595703125
24630,8045.8564453125
24631,6746.57861328125
24632,3921.822265625
24633,8731.9970703125
24634,9167.3828125
24635,5207.7099609375
24636,8469.6376953125
24637,7132.72802734375
24638,5393.15771484375
24639,9362.2724609375
24640,6803.52392578125
24641,8324.365234375
24642,4806.4013671875
24643,5150.26513671875
24644,6539.458984375
24645,4224.744140625
24646,8620.9560546875
24647,4545.27978515625
24648,6327.08349609375
24649,4829.45361328125
24650,6559.68408203125
24651,6655.5927734375
24652,7485.48388671875
24653,7139.77392578125
24654,8028.20947265625
24655,6323.62353515625
24656,7095.9150390625
24657,6720.57470703125
24658,8320.7744140625
24659,9850.150390625
24660,8599.63671875
24661,4129.8251953125
24662,6211.1630859375
24663,7626.66162109375
24664,4866.31787109375
24665,12179.2216796875
24666,6322.08740234375
24667,8381.34375
24668,11258.060546875
24669,7304.65576171875
24670,4568.2041015625
24671,14887.052734375
24672,10374.0771484375
24673,6356.70556640625
24674,9631.248046875
24675,10211.259765625
24676,6871.28173828125
24677,5831.3486328125
24678,6639.27392578125
24679,5783.4560546875
24680,7099.25146484375
24681,7175.38330078125
24682,5009.880859375
24683,7009.73046875
24684,7608.26904296875
24685,6527.8984375
24686,8689.314453125
24687,6699.55712890625
24688,6999.6796875
24689,5591.92724609375
24690,7888.26611328125
24691,6993.4208984375
24692,6389.50048828125
24693,7514.19873046875
24694,7577.4814453125
24695,9914.46875
24696,5646.224609375
24697,5985.5625
24698,6947.79736328125
24699,7278.4248046875
24700,7305.705078125
24701,4799.73583984375
24702,4668.568359375
24703,7457.58056640625
24704,6961.62255859375
24705,5888.98583984375
24706,8372.8974609375
24707,6153.4560546875
24708,6458.9189453125
24709,4981.6845703125
24710,3139.9697265625
24711,7976.4013671875
24712,6778.60888671875
24713,6823.76953125
24714,9820.6279296875
24715,9709.802734375
24716,4936.9326171875
24717,9045.0244140625
24718,4525.99658203125
24719,2998.70556640625
24720,7764.92529296875
24721,10687.0615234375
24722,8546.107421875
24723,7296.158203125
24724,5177.998046875
24725,6677.5751953125
24726,8398.8720703125
24727,6556.15478515625
24728,8005.79443359375
24729,4992.6923828125
24730,5237.5517578125
24731,5401.69677734375
24732,5631.40380859375
24733,5261.759765625
24734,5761.30810546875
24735,5402.5966796875
24736,4489.29541015625
24737,7236.95458984375
24738,7862.767578125
24739,5596.5830078125
24740,6257.765625
24741,7247.89501953125
24742,7186.5712890625
24743,5003.16064453125
24744,9111.4072265625
24745,7515.109375
24746,5727.634765625
24747,3950.431396484375
24748,11974.3037109375
24749,6820.2880859375
24750,5721.69677734375
24751,9127.7490234375
24752,8321.12890625
24753,8070.712890625
24754,6566.5439453125
24755,7529.55224609375
24756,8787.1533203125
24757,14364.1533203125
24758,5264.55126953125
24759,5644.97314453125
24760,5468.3720703125
24761,7317.89501953125
24762,5926.43359375
24763,8425.123046875
24764,8741.47265625
24765,6806.64453125
24766,4247.5390625
24767,6678.59375
24768,11066.8994140625
24769,4720.6455078125
24770,8442.7255859375
24771,4904.845703125
24772,6608.26806640625
24773,8087.3759765625
24774,7204.55615234375
24775,8136.96240234375
24776,6741.8603515625
24777,4686.98095703125
24778,6724.72021484375
24779,7267.21142578125
24780,8709.482421875
24781,7175.89599609375
24782,8541.4423828125
24783,7050.76953125
24784,4803.23193359375
24785,10427.4345703125
24786,4564.544921875
24787,9511.6884765625
24788,5863.06396484375
24789,5179.10302734375
24790,7411.94873046875
24791,6377.5703125
24792,7514.7060546875
24793,8767.2265625
24794,4443.36474609375
24795,4840.43701171875
24796,8169.85205078125
24797,8687.23828125
24798,10532.482421875
24799,5692.09228515625
24800,6038.62890625
24801,7468.75146484375
24802,6685.1142578125
24803,5885.3603515625
24804,9712.0458984375
24805,9352.8125
24806,12717.8291015625
24807,5358.447265625
24808,6028.45361328125
24809,9553.3544921875
24810,10351.380859375
24811,5260.46240234375
24812,10280.208984375
24813,6543.81982421875
24814,6501.99072265625
24815,5829.1533203125
24816,5717.0576171875
24817,5815.23974609375
24818,6103.43701171875
24819,4849.783203125
24820,5401.7431640625
24821,10829.0732421875
24822,7560.53076171875
24823,24084.61328125
24824,7501.326171875
24825,4394.20947265625
24826,8404.5703125
24827,10075.673828125
24828,6641.36083984375
24829,8764.52734375
24830,5055.669921875
24831,8970.3232421875
24832,9100.8017578125
24833,6096.83056640625
24834,5994.60888671875
24835,7163.470703125
24836,8154.4248046875
24837,8118.99267578125
24838,9357.9130859375
24839,6392.7451171875
24840,5051.88623046875
24841,5906.99951171875
24842,11139.013671875
24843,11126.775390625
24844,9729.88671875
24845,9255.4453125
24846,5101.85546875
24847,6939.81201171875
24848,4676.46630859375
24849,9072.576171875
24850,11177.7685546875
24851,10950.1669921875
24852,6828.689453125
24853,5932.09033203125
24854,4504.02099609375
24855,5629.64111328125
24856,12215.2158203125
24857,6872.51806640625
24858,4936.3740234375
24859,6384.27392578125
24860,8439.70703125
24861,3736.83642578125
24862,7881.7001953125
24863,4705.0
24864,7669.1513671875
24865,7212.85205078125
24866,6727.8740234375
24867,7920.3837890625
24868,6952.00830078125
24869,7112.35888671875
24870,7331.0625
24871,7746.4453125
24872,12398.41796875
24873,5835.23974609375
24874,8994.47265625
24875,8847.80078125
24876,9955.74609375
24877,6926.28759765625
24878,9697.1279296875
24879,4604.1142578125
24880,5159.25927734375
24881,6687.6923828125
24882,6345.904296875
24883,8975.8017578125
24884,7434.265625
24885,5788.31201171875
24886,7491.72802734375
24887,8317.0634765625
24888,9567.599609375
24889,4397.19921875
24890,15514.5927734375
24891,5161.876953125
24892,7532.67041015625
24893,9003.0830078125
24894,5209.3759765625
24895,6807.21826171875
24896,6397.67919921875
24897,8781.5009765625
24898,8838.662109375
24899,6282.1923828125
24900,8987.3134765625
24901,8480.701171875
24902,7745.32958984375
24903,5359.255859375
24904,7136.32666015625
24905,12207.015625
24906,6903.66845703125
24907,5710.3583984375
24908,7172.2255859375
24909,6292.9462890625
24910,5853.62109375
24911,7971.51416015625
24912,4214.7431640625
24913,9212.4794921875
24914,6931.2822265625
24915,7121.05859375
24916,11242.0771484375
24917,4515.38671875
24918,5679.4658203125
24919,5527.65185546875
24920,8818.1796875
24921,8864.4384765625
24922,4652.064453125
24923,4480.416015625
24924,7137.1171875
24925,6112.45068359375
24926,6923.615234375
24927,7058.08203125
24928,7031.58740234375
24929,8179.64599609375
24930,5640.451171875
24931,5386.576171875
24932,6786.66845703125
24933,9947.564453125
24934,7742.35546875
24935,9210.2490234375
24936,9087.373046875
24937,5758.548828125
24938,10580.6650390625
24939,6755.27197265625
24940,7296.984375
24941,9563.7451171875
24942,6261.37158203125
24943,11288.9443359375
24944,8726.0390625
24945,7737.677734375
24946,6052.03564453125
24947,8423.595703125
24948,8400.0966796875
24949,6630.06005859375
24950,4332.6904296875
24951,6835.05712890625
24952,8542.5478515625
24953,6511.96435546875
24954,4713.61669921875
24955,8920.943359375
24956,6792.552734375
24957,6431.4970703125
24958,6121.39453125
24959,5955.22998046875
24960,8449.2451171875
24961,7291.55810546875
24962,7244.197265625
24963,5782.853515625
24964,5923.71533203125
24965,8073.826171875
24966,5828.82666015625
24967,6609.578125
24968,6438.7060546875
24969,8987.3974609375
24970,8179.73095703125
24971,7393.53125
24972,13762.951171875
24973,6939.66357421875
24974,5362.74755859375
24975,11891.0244140625
24976,7684.39208984375
24977,8872.8876953125
24978,7519.61328125
24979,5363.56982421875
24980,6998.37646484375
24981,5425.69580078125
24982,9188.6376953125
24983,12411.642578125
24984,7338.37548828125
24985,3580.178466796875
24986,5979.7685546875
24987,9243.7138671875
24988,9331.8984375
24989,7415.041015625
24990,7174.76513671875
24991,4986.96044921875
24992,5556.32861328125
24993,4252.84912109375
24994,6414.859375
24995,6551.470703125
24996,7944.94189453125
24997,7939.34619140625
24998,11728.154296875
24999,8852.2138671875
25000,10604.7080078125
25001,8155.6552734375
25002,7331.57861328125
25003,9924.099609375
25004,12074.328125
25005,6265.8251953125
25006,7831.95654296875
25007,6542.7822265625
25008,7944.55419921875
25009,4481.95849609375
25010,7722.25146484375
25011,6407.8876953125
25012,9275.1826171875
25013,7329.9013671875
25014,9662.697265625
25015,9298.185546875
25016,6295.6865234375
25017,9215.298828125
25018,19683.8125
25019,11776.6015625
25020,7185.02685546875
25021,3232.08251953125
25022,7939.07177734375
25023,8953.6728515625
25024,5530.95751953125
25025,12329.267578125
25026,17214.103515625
25027,4937.23876953125
25028,5744.3046875
25029,8624.19140625
25030,5343.2431640625
25031,10100.5732421875
25032,6707.31298828125
25033,8861.1201171875
25034,5060.05517578125
25035,7220.30859375
25036,6578.68017578125
25037,8037.51318359375
25038,11190.470703125
25039,6261.86474609375
25040,6319.55322265625
25041,7063.240234375
25042,6252.14794921875
25043,5740.76953125
25044,8411.974609375
25045,6200.876953125
25046,5478.73681640625
25047,7745.9453125
25048,6196.26171875
25049,6658.71728515625
25050,7178.55859375
25051,7254.2763671875
25052,7851.47412109375
25053,8654.0078125
25054,8181.58251953125
25055,6143.76513671875
25056,4500.69580078125
25057,6875.93798828125
25058,5268.40087890625
25059,6309.33544921875
25060,5034.58642578125
25061,9501.6904296875
25062,8062.38427734375
25063,11055.095703125
25064,7490.37158203125
25065,5873.818359375
25066,5269.81982421875
25067,4719.7275390625
25068,10328.9033203125
25069,5066.1728515625
25070,8047.5458984375
25071,16146.03515625
25072,7863.71826171875
25073,7811.6015625
25074,5258.91943359375
25075,5592.0400390625
25076,7007.82958984375
25077,5237.064453125
25078,6150.12353515625
25079,12438.306640625
25080,6123.033203125
25081,16974.296875
25082,14352.5595703125
25083,4778.94140625
25084,8687.8837890625
25085,6107.015625
25086,7362.13037109375
25087,6247.1298828125
25088,11637.990234375
25089,7227.28955078125
25090,10462.45703125
25091,5301.5546875
25092,8437.0419921875
25093,5874.71630859375
25094,9342.6435546875
25095,7349.267578125
25096,6087.490234375
25097,6946.548828125
25098,6035.5771484375
25099,9477.9990234375
25100,9768.6259765625
25101,6247.20068359375
25102,10520.5849609375
25103,6540.2724609375
25104,10269.1455078125
25105,5875.5390625
25106,5478.27685546875
25107,6052.138671875
25108,10250.7685546875
25109,6721.47607421875
25110,7735.85302734375
25111,7205.53955078125
25112,9445.205078125
25113,4414.75732421875
25114,7986.2841796875
25115,7930.56591796875
25116,3996.36767578125
25117,13693.326171875
25118,16756.494140625
25119,7463.0185546875
25120,8162.22607421875
25121,9967.9287109375
25122,10813.8564453125
25123,11877.6640625
25124,5905.373046875
25125,7819.09228515625
25126,6600.248046875
25127,8474.8330078125
25128,4869.59716796875
25129,7309.36376953125
25130,5964.0224609375
25131,5729.57763671875
25132,7735.8779296875
25133,5899.8876953125
25134,5241.58544921875
25135,7128.6298828125
25136,4355.93212890625
25137,4905.7255859375
25138,6633.955078125
25139,7149.787109375
25140,9656.69921875
25141,9248.388671875
25142,8696.8466796875
25143,6529.9716796875
25144,7173.5693359375
25145,11849.6376953125
25146,8027.083984375
25147,5637.74951171875
25148,5863.0498046875
25149,11062.2265625
25150,4742.08837890625
25151,7839.9189453125
25152,4596.83837890625
25153,5957.5380859375
25154,8665.26171875
25155,6396.130859375
25156,5949.439453125
25157,8814.42578125
25158,10679.9267578125
25159,13091.55859375
25160,6506.92041015625
25161,9604.9873046875
25162,3392.417724609375
25163,6117.45458984375
25164,7073.357421875
25165,4557.119140625
25166,8727.70703125
25167,5795.43505859375
25168,8172.1142578125
25169,10070.0361328125
25170,13479.7236328125
25171,9854.70703125
25172,5515.90771484375
25173,6091.58984375
25174,13246.251953125
25175,8631.3134765625
25176,6844.91650390625
25177,5628.962890625
25178,7117.5869140625
25179,9582.0068359375
25180,6194.505859375
25181,6800.220703125
25182,9177.044921875
25183,9999.11328125
25184,13450.037109375
25185,7480.3798828125
25186,15901.66015625
25187,6992.1611328125
25188,5765.0537109375
25189,3794.995849609375
25190,6977.50146484375
25191,6006.3935546875
25192,6264.86376953125
25193,8018.15185546875
25194,5401.9736328125
25195,5067.69580078125
25196,7851.83349609375
25197,4165.4208984375
25198,7539.16015625
25199,7558.130859375
25200,8622.6005859375
25201,10018.8681640625
25202,5717.2734375
25203,9885.7529296875
25204,6249.3486328125
25205,6103.77392578125
25206,5853.08203125
25207,6294.603515625
25208,10229.3193359375
25209,6156.248046875
25210,5574.41845703125
25211,7853.57080078125
25212,10904.291015625
25213,8394.150390625
25214,6915.94189453125
25215,9918.4375
25216,6018.767578125
25217,5989.357421875
25218,7497.6845703125
25219,9160.6337890625
25220,7650.69580078125
25221,6823.51904296875
25222,6525.9296875
25223,6350.43798828125
25224,5012.02392578125
25225,5782.826171875
25226,8835.2392578125
25227,9356.8037109375
25228,11834.8955078125
25229,13246.1298828125
25230,8312.541015625
25231,8450.462890625
25232,5285.80712890625
25233,11990.3642578125
25234,11772.6015625
25235,8199.2666015625
25236,9100.646484375
25237,9208.8037109375
25238,6583.90771484375
25239,4063.973876953125
25240,10338.1171875
25241,7994.6142578125
25242,8289.98828125
25243,6238.697265625
25244,3263.883056640625
25245,12683.1708984375
25246,7702.5732421875
25247,8849.3505859375
25248,5142.005859375
25249,6375.99169921875
25250,7196.51708984375
25251,9579.48828125
25252,7186.2314453125
25253,5781.3115234375
25254,5025.158203125
25255,5163.07568359375
25256,3913.78857421875
25257,7471.0068359375
25258,17350.56640625
25259,4887.109375
25260,6390.3359375
25261,8274.24609375
25262,5401.06201171875
25263,5624.2373046875
25264,5325.08837890625
25265,5158.92431640625
25266,7395.02294921875
25267,8346.2314453125
25268,4523.55517578125
25269,9447.1416015625
25270,5587.177734375
25271,5678.3369140625
25272,10447.861328125
25273,8666.8349609375
25274,9538.9765625
25275,5992.5166015625
25276,7182.91455078125
25277,5283.2197265625
25278,6003.92333984375
25279,17460.787109375
25280,11685.6162109375
25281,7309.7275390625
25282,6172.76806640625
25283,5975.8134765625
25284,6155.9677734375
25285,4740.87939453125
25286,9682.2890625
25287,5869.55810546875
25288,6946.96240234375
25289,8193.744140625
25290,4718.505859375
25291,6126.76513671875
25292,7517.46484375
25293,7231.15087890625
25294,7271.89697265625
25295,5085.642578125
25296,5401.06201171875
25297,7309.71728515625
25298,9445.458984375
25299,8726.4794921875
25300,7168.447265625
25301,4703.64306640625
25302,8275.6455078125
25303,7105.06884765625
25304,4445.36279296875
25305,7010.51025390625
25306,8065.22802734375
25307,6793.61279296875
25308,7550.96142578125
25309,6459.361328125
25310,6197.76220703125
25311,5988.1494140625
25312,6923.24560546875
25313,6755.9697265625
25314,7645.6904296875
25315,11017.513671875
25316,6226.12158203125
25317,5400.380859375
25318,13447.94921875
25319,7083.2578125
25320,5924.42919921875
25321,7272.28466796875
25322,9858.763671875
25323,12859.0244140625
25324,5169.6904296875
25325,6287.8095703125
25326,6673.63818359375
25327,8040.59619140625
25328,6497.97705078125
25329,9928.5546875
25330,3412.593994140625
25331,6974.15234375
25332,6928.97265625
25333,5704.5986328125
25334,6044.75048828125
25335,7224.90283203125
25336,8745.0400390625
25337,6504.19140625
25338,8739.9853515625
25339,7851.61962890625
25340,9232.5634765625
25341,5775.80859375
25342,6874.4482421875
25343,7537.62939453125
25344,8727.6640625
25345,8316.787109375
25346,4461.73974609375
25347,8537.201171875
25348,7318.71337890625
25349,8273.607421875
25350,5554.36962890625
25351,4775.88525390625
25352,9186.0517578125
25353,6637.3251953125
25354,10542.8046875
25355,7125.85888671875
25356,6171.619140625
25357,8940.416015625
25358,6989.7412109375
25359,7240.32373046875
25360,8806.6064453125
25361,6602.05517578125
25362,10080.6630859375
25363,11521.7978515625
25364,8658.3642578125
25365,5371.486328125
25366,6251.52880859375
25367,4345.75244140625
25368,4203.07861328125
25369,8553.701171875
25370,5427.919921875
25371,9423.126953125
25372,4819.51025390625
25373,6302.15380859375
25374,5921.580078125
25375,11100.4970703125
25376,5562.607421875
25377,5417.04541015625
25378,7345.0595703125
25379,7875.3896484375
25380,5678.14453125
25381,8108.4951171875
25382,8147.00634765625
25383,9174.6767578125
25384,8775.5185546875
25385,7601.59423828125
25386,5895.7236328125
25387,4866.9287109375
25388,4913.84619140625
25389,11828.95703125
25390,9495.0380859375
25391,9577.6279296875
25392,15083.0185546875
25393,6158.05224609375
25394,5238.1650390625
25395,7144.5439453125
25396,9414.837890625
25397,10392.474609375
25398,7513.544921875
25399,8184.5283203125
25400,9101.1337890625
25401,8143.59033203125
25402,7711.02734375
25403,6075.2373046875
25404,5621.302734375
25405,5647.6865234375
25406,4704.38427734375
25407,5960.59912109375
25408,9319.56640625
25409,18595.447265625
25410,7201.83984375
25411,5866.33984375
25412,8776.48046875
25413,5026.10546875
25414,7330.75830078125
25415,4327.73779296875
25416,10130.34375
25417,7128.40673828125
25418,6694.34130859375
25419,13661.984375
25420,11956.6494140625
25421,6638.609375
25422,7205.17822265625
25423,4182.00048828125
25424,5225.29443359375
25425,6096.765625
25426,8471.0
25427,5169.50439453125
25428,5836.2421875
25429,6744.69775390625
25430,5832.70166015625
25431,7049.80224609375
25432,8420.16796875
25433,4496.6533203125
25434,7130.0029296875
25435,9024.6162109375
25436,8167.54150390625
25437,5688.52490234375
25438,5556.70263671875
25439,9008.8349609375
25440,5190.37646484375
25441,10568.2666015625
25442,4577.52294921875
25443,5614.35498046875
25444,7627.86865234375
25445,7248.65087890625
25446,5228.8662109375
25447,6458.54443359375
25448,7797.05224609375
25449,9357.6865234375
25450,10635.57421875
25451,5825.5576171875
25452,4825.2607421875
25453,6054.54541015625
25454,6565.92724609375
25455,5588.6728515625
25456,6741.33642578125
25457,7205.7001953125
25458,12810.6669921875
25459,9121.8779296875
25460,6138.03662109375
25461,8121.54833984375
25462,6047.92578125
25463,10431.2021484375
25464,6307.29736328125
25465,14540.3583984375
25466,6434.1640625
25467,5700.92236328125
25468,5529.09326171875
25469,4670.40576171875
25470,7124.5546875
25471,20607.609375
25472,4806.9189453125
25473,5282.91650390625
25474,11320.8369140625
25475,7561.00830078125
25476,7945.265625
25477,8736.546875
25478,6855.27197265625
25479,6398.45166015625
25480,4498.56884765625
25481,10175.6630859375
25482,6736.0263671875
25483,6995.49267578125
25484,8491.4638671875
25485,5377.123046875
25486,8531.6767578125
25487,6648.41796875
25488,4274.236328125
25489,9176.4248046875
25490,9245.8251953125
25491,4682.58154296875
25492,8787.4111328125
25493,6884.9912109375
25494,5467.28955078125
25495,9268.0380859375
25496,6416.6396484375
25497,8418.439453125
25498,4390.490234375
25499,5195.52978515625
25500,7883.00439453125
25501,4192.83056640625
25502,8454.5908203125
25503,5386.4912109375
25504,6352.93994140625
25505,4877.27392578125
25506,6541.18701171875
25507,6955.216796875
25508,7942.58935546875
25509,7024.58251953125
25510,8098.10302734375
25511,6135.88427734375
25512,8592.876953125
25513,6764.84130859375
25514,9858.0458984375
25515,9641.384765625
25516,8088.84375
25517,4740.87646484375
25518,6648.64892578125
25519,7766.6044921875
25520,5128.21044921875
25521,12233.6787109375
25522,6535.51953125
25523,8506.5576171875
25524,10865.1376953125
25525,7723.76416015625
25526,4852.66064453125
25527,14678.3837890625
25528,10678.6220703125
25529,6427.87548828125
25530,9463.94921875
25531,9861.40234375
25532,6746.47802734375
25533,6109.58935546875
25534,7151.28369140625
25535,5588.09765625
25536,7330.22705078125
25537,7829.0810546875
25538,5276.2861328125
25539,7022.9775390625
25540,8333.3955078125
25541,6988.56494140625
25542,9476.3212890625
25543,6615.30126953125
25544,7145.46826171875
25545,5247.73486328125
25546,7374.69091796875
25547,7854.80322265625
25548,6328.9794921875
25549,7794.35595703125
25550,7689.8427734375
25551,9522.8447265625
25552,6275.77001953125
25553,6172.2548828125
25554,6703.27978515625
25555,8032.80126953125
25556,7290.9794921875
25557,5042.77880859375
25558,4770.0302734375
25559,8065.7314453125
25560,6908.8916015625
25561,5773.37841796875
25562,9254.49609375
25563,6369.3720703125
25564,7884.85400390625
25565,5911.29443359375
25566,3724.267822265625
25567,8094.46630859375
25568,7411.27001953125
25569,7061.12548828125
25570,9962.26171875
25571,10554.53515625
25572,5320.7724609375
25573,8903.8388671875
25574,5265.9326171875
25575,2564.443359375
25576,8456.7353515625
25577,11159.546875
25578,7930.05517578125
25579,8063.00927734375
25580,4808.4091796875
25581,6918.5732421875
25582,8836.974609375
25583,7274.0361328125
25584,7651.70068359375
25585,5386.0302734375
25586,4649.29833984375
25587,5587.95947265625
25588,5743.3505859375
25589,5682.5234375
25590,5494.4013671875
25591,6110.453125
25592,4720.3408203125
25593,8188.416015625
25594,8676.419921875
25595,5777.052734375
25596,6377.779296875
25597,7570.2470703125
25598,6975.93408203125
25599,5375.59423828125
25600,9251.7451171875
25601,8439.607421875
25602,5795.93359375
25603,4656.66357421875
25604,12867.9326171875
25605,6994.609375
25606,6721.921875
25607,9105.5556640625
25608,8392.9443359375
25609,8789.76953125
25610,6512.91845703125
25611,7630.2099609375
25612,9475.9296875
25613,15647.736328125
25614,6201.12548828125
25615,5726.94384765625
25616,5633.626953125
25617,7303.689453125
25618,5914.94580078125
25619,10052.51171875
25620,8650.251953125
25621,7117.380859375
25622,4600.03076171875
25623,6608.04638671875
25624,10832.767578125
25625,4957.80078125
25626,8192.548828125
25627,4986.08447265625
25628,6581.48291015625
25629,8155.27392578125
25630,7814.0322265625
25631,8634.16796875
25632,7127.1689453125
25633,4807.7724609375
25634,6103.31591796875
25635,8495.8046875
25636,8733.0517578125
25637,7972.2626953125
25638,8302.7294921875
25639,6379.2607421875
25640,4983.45068359375
25641,11157.408203125
25642,4621.29052734375
25643,10190.400390625
25644,5911.287109375
25645,5328.20068359375
25646,7573.7890625
25647,6399.54541015625
25648,8219.833984375
25649,9507.2587890625
25650,4852.99853515625
25651,4999.767578125
25652,8559.2353515625
25653,8777.1279296875
25654,10576.7587890625
25655,6104.10302734375
25656,5554.9140625
25657,7112.5185546875
25658,6548.7412109375
25659,6431.36865234375
25660,10321.1474609375
25661,9477.0654296875
25662,12349.29296875
25663,5251.98828125
25664,6838.21826171875
25665,9601.330078125
25666,9936.2470703125
25667,5747.95849609375
25668,10096.8203125
25669,6620.67041015625
25670,6589.03955078125
25671,5280.17041015625
25672,6468.0791015625
25673,5560.38916015625
25674,6398.8154296875
25675,5087.50439453125
25676,5650.416015625
25677,11539.3134765625
25678,7005.95654296875
25679,24042.244140625
25680,7325.966796875
25681,4860.42529296875
25682,9120.82421875
25683,11281.046875
25684,7040.2197265625
25685,9126.974609375
25686,5960.65283203125
25687,8868.9228515625
25688,9277.255859375
25689,6266.5419921875
25690,6787.5595703125
25691,7854.087890625
25692,8831.07421875
25693,8468.5302734375
25694,10136.587890625
25695,6971.53076171875
25696,5619.4111328125
25697,6938.28955078125
25698,11522.970703125
25699,11917.5048828125
25700,11660.396484375
25701,9748.388671875
25702,6714.3681640625
25703,7161.71484375
25704,4918.61865234375
25705,9576.533203125
25706,12088.7822265625
25707,11070.359375
25708,7285.62744140625
25709,5948.66162109375
25710,5069.88525390625
25711,6229.83984375
25712,11827.9716796875
25713,7562.4892578125
25714,5251.1953125
25715,8333.5263671875
25716,8245.9775390625
25717,4210.7548828125
25718,8322.123046875
25719,4923.69775390625
25720,7811.95458984375
25721,7877.0068359375
25722,6787.84814453125
25723,8047.1240234375
25724,7605.16845703125
25725,6455.9248046875
25726,8231.833984375
25727,7890.8603515625
25728,12835.6083984375
25729,6206.76806640625
25730,9823.705078125
25731,8388.912109375
25732,10762.7841796875
25733,7460.4306640625
25734,10622.916015625
25735,6181.9873046875
25736,5831.3271484375
25737,7109.82177734375
25738,6573.74755859375
25739,10190.3115234375
25740,8410.79296875
25741,6718.36474609375
25742,8105.90576171875
25743,8846.64453125
25744,10761.857421875
25745,4472.79052734375
25746,14728.3642578125
25747,5432.83154296875
25748,7994.64404296875
25749,9337.6640625
25750,6003.50439453125
25751,6993.033203125
25752,7131.74365234375
25753,9128.5576171875
25754,8422.814453125
25755,6688.4873046875
25756,9369.193359375
25757,9092.0380859375
25758,7942.74755859375
25759,5512.021484375
25760,7363.2421875
25761,12607.16796875
25762,7332.83984375
25763,5916.64306640625
25764,7379.14697265625
25765,6195.068359375
25766,5909.71484375
25767,8029.380859375
25768,4592.94091796875
25769,9659.109375
25770,7321.5126953125
25771,8052.6806640625
25772,11197.05859375
25773,4810.35888671875
25774,6119.15869140625
25775,6306.8330078125
25776,9570.451171875
25777,10332.818359375
25778,5164.5546875
25779,4407.2431640625
25780,7720.9736328125
25781,7298.275390625
25782,7338.16455078125
25783,8027.43212890625
25784,7524.189453125
25785,8758.2734375
25786,6325.62109375
25787,5335.857421875
25788,7208.21875
25789,10694.580078125
25790,8793.658203125
25791,9675.173828125
25792,9201.57421875
25793,6567.10302734375
25794,11037.8408203125
25795,7113.55712890625
25796,7818.33447265625
25797,10136.1865234375
25798,7017.0693359375
25799,12274.37109375
25800,8906.912109375
25801,8452.60546875
25802,6658.82470703125
25803,8951.853515625
25804,9202.4453125
25805,7461.0009765625
25806,4718.2998046875
25807,7048.453125
25808,8929.384765625
25809,7032.90966796875
25810,5279.11376953125
25811,9487.5966796875
25812,7494.029296875
25813,6659.97119140625
25814,6308.45068359375
25815,6396.87548828125
25816,9228.373046875
25817,7609.64111328125
25818,7925.43408203125
25819,6573.0439453125
25820,6627.6494140625
25821,8062.62890625
25822,6629.962890625
25823,8238.1220703125
25824,7351.14306640625
25825,9327.0205078125
25826,8998.486328125
25827,7934.59423828125
25828,14526.2841796875
25829,7004.82568359375
25830,5288.59326171875
25831,12474.1171875
25832,7342.18017578125
25833,9191.291015625
25834,7708.41650390625
25835,5282.57568359375
25836,7450.9462890625
25837,5999.87109375
25838,8785.7333984375
25839,13211.3037109375
25840,7746.36865234375
25841,3246.753662109375
25842,5579.6865234375
25843,9572.724609375
25844,9425.7607421875
25845,8259.6796875
25846,7822.830078125
25847,5210.83544921875
25848,5767.10888671875
25849,4616.08154296875
25850,6709.35693359375
25851,6985.45068359375
25852,7996.2939453125
25853,8788.138671875
25854,12355.6572265625
25855,9137.060546875
25856,11098.0947265625
25857,8493.4306640625
25858,8044.86474609375
25859,10946.8056640625
25860,12719.267578125
25861,6818.65576171875
25862,8557.2763671875
25863,6334.79638671875
25864,7964.2177734375
25865,5085.26806640625
25866,8788.423828125
25867,6669.9072265625
25868,10020.2890625
25869,7838.02001953125
25870,10257.52734375
25871,9509.7490234375
25872,6530.4775390625
25873,10475.9951171875
25874,20964.6640625
25875,12126.40234375
25876,7783.33984375
25877,3334.47607421875
25878,7478.005859375
25879,9902.369140625
25880,6730.2197265625
25881,12872.95703125
25882,17310.92578125
25883,5374.02978515625
25884,6570.0107421875
25885,9496.77734375
25886,5460.9072265625
25887,10829.021484375
25888,7464.60595703125
25889,9376.40234375
25890,5333.69287109375
25891,7607.814453125
25892,7253.0810546875
25893,8461.46484375
25894,12934.603515625
25895,6803.74755859375
25896,6418.9228515625
25897,8358.037109375
25898,6771.8173828125
25899,6103.7744140625
25900,8723.263671875
25901,6809.5576171875
25902,5796.224609375
25903,8620.54296875
25904,7300.95751953125
25905,6813.35888671875
25906,8242.0908203125
25907,7979.11865234375
25908,8654.5732421875
25909,8807.140625
25910,8261.353515625
25911,6322.189453125
25912,5259.27587890625
25913,7101.15625
25914,5964.0830078125
25915,6679.236328125
25916,5393.93212890625
25917,10326.5791015625
25918,8073.5595703125
25919,11768.6171875
25920,8083.146484375
25921,6459.84716796875
25922,5441.15478515625
25923,5116.015625
25924,11243.373046875
25925,5750.89208984375
25926,8522.205078125
25927,17682.166015625
25928,8137.11181640625
25929,7981.0830078125
25930,5708.67236328125
25931,5325.8994140625
25932,7598.69189453125
25933,4725.1572265625
25934,6411.2333984375
25935,13420.8525390625
25936,6192.55712890625
25937,17434.267578125
25938,15308.0849609375
25939,5201.79345703125
25940,8689.388671875
25941,7022.6806640625
25942,7913.435546875
25943,6907.1376953125
25944,12682.7880859375
25945,7434.728515625
25946,11596.087890625
25947,5817.01123046875
25948,8490.4521484375
25949,6152.10009765625
25950,10635.75390625
25951,8200.2744140625
25952,6673.84619140625
25953,7529.31494140625
25954,6231.78369140625
25955,10003.005859375
25956,10331.7138671875
25957,6926.537109375
25958,11060.9248046875
25959,6447.08154296875
25960,11536.556640625
25961,6286.74951171875
25962,6103.72802734375
25963,6395.45751953125
25964,11312.9599609375
25965,6839.98095703125
25966,8573.759765625
25967,8027.07373046875
25968,9665.7724609375
25969,4917.10595703125
25970,9464.79296875
25971,8675.423828125
25972,4284.50537109375
25973,13801.0234375
25974,18129.529296875
25975,7742.564453125
25976,8572.025390625
25977,11122.7861328125
25978,11798.7958984375
25979,13208.62890625
25980,6657.849609375
25981,8748.34375
25982,6830.9541015625
25983,9106.259765625
25984,5284.69775390625
25985,7551.6396484375
25986,6413.7978515625
25987,6386.84326171875
25988,8027.84423828125
25989,6564.02294921875
25990,5556.19140625
25991,7780.78662109375
25992,4570.77392578125
25993,5477.9140625
25994,7620.38525390625
25995,6914.6201171875
25996,10093.7197265625
25997,10163.7529296875
25998,9309.03125
25999,6855.5849609375
26000,7458.83056640625
26001,12508.220703125
26002,8528.880859375
26003,6124.14892578125
26004,6402.63330078125
26005,11400.0419921875
26006,5037.02099609375
26007,7908.513671875
26008,4502.14892578125
26009,6185.0322265625
26010,10316.4287109375
26011,6624.60888671875
26012,6651.31103515625
26013,9271.2294921875
26014,10709.33984375
26015,13529.490234375
26016,7438.57958984375
26017,9861.392578125
26018,3207.34521484375
26019,6947.7431640625
26020,7279.107421875
26021,5035.6123046875
26022,8450.6240234375
26023,5987.68896484375
26024,8721.5458984375
26025,10298.53125
26026,14843.365234375
26027,9748.3525390625
26028,6296.138671875
26029,7170.5166015625
26030,13201.798828125
26031,8283.7001953125
26032,7620.34716796875
26033,6159.93310546875
26034,7413.30078125
26035,10955.513671875
26036,6290.97998046875
26037,7470.44580078125
26038,9790.92578125
26039,9857.1728515625
26040,14480.8271484375
26041,7489.9638671875
26042,16881.92578125
26043,7690.9208984375
26044,5907.8037109375
26045,4233.44140625
26046,7448.8623046875
26047,6426.171875
26048,6700.580078125
26049,7768.74560546875
26050,5980.2900390625
26051,5354.0849609375
26052,8274.2822265625
26053,4557.06787109375
26054,8406.7236328125
26055,8180.8193359375
26056,9849.83203125
26057,10689.3125
26058,6192.6669921875
26059,10417.076171875
26060,7228.04931640625
26061,6321.45947265625
26062,6331.99755859375
26063,5858.16845703125
26064,11270.5908203125
26065,6413.3701171875
26066,6081.73046875
26067,8349.7880859375
26068,11170.91015625
26069,8773.6494140625
26070,7652.15478515625
26071,9795.298828125
26072,6328.09619140625
26073,5733.75537109375
26074,8187.4833984375
26075,9226.3046875
26076,8075.6337890625
26077,7714.87744140625
26078,7237.51513671875
26079,6195.837890625
26080,5268.2099609375
26081,6058.3623046875
26082,9011.9140625
26083,9888.443359375
26084,12006.197265625
26085,14206.833984375
26086,9051.6484375
26087,8757.8544921875
26088,5769.37646484375
26089,12175.3466796875
26090,12089.0107421875
26091,9540.466796875
26092,9563.3564453125
26093,10388.232421875
26094,6909.72314453125
26095,4771.17578125
26096,11152.9541015625
26097,8700.109375
26098,8588.1572265625
26099,6943.34423828125
26100,3647.23486328125
26101,12467.26171875
26102,8329.806640625
26103,10004.2373046875
26104,5363.1572265625
26105,6183.69287109375
26106,8116.35107421875
26107,10929.4501953125
26108,7650.771484375
26109,6107.4326171875
26110,5444.0478515625
26111,4621.0
26112,4142.07421875
26113,7908.77197265625
26114,18471.951171875
26115,5053.11865234375
26116,6254.26806640625
26117,8316.0556640625
26118,6278.45458984375
26119,5786.7294921875
26120,5810.97265625
26121,4889.72412109375
26122,8006.08349609375
26123,8339.3447265625
26124,4983.9794921875
26125,9781.48828125
26126,6845.05126953125
26127,5988.8017578125
26128,10679.951171875
26129,9192.396484375
26130,10611.8916015625
26131,6441.5107421875
26132,8225.1787109375
26133,5939.70947265625
26134,6211.6083984375
26135,16734.736328125
26136,12468.857421875
26137,7806.10888671875
26138,6784.0703125
26139,6092.96875
26140,6757.08154296875
26141,4942.13818359375
26142,10638.8798828125
26143,5065.72509765625
26144,7317.802734375
26145,8308.54296875
26146,5132.09912109375
26147,7019.01953125
26148,8575.6533203125
26149,7838.46044921875
26150,8347.14453125
26151,5078.14404296875
26152,6073.92822265625
26153,7715.94580078125
26154,10480.228515625
26155,9403.12109375
26156,7765.177734375
26157,5394.58349609375
26158,7852.61083984375
26159,7448.22412109375
26160,4371.5234375
26161,7859.53369140625
26162,8274.0986328125
26163,7593.13134765625
26164,8120.021484375
26165,6904.650390625
26166,6684.009765625
26167,6912.95166015625
26168,7307.95458984375
26169,7440.37939453125
26170,8068.47900390625
26171,11868.94140625
26172,6653.41064453125
26173,5565.4716796875
26174,13719.958984375
26175,7089.38720703125
26176,5143.78466796875
26177,8416.93359375
26178,10379.4306640625
26179,14349.4228515625
26180,5287.92431640625
26181,6897.8115234375
26182,7066.72900390625
26183,8199.0244140625
26184,7161.77587890625
26185,9992.6201171875
26186,3727.72265625
26187,6711.171875
26188,6913.69140625
26189,6119.21826171875
26190,6996.37060546875
26191,7642.47705078125
26192,9938.763671875
26193,7304.72900390625
26194,9932.6875
26195,8782.7763671875
26196,9952.7275390625
26197,5797.1298828125
26198,8129.787109375
26199,8341.5654296875
26200,9314.1142578125
26201,8649.3916015625
26202,4992.2099609375
26203,8138.865234375
26204,9025.1015625
26205,8128.845703125
26206,5314.9462890625
26207,5399.06494140625
26208,10067.5712890625
26209,7414.544921875
26210,10876.6904296875
26211,7636.74267578125
26212,6823.8486328125
26213,9544.9140625
26214,8296.9794921875
26215,8338.3046875
26216,9641.48046875
26217,6980.28369140625
26218,10512.5927734375
26219,11601.6123046875
26220,9381.73828125
26221,6160.31298828125
26222,6811.03759765625
26223,4846.62646484375
26224,4352.861328125
26225,8937.1533203125
26226,5429.18798828125
26227,10554.701171875
26228,5409.90185546875
26229,6990.95263671875
26230,6877.3544921875
26231,10274.640625
26232,5794.47119140625
26233,5822.20703125
26234,7374.10400390625
26235,8482.236328125
26236,5993.9912109375
26237,7945.9345703125
26238,8416.107421875
26239,9671.9990234375
26240,8917.7421875
26241,7970.0673828125
26242,6248.177734375
26243,5527.05029296875
26244,5581.31591796875
26245,12574.3408203125
26246,10247.1103515625
26247,10104.203125
26248,15776.2158203125
26249,6960.23828125
26250,5940.28076171875
26251,7829.66748046875
26252,9929.6162109375
26253,11547.83984375
26254,7975.6416015625
26255,9101.154296875
26256,9449.0830078125
26257,8598.0576171875
26258,8208.45703125
26259,6639.193359375
26260,6469.1923828125
26261,6256.62744140625
26262,4619.7822265625
26263,6218.81005859375
26264,9701.69140625
26265,19040.416015625
26266,7391.873046875
26267,6087.64990234375
26268,8876.2939453125
26269,5898.44873046875
26270,7618.47705078125
26271,5097.75244140625
26272,11120.13671875
26273,7122.87109375
26274,7464.85498046875
26275,14926.7685546875
26276,11369.443359375
26277,6918.86767578125
26278,7766.11328125
26279,4288.2724609375
26280,5684.478515625
26281,6458.05078125
26282,9302.2333984375
26283,5393.04736328125
26284,5944.21826171875
26285,7507.1904296875
26286,6107.4150390625
26287,7880.08056640625
26288,8647.6591796875
26289,4504.34912109375
26290,7746.72216796875
26291,9621.095703125
26292,8429.8076171875
26293,5987.98974609375
26294,5739.23193359375
26295,10059.2177734375
26296,6063.28955078125
26297,10895.0791015625
26298,5227.1083984375
26299,5533.560546875
26300,8530.2568359375
26301,8265.7265625
26302,6139.8447265625
26303,6729.1298828125
26304,8553.0595703125
26305,9893.4736328125
26306,11230.419921875
26307,6282.60400390625
26308,4940.8408203125
26309,6045.4404296875
26310,8180.55322265625
26311,5987.240234375
26312,7655.1337890625
26313,7554.32177734375
26314,13066.26171875
26315,9546.03125
26316,6615.70458984375
26317,8417.9296875
26318,6537.42578125
26319,10591.9296875
26320,7109.14404296875
26321,16165.244140625
26322,7682.94921875
26323,6178.255859375
26324,5728.630859375
26325,5242.6240234375
26326,7455.87109375
26327,21366.439453125
26328,4884.6650390625
26329,5164.56591796875
26330,13042.0927734375
26331,7605.50927734375
26332,8485.58203125
26333,9171.9091796875
26334,6933.08837890625
26335,6637.349609375
26336,4847.57568359375
26337,10889.04296875
26338,7321.01953125
26339,7390.0234375
26340,8737.1748046875
26341,5771.87939453125
26342,8708.767578125
26343,7983.08935546875
26344,4456.8349609375
26345,9866.82421875
26346,10461.9267578125
26347,5314.31298828125
26348,9213.517578125
26349,7510.05322265625
26350,5860.88525390625
26351,9691.4443359375
26352,6750.59423828125
26353,8686.982421875
26354,5196.20849609375
26355,6298.62841796875
26356,7787.7216796875
26357,4734.8427734375
26358,9128.8896484375
26359,5020.91748046875
26360,7128.85546875
26361,5669.1796875
26362,7164.595703125
26363,6781.9853515625
26364,8157.01806640625
26365,8540.21875
26366,8359.1806640625
26367,6575.1943359375
26368,8080.40869140625
26369,6469.9609375
26370,9842.03125
26371,10373.544921875
26372,8690.318359375
26373,4692.02490234375
26374,6781.04052734375
26375,8856.943359375
26376,5243.00341796875
26377,12322.22265625
26378,6697.05615234375
26379,8993.541015625
26380,11508.8310546875
26381,8123.08154296875
26382,5143.44580078125
26383,15931.625
26384,10930.3828125
26385,6985.96337890625
26386,11040.33984375
26387,11461.6708984375
26388,6766.44384765625
26389,7197.8212890625
26390,7435.26171875
26391,6618.4658203125
26392,7818.111328125
26393,8159.4267578125
26394,5543.23193359375
26395,7851.0341796875
26396,8129.3505859375
26397,7068.65185546875
26398,9706.2060546875
26399,7124.66357421875
26400,7619.7138671875
26401,5693.17724609375
26402,8415.173828125
26403,7744.97412109375
26404,6686.6806640625
26405,8564.34765625
26406,8682.3212890625
26407,10650.4296875
26408,6558.15625
26409,6853.11279296875
26410,7389.56494140625
26411,7750.46728515625
26412,8064.041015625
26413,5368.34423828125
26414,5254.365234375
26415,8364.509765625
26416,6718.0029296875
26417,6400.8818359375
26418,9276.6181640625
26419,6774.04443359375
26420,7365.96484375
26421,5620.39892578125
26422,3910.613037109375
26423,9066.3935546875
26424,7725.93603515625
26425,8278.009765625
26426,10606.810546875
26427,10741.20703125
26428,5587.43408203125
26429,8995.7509765625
26430,5049.12939453125
26431,3282.45849609375
26432,8582.7265625
26433,11286.7548828125
26434,8212.6298828125
26435,8388.3740234375
26436,5984.734375
26437,7489.95654296875
26438,9872.2578125
26439,7895.5712890625
26440,8997.05859375
26441,5462.9794921875
26442,5104.46337890625
26443,6245.92529296875
26444,5725.27099609375
26445,5921.20751953125
26446,6183.443359375
26447,6392.92626953125
26448,5043.19140625
26449,8207.6640625
26450,9585.50390625
26451,6646.779296875
26452,7076.18408203125
26453,8162.65673828125
26454,7293.44482421875
26455,5327.068359375
26456,8986.095703125
26457,8449.3447265625
26458,5754.95703125
26459,4909.90234375
26460,15163.0166015625
26461,7724.80029296875
26462,7319.17724609375
26463,10041.564453125
26464,8926.85546875
26465,9111.12890625
26466,6987.390625
26467,7874.99609375
26468,10964.8408203125
26469,16496.087890625
26470,6124.3466796875
26471,6232.1171875
26472,5561.3349609375
26473,7398.7197265625
26474,6292.0556640625
26475,9765.4755859375
26476,9046.2119140625
26477,7623.064453125
26478,4888.91845703125
26479,7271.0615234375
26480,11060.2158203125
26481,5517.16259765625
26482,8807.2568359375
26483,5193.41064453125
26484,7311.6533203125
26485,9063.7021484375
26486,8089.900390625
26487,9590.9814453125
26488,7565.56591796875
26489,5077.7353515625
26490,6822.02978515625
26491,9263.1357421875
26492,9301.15234375
26493,7711.99951171875
26494,8748.8544921875
26495,7136.7890625
26496,5220.91357421875
26497,11430.4853515625
26498,5334.86767578125
26499,11058.599609375
26500,6386.20166015625
26501,5284.39453125
26502,8253.787109375
26503,6990.60595703125
26504,8681.4326171875
26505,10389.6357421875
26506,4426.90966796875
26507,5216.79443359375
26508,9506.6083984375
26509,10942.86328125
26510,11306.2197265625
26511,6158.001953125
26512,7155.91552734375
26513,8019.12744140625
26514,6973.70654296875
26515,6658.2587890625
26516,11054.8388671875
26517,10208.3828125
26518,13736.9912109375
26519,5595.36328125
26520,7055.759765625
26521,10597.990234375
26522,10912.9921875
26523,6465.93798828125
26524,11426.234375
26525,7231.63134765625
26526,7223.95703125
26527,5915.2265625
26528,6095.6982421875
26529,6460.796875
26530,7836.09521484375
26531,5750.4052734375
26532,6765.49755859375
26533,11922.083984375
26534,7003.52783203125
26535,25832.95703125
26536,7472.1640625
26537,5948.71142578125
26538,10133.9765625
26539,13396.4580078125
26540,8614.0419921875
26541,11113.4775390625
26542,7149.5732421875
26543,10074.060546875
26544,10316.2314453125
26545,7747.67041015625
26546,7597.04150390625
26547,9300.9287109375
26548,10254.60546875
26549,10218.029296875
26550,11391.9091796875
26551,8170.8837890625
26552,6511.4970703125
26553,9802.2216796875
26554,13962.3330078125
26555,13812.4228515625
26556,13608.8818359375
26557,12900.3876953125
26558,7313.52978515625
26559,8340.8271484375
26560,5586.376953125
26561,11143.0888671875
26562,15601.9853515625
26563,12158.4228515625
26564,9807.7890625
26565,8045.11083984375
26566,5082.9970703125
26567,7973.0107421875
26568,13693.404296875
26569,8969.0830078125
26570,7322.72900390625
26571,9864.6533203125
26572,10391.216796875
26573,5036.0830078125
26574,10428.7001953125
26575,7545.78857421875
26576,10590.861328125
26577,9785.8740234375
26578,7772.666015625
26579,9757.83203125
26580,9938.607421875
26581,8378.9609375
26582,9683.3544921875
26583,9902.8857421875
26584,15743.69921875
26585,7739.759765625
26586,11387.4140625
26587,9400.80078125
26588,11844.65234375
26589,9944.65625
26590,13306.8271484375
26591,7499.03271484375
26592,6763.36376953125
26593,9040.291015625
26594,8317.13671875
26595,12580.71875
26596,9885.71484375
26597,8286.1513671875
26598,11204.880859375
26599,9817.1123046875
26600,12960.904296875
26601,5925.98193359375
26602,18194.44140625
26603,6258.67626953125
26604,9549.2666015625
26605,11718.4716796875
26606,7432.69091796875
26607,9036.5400390625
26608,9076.083984375
26609,11491.3642578125
26610,8276.3720703125
26611,8241.9072265625
26612,11027.49609375
26613,10726.396484375
26614,9883.8369140625
26615,6926.2236328125
26616,9154.0458984375
26617,16685.015625
26618,8542.5439453125
26619,7271.64697265625
26620,9060.4501953125
26621,7573.20556640625
26622,7330.1181640625
26623,9462.154296875
26624,5631.822265625
26625,12364.3154296875
26626,9418.53515625
26627,9501.046875
26628,13790.5634765625
26629,5101.33642578125
26630,7926.70654296875
26631,8276.216796875
26632,11821.765625
26633,11444.0458984375
26634,5788.033203125
26635,5921.9365234375
26636,9316.029296875
26637,8698.99609375
26638,8265.8115234375
26639,8350.5322265625
26640,9382.0615234375
26641,9568.6396484375
26642,7783.78564453125
26643,6402.2109375
26644,10201.611328125
26645,11193.1591796875
26646,10250.7109375
26647,13244.8017578125
26648,11876.9609375
26649,7578.98583984375
26650,13993.07421875
26651,8510.8671875
26652,10602.537109375
26653,13624.1337890625
26654,8850.359375
26655,14550.751953125
26656,9497.5458984375
26657,11957.025390625
26658,8631.1953125
26659,10095.0625
26660,11899.9541015625
26661,9292.984375
26662,5448.4990234375
26663,8262.3017578125
26664,11206.416015625
26665,8011.7431640625
26666,6796.48681640625
26667,12960.4306640625
26668,8301.1533203125
26669,7407.34033203125
26670,7753.06494140625
26671,8545.21484375
26672,10826.6357421875
26673,9988.546875
26674,9784.8798828125
26675,8469.44140625
26676,8259.83984375
26677,10279.8212890625
26678,7672.162109375
26679,8981.8486328125
26680,9189.9033203125
26681,11192.4287109375
26682,9786.54296875
26683,8658.8876953125
26684,17436.44921875
26685,8209.2041015625
26686,6850.99169921875
26687,14566.947265625
26688,9230.5634765625
26689,12154.046875
26690,9085.134765625
26691,6916.8330078125
26692,9303.5341796875
26693,7148.318359375
26694,11478.234375
26695,17094.59765625
26696,9496.9365234375
26697,4177.17919921875
26698,6013.89599609375
26699,11423.8212890625
26700,12092.703125
26701,10096.005859375
26702,9663.0517578125
26703,6202.5595703125
26704,6425.623046875
26705,5693.99951171875
26706,7366.84228515625
26707,8598.3046875
26708,10668.80078125
26709,9234.673828125
26710,13506.94140625
26711,11015.41796875
26712,12869.48828125
26713,10070.13671875
26714,7813.150390625
26715,12204.2373046875
26716,16703.92578125
26717,8901.7568359375
26718,9972.216796875
26719,8202.9609375
26720,9940.857421875
26721,7394.4833984375
26722,10146.8037109375
26723,10872.2333984375
26724,11148.2607421875
26725,9420.2021484375
26726,12931.3603515625
26727,11079.6181640625
26728,7548.93505859375
26729,13241.9775390625
26730,24099.005859375
26731,15840.0927734375
26732,10140.900390625
26733,4821.25048828125
26734,9228.52734375
26735,11958.412109375
26736,7705.13134765625
26737,13033.509765625
26738,19977.650390625
26739,6343.560546875
26740,7812.20361328125
26741,11754.390625
26742,6788.25
26743,13615.125
26744,9574.166015625
26745,11753.806640625
26746,6266.71484375
26747,9187.2216796875
26748,8270.9833984375
26749,10397.54296875
26750,15381.6689453125
26751,8253.6142578125
26752,7938.2421875
26753,8933.78515625
26754,7922.96337890625
26755,7048.56494140625
26756,10396.224609375
26757,8994.6767578125
26758,8326.673828125
26759,11048.654296875
26760,8414.5771484375
26761,8065.8193359375
26762,9288.0947265625
26763,10223.916015625
26764,11908.2041015625
26765,11003.3505859375
26766,10389.3818359375
26767,7024.51123046875
26768,6896.423828125
26769,9331.9169921875
26770,6531.76953125
26771,8774.0390625
26772,6014.69482421875
26773,12090.259765625
26774,10739.0263671875
26775,13890.0849609375
26776,8767.8798828125
26777,8789.6171875
26778,7369.16162109375
26779,6464.6533203125
26780,15212.1640625
26781,6369.935546875
26782,9635.2646484375
26783,20351.345703125
26784,9702.74609375
26785,9051.5546875
26786,7075.421875
26787,6888.0546875
26788,10057.0166015625
26789,5784.875
26790,7742.6103515625
26791,15049.23046875
26792,8018.26220703125
26793,21296.55078125
26794,17113.248046875
26795,7264.73779296875
26796,10613.9609375
26797,7895.8603515625
26798,9484.4365234375
26799,8804.533203125
26800,16091.6630859375
26801,10347.1474609375
26802,12906.689453125
26803,7285.0966796875
26804,9929.5634765625
26805,7408.8681640625
26806,12099.607421875
26807,9985.79296875
26808,8354.6201171875
26809,9211.67578125
26810,7133.10107421875
26811,12823.7900390625
26812,11986.8134765625
26813,8183.97021484375
26814,15162.8271484375
26815,8728.6884765625
26816,13468.0556640625
26817,6738.70654296875
26818,7422.0654296875
26819,8261.2724609375
26820,15846.5810546875
26821,8767.548828125
26822,10637.1220703125
26823,10338.794921875
26824,11949.4521484375
26825,6360.90380859375
26826,10196.5625
26827,9470.037109375
26828,6220.68505859375
26829,16073.12890625
26830,20758.2109375
26831,10921.9189453125
26832,10876.369140625
26833,13415.73828125
26834,15017.30859375
26835,14979.013671875
26836,8277.2939453125
26837,12104.73828125
26838,9893.966796875
26839,11938.146484375
26840,6540.10205078125
26841,9021.482421875
26842,8393.10546875
26843,8345.798828125
26844,10736.091796875
26845,7636.8486328125
26846,8125.71142578125
26847,9614.107421875
26848,5841.76513671875
26849,6859.10205078125
26850,8423.078125
26851,9679.267578125
26852,13756.07421875
26853,12045.080078125
26854,9883.3056640625
26855,8591.87890625
26856,9185.5234375
26857,14164.083984375
26858,9818.5537109375
26859,7697.27734375
26860,7529.8857421875
26861,12958.1162109375
26862,5743.29443359375
26863,9739.646484375
26864,5345.91748046875
26865,7609.98095703125
26866,12287.451171875
26867,8760.1640625
26868,8034.62451171875
26869,11978.384765625
26870,12539.3212890625
26871,15105.224609375
26872,8457.3740234375
26873,12364.146484375
26874,4985.6962890625
26875,8410.37890625
26876,8691.24609375
26877,6700.626953125
26878,9928.0185546875
26879,7953.1513671875
26880,9725.7421875
26881,12661.98046875
26882,16109.912109375
26883,12408.3154296875
26884,7636.37939453125
26885,7805.0205078125
26886,15241.8779296875
26887,9091.0849609375
26888,8964.7431640625
26889,7579.36083984375
26890,9772.2421875
26891,13718.681640625
26892,7187.25439453125
26893,9474.541015625
26894,12040.0732421875
26895,11163.79296875
26896,16815.947265625
26897,8901.33203125
26898,18782.880859375
26899,9725.9443359375
26900,7841.330078125
26901,4992.75634765625
26902,9310.435546875
26903,8911.4052734375
26904,8223.970703125
26905,9143.1884765625
26906,7460.4404296875
26907,6783.78125
26908,9680.80859375
26909,5736.97314453125
26910,9472.1533203125
26911,10750.3349609375
26912,11237.5771484375
26913,12587.9833984375
26914,8362.6083984375
26915,11236.19921875
26916,7506.9697265625
26917,7892.60009765625
26918,8135.90771484375
26919,7588.79443359375
26920,14027.4775390625
26921,8451.103515625
26922,7073.6298828125
26923,10603.4921875
26924,14439.181640625
26925,10982.353515625
26926,9410.830078125
26927,12003.404296875
26928,7571.71630859375
26929,6647.57373046875
26930,9549.6279296875
26931,11409.71875
26932,9171.4072265625
26933,9221.9609375
26934,9145.36328125
26935,8074.58935546875
26936,6598.73974609375
26937,7521.46142578125
26938,11606.7119140625
26939,11146.3203125
26940,14539.4697265625
26941,17417.90625
26942,10758.8369140625
26943,9914.427734375
26944,6627.1240234375
26945,13362.9248046875
26946,15266.3125
26947,12680.939453125
26948,11664.3310546875
26949,11118.453125
26950,7890.6171875
26951,6158.0693359375
26952,12247.349609375
26953,10937.8046875
26954,11374.4658203125
26955,8404.029296875
26956,5232.63623046875
26957,15563.8408203125
26958,11135.962890625
26959,12671.9697265625
26960,6218.74560546875
26961,7327.392578125
26962,8576.39453125
26963,13463.3955078125
26964,8796.384765625
26965,7430.20263671875
26966,6547.74462890625
26967,6617.29248046875
26968,4605.73388671875
26969,9742.908203125
26970,18829.736328125
26971,6113.11279296875
26972,7591.51171875
26973,10516.53515625
26974,7018.390625
26975,7410.34375
26976,7075.85009765625
26977,7039.40380859375
26978,10557.3349609375
26979,10680.296875
26980,5644.59326171875
26981,12699.5888671875
26982,9465.9931640625
26983,7659.63037109375
26984,14049.67578125
26985,11361.4599609375
26986,12161.36328125
26987,8411.904296875
26988,9557.0302734375
26989,6928.38330078125
26990,6869.9130859375
26991,18520.5078125
26992,14408.5419921875
26993,9526.8291015625
26994,7927.0166015625
26995,7647.0546875
26996,8071.07861328125
26997,6727.93115234375
26998,12528.5869140625
26999,7511.478515625
27000,8245.5166015625
27001,11195.9697265625
27002,6448.90576171875
27003,8202.2177734375
27004,9784.7841796875
27005,10134.5087890625
27006,10351.748046875
27007,7660.89501953125
27008,7914.78076171875
27009,10416.4912109375
27010,13058.001953125
27011,10804.5576171875
27012,9854.439453125
27013,6471.5537109375
27014,10039.8115234375
27015,8619.5751953125
27016,5776.09228515625
27017,9347.50390625
27018,10405.58984375
27019,9296.771484375
27020,10367.4248046875
27021,8415.9189453125
27022,8898.6455078125
27023,8306.3623046875
27024,9025.4228515625
27025,8331.1357421875
27026,11697.7578125
27027,13439.5205078125
27028,7851.3310546875
27029,7743.9052734375
27030,16633.26953125
27031,8209.6064453125
27032,6873.4521484375
27033,9776.712890625
27034,12253.12890625
27035,15243.67578125
27036,5869.77734375
27037,8780.51171875
27038,8233.484375
27039,10243.3994140625
27040,8311.19921875
27041,13434.7275390625
27042,4001.568359375
27043,8475.5087890625
27044,9418.162109375
27045,7840.9521484375
27046,8076.7763671875
27047,9244.1064453125
27048,13037.30859375
27049,7866.3828125
27050,11009.587890625
27051,11177.2109375
27052,12535.7001953125
27053,6925.60791015625
27054,8874.1416015625
27055,9153.8134765625
27056,11439.0830078125
27057,10829.6181640625
27058,6196.654296875
27059,8934.158203125
27060,11033.8427734375
27061,10434.36328125
27062,6807.3759765625
27063,5656.85009765625
27064,12993.4013671875
27065,9211.1279296875
27066,12798.12109375
27067,10130.291015625
27068,7922.1220703125
27069,11875.5810546875
27070,10307.736328125
27071,11841.912109375
27072,11455.0302734375
27073,9699.693359375
27074,11350.650390625
27075,13448.1806640625
27076,10438.3916015625
27077,6811.11669921875
27078,8945.2265625
27079,6153.302734375
27080,6211.1357421875
27081,12109.708984375
27082,7375.5908203125
27083,12461.064453125
27084,6461.49072265625
27085,8708.0419921875
27086,7886.64306640625
27087,12905.025390625
27088,8060.40087890625
27089,6875.58349609375
27090,8841.77734375
27091,9948.15234375
27092,7857.86474609375
27093,9503.2607421875
27094,9600.77734375
27095,10981.7529296875
27096,11348.3095703125
27097,8948.3642578125
27098,7115.9931640625
27099,6409.6640625
27100,6642.08447265625
27101,15893.6435546875
27102,13159.3876953125
27103,12326.646484375
27104,15375.431640625
27105,8704.51953125
27106,7056.3056640625
27107,9653.517578125
27108,11950.75
27109,15434.9609375
27110,10326.1650390625
27111,11066.4375
27112,12290.265625
27113,10243.8017578125
27114,10222.1220703125
27115,8821.6875
27116,8039.26025390625
27117,7384.4599609375
27118,6858.2880859375
27119,8341.5341796875
27120,12279.2646484375
27121,21563.166015625
27122,9452.6591796875
27123,8290.615234375
27124,11260.9052734375
27125,7752.95703125
27126,9900.2265625
27127,5516.7841796875
27128,13692.17578125
27129,9394.6318359375
27130,9272.5771484375
27131,18267.552734375
27132,12702.8720703125
27133,8829.0830078125
27134,9583.5537109375
27135,5929.56982421875
27136,6513.015625
27137,7357.048828125
27138,11781.0673828125
27139,6761.095703125
27140,7327.12109375
27141,8806.89453125
27142,8228.771484375
27143,9424.0703125
27144,11265.904296875
27145,4137.31982421875
27146,10044.6396484375
27147,11835.6201171875
27148,11993.685546875
27149,8591.7958984375
27150,6785.81005859375
27151,12110.6455078125
27152,6466.53466796875
27153,13012.2607421875
27154,6759.17333984375
27155,9270.103515625
27156,9940.5166015625
27157,9772.818359375
27158,6548.05615234375
27159,9363.4814453125
27160,10514.5986328125
27161,12204.78125
27162,14300.25
27163,7772.75927734375
27164,4736.8369140625
27165,7730.373046875
27166,7653.35693359375
27167,6901.3447265625
27168,9457.06640625
27169,8300.4091796875
27170,16027.9091796875
27171,12060.6826171875
27172,7102.89697265625
27173,9414.3671875
27174,7583.99267578125
27175,12790.2607421875
27176,8149.83447265625
27177,16549.458984375
27178,9378.708984375
27179,8546.2578125
27180,7933.27490234375
27181,5699.1416015625
27182,9344.0400390625
27183,24355.7109375
27184,6317.865234375
27185,6299.3896484375
27186,14718.9052734375
27187,9277.6005859375
27188,9225.03125
27189,11580.400390625
27190,9443.83203125
27191,7758.91064453125
27192,5932.908203125
27193,12787.767578125
27194,8383.5078125
27195,8954.9208984375
27196,10926.908203125
27197,6993.77197265625
27198,10490.349609375
27199,9368.0869140625
27200,4963.78515625
27201,11312.62890625
27202,11366.0634765625
27203,5705.36083984375
27204,10941.931640625
27205,9456.2548828125
27206,6885.2294921875
27207,12682.1884765625
27208,8786.0888671875
27209,10572.701171875
27210,6360.103515625
27211,7797.47216796875
27212,8654.107421875
27213,6061.0654296875
27214,10670.806640625
27215,6597.9453125
27216,7435.189453125
27217,7340.7685546875
27218,9245.73046875
27219,8447.3837890625
27220,9827.02734375
27221,10546.75
27222,11002.6787109375
27223,8655.3642578125
27224,9843.77734375
27225,7734.54931640625
27226,12612.94921875
27227,12955.6328125
27228,9571.37890625
27229,4658.45947265625
27230,7971.22119140625
27231,10449.072265625
27232,6282.1064453125
27233,15161.5419921875
27234,8715.3046875
27235,11143.095703125
27236,13170.6220703125
27237,8282.8251953125
27238,6224.2822265625
27239,18248.091796875
27240,13739.44921875
27241,8267.7724609375
27242,11989.173828125
27243,12224.8427734375
27244,8422.095703125
27245,7713.671875
27246,9761.5244140625
27247,7413.15185546875
27248,8911.123046875
27249,9921.212890625
27250,6784.1064453125
27251,8734.6328125
27252,11487.0009765625
27253,10035.8701171875
27254,12905.078125
27255,7909.3505859375
27256,9364.0859375
27257,7017.064453125
27258,9846.701171875
27259,9884.9306640625
27260,8197.4208984375
27261,10036.833984375
27262,10242.4150390625
27263,13126.2099609375
27264,8871.4833984375
27265,8005.59814453125
27266,9271.0849609375
27267,9205.3037109375
27268,9741.7158203125
27269,6324.85400390625
27270,6330.251953125
27271,8666.828125
27272,7525.65380859375
27273,8356.49609375
27274,11180.9384765625
27275,8022.0244140625
27276,9041.4609375
27277,7134.728515625
27278,5026.20556640625
27279,10925.0302734375
27280,8927.0068359375
27281,10242.1015625
27282,11495.5361328125
27283,12684.220703125
27284,7248.97216796875
27285,10942.5986328125
27286,6178.25927734375
27287,3492.553466796875
27288,10751.6865234375
27289,14537.5634765625
27290,10341.3349609375
27291,10939.498046875
27292,6951.62451171875
27293,10544.6640625
27294,11929.9931640625
27295,9119.0869140625
27296,10394.4130859375
27297,6200.92529296875
27298,5855.97119140625
27299,7061.6357421875
27300,7502.30224609375
27301,7387.90185546875
27302,8506.71484375
27303,8983.470703125
27304,5815.75
27305,9145.2705078125
27306,11718.1806640625
27307,8671.1025390625
27308,8925.4111328125
27309,9518.197265625
27310,7958.466796875
27311,6771.0205078125
27312,13121.08203125
27313,10385.06640625
27314,7690.57275390625
27315,6245.79052734375
27316,18623.625
27317,9861.318359375
27318,9494.904296875
27319,14047.935546875
27320,10272.681640625
27321,11794.9833984375
27322,8342.4521484375
27323,8975.1162109375
27324,12588.775390625
27325,19679.203125
27326,8543.341796875
27327,7441.1474609375
27328,6817.49072265625
27329,9354.5703125
27330,7975.322265625
27331,10379.359375
27332,11946.1357421875
27333,8113.125
27334,6380.455078125
27335,8524.7626953125
27336,13658.169921875
27337,6964.0947265625
27338,10866.6650390625
27339,5278.72705078125
27340,10784.2568359375
27341,10811.7314453125
27342,10112.3486328125
27343,11253.939453125
27344,8804.923828125
27345,6705.89892578125
27346,7907.30322265625
27347,10889.265625
27348,11129.931640625
27349,9770.5703125
27350,10913.6826171875
27351,9088.2421875
27352,6901.23046875
27353,13310.35546875
27354,5865.47705078125
27355,12846.0126953125
27356,8505.0224609375
27357,7051.24560546875
27358,9792.369140625
27359,7842.5625
27360,12420.091796875
27361,12124.6201171875
27362,6002.38232421875
27363,6929.005859375
27364,11473.8408203125
27365,12980.3974609375
27366,12674.90625
27367,7830.68505859375
27368,7186.35693359375
27369,10456.12109375
27370,8562.4091796875
27371,7689.6201171875
27372,13494.29296875
27373,13341.6552734375
27374,15006.892578125
27375,7010.2978515625
27376,8623.42578125
27377,10311.8291015625
27378,13594.6484375
27379,8338.6494140625
27380,15192.599609375
27381,8281.02734375
27382,8522.236328125
27383,7104.95458984375
27384,8743.611328125
27385,7141.05712890625
27386,9821.5703125
27387,7588.23046875
27388,8543.771484375
27389,15895.982421875
27390,8161.99609375
27391,27088.0625
27392,9937.8681640625
27393,0.0
27394,0.0
27395,0.0
27396,0.0
27397,0.0
27398,0.0
27399,0.0
27400,0.0
27401,0.0
27402,0.0
27403,0.0
27404,0.0
27405,0.0
27406,0.0
27407,0.0
27408,0.0
27409,0.0
27410,0.0
27411,0.0
27412,0.0
27413,0.0
27414,0.0
27415,0.0
27416,0.0
27417,0.0
27418,0.0
27419,0.0
27420,0.0
27421,0.0
27422,0.0
27423,0.0
27424,0.0
27425,0.0
27426,0.0
27427,0.0
27428,0.0
27429,0.0
27430,0.0
27431,0.0
27432,0.0
27433,0.0
27434,0.0
27435,0.0
27436,0.0
27437,0.0
27438,0.0
27439,0.0
27440,0.0
27441,0.0
27442,0.0
27443,0.0
27444,0.0
27445,0.0
27446,0.0
27447,0.0
27448,0.0
27449,0.0
27450,0.0
27451,0.0
27452,0.0
27453,0.0
27454,0.0
27455,0.0
27456,0.0
27457,0.0
27458,0.0
27459,0.0
27460,0.0
27461,0.0
27462,0.0
27463,0.0
27464,0.0
27465,0.0
27466,0.0
27467,0.0
27468,0.0
27469,0.0
27470,0.0
27471,0.0
27472,0.0
27473,0.0
27474,0.0
27475,0.0
27476,0.0
27477,0.0
27478,0.0
27479,0.0
27480,0.0
27481,0.0
27482,0.0
27483,0.0
27484,5211.99072265625
27485,0.0
27486,0.0
27487,0.0
27488,0.0
27489,0.0
27490,0.0
27491,0.0
27492,0.0
27493,0.0
27494,0.0
27495,0.0
27496,0.0
27497,0.0
27498,0.0
27499,0.0
27500,0.0
27501,0.0
27502,0.0
27503,0.0
27504,0.0
27505,0.0
27506,0.0
27507,0.0
27508,0.0
27509,0.0
27510,0.0
27511,0.0
27512,0.0
27513,0.0
27514,0.0
27515,0.0
27516,0.0
27517,0.0
27518,0.0
27519,0.0
27520,0.0
27521,0.0
27522,0.0
27523,0.0
27524,0.0
27525,0.0
27526,0.0
27527,0.0
27528,0.0
27529,0.0
27530,0.0
27531,0.0
27532,0.0
27533,0.0
27534,0.0
27535,0.0
27536,0.0
27537,0.0
27538,0.0
27539,0.0
27540,0.0
27541,0.0
27542,0.0
27543,0.0
27544,0.0
27545,0.0
27546,0.0
27547,0.0
27548,0.0
27549,0.0
27550,0.0
27551,0.0
27552,3868.57861328125
27553,0.0
27554,0.0
27555,0.0
27556,0.0
27557,0.0
27558,0.0
27559,0.0
27560,0.0
27561,0.0
27562,0.0
27563,0.0
27564,0.0
27565,0.0
27566,0.0
27567,0.0
27568,0.0
27569,0.0
27570,0.0
27571,0.0
27572,0.0
27573,0.0
27574,0.0
27575,0.0
27576,0.0
27577,0.0
27578,0.0
27579,0.0
27580,0.0
27581,0.0
27582,0.0
27583,0.0
27584,0.0
27585,0.0
27586,0.0
27587,0.0
27588,0.0
27589,0.0
27590,0.0
27591,0.0
27592,0.0
27593,17136.271484375
27594,30341.546875
27595,0.0
27596,0.0
27597,0.0
27598,0.0
27599,0.0
27600,0.0
27601,0.0
27602,8247.4609375
27603,0.0
27604,0.0
27605,0.0
27606,0.0
27607,0.0
27608,0.0
27609,0.0
27610,0.0
27611,0.0
27612,0.0
27613,0.0
27614,0.0
27615,0.0
27616,0.0
27617,0.0
27618,0.0
27619,0.0
27620,0.0
27621,5662.7138671875
27622,0.0
27623,0.0
27624,0.0
27625,0.0
27626,0.0
27627,0.0
27628,0.0
27629,0.0
27630,0.0
27631,4749.87939453125
27632,0.0
27633,0.0
27634,0.0
27635,0.0
27636,0.0
27637,0.0
27638,0.0
27639,0.0
27640,0.0
27641,0.0
27642,0.0
27643,0.0
27644,0.0
27645,0.0
27646,0.0
27647,0.0
27648,0.0
27649,8025.9931640625
27650,0.0
27651,0.0
27652,0.0
27653,0.0
27654,0.0
27655,0.0
27656,0.0
27657,0.0
27658,0.0
27659,0.0
27660,0.0
27661,0.0
27662,0.0
27663,0.0
27664,0.0
27665,0.0
27666,8918.5244140625
27667,0.0
27668,0.0
27669,0.0
27670,0.0
27671,0.0
27672,0.0
27673,0.0
27674,0.0
27675,0.0
27676,0.0
27677,0.0
27678,0.0
27679,0.0
27680,0.0
27681,0.0
27682,0.0
27683,0.0
27684,0.0
27685,0.0
27686,0.0
27687,0.0
27688,0.0
27689,0.0
27690,0.0
27691,0.0
27692,0.0
27693,0.0
27694,0.0
27695,0.0
27696,0.0
27697,0.0
27698,0.0
27699,0.0
27700,0.0
27701,0.0
27702,0.0
27703,0.0
27704,0.0
27705,0.0
27706,0.0
27707,0.0
27708,0.0
27709,0.0
27710,0.0
27711,0.0
27712,0.0
27713,0.0
27714,0.0
27715,0.0
27716,0.0
27717,0.0
27718,0.0
27719,0.0
27720,0.0
27721,0.0
27722,0.0
27723,0.0
27724,0.0
27725,0.0
27726,0.0
27727,0.0
27728,2559.990478515625
27729,0.0
27730,0.0
27731,0.0
27732,0.0
27733,0.0
27734,0.0
27735,0.0
27736,0.0
27737,0.0
27738,0.0
27739,0.0
27740,0.0
27741,0.0
27742,6845.70556640625
27743,0.0
27744,0.0
27745,0.0
27746,0.0
27747,0.0
27748,0.0
27749,0.0
27750,0.0
27751,0.0
27752,0.0
27753,0.0
27754,0.0
27755,0.0
27756,0.0
27757,0.0
27758,0.0
27759,0.0
27760,0.0
27761,0.0
27762,0.0
27763,0.0
27764,0.0
27765,0.0
27766,0.0
27767,0.0
27768,0.0
27769,0.0
27770,0.0
27771,0.0
27772,0.0
27773,0.0
27774,0.0
27775,0.0
27776,0.0
27777,0.0
27778,0.0
27779,0.0
27780,0.0
27781,0.0
27782,0.0
27783,0.0
27784,0.0
27785,8044.0166015625
27786,0.0
27787,0.0
27788,0.0
27789,0.0
27790,0.0
27791,0.0
27792,0.0
27793,0.0
27794,0.0
27795,3036.14111328125
27796,0.0
27797,0.0
27798,0.0
27799,6638.435546875
27800,0.0
27801,0.0
27802,0.0
27803,0.0
27804,0.0
27805,0.0
27806,0.0
27807,0.0
27808,0.0
27809,0.0
27810,0.0
27811,0.0
27812,0.0
27813,0.0
27814,0.0
27815,0.0
27816,0.0
27817,0.0
27818,0.0
27819,0.0
27820,0.0
27821,0.0
27822,0.0
27823,0.0
27824,0.0
27825,0.0
27826,20705.869140625
27827,0.0
27828,0.0
27829,0.0
27830,0.0
27831,0.0
27832,0.0
27833,0.0
27834,0.0
27835,0.0
27836,0.0
27837,0.0
27838,0.0
27839,0.0
27840,6150.98779296875
27841,0.0
27842,0.0
27843,0.0
27844,0.0
27845,0.0
27846,0.0
27847,0.0
27848,0.0
27849,0.0
27850,0.0
27851,0.0
27852,0.0
27853,0.0
27854,0.0
27855,0.0
27856,0.0
27857,0.0
27858,0.0
27859,0.0
27860,0.0
27861,0.0
27862,0.0
27863,0.0
27864,0.0
27865,0.0
27866,0.0
27867,0.0
27868,0.0
27869,0.0
27870,0.0
27871,0.0
27872,0.0
27873,0.0
27874,0.0
27875,0.0
27876,0.0
27877,0.0
27878,0.0
27879,0.0
27880,0.0
27881,0.0
27882,0.0
27883,0.0
27884,0.0
27885,0.0
27886,0.0
27887,0.0
27888,0.0
27889,0.0
27890,0.0
27891,0.0
27892,0.0
27893,0.0
27894,0.0
27895,0.0
27896,0.0
27897,0.0
27898,0.0
27899,0.0
27900,0.0
27901,0.0
27902,0.0
27903,0.0
27904,0.0
27905,0.0
27906,0.0
27907,0.0
27908,0.0
27909,0.0
27910,0.0
27911,0.0
27912,0.0
27913,0.0
27914,0.0
27915,12995.1708984375
27916,0.0
27917,0.0
27918,0.0
27919,0.0
27920,0.0
27921,0.0
27922,0.0
27923,0.0
27924,0.0
27925,0.0
27926,0.0
27927,0.0
27928,0.0
27929,0.0
27930,0.0
27931,0.0
27932,0.0
27933,0.0
27934,0.0
27935,0.0
27936,0.0
27937,0.0
27938,0.0
27939,0.0
27940,0.0
27941,0.0
27942,0.0
27943,0.0
27944,0.0
27945,0.0
27946,0.0
27947,0.0
27948,0.0
27949,0.0
27950,0.0
27951,0.0
27952,0.0
27953,0.0
27954,0.0
27955,0.0
27956,0.0
27957,0.0
27958,0.0
27959,5771.70703125
27960,17220.599609375
27961,0.0
27962,0.0
27963,0.0
27964,0.0
27965,0.0
27966,0.0
27967,0.0
27968,0.0
27969,0.0
27970,0.0
27971,0.0
27972,0.0
27973,0.0
27974,0.0
27975,0.0
27976,0.0
27977,0.0
27978,0.0
27979,0.0
27980,0.0
27981,0.0
27982,0.0
27983,0.0
27984,0.0
27985,0.0
27986,0.0
27987,0.0
27988,11192.298828125
27989,0.0
27990,0.0
27991,0.0
27992,0.0
27993,0.0
27994,0.0
27995,0.0
27996,0.0
27997,0.0
27998,0.0
27999,0.0
28000,0.0
28001,0.0
28002,0.0
28003,0.0
28004,0.0
28005,0.0
28006,0.0
28007,0.0
28008,0.0
28009,0.0
28010,0.0
28011,0.0
28012,0.0
28013,0.0
28014,0.0
28015,0.0
28016,0.0
28017,0.0
28018,0.0
28019,0.0
28020,0.0
28021,0.0
28022,0.0
28023,0.0
28024,0.0
28025,0.0
28026,0.0
28027,0.0
28028,0.0
28029,0.0
28030,0.0
28031,0.0
28032,0.0
28033,0.0
28034,0.0
28035,0.0
28036,0.0
28037,0.0
28038,0.0
28039,0.0
28040,0.0
28041,0.0
28042,0.0
28043,0.0
28044,0.0
28045,0.0
28046,0.0
28047,0.0
28048,0.0
28049,0.0
28050,0.0
28051,0.0
28052,0.0
28053,0.0
28054,0.0
28055,0.0
28056,0.0
28057,0.0
28058,3055.5263671875
28059,0.0
28060,0.0
28061,0.0
28062,2590.53369140625
28063,0.0
28064,0.0
28065,0.0
28066,0.0
28067,0.0
28068,0.0
28069,0.0
28070,0.0
28071,0.0
28072,0.0
28073,0.0
28074,0.0
28075,0.0
28076,0.0
28077,0.0
28078,0.0
28079,0.0
28080,0.0
28081,0.0
28082,0.0
28083,0.0
28084,0.0
28085,0.0
28086,0.0
28087,0.0
28088,0.0
28089,0.0
28090,0.0
28091,0.0
28092,0.0
28093,0.0
28094,0.0
28095,0.0
28096,0.0
28097,0.0
28098,0.0
28099,0.0
28100,0.0
28101,0.0
28102,0.0
28103,0.0
28104,0.0
28105,0.0
28106,0.0
28107,0.0
28108,0.0
28109,0.0
28110,0.0
28111,0.0
28112,0.0
28113,3217.93408203125
28114,0.0
28115,0.0
28116,0.0
28117,0.0
28118,0.0
28119,0.0
28120,0.0
28121,0.0
28122,0.0
28123,0.0
28124,0.0
28125,0.0
28126,0.0
28127,0.0
28128,11554.5966796875
28129,0.0
28130,0.0
28131,0.0
28132,0.0
28133,0.0
28134,0.0
28135,0.0
28136,0.0
28137,0.0
28138,0.0
28139,0.0
28140,0.0
28141,0.0
28142,0.0
28143,0.0
28144,0.0
28145,0.0
28146,0.0
28147,0.0
28148,0.0
28149,0.0
28150,0.0
28151,0.0
28152,0.0
28153,0.0
28154,0.0
28155,0.0
28156,0.0
28157,0.0
28158,0.0
28159,0.0
28160,0.0
28161,0.0
28162,0.0
28163,0.0
28164,0.0
28165,0.0
28166,0.0
28167,0.0
28168,0.0
28169,0.0
28170,0.0
28171,0.0
28172,0.0
28173,0.0
28174,0.0
28175,0.0
28176,0.0
28177,0.0
28178,0.0
28179,0.0
28180,0.0
28181,0.0
28182,0.0
28183,0.0
28184,0.0
28185,0.0
28186,0.0
28187,0.0
28188,0.0
28189,0.0
28190,0.0
28191,0.0
28192,5304.8203125
28193,0.0
28194,0.0
28195,0.0
28196,0.0
28197,0.0
28198,0.0
28199,0.0
28200,0.0
28201,0.0
28202,0.0
28203,0.0
28204,0.0
28205,0.0
28206,0.0
28207,0.0
28208,0.0
28209,0.0
28210,0.0
28211,0.0
28212,0.0
28213,0.0
28214,0.0
28215,0.0
28216,0.0
28217,0.0
28218,0.0
28219,0.0
28220,0.0
28221,0.0
28222,0.0
28223,0.0
28224,0.0
28225,0.0
28226,0.0
28227,0.0
28228,0.0
28229,0.0
28230,0.0
28231,0.0
28232,0.0
28233,14662.642578125
28234,6360.18505859375
28235,0.0
28236,0.0
28237,0.0
28238,0.0
28239,0.0
28240,0.0
28241,0.0
28242,0.0
28243,0.0
28244,0.0
28245,0.0
28246,0.0
28247,0.0
28248,0.0
28249,4462.16650390625
28250,4063.380859375
28251,7432.298828125
28252,3744.0927734375
28253,6611.5244140625
28254,4573.50341796875
28255,5853.52490234375
28256,6434.5869140625
28257,0.0
28258,3312.9853515625
28259,5754.8037109375
28260,5629.27099609375
28261,4214.3330078125
28262,0.0
28263,6470.6015625
28264,0.0
28265,5476.3837890625
28266,7255.64404296875
28267,8192.91015625
28268,6270.5107421875
28269,7879.77587890625
28270,3667.87744140625
28271,5961.5732421875
28272,0.0
28273,7976.65234375
28274,7366.51123046875
28275,0.0
28276,6251.36474609375
28277,4075.6103515625
28278,4381.2373046875
28279,0.0
28280,7519.7216796875
28281,4062.17431640625
28282,5417.68212890625
28283,0.0
28284,5756.16162109375
28285,2456.968505859375
28286,7664.29052734375
28287,4289.8505859375
28288,0.0
28289,0.0
28290,4510.9736328125
28291,8613.0673828125
28292,5365.97900390625
28293,4938.986328125
28294,3996.98681640625
28295,7770.05615234375
28296,9861.384765625
28297,5966.2666015625
28298,6353.869140625
28299,8688.0
28300,7615.5791015625
28301,5722.64404296875
28302,6371.47119140625
28303,2072.355712890625
28304,2949.264404296875
28305,4795.99462890625
28306,6777.1435546875
28307,7615.17529296875
28308,7641.84765625
28309,4559.31982421875
28310,8162.56884765625
28311,0.0
28312,4905.88916015625
28313,3313.533935546875
28314,10829.05859375
28315,2547.38818359375
28316,0.0
28317,6864.7421875
28318,3826.02587890625
28319,5657.24560546875
28320,2850.27783203125
28321,6321.88671875
28322,4724.97021484375
28323,0.0
28324,0.0
28325,7155.64306640625
28326,5387.6611328125
28327,2761.970947265625
28328,7601.6279296875
28329,0.0
28330,6723.5693359375
28331,4011.8916015625
28332,6552.771484375
28333,5358.224609375
28334,0.0
28335,0.0
28336,2342.041259765625
28337,8007.58837890625
28338,5344.97021484375
28339,4943.42626953125
28340,8606.21484375
28341,2707.0244140625
28342,4024.84326171875
28343,4393.60302734375
28344,7816.6494140625
28345,0.0
28346,3860.06591796875
28347,4214.44775390625
28348,0.0
28349,6276.15234375
28350,0.0
28351,0.0
28352,0.0
28353,6537.9296875
28354,4528.876953125
28355,3042.096435546875
28356,5676.349609375
28357,0.0
28358,0.0
28359,7213.701171875
28360,8000.7080078125
28361,0.0
28362,8983.62890625
28363,3303.855224609375
28364,3285.158935546875
28365,8138.4375
28366,5636.49462890625
28367,7283.07666015625
28368,9322.5537109375
28369,5820.978515625
28370,5677.11767578125
28371,6365.2060546875
28372,7774.359375
28373,3611.425537109375
28374,0.0
28375,5517.462890625
28376,5114.5869140625
28377,5194.03076171875
28378,2952.36279296875
28379,5389.1591796875
28380,0.0
28381,0.0
28382,6153.6591796875
28383,3200.621337890625
28384,6281.74755859375
28385,6982.779296875
28386,3279.8232421875
28387,5278.33544921875
28388,0.0
28389,5662.984375
28390,0.0
28391,4605.3662109375
28392,4874.3310546875
28393,7260.4404296875
28394,0.0
28395,0.0
28396,0.0
28397,4268.96826171875
28398,4929.6767578125
28399,10360.7177734375
28400,5731.84033203125
28401,8336.8095703125
28402,6326.24609375
28403,5361.33740234375
28404,6611.91845703125
28405,0.0
28406,4679.38427734375
28407,8236.4482421875
28408,5683.486328125
28409,2872.945556640625
28410,3628.709716796875
28411,7082.4580078125
28412,8404.7236328125
28413,0.0
28414,6091.28369140625
28415,4475.7568359375
28416,0.0
28417,2680.167724609375
28418,3595.769287109375
28419,6295.376953125
28420,7500.4140625
28421,4937.45068359375
28422,4452.6513671875
28423,8168.5634765625
28424,8093.8544921875
28425,7324.51806640625
28426,0.0
28427,8368.0615234375
28428,9234.1220703125
28429,3912.91259765625
28430,5193.5185546875
28431,5563.53564453125
28432,6812.67919921875
28433,3241.01904296875
28434,4571.14892578125
28435,4588.0927734375
28436,8741.8955078125
28437,6101.16357421875
28438,8117.17626953125
28439,7775.1259765625
28440,5340.625
28441,7856.17822265625
28442,17307.33984375
28443,8502.5048828125
28444,4573.32275390625
28445,3495.189453125
28446,6523.1259765625
28447,6733.302734375
28448,0.0
28449,9278.48046875
28450,17280.181640625
28451,0.0
28452,3425.841064453125
28453,10694.5458984375
28454,3463.6552734375
28455,6344.171875
28456,3618.789306640625
28457,6275.541015625
28458,5074.59619140625
28459,0.0
28460,0.0
28461,5823.74658203125
28462,9060.50390625
28463,5920.728515625
28464,6090.42041015625
28465,0.0
28466,0.0
28467,6357.060546875
28468,0.0
28469,0.0
28470,5407.2568359375
28471,4556.28662109375
28472,3920.980224609375
28473,5673.4658203125
28474,4648.943359375
28475,4945.5595703125
28476,0.0
28477,9115.4384765625
28478,8436.9072265625
28479,4716.40185546875
28480,4944.15185546875
28481,4074.7255859375
28482,3639.26171875
28483,5439.482421875
28484,0.0
28485,6613.54150390625
28486,5401.08056640625
28487,8558.3603515625
28488,5680.50537109375
28489,5132.44677734375
28490,3257.0078125
28491,3284.035400390625
28492,8610.1435546875
28493,0.0
28494,5746.08984375
28495,13215.427734375
28496,7703.3720703125
28497,4508.3662109375
28498,5436.65576171875
28499,2821.472900390625
28500,4175.82763671875
28501,3990.327880859375
28502,5726.16650390625
28503,11586.9208984375
28504,4801.044921875
28505,8209.6669921875
28506,9809.33203125
28507,5394.78466796875
28508,6334.73291015625
28509,4800.21728515625
28510,5230.07666015625
28511,5385.15380859375
28512,0.0
28513,5598.6787109375
28514,7634.39599609375
28515,0.0
28516,5930.89794921875
28517,5561.8623046875
28518,0.0
28519,6958.68359375
28520,5173.3955078125
28521,6608.3818359375
28522,5079.08642578125
28523,8603.7587890625
28524,7562.69775390625
28525,7125.12890625
28526,8469.7998046875
28527,7309.7333984375
28528,8883.6435546875
28529,3486.1337890625
28530,0.0
28531,5348.0380859375
28532,8735.0927734375
28533,6696.17529296875
28534,7538.14013671875
28535,7022.07373046875
28536,7961.6171875
28537,5142.61767578125
28538,6810.5888671875
28539,6291.962890625
28540,3100.150634765625
28541,9977.7265625
28542,16603.83203125
28543,0.0
28544,6057.662109375
28545,7035.24951171875
28546,8114.0205078125
28547,8863.990234375
28548,2920.8212890625
28549,4408.529296875
28550,5958.4345703125
28551,8148.43310546875
28552,3404.259521484375
28553,4361.10009765625
28554,5445.814453125
28555,0.0
28556,5202.65576171875
28557,3607.419677734375
28558,2964.636962890625
28559,8099.2109375
28560,0.0
28561,4661.32421875
28562,6393.044921875
28563,4672.17919921875
28564,9098.34765625
28565,0.0
28566,0.0
28567,7572.7744140625
28568,7117.318359375
28569,9987.94140625
28570,4558.34716796875
28571,2803.062255859375
28572,0.0
28573,12333.4423828125
28574,4452.517578125
28575,6687.52197265625
28576,2605.966064453125
28577,3833.81298828125
28578,5741.72802734375
28579,0.0
28580,0.0
28581,0.0
28582,9111.53125
28583,8958.740234375
28584,4979.3447265625
28585,0.0
28586,2212.249755859375
28587,4105.13037109375
28588,6819.513671875
28589,4745.1259765625
28590,10338.7099609375
28591,2412.55126953125
28592,7258.10107421875
28593,6091.30517578125
28594,10290.375
28595,10358.9990234375
28596,5522.64013671875
28597,3946.453369140625
28598,10003.3740234375
28599,9155.9521484375
28600,4810.90234375
28601,0.0
28602,8816.6220703125
28603,5944.63916015625
28604,5417.56591796875
28605,4130.00537109375
28606,8558.1767578125
28607,4611.66552734375
28608,11849.0263671875
28609,8838.94921875
28610,13137.5126953125
28611,0.0
28612,5271.7626953125
28613,2051.96826171875
28614,6357.50634765625
28615,0.0
28616,5546.42626953125
28617,8635.1669921875
28618,0.0
28619,2517.664306640625
28620,7169.59423828125
28621,3728.41259765625
28622,0.0
28623,7020.9765625
28624,5449.1787109375
28625,8137.10986328125
28626,4840.84814453125
28627,7023.33349609375
28628,0.0
28629,5776.55322265625
28630,0.0
28631,0.0
28632,9468.71875
28633,6069.3681640625
28634,3490.080078125
28635,4724.9501953125
28636,8815.0458984375
28637,5787.8173828125
28638,4274.001953125
28639,5502.27001953125
28640,6121.65478515625
28641,8866.0673828125
28642,0.0
28643,9415.5830078125
28644,4523.6962890625
28645,4018.223876953125
28646,4648.62060546875
28647,5947.31103515625
28648,3484.348876953125
28649,5000.63818359375
28650,6857.41943359375
28651,7841.78564453125
28652,10730.103515625
28653,9651.9580078125
28654,7781.3623046875
28655,7529.3056640625
28656,4808.8828125
28657,10244.9677734375
28658,8155.53466796875
28659,6216.78515625
28660,5172.82666015625
28661,5344.486328125
28662,4271.595703125
28663,2989.585205078125
28664,0.0
28665,0.0
28666,6312.02783203125
28667,0.0
28668,2116.96142578125
28669,8507.8701171875
28670,0.0
28671,9760.962890625
28672,3951.39013671875
28673,4861.73583984375
28674,5644.41796875
28675,4603.18603515625
28676,10802.4033203125
28677,5549.81494140625
28678,0.0
28679,3716.23046875
28680,3568.083740234375
28681,5014.37353515625
28682,12868.91015625
28683,3209.605224609375
28684,5485.28271484375
28685,5357.85595703125
28686,3580.434814453125
28687,3327.386474609375
28688,6145.07080078125
28689,3411.8837890625
28690,0.0
28691,6230.96923828125
28692,0.0
28693,8819.744140625
28694,762.571044921875
28695,4152.33447265625
28696,9662.9189453125
28697,7675.08447265625
28698,9151.7314453125
28699,2678.703125
28700,4599.14990234375
28701,4726.09716796875
28702,4841.4345703125
28703,16047.7841796875
28704,0.0
28705,5720.408203125
28706,3259.797119140625
28707,6030.517578125
28708,4598.2470703125
28709,2646.31982421875
28710,8116.4091796875
28711,5515.82568359375
28712,0.0
28713,6880.24853515625
28714,4582.4736328125
28715,4162.9169921875
28716,5300.2529296875
28717,0.0
28718,7338.591796875
28719,3368.563720703125
28720,0.0
28721,6866.32177734375
28722,8197.984375
28723,5644.2353515625
28724,7304.0537109375
28725,0.0
28726,0.0
28727,5221.69873046875
28728,3235.502197265625
28729,4278.98828125
28730,5046.74658203125
28731,4406.1162109375
28732,7602.31201171875
28733,3794.780517578125
28734,0.0
28735,4807.06689453125
28736,7653.658203125
28737,0.0
28738,5302.55029296875
28739,0.0
28740,0.0
28741,2836.965576171875
28742,10978.322265625
28743,3335.777099609375
28744,3953.458251953125
28745,6148.85791015625
28746,0.0
28747,10127.4765625
28748,0.0
28749,5302.69677734375
28750,0.0
28751,7224.07080078125
28752,4384.09228515625
28753,8177.89794921875
28754,3017.313232421875
28755,3553.0380859375
28756,3945.3310546875
28757,3403.946044921875
28758,0.0
28759,7313.10791015625
28760,6332.60791015625
28761,6319.33935546875
28762,5434.4228515625
28763,7605.83837890625
28764,7974.27099609375
28765,0.0
28766,0.0
28767,0.0
28768,7386.814453125
28769,4560.70361328125
28770,1902.702880859375
28771,6200.17041015625
28772,0.0
28773,6072.80517578125
28774,5366.07373046875
28775,3070.78759765625
28776,0.0
28777,2731.897705078125
28778,9409.6572265625
28779,4862.86669921875
28780,4452.658203125
28781,8145.81689453125
28782,3834.17333984375
28783,4246.22607421875
28784,0.0
28785,2800.1865234375
28786,7530.8447265625
28787,9424.6708984375
28788,6288.2099609375
28789,2261.91455078125
28790,0.0
28791,0.0
28792,2586.56787109375
28793,4723.8662109375
28794,0.0
28795,5187.9111328125
28796,0.0
28797,3834.532470703125
28798,0.0
28799,8350.91796875
28800,5167.52001953125
28801,0.0
28802,4171.3466796875
28803,5477.71533203125
28804,0.0
28805,6080.5009765625
28806,7891.72998046875
28807,7289.42041015625
28808,8786.1279296875
28809,5856.79150390625
28810,4984.1435546875
28811,2984.03515625
28812,5556.42236328125
28813,8577.232421875
28814,6311.50341796875
28815,8047.0810546875
28816,14342.4765625
28817,2959.259521484375
28818,0.0
28819,4308.099609375
28820,8550.35546875
28821,0.0
28822,7602.9365234375
28823,7559.4482421875
28824,7998.763671875
28825,0.0
28826,7122.27587890625
28827,4887.76513671875
28828,4286.00634765625
28829,0.0
28830,3358.706787109375
28831,3045.881591796875
28832,6409.5634765625
28833,17075.677734375
28834,5797.3857421875
28835,4417.85302734375
28836,5357.98291015625
28837,4714.2421875
28838,6498.45654296875
28839,2543.406982421875
28840,7337.8681640625
28841,0.0
28842,3758.659912109375
28843,11048.8251953125
28844,10289.9150390625
28845,3298.660400390625
28846,0.0
28847,4051.206787109375
28848,3920.542724609375
28849,5295.79052734375
28850,0.0
28851,3334.854248046875
28852,4749.7705078125
28853,0.0
28854,5320.34228515625
28855,4262.70849609375
28856,7194.521484375
28857,4016.302001953125
28858,7993.7744140625
28859,6927.5751953125
28860,4551.927734375
28861,4467.50634765625
28862,3545.751708984375
28863,5294.03125
28864,0.0
28865,9370.8310546875
28866,4248.796875
28867,3463.1728515625
28868,6248.994140625
28869,7386.1767578125
28870,0.0
28871,0.0
28872,0.0
28873,10073.25390625
28874,6750.07373046875
28875,5818.95654296875
28876,3665.288818359375
28877,4766.07080078125
28878,0.0
28879,3636.52734375
28880,4206.14794921875
28881,5081.69482421875
28882,0.0
28883,7410.03759765625
28884,4116.234375
28885,5378.015625
28886,0.0
28887,7182.849609375
28888,5523.3974609375
28889,8767.4208984375
28890,6383.20458984375
28891,4952.138671875
28892,3370.03173828125
28893,1372.9422607421875
28894,3950.827392578125
28895,0.0
28896,2063.0908203125
28897,4828.560546875
28898,7084.763671875
28899,6326.4853515625
28900,5301.0810546875
28901,8162.4326171875
28902,5623.33935546875
28903,0.0
28904,3579.553955078125
28905,7794.6533203125
28906,4120.64794921875
28907,6620.25634765625
28908,9403.310546875
28909,0.0
28910,0.0
28911,6959.85595703125
28912,3458.9150390625
28913,6063.40673828125
28914,7039.5234375
28915,2857.09765625
28916,8913.162109375
28917,6261.92724609375
28918,4859.9189453125
28919,8166.06689453125
28920,7858.21923828125
28921,6036.73974609375
28922,4621.9990234375
28923,4350.8095703125
28924,5998.6845703125
28925,0.0
28926,6620.9287109375
28927,2547.93994140625
28928,5710.32958984375
28929,2933.38330078125
28930,0.0
28931,5559.353515625
28932,4502.439453125
28933,5664.95166015625
28934,8145.01708984375
28935,0.0
28936,7151.2509765625
28937,0.0
28938,5894.33154296875
28939,9728.169921875
28940,7518.12060546875
28941,4279.8642578125
28942,0.0
28943,5626.951171875
28944,0.0
28945,0.0
28946,0.0
28947,5864.130859375
28948,8630.06640625
28949,6982.720703125
28950,2298.971923828125
28951,0.0
28952,8218.2109375
28953,6648.0908203125
28954,7586.71923828125
28955,6669.35595703125
28956,0.0
28957,5144.4462890625
28958,3936.88916015625
28959,0.0
28960,0.0
28961,8025.541015625
28962,2844.71826171875
28963,7529.6923828125
28964,6872.01806640625
28965,4966.125
28966,6693.92578125
28967,5200.6962890625
28968,7007.47412109375
28969,3996.118408203125
28970,3950.742431640625
28971,4589.92138671875
28972,3845.44384765625
28973,6353.986328125
28974,6330.560546875
28975,8363.0
28976,6554.57666015625
28977,0.0
28978,6050.89404296875
28979,6876.912109375
28980,7426.17431640625
28981,3327.955322265625
28982,3484.441650390625
28983,8011.87255859375
28984,6261.11376953125
28985,4076.9619140625
28986,7104.26953125
28987,0.0
28988,5559.14892578125
28989,4579.2939453125
28990,1282.958251953125
28991,7212.3544921875
28992,6090.119140625
28993,5208.54443359375
28994,8466.0966796875
28995,6970.80712890625
28996,3784.0810546875
28997,6376.25341796875
28998,3723.446044921875
28999,666.8728637695312
29000,6204.94384765625
29001,0.0
29002,4741.90380859375
29003,4686.5185546875
29004,1952.0556640625
29005,4914.3623046875
29006,7492.509765625
29007,5561.0390625
29008,8344.8994140625
29009,3561.337646484375
29010,4873.01904296875
29011,0.0
29012,6375.74462890625
29013,2949.107421875
29014,2826.74169921875
29015,5051.75830078125
29016,4138.50244140625
29017,0.0
29018,4741.283203125
29019,0.0
29020,5450.44091796875
29021,7956.04638671875
29022,5080.689453125
29023,0.0
29024,9227.4248046875
29025,6482.47998046875
29026,0.0
29027,2960.021240234375
29028,4955.6904296875
29029,5519.5224609375
29030,4106.15380859375
29031,7441.05859375
29032,8594.1044921875
29033,6523.7734375
29034,6284.66552734375
29035,6129.88623046875
29036,6937.13037109375
29037,10468.265625
29038,3615.362548828125
29039,4306.3828125
29040,4960.5029296875
29041,5801.13671875
29042,0.0
29043,7842.4072265625
29044,5676.14111328125
29045,0.0
29046,3093.52685546875
29047,5867.716796875
29048,8732.8603515625
29049,3078.84130859375
29050,6660.7294921875
29051,0.0
29052,5988.02978515625
29053,5822.39208984375
29054,4887.060546875
29055,5837.21484375
29056,4352.25732421875
29057,4432.21826171875
29058,7035.7529296875
29059,4929.67333984375
29060,8811.7666015625
29061,5028.44921875
29062,8730.388671875
29063,5504.47314453125
29064,3681.485595703125
29065,8600.4521484375
29066,0.0
29067,8937.0732421875
29068,0.0
29069,4869.94873046875
29070,6525.94287109375
29071,4280.17578125
29072,4785.17578125
29073,6773.2890625
29074,2696.564208984375
29075,3337.03466796875
29076,5992.9462890625
29077,5920.9736328125
29078,0.0
29079,6075.681640625
29080,5488.0791015625
29081,4082.828125
29082,6415.17919921875
29083,3111.857666015625
29084,9815.533203125
29085,7498.3330078125
29086,0.0
29087,0.0
29088,4523.93310546875
29089,10773.8955078125
29090,8754.623046875
29091,2972.409912109375
29092,8914.140625
29093,0.0
29094,6235.7353515625
29095,0.0
29096,5181.7392578125
29097,2889.49462890625
29098,4826.1640625
29099,0.0
29100,2957.333984375
29101,7955.15478515625
29102,5943.08837890625
29103,23273.43359375
29104,7268.55126953125
29105,4333.6123046875
29106,6485.7265625
29107,10106.69921875
29108,5122.25634765625
29109,7464.88720703125
29110,5904.064453125
29111,7175.7197265625
29112,6903.22119140625
29113,5453.150390625
29114,5180.51513671875
29115,6602.34326171875
29116,7741.66748046875
29117,6409.931640625
29118,8512.83984375
29119,5475.72900390625
29120,4993.5517578125
29121,5753.02001953125
29122,8795.482421875
29123,10656.8330078125
29124,7401.54931640625
29125,7782.84326171875
29126,3901.148193359375
29127,6638.474609375
29128,4550.255859375
29129,8323.326171875
29130,9059.8740234375
29131,9520.787109375
29132,5326.6220703125
29133,5393.87158203125
29134,4253.49755859375
29135,6194.71484375
29136,9292.400390625
29137,5860.38037109375
29138,4873.4951171875
29139,6313.92626953125
29140,6279.39404296875
29141,3607.71484375
29142,7116.666015625
29143,4399.82373046875
29144,7052.58642578125
29145,6533.9853515625
29146,6363.275390625
29147,7998.41650390625
29148,6121.3740234375
29149,5008.458984375
29150,6433.984375
29151,6538.8046875
29152,10146.66796875
29153,6141.63916015625
29154,7282.22607421875
29155,7617.373046875
29156,8864.193359375
29157,6276.4453125
29158,8162.1474609375
29159,3643.06298828125
29160,4603.30029296875
29161,5445.17041015625
29162,6423.43017578125
29163,9719.7119140625
29164,6827.90771484375
29165,5009.82861328125
29166,6927.33544921875
29167,7441.25634765625
29168,7745.94677734375
29169,4221.18896484375
29170,12615.234375
29171,3644.001708984375
29172,6434.25244140625
29173,7201.82373046875
29174,4189.45166015625
29175,5559.0380859375
29176,6238.10546875
29177,7451.89404296875
29178,5740.19677734375
29179,5424.916015625
29180,8108.48681640625
29181,6877.75146484375
29182,5715.94482421875
29183,4215.67333984375
29184,7250.66845703125
29185,11922.9375
29186,6532.43212890625
29187,4991.37109375
29188,6619.609375
29189,6426.00048828125
29190,6425.67822265625
29191,8277.9169921875
29192,4198.302734375
29193,7416.9345703125
29194,6197.14892578125
29195,6256.96728515625
29196,9142.427734375
29197,5098.65966796875
29198,4666.9033203125
29199,4934.56201171875
29200,7522.17333984375
29201,7759.11767578125
29202,4569.7041015625
29203,4490.4658203125
29204,6733.974609375
29205,5750.31396484375
29206,5155.177734375
29207,8934.6298828125
29208,7129.1796875
29209,6959.17431640625
29210,5210.6015625
29211,4885.60400390625
29212,5986.2158203125
29213,8718.1220703125
29214,6981.07080078125
29215,8103.9150390625
29216,8119.14697265625
29217,5198.9033203125
29218,9634.3544921875
29219,5097.64501953125
29220,5279.5283203125
29221,8620.173828125
29222,5928.3818359375
29223,9126.794921875
29224,9086.8818359375
29225,6797.806640625
29226,6298.26123046875
29227,7586.35986328125
29228,7191.83935546875
29229,6163.833984375
29230,3881.334716796875
29231,5858.79833984375
29232,7024.9140625
29233,5550.25146484375
29234,4081.378173828125
29235,7163.92578125
29236,5578.958984375
29237,6034.5625
29238,5424.39453125
29239,5058.72607421875
29240,6546.23388671875
29241,6387.1767578125
29242,5786.8466796875
29243,4877.85009765625
29244,5308.791015625
29245,6915.37255859375
29246,4268.37548828125
29247,6620.16748046875
29248,5571.1943359375
29249,7864.00244140625
29250,7174.48046875
29251,6087.7197265625
29252,11992.9404296875
29253,3998.749755859375
29254,5653.89794921875
29255,9772.1728515625
29256,6657.2216796875
29257,8182.78466796875
29258,7670.580078125
29259,5577.2099609375
29260,6563.708984375
29261,5865.388671875
29262,7244.5634765625
29263,9369.95703125
29264,7110.13623046875
29265,2894.354736328125
29266,4811.20556640625
29267,7468.59765625
29268,8388.6494140625
29269,6324.85009765625
29270,6381.2099609375
29271,4976.69140625
29272,4049.849609375
29273,3931.856201171875
29274,5065.09326171875
29275,7080.072265625
29276,6884.80078125
29277,5830.51318359375
29278,5984.1796875
29279,7909.34521484375
29280,8342.251953125
29281,7554.36328125
29282,6617.95751953125
29283,8399.8310546875
29284,9165.6396484375
29285,5072.64990234375
29286,6801.970703125
29287,5571.52197265625
29288,7373.2861328125
29289,3833.363037109375
29290,6213.82666015625
29291,4859.88427734375
29292,8207.5
29293,6952.138671875
29294,8417.9873046875
29295,8035.36181640625
29296,6186.04541015625
29297,7308.4208984375
29298,17323.5859375
29299,9682.69921875
29300,5534.6748046875
29301,3457.36669921875
29302,6327.61328125
29303,7140.5478515625
29304,6216.865234375
29305,12300.3154296875
29306,19900.34375
29307,4122.35986328125
29308,4991.02294921875
29309,8769.80078125
29310,4365.39306640625
29311,7741.384765625
29312,5585.94091796875
29313,7270.18212890625
29314,5662.423828125
29315,6181.66748046875
29316,6627.35693359375
29317,7601.33349609375
29318,9000.3046875
29319,6080.859375
29320,6620.06103515625
29321,6585.8349609375
29322,4623.85791015625
29323,4799.6982421875
29324,8567.1298828125
29325,5878.86181640625
29326,5668.92333984375
29327,6787.76416015625
29328,5621.27294921875
29329,5209.85009765625
29330,6173.826171875
29331,6189.19580078125
29332,8976.1474609375
29333,9926.556640625
29334,8604.2802734375
29335,5524.998046875
29336,3921.78271484375
29337,5607.11669921875
29338,4669.912109375
29339,5373.33544921875
29340,4976.1259765625
29341,7724.5087890625
29342,6411.93701171875
29343,9367.23828125
29344,5901.00927734375
29345,5812.275390625
29346,4809.86279296875
29347,4972.16259765625
29348,9205.7490234375
29349,5485.83203125
29350,8009.267578125
29351,13611.9365234375
29352,7763.5380859375
29353,5890.06982421875
29354,5349.8134765625
29355,4479.72802734375
29356,6725.07275390625
29357,4008.809326171875
29358,5919.9775390625
29359,12251.2392578125
29360,5358.15625
29361,11751.0029296875
29362,11201.3173828125
29363,5232.9248046875
29364,7282.5888671875
29365,5412.47021484375
29366,6135.45751953125
29367,6042.09814453125
29368,11748.5966796875
29369,6540.50732421875
29370,8298.5009765625
29371,3831.37548828125
29372,7692.8115234375
29373,5732.88427734375
29374,9081.99609375
29375,6454.4150390625
29376,6972.5908203125
29377,6764.462890625
29378,6578.3935546875
29379,8774.45703125
29380,9146.7734375
29381,7108.48779296875
29382,9035.3935546875
29383,6624.263671875
29384,8288.66015625
29385,5003.482421875
29386,5177.5830078125
29387,5176.53515625
29388,8296.0478515625
29389,6470.04736328125
29390,7732.80419921875
29391,6013.13330078125
29392,8292.2861328125
29393,5338.328125
29394,8051.9130859375
29395,6984.76220703125
29396,3670.416748046875
29397,11617.818359375
29398,14955.849609375
29399,6148.3662109375
29400,6833.69873046875
29401,8424.14453125
29402,9080.408203125
29403,10417.8193359375
29404,6081.60595703125
29405,6719.81298828125
29406,6897.34326171875
29407,8228.748046875
29408,4800.49853515625
29409,5349.67236328125
29410,5444.10400390625
29411,5619.0927734375
29412,7223.509765625
29413,4938.26708984375
29414,3818.294189453125
29415,7611.17724609375
29416,4269.8154296875
29417,4858.95458984375
29418,6088.51513671875
29419,5038.26416015625
29420,8682.3173828125
29421,8989.572265625
29422,6584.15966796875
29423,6461.943359375
29424,7489.09228515625
29425,9488.779296875
29426,6625.91162109375
29427,5370.61669921875
29428,4393.32080078125
29429,10081.4326171875
29430,4413.44677734375
29431,6916.65380859375
29432,4253.63623046875
29433,4454.72607421875
29434,6180.06591796875
29435,7537.1494140625
29436,5813.4658203125
29437,9751.8046875
29438,9776.17578125
29439,11236.5751953125
29440,6608.7890625
29441,9634.05078125
29442,3410.4755859375
29443,6065.1416015625
29444,6753.5712890625
29445,4753.42041015625
29446,9130.5634765625
29447,4626.06591796875
29448,7624.61865234375
29449,9193.521484375
29450,10752.7685546875
29451,8122.68115234375
29452,5719.4638671875
29453,5241.8271484375
29454,11589.8095703125
29455,7911.52099609375
29456,5459.40625
29457,5186.54541015625
29458,6671.54443359375
29459,7638.1357421875
29460,6292.82177734375
29461,5719.7978515625
29462,8713.9208984375
29463,8027.51513671875
29464,12406.5126953125
29465,7493.39208984375
29466,11542.71875
29467,6844.4404296875
29468,5792.0087890625
29469,3168.000244140625
29470,6394.689453125
29471,6135.88427734375
29472,5727.0576171875
29473,7766.81396484375
29474,5388.80859375
29475,4694.84375
29476,7070.9208984375
29477,3465.316650390625
29478,6448.5087890625
29479,6618.47216796875
29480,8673.6669921875
29481,8632.8662109375
29482,5127.84619140625
29483,9107.20703125
29484,4925.5224609375
29485,5907.8076171875
29486,5899.30615234375
29487,5106.4521484375
29488,8650.7646484375
29489,6438.4990234375
29490,4192.482421875
29491,6177.94287109375
29492,9542.85546875
29493,7037.6484375
29494,5707.70068359375
29495,8686.4658203125
29496,6294.873046875
29497,7416.533203125
29498,5631.83935546875
29499,9446.8720703125
29500,5265.5703125
29501,5871.71826171875
29502,5303.44287109375
29503,5596.97900390625
29504,4276.7587890625
29505,5320.2490234375
29506,8671.7138671875
29507,8759.1796875
29508,10859.654296875
29509,11337.3291015625
29510,8557.52734375
29511,8240.9912109375
29512,4699.53955078125
29513,10547.654296875
29514,9569.205078125
29515,7912.91357421875
29516,7283.4677734375
29517,8156.42529296875
29518,4873.84228515625
29519,3793.345703125
29520,8603.375
29521,6806.32177734375
29522,6739.205078125
29523,5810.025390625
29524,2566.252197265625
29525,9930.0439453125
29526,7098.4248046875
29527,8765.0625
29528,4927.5283203125
29529,4690.77734375
29530,6543.47119140625
29531,6045.232421875
29532,7868.974609375
29533,5692.09228515625
29534,4405.85400390625
29535,3812.58642578125
29536,4097.3037109375
29537,7034.640625
29538,15965.5234375
29539,3687.700927734375
29540,6050.38818359375
29541,6739.802734375
29542,4859.53466796875
29543,4578.09033203125
29544,5231.96337890625
29545,4608.556640625
29546,8217.1103515625
29547,7404.11376953125
29548,3649.0693359375
29549,8323.6953125
29550,4361.86181640625
29551,4604.8642578125
29552,10472.9287109375
29553,7222.5341796875
29554,9513.62109375
29555,4829.32177734375
29556,5580.3857421875
29557,4752.92822265625
29558,5394.3740234375
29559,14154.076171875
29560,10619.8505859375
29561,7630.341796875
29562,4114.6748046875
29563,5828.90576171875
29564,5643.634765625
29565,4447.412109375
29566,9589.841796875
29567,6526.17919921875
29568,5052.11083984375
29569,7462.11181640625
29570,4617.69970703125
29571,5506.52490234375
29572,5932.8642578125
29573,6967.12646484375
29574,7673.7021484375
29575,4279.04638671875
29576,5437.2646484375
29577,7290.11962890625
29578,7962.83837890625
29579,7926.75927734375
29580,7177.26953125
29581,4202.9736328125
29582,7639.7255859375
29583,5673.40673828125
29584,4803.62353515625
29585,6594.4609375
29586,7688.4716796875
29587,5782.19970703125
29588,7648.9306640625
29589,5719.1181640625
29590,6690.61865234375
29591,5253.3369140625
29592,7053.533203125
29593,7563.0234375
29594,6128.7041015625
29595,10665.005859375
29596,6335.95654296875
29597,4947.27001953125
29598,11174.744140625
29599,5331.49462890625
29600,4324.19775390625
29601,7421.85498046875
29602,9800.701171875
29603,9913.86328125
29604,4637.0361328125
29605,6040.01953125
29606,6062.81005859375
29607,7113.88623046875
29608,6345.4560546875
29609,8119.07373046875
29610,3888.452392578125
29611,4937.81396484375
29612,5895.6025390625
29613,4718.931640625
29614,4830.6962890625
29615,6819.3251953125
29616,6506.07568359375
29617,6315.22021484375
29618,7218.64013671875
29619,6475.85595703125
29620,7648.38525390625
29621,5576.7119140625
29622,6200.05078125
29623,6017.70654296875
29624,8251.080078125
29625,8051.66015625
29626,3650.07177734375
29627,8490.478515625
29628,10211.9208984375
29629,6856.04052734375
29630,5027.81982421875
29631,3783.135986328125
29632,7425.70703125
29633,4745.17919921875
29634,9354.3427734375
29635,6343.1376953125
29636,4871.728515625
29637,8357.7548828125
29638,5252.69921875
29639,4722.1474609375
29640,7015.97021484375
29641,5064.80908203125
29642,8572.3583984375
29643,9563.86328125
29644,6428.90869140625
29645,4070.15966796875
29646,5184.5869140625
29647,4733.1796875
29648,4173.080078125
29649,6999.8037109375
29650,4967.66357421875
29651,8762.9765625
29652,4106.8603515625
29653,5832.80908203125
29654,5688.63671875
29655,8167.98681640625
29656,5751.61328125
29657,5427.52099609375
29658,5265.53857421875
29659,6838.75439453125
29660,5912.3359375
29661,6831.39306640625
29662,6995.7607421875
29663,7448.3857421875
29664,8093.341796875
29665,7511.78515625
29666,5957.38525390625
29667,4275.7861328125
29668,5406.93896484375
29669,10576.009765625
29670,7991.30712890625
29671,9162.0859375
29672,15840.6591796875
29673,5065.7783203125
29674,4747.22705078125
29675,5961.4248046875
29676,9342.8232421875
29677,9259.419921875
29678,6926.66845703125
29679,7645.1904296875
29680,8506.822265625
29681,6568.2021484375
29682,6638.19140625
29683,5259.515625
29684,5867.31884765625
29685,5040.54638671875
29686,3994.763916015625
29687,4622.375
29688,7254.52197265625
29689,16003.544921875
29690,5962.203125
29691,5864.1796875
29692,7337.33740234375
29693,4558.7412109375
29694,7009.87255859375
29695,3970.09130859375
29696,9919.3203125
29697,6765.96044921875
29698,6194.181640625
29699,11356.3779296875
29700,12300.736328125
29701,5133.70703125
29702,6468.25634765625
29703,4506.171875
29704,5245.13916015625
29705,5956.98291015625
29706,8402.3291015625
29707,4600.4638671875
29708,5118.74755859375
29709,4821.349609375
29710,6004.6103515625
29711,5854.62548828125
29712,6530.79150390625
29713,4870.44921875
29714,7542.5185546875
29715,7840.6044921875
29716,6437.82177734375
29717,4697.37109375
29718,3615.29150390625
29719,7744.18310546875
29720,4571.94873046875
29721,9649.2646484375
29722,4110.13916015625
29723,5106.88037109375
29724,6104.734375
29725,9070.5322265625
29726,4934.3154296875
29727,5377.947265625
29728,6230.42919921875
29729,8920.3564453125
29730,9003.904296875
29731,6028.8203125
29732,4497.28125
29733,5162.03173828125
29734,4000.865234375
29735,5178.7880859375
29736,4919.90380859375
29737,5462.51806640625
29738,10717.7158203125
29739,6602.66064453125
29740,5643.021484375
29741,6694.04638671875
29742,4746.71142578125
29743,9444.6181640625
29744,5150.93359375
29745,10416.3818359375
29746,6155.1376953125
29747,5460.01806640625
29748,4942.19580078125
29749,3780.08642578125
29750,6240.126953125
29751,21565.00390625
29752,4052.1376953125
29753,5489.89697265625
29754,10004.13671875
29755,6581.76611328125
29756,5806.26123046875
29757,7869.40576171875
29758,5298.099609375
29759,5980.01953125
29760,4075.544189453125
29761,8684.4736328125
29762,5978.505859375
29763,6712.8505859375
29764,8050.98779296875
29765,5243.544921875
29766,8288.9140625
29767,8003.75048828125
29768,4364.703125
29769,8623.90234375
29770,9727.853515625
29771,4191.79052734375
29772,8427.9306640625
29773,6504.17724609375
29774,5623.375
29775,8179.38671875
29776,6677.92822265625
29777,7637.5
29778,4462.88525390625
29779,4671.197265625
29780,6485.84228515625
29781,4401.48828125
29782,7237.58984375
29783,4203.43212890625
29784,6191.576171875
29785,4929.44384765625
29786,5947.35400390625
29787,6204.67236328125
29788,7352.8095703125
29789,6468.63916015625
29790,8194.4775390625
29791,5550.47412109375
29792,7583.15625
29793,5422.18994140625
29794,8071.1708984375
29795,8801.291015625
29796,7649.98779296875
29797,5227.6943359375
29798,5459.0224609375
29799,6770.23486328125
29800,5243.52734375
29801,12172.2744140625
29802,5666.0712890625
29803,6695.0693359375
29804,9218.95703125
29805,7390.70556640625
29806,3384.72607421875
29807,15872.5380859375
29808,9528.001953125
29809,6295.7705078125
29810,7032.74267578125
29811,8747.7236328125
29812,6490.44580078125
29813,5655.09765625
29814,6668.328125
29815,5518.36181640625
29816,5560.18798828125
29817,7536.68505859375
29818,4407.05419921875
29819,6650.62548828125
29820,6961.052734375
29821,5737.220703125
29822,7112.7177734375
29823,5803.37646484375
29824,5754.9970703125
29825,5404.9013671875
29826,7269.4892578125
29827,6710.326171875
29828,6130.419921875
29829,6522.5234375
29830,5510.849609375
29831,9083.138671875
29832,6209.36865234375
29833,4830.74462890625
29834,5952.61962890625
29835,7496.9951171875
29836,6939.625
29837,4568.81396484375
29838,3768.64990234375
29839,6420.578125
29840,7463.56787109375
29841,5391.49462890625
29842,7412.47900390625
29843,6611.23291015625
29844,5222.73876953125
29845,5341.197265625
29846,3044.519287109375
29847,7282.478515625
29848,7129.87353515625
29849,6397.91162109375
29850,7701.0654296875
29851,6982.7001953125
29852,5304.78662109375
29853,7901.708984375
29854,4445.34423828125
29855,2149.6728515625
29856,6845.86376953125
29857,8117.65966796875
29858,6802.50634765625
29859,6705.115234375
29860,3763.998046875
29861,6174.40087890625
29862,7530.54736328125
29863,5190.44970703125
29864,7897.83642578125
29865,4455.73974609375
29866,4366.25341796875
29867,4956.89599609375
29868,5878.576171875
29869,4966.3212890625
29870,4705.08935546875
29871,5907.10498046875
29872,4234.6005859375
29873,7301.4462890625
29874,6783.287109375
29875,4743.07666015625
29876,6286.111328125
29877,7256.08447265625
29878,5079.97900390625
29879,3414.310546875
29880,8659.4853515625
29881,6558.01220703125
29882,5916.58056640625
29883,4065.108154296875
29884,11340.6650390625
29885,6800.12890625
29886,4727.3564453125
29887,7530.8388671875
29888,6504.23583984375
29889,7010.79443359375
29890,6038.7822265625
29891,6872.0302734375
29892,8646.1884765625
29893,11777.068359375
29894,5148.61572265625
29895,4740.27001953125
29896,5589.82568359375
29897,6435.287109375
29898,6309.384765625
29899,7392.77880859375
29900,7026.84716796875
29901,6015.0009765625
29902,4436.90283203125
29903,5443.337890625
29904,10380.4189453125
29905,4565.12890625
29906,7275.5185546875
29907,3700.829833984375
29908,5942.22900390625
29909,6675.685546875
29910,6799.6640625
29911,6964.4365234375
29912,5763.39111328125
29913,4256.2470703125
29914,5985.904296875
29915,7476.1376953125
29916,7921.28125
29917,6713.634765625
29918,7815.85595703125
29919,5849.80908203125
29920,3863.285888671875
29921,9601.2158203125
29922,4000.2470703125
29923,9308.1865234375
29924,6640.32421875
29925,4582.9736328125
29926,6507.52099609375
29927,4983.04931640625
29928,7671.20947265625
29929,8709.62109375
29930,3741.669189453125
29931,4771.68701171875
29932,6129.97607421875
29933,7972.87451171875
29934,8848.6611328125
29935,5657.4970703125
29936,5597.7080078125
29937,4792.30859375
29938,6542.791015625
29939,4608.00830078125
29940,9510.1708984375
29941,7870.84375
29942,10444.23828125
29943,5050.25048828125
29944,5762.619140625
29945,11820.630859375
29946,10172.6435546875
29947,4256.4248046875
29948,8738.060546875
29949,5738.53759765625
29950,6415.61376953125
29951,5607.71044921875
29952,5820.45458984375
29953,4924.88037109375
29954,5264.4169921875
29955,4242.67822265625
29956,4576.79296875
29957,8923.6357421875
29958,5909.96923828125
29959,21653.6875
29960,6167.62548828125
29961,3816.95361328125
29962,6196.30517578125
29963,8906.52734375
29964,6041.6826171875
29965,6761.8232421875
29966,5273.7978515625
29967,6675.64599609375
29968,5953.41552734375
29969,4538.193359375
29970,4507.23291015625
29971,5873.21826171875
29972,7034.814453125
29973,5654.73388671875
29974,9913.9921875
29975,4563.52978515625
29976,4210.90771484375
29977,4896.1259765625
29978,7546.70703125
29979,9902.013671875
29980,6309.61572265625
29981,6708.02294921875
29982,3729.82080078125
29983,5630.78759765625
29984,3605.39111328125
29985,6984.01171875
29986,7777.41259765625
29987,8953.0166015625
29988,4179.6982421875
29989,4826.7412109375
29990,3722.553466796875
29991,4789.220703125
29992,8371.03125
29993,5237.3203125
29994,4493.67041015625
29995,4963.8818359375
29996,6122.46923828125
29997,2912.68994140625
29998,6350.66455078125
29999,3731.92626953125
30000,6500.48291015625
30001,5916.00732421875
30002,5909.17626953125
30003,7023.67822265625
30004,5342.30517578125
30005,4806.37890625
30006,6103.80712890625
30007,6032.5166015625
30008,9163.6796875
30009,5390.48583984375
30010,6948.92236328125
30011,7474.37646484375
30012,8120.44873046875
30013,5591.5087890625
30014,7065.77880859375
30015,3369.215087890625
30016,4223.9951171875
30017,5346.69482421875
30018,6234.09619140625
30019,8994.3212890625
30020,6059.28515625
30021,4787.0126953125
30022,6577.42919921875
30023,6242.32421875
30024,7915.900390625
30025,3554.916015625
30026,11499.39453125
30027,3059.332275390625
30028,5850.5986328125
30029,6993.71630859375
30030,3969.26904296875
30031,4921.1005859375
30032,5166.85693359375
30033,6913.310546875
30034,4972.96044921875
30035,4665.46630859375
30036,7553.287109375
30037,6336.09228515625
30038,5084.86669921875
30039,3857.82958984375
30040,6601.40478515625
30041,10962.677734375
30042,5828.193359375
30043,5546.47265625
30044,5623.19384765625
30045,5912.9267578125
30046,5391.26904296875
30047,7121.84130859375
30048,3564.02197265625
30049,6618.11572265625
30050,4958.4375
30051,5201.32373046875
30052,9287.39453125
30053,3731.44140625
30054,3794.4404296875
30055,4040.921142578125
30056,6989.90234375
30057,7306.326171875
30058,4225.7294921875
30059,3782.389404296875
30060,6045.42236328125
30061,5017.7744140625
30062,4472.5009765625
30063,7067.96240234375
30064,5866.9375
30065,6695.94921875
30066,4466.2333984375
30067,3881.3681640625
30068,5158.14794921875
30069,7616.02099609375
30070,6777.73681640625
30071,6612.376953125
30072,6821.708984375
30073,4898.3779296875
30074,8443.1591796875
30075,4740.81591796875
30076,4580.728515625
30077,8282.59375
30078,5212.35009765625
30079,8585.591796875
30080,7969.5869140625
30081,6003.94091796875
30082,5547.7236328125
30083,6788.46142578125
30084,6342.2783203125
30085,5611.845703125
30086,3270.95458984375
30087,5107.8935546875
30088,6540.7685546875
30089,4706.58056640625
30090,3367.090576171875
30091,6655.22119140625
30092,5565.62841796875
30093,5778.1396484375
30094,4883.73779296875
30095,4688.05810546875
30096,6263.36572265625
30097,5983.1572265625
30098,5216.44384765625
30099,4621.51123046875
30100,5042.36962890625
30101,5858.86962890625
30102,3987.501953125
30103,5392.40869140625
30104,4875.58544921875
30105,7187.24755859375
30106,6661.09619140625
30107,5501.78515625
30108,10677.78125
30109,4185.41748046875
30110,4990.52001953125
30111,8525.5888671875
30112,5311.841796875
30113,7130.52783203125
30114,6671.18017578125
30115,5355.7734375
30116,5876.37255859375
30117,5027.181640625
30118,7235.837890625
30119,9159.0
30120,6838.005859375
30121,2577.67431640625
30122,3949.261962890625
30123,6293.24951171875
30124,6208.4443359375
30125,5464.18017578125
30126,5328.38037109375
30127,4474.630859375
30128,4593.09716796875
30129,3176.492919921875
30130,4430.24462890625
30131,6167.32080078125
30132,6180.26220703125
30133,5492.5478515625
30134,5055.4736328125
30135,7085.38916015625
30136,7887.52685546875
30137,6866.96923828125
30138,4093.6513671875
30139,8004.52978515625
30140,8275.783203125
30141,4336.49072265625
30142,6313.41552734375
30143,5208.70361328125
30144,6538.537109375
30145,3261.6494140625
30146,5955.71044921875
30147,4101.203125
30148,8405.126953125
30149,6381.31591796875
30150,7164.4287109375
30151,7797.306640625
30152,5698.63427734375
30153,6500.900390625
30154,16781.3984375
30155,8863.8759765625
30156,4660.7412109375
30157,2839.95751953125
30158,5222.58349609375
30159,6302.09619140625
30160,5430.26318359375
30161,12068.107421875
30162,18743.748046875
30163,3695.027099609375
30164,4797.109375
30165,10029.794921875
30166,3961.0244140625
30167,7204.93798828125
30168,5116.0595703125
30169,6623.24658203125
30170,5166.09814453125
30171,5461.2080078125
30172,5593.14111328125
30173,6618.056640625
30174,7784.74658203125
30175,6181.69677734375
30176,5861.8037109375
30177,6735.38916015625
30178,4007.53515625
30179,4324.45068359375
30180,7638.34033203125
30181,5381.4609375
30182,5414.2158203125
30183,5858.21728515625
30184,5450.22900390625
30185,5157.99462890625
30186,5882.9501953125
30187,5708.28564453125
30188,7872.44384765625
30189,9183.5908203125
30190,7605.95361328125
30191,4836.68310546875
30192,3116.4462890625
30193,4985.71826171875
30194,4466.85986328125
30195,4742.4921875
30196,4665.94482421875
30197,6787.53515625
30198,5756.37939453125
30199,8598.490234375
30200,5792.49951171875
30201,5435.2685546875
30202,4489.1181640625
30203,5213.2265625
30204,8134.361328125
30205,4404.60009765625
30206,6896.4482421875
30207,13951.71484375
30208,6706.32958984375
30209,6341.81201171875
30210,4976.36328125
30211,4074.005126953125
30212,5568.7685546875
30213,3255.4658203125
30214,5850.4912109375
30215,9705.314453125
30216,4664.81201171875
30217,11596.921875
30218,11013.888671875
30219,4578.92529296875
30220,6730.72705078125
30221,5067.33203125
30222,5896.12353515625
30223,5218.8818359375
30224,10923.2197265625
30225,6641.67919921875
30226,8454.91796875
30227,3607.851318359375
30228,7017.572265625
30229,4937.09912109375
30230,7854.0546875
30231,6026.611328125
30232,4998.74609375
30233,6113.84814453125
30234,5936.32421875
30235,7431.1181640625
30236,9211.4013671875
30237,5829.96142578125
30238,8065.70166015625
30239,6117.0830078125
30240,8453.853515625
30241,4622.90625
30242,4774.10693359375
30243,4622.375
30244,7159.86376953125
30245,5943.5439453125
30246,7572.7177734375
30247,5925.091796875
30248,7372.77294921875
30249,4617.4345703125
30250,7314.32177734375
30251,6513.48974609375
30252,3740.82373046875
30253,10366.96875
30254,15780.501953125
30255,5283.50830078125
30256,5520.830078125
30257,7315.87158203125
30258,8582.55859375
30259,10256.8916015625
30260,4993.10888671875
30261,6171.6669921875
30262,5688.849609375
30263,7516.79345703125
30264,4277.10888671875
30265,4843.55517578125
30266,4713.884765625
30267,4972.271484375
30268,6469.9951171875
30269,4800.1787109375
30270,3575.432861328125
30271,7106.9521484375
30272,3515.6474609375
30273,4281.14111328125
30274,5734.04931640625
30275,4378.18994140625
30276,8004.59130859375
30277,7806.0576171875
30278,6547.8544921875
30279,5804.11083984375
30280,6755.666015625
30281,9742.0712890625
30282,5898.58837890625
30283,3844.753173828125
30284,4175.4873046875
30285,9003.3603515625
30286,3938.723388671875
30287,5845.833984375
30288,3717.330078125
30289,4110.7197265625
30290,5979.75830078125
30291,7061.95654296875
30292,4792.12646484375
30293,8232.2646484375
30294,8966.7431640625
30295,11446.904296875
30296,6239.07958984375
30297,8261.3701171875
30298,2898.70556640625
30299,4590.66357421875
30300,5924.63525390625
30301,3555.358154296875
30302,7150.76806640625
30303,3809.3984375
30304,7022.06396484375
30305,7721.7626953125
30306,10416.98046875
30307,8995.5615234375
30308,5010.95458984375
30309,4737.96142578125
30310,12616.572265625
30311,6715.490234375
30312,5222.7646484375
30313,4568.92333984375
30314,5870.64404296875
30315,7826.56787109375
30316,4643.73779296875
30317,5567.07080078125
30318,7581.73388671875
30319,6793.00927734375
30320,12446.7119140625
30321,6470.2099609375
30322,10329.8984375
30323,6235.5908203125
30324,4899.14013671875
30325,2796.83056640625
30326,5091.29443359375
30327,5499.1826171875
30328,4844.8681640625
30329,6368.21533203125
30330,4443.6025390625
30331,4891.44482421875
30332,6437.2431640625
30333,3239.4599609375
30334,6338.78857421875
30335,5663.44775390625
30336,8047.64990234375
30337,7418.42431640625
30338,4352.6845703125
30339,7989.7578125
30340,4718.79736328125
30341,5073.0654296875
30342,5147.78564453125
30343,4440.51318359375
30344,8391.2109375
30345,5884.73046875
30346,4071.939208984375
30347,5525.71435546875
30348,8531.3515625
30349,5922.818359375
30350,4938.16162109375
30351,7469.947265625
30352,5670.0390625
30353,5361.38427734375
30354,4702.44580078125
30355,7783.28564453125
30356,5398.46337890625
30357,5732.18896484375
30358,4414.0458984375
30359,4805.55712890625
30360,3946.435546875
30361,4159.5634765625
30362,7629.4453125
30363,9150.0400390625
30364,9438.58203125
30365,10527.494140625
30366,7391.38330078125
30367,7911.12060546875
30368,4572.99462890625
30369,9952.4794921875
30370,9167.0771484375
30371,6569.4140625
30372,7156.78662109375
30373,6849.9609375
30374,4605.61279296875
30375,3523.687744140625
30376,8026.33203125
30377,5938.0546875
30378,5974.14453125
30379,4992.0302734375
30380,2186.280517578125
30381,9648.4033203125
30382,6003.8896484375
30383,5613.7861328125
30384,4098.642578125
30385,3949.55712890625
30386,5942.45751953125
30387,5520.669921875
30388,6521.125
30389,5139.03662109375
30390,4047.436767578125
30391,3369.518798828125
30392,3204.3818359375
30393,6494.87890625
30394,15227.892578125
30395,3363.64306640625
30396,5149.7041015625
30397,5851.06787109375
30398,4342.720703125
30399,3924.270751953125
30400,4533.037109375
30401,4231.6201171875
30402,7065.22119140625
30403,6747.37646484375
30404,2950.65234375
30405,7703.533203125
30406,3969.541015625
30407,4243.857421875
30408,9872.490234375
30409,6406.4462890625
30410,8737.005859375
30411,4462.60302734375
30412,5215.9423828125
30413,4554.91943359375
30414,5114.8134765625
30415,12859.9345703125
30416,9886.5068359375
30417,6639.60107421875
30418,4049.042236328125
30419,4928.3251953125
30420,4896.45361328125
30421,4680.25
30422,10550.6279296875
30423,5705.234375
30424,4399.4033203125
30425,6730.07763671875
30426,3775.2001953125
30427,5455.6611328125
30428,6058.46142578125
30429,6379.2880859375
30430,6951.837890625
30431,3775.948974609375
30432,4874.39990234375
30433,5598.80419921875
30434,7713.02880859375
30435,7029.22998046875
30436,6633.10595703125
30437,3885.710693359375
30438,6735.94775390625
30439,4851.52587890625
30440,4581.876953125
30441,5706.02197265625
30442,6836.5673828125
30443,5198.494140625
30444,6341.2666015625
30445,5412.14453125
30446,5634.59912109375
30447,4872.85302734375
30448,6177.837890625
30449,6736.98779296875
30450,5360.99658203125
30451,10428.8759765625
30452,5623.6044921875
30453,4138.47705078125
30454,9638.1005859375
30455,4849.91552734375
30456,3696.389892578125
30457,6532.28857421875
30458,8318.2578125
30459,9199.1806640625
30460,4520.5546875
30461,5270.400390625
30462,5522.57666015625
30463,6264.64208984375
30464,5618.51806640625
30465,6999.17919921875
30466,3502.4375
30467,3960.1181640625
30468,5538.29833984375
30469,4538.94970703125
30470,4681.06396484375
30471,6270.833984375
30472,6002.9814453125
30473,5430.43701171875
30474,6412.26513671875
30475,5879.65185546875
30476,7158.27001953125
30477,4831.13427734375
30478,5690.37939453125
30479,5894.400390625
30480,7595.35498046875
30481,5987.41845703125
30482,4054.239990234375
30483,7495.3525390625
30484,7728.9501953125
30485,6094.3212890625
30486,4472.89697265625
30487,3882.013916015625
30488,6947.9052734375
30489,4208.46533203125
30490,8220.4736328125
30491,5799.86328125
30492,4695.2109375
30493,7337.82275390625
30494,5179.72802734375
30495,4744.57080078125
30496,6574.9677734375
30497,4767.52197265625
30498,8156.9228515625
30499,8979.0068359375
30500,6186.10595703125
30501,3672.35400390625
30502,4557.36572265625
30503,4263.2705078125
30504,3083.1943359375
30505,6257.15966796875
30506,4252.25
30507,7659.4365234375
30508,3570.58251953125
30509,5164.4404296875
30510,5235.71630859375
30511,7055.10986328125
30512,4839.40283203125
30513,4725.67041015625
30514,4239.0634765625
30515,6280.97998046875
30516,5217.99169921875
30517,5941.3837890625
30518,6504.375
30519,7758.5498046875
30520,7094.86865234375
30521,6896.146484375
30522,5510.4111328125
30523,3911.031494140625
30524,4880.8408203125
30525,8777.7685546875
30526,7314.8701171875
30527,9966.2333984375
30528,14506.529296875
30529,4016.331298828125
30530,4129.08447265625
30531,5456.29248046875
30532,8243.2822265625
30533,8376.1982421875
30534,6302.8740234375
30535,7471.06396484375
30536,7390.0517578125
30537,6109.5859375
30538,5789.7802734375
30539,4427.7333984375
30540,5112.57568359375
30541,4515.13134765625
30542,3623.70654296875
30543,3940.64599609375
30544,6850.91845703125
30545,13698.0908203125
30546,5668.83642578125
30547,5166.0478515625
30548,6162.8251953125
30549,4148.25830078125
30550,6230.69970703125
30551,4878.212890625
30552,9731.33984375
30553,6301.89599609375
30554,5601.51953125
30555,11059.3955078125
30556,10340.5078125
30557,4367.49658203125
30558,6145.578125
30559,4059.023681640625
30560,4692.81689453125
30561,5743.9306640625
30562,7477.30029296875
30563,3721.22216796875
30564,4216.1865234375
30565,4908.6328125
30566,5300.2294921875
30567,4796.51220703125
30568,5406.5927734375
30569,4403.8779296875
30570,6583.36083984375
30571,7099.8681640625
30572,5494.197265625
30573,4146.95166015625
30574,3219.50146484375
30575,7184.16650390625
30576,4163.30126953125
30577,8696.4912109375
30578,3982.51220703125
30579,4964.33544921875
30580,5474.15087890625
30581,6570.82373046875
30582,4239.30078125
30583,5648.60693359375
30584,5917.33251953125
30585,7906.56640625
30586,8056.91357421875
30587,5273.17724609375
30588,4195.22216796875
30589,5156.0615234375
30590,4165.98388671875
30591,4419.740234375
30592,4816.44677734375
30593,5421.763671875
30594,10253.5859375
30595,6207.9716796875
30596,5032.08642578125
30597,6668.38671875
30598,4856.70751953125
30599,8175.97607421875
30600,4883.33203125
30601,10600.2861328125
30602,5555.13232421875
30603,4806.8583984375
30604,4046.869873046875
30605,3264.615234375
30606,5760.9990234375
30607,18403.119140625
30608,3184.646728515625
30609,4184.93896484375
30610,9178.5
30611,5401.7099609375
30612,5723.4482421875
30613,7207.4072265625
30614,4451.3857421875
30615,5487.01171875
30616,3780.097900390625
30617,8370.375
30618,5325.59033203125
30619,5594.248046875
30620,6902.89599609375
30621,4795.513671875
30622,7498.2763671875
30623,5817.40625
30624,3776.21875
30625,7346.111328125
30626,8440.12890625
30627,4160.17138671875
30628,7414.43212890625
30629,5935.12451171875
30630,5106.90478515625
30631,6915.6787109375
30632,6087.63720703125
30633,6400.5947265625
30634,4023.396240234375
30635,3756.203125
30636,6535.5390625
30637,4463.30810546875
30638,6940.9228515625
30639,3422.694091796875
30640,5181.7744140625
30641,4096.87060546875
30642,5493.6640625
30643,5672.21240234375
30644,6494.07177734375
30645,5725.06298828125
30646,6763.99755859375
30647,5077.12158203125
30648,6401.07421875
30649,5490.06005859375
30650,6226.50048828125
30651,8550.1943359375
30652,7596.7109375
30653,3607.568359375
30654,5190.28466796875
30655,6522.48291015625
30656,5207.46728515625
30657,11593.7353515625
30658,4885.53125
30659,6099.52392578125
30660,8738.783203125
30661,6558.43408203125
30662,3113.527587890625
30663,14932.08203125
30664,8723.16015625
30665,5680.62353515625
30666,6524.2626953125
30667,8459.7939453125
30668,5514.8037109375
30669,4584.23388671875
30670,5682.75146484375
30671,5017.7998046875
30672,5142.30908203125
30673,6335.14013671875
30674,4079.9560546875
30675,6029.5029296875
30676,5724.47900390625
30677,5412.08984375
30678,5935.70263671875
30679,5549.8359375
30680,5400.369140625
30681,5245.51806640625
30682,6403.666015625
30683,5420.4423828125
30684,5646.58447265625
30685,6165.376953125
30686,5218.369140625
30687,8549.166015625
30688,5248.052734375
30689,4513.3291015625
30690,5420.7392578125
30691,6606.6611328125
30692,6326.7421875
30693,4183.54443359375
30694,3400.558349609375
30695,6555.90625
30696,7022.93701171875
30697,4751.05078125
30698,6287.599609375
30699,5591.7958984375
30700,4975.90283203125
30701,4055.2333984375
30702,2598.25244140625
30703,6962.51025390625
30704,5898.18115234375
30705,5253.66015625
30706,7608.1904296875
30707,7006.38916015625
30708,4555.27001953125
30709,7359.212890625
30710,3849.79541015625
30711,2372.249267578125
30712,6174.22119140625
30713,8072.826171875
30714,7080.9765625
30715,6141.6826171875
30716,3774.69677734375
30717,5360.91015625
30718,7347.7626953125
30719,4689.966796875
30720,7460.31298828125
30721,4136.03369140625
30722,4165.5224609375
30723,4433.1943359375
30724,4716.39697265625
30725,4507.02587890625
30726,3923.359375
30727,4391.43359375
30728,3897.06396484375
30729,6784.2138671875
30730,5630.978515625
30731,4196.7412109375
30732,5855.4365234375
30733,6122.5732421875
30734,4586.205078125
30735,3283.12255859375
30736,7584.728515625
30737,5695.89404296875
30738,5165.86669921875
30739,3573.936767578125
30740,9323.3427734375
30741,5921.6806640625
30742,4228.93408203125
30743,6740.19384765625
30744,6519.44677734375
30745,6205.05224609375
30746,5111.3955078125
30747,6419.9697265625
30748,6866.96630859375
30749,11266.82421875
30750,4377.455078125
30751,4163.54345703125
30752,4727.14794921875
30753,5981.048828125
30754,5610.2919921875
30755,6447.08349609375
30756,6484.4375
30757,5385.96875
30758,4299.603515625
30759,5030.9599609375
30760,11618.203125
30761,3895.285888671875
30762,6411.126953125
30763,3603.288330078125
30764,5737.8193359375
30765,6926.666015625
30766,5917.2275390625
30767,6574.92724609375
30768,5385.87841796875
30769,3516.669189453125
30770,5727.720703125
30771,5824.82666015625
30772,7355.669921875
30773,6159.7001953125
30774,7125.3447265625
30775,5259.58203125
30776,3634.227294921875
30777,8579.3642578125
30778,3822.75439453125
30779,8322.3291015625
30780,5750.724609375
30781,3964.5166015625
30782,5943.92431640625
30783,5119.68505859375
30784,6704.11865234375
30785,7760.83740234375
30786,3129.985107421875
30787,4415.189453125
30788,6029.08447265625
30789,6867.54443359375
30790,8239.7890625
30791,4888.78076171875
30792,5204.55126953125
30793,4442.20361328125
30794,6082.07080078125
30795,3967.47021484375
30796,8496.462890625
30797,7275.08056640625
30798,10316.5869140625
30799,4591.4248046875
30800,4562.96484375
30801,11179.2490234375
30802,8680.8662109375
30803,3433.0078125
30804,9203.876953125
30805,5286.10986328125
30806,5358.95703125
30807,4646.06640625
30808,4597.79931640625
30809,4513.40087890625
30810,4225.50634765625
30811,4019.844970703125
30812,3923.696044921875
30813,7949.18505859375
30814,6390.8076171875
30815,20903.091796875
30816,5619.44189453125
30817,3450.13623046875
30818,5970.859375
30819,8814.7724609375
30820,5109.57861328125
30821,6567.16748046875
30822,4993.49072265625
30823,7083.06396484375
30824,6059.18896484375
30825,4298.73095703125
30826,4599.4208984375
30827,5026.01708984375
30828,7024.51123046875
30829,5801.0126953125
30830,8749.0849609375
30831,4289.3681640625
30832,3851.94677734375
30833,4836.29736328125
30834,7919.3056640625
30835,9371.3974609375
30836,6013.236328125
30837,6845.36083984375
30838,3361.154052734375
30839,5433.86669921875
30840,3754.517822265625
30841,7188.48486328125
30842,7985.5693359375
30843,8841.7998046875
30844,4421.00244140625
30845,5362.15478515625
30846,3622.041259765625
30847,4646.21435546875
30848,9359.7529296875
30849,5281.748046875
30850,3921.734375
30851,4532.2314453125
30852,6464.74951171875
30853,2711.4716796875
30854,6179.53173828125
30855,3359.6796875
30856,6051.44287109375
30857,5144.60791015625
30858,5674.03857421875
30859,6447.3388671875
30860,4951.6337890625
30861,5220.35498046875
30862,6160.65625
30863,5558.96337890625
30864,8695.2890625
30865,4973.970703125
30866,7016.62890625
30867,7724.5869140625
30868,8109.2861328125
30869,5452.97509765625
30870,7325.943359375
30871,3133.52783203125
30872,3922.347412109375
30873,5562.47119140625
30874,5709.08544921875
30875,8611.6708984375
30876,5719.1748046875
30877,4454.0517578125
30878,5869.08154296875
30879,6275.87548828125
30880,7089.1005859375
30881,3689.729248046875
30882,12408.4853515625
30883,3364.968017578125
30884,5614.8466796875
30885,7162.00830078125
30886,3893.37353515625
30887,4561.43798828125
30888,5173.14111328125
30889,6757.43017578125
30890,4760.2021484375
30891,4551.62646484375
30892,7391.62109375
30893,6156.69921875
30894,5253.9970703125
30895,3998.05126953125
30896,6285.45458984375
30897,10156.5751953125
30898,5620.50439453125
30899,5006.2470703125
30900,5136.2734375
30901,5515.8037109375
30902,5652.32080078125
30903,6688.07275390625
30904,3615.69384765625
30905,6154.5244140625
30906,5098.65576171875
30907,5282.9033203125
30908,9108.2626953125
30909,4204.7236328125
30910,3825.131103515625
30911,3676.870361328125
30912,6823.0205078125
30913,7178.228515625
30914,4249.75830078125
30915,3766.21630859375
30916,5698.45849609375
30917,5005.22412109375
30918,4385.525390625
30919,6078.908203125
30920,5574.5048828125
30921,6704.302734375
30922,4335.67626953125
30923,4048.729736328125
30924,5090.61865234375
30925,7475.62646484375
30926,6336.634765625
30927,6857.1240234375
30928,6974.9833984375
30929,4751.3046875
30930,7783.80712890625
30931,4940.505859375
30932,4891.50830078125
30933,7823.50341796875
30934,5013.7392578125
30935,8650.998046875
30936,7945.341796875
30937,5689.857421875
30938,4906.822265625
30939,6856.26416015625
30940,5817.744140625
30941,5503.53515625
30942,3292.4521484375
30943,5370.6904296875
30944,6711.33056640625
30945,4634.49072265625
30946,3606.105712890625
30947,6797.015625
30948,5752.224609375
30949,5972.75732421875
30950,4923.71240234375
30951,4698.47998046875
30952,6301.03173828125
30953,5790.30029296875
30954,4773.73779296875
30955,4018.659423828125
30956,4954.36669921875
30957,5915.51318359375
30958,3741.28515625
30959,5294.9013671875
30960,4821.09423828125
30961,7121.318359375
30962,6462.04296875
30963,5400.42333984375
30964,10564.607421875
30965,4550.14111328125
30966,4574.41162109375
30967,9034.1640625
30968,5501.29638671875
30969,6877.95361328125
30970,6814.845703125
30971,3338.619384765625
30972,5562.5068359375
30973,4841.3857421875
30974,7038.0234375
30975,9521.5859375
30976,6195.3994140625
30977,2399.695068359375
30978,4083.21337890625
30979,6570.4775390625
30980,6782.359375
30981,5132.66357421875
30982,5367.96826171875
30983,4253.75927734375
30984,4321.9580078125
30985,3372.103271484375
30986,4478.17626953125
30987,5795.09375
30988,6111.205078125
30989,5446.97607421875
30990,5517.38525390625
30991,7028.0234375
30992,7374.87646484375
30993,6836.462890625
30994,3797.998779296875
30995,8127.7529296875
30996,8573.611328125
30997,4034.920654296875
30998,6325.720703125
30999,5005.89306640625
31000,6668.205078125
31001,2707.243408203125
31002,5820.38134765625
31003,4357.48095703125
31004,7983.95703125
31005,6117.0078125
31006,7027.39013671875
31007,7515.0537109375
31008,5375.46142578125
31009,6655.6591796875
31010,16630.193359375
31011,9015.9736328125
31012,5069.89404296875
31013,2659.49560546875
31014,5366.5625
31015,6304.333984375
31016,5107.6552734375
31017,11748.94140625
31018,18034.955078125
31019,3474.25048828125
31020,4513.255859375
31021,7804.05029296875
31022,4195.58056640625
31023,7233.99267578125
31024,4759.892578125
31025,6717.30712890625
31026,5126.8349609375
31027,5912.13818359375
31028,4993.81640625
31029,6336.04443359375
31030,7789.8134765625
31031,4342.6103515625
31032,5205.9287109375
31033,6106.1640625
31034,4072.606201171875
31035,4261.2236328125
31036,8540.552734375
31037,4931.63330078125
31038,5047.40673828125
31039,6005.11279296875
31040,5027.54345703125
31041,5249.173828125
31042,5350.861328125
31043,5567.3515625
31044,7252.0205078125
31045,8705.6220703125
31046,7064.02392578125
31047,4588.40771484375
31048,2814.301513671875
31049,5531.45263671875
31050,4227.16748046875
31051,4535.98828125
31052,4096.40380859375
31053,7284.3837890625
31054,5699.048828125
31055,8572.1611328125
31056,5614.80615234375
31057,5016.38330078125
31058,4422.62060546875
31059,4744.28369140625
31060,7710.51708984375
31061,4336.10546875
31062,6653.224609375
31063,13070.861328125
31064,6434.3740234375
31065,5287.4892578125
31066,3962.6494140625
31067,4150.76953125
31068,5241.4501953125
31069,3562.680419921875
31070,5574.111328125
31071,9067.4609375
31072,4530.95654296875
31073,12623.2255859375
31074,10725.24609375
31075,3747.912841796875
31076,6842.10498046875
31077,5074.40478515625
31078,5651.36474609375
31079,5455.80615234375
31080,10550.810546875
31081,4823.45166015625
31082,7742.884765625
31083,3655.452392578125
31084,7033.50732421875
31085,4771.92919921875
31086,8248.708984375
31087,5583.8125
31088,5059.3017578125
31089,5572.4580078125
31090,5883.88916015625
31091,7202.572265625
31092,8548.814453125
31093,5616.6806640625
31094,8729.974609375
31095,5614.9462890625
31096,8078.64013671875
31097,4514.5029296875
31098,4612.994140625
31099,4079.80810546875
31100,6897.94482421875
31101,5558.0869140625
31102,6564.4384765625
31103,5467.3935546875
31104,6955.5556640625
31105,4583.9189453125
31106,5904.93603515625
31107,6177.23388671875
31108,3689.814697265625
31109,11223.7412109375
31110,14736.9853515625
31111,5097.18212890625
31112,5882.24169921875
31113,7529.1923828125
31114,8565.6806640625
31115,10074.0361328125
31116,5239.134765625
31117,6212.54833984375
31118,5575.576171875
31119,7156.42431640625
31120,4270.24853515625
31121,5124.54345703125
31122,4447.39111328125
31123,4889.63232421875
31124,6692.51123046875
31125,4906.416015625
31126,3605.453857421875
31127,6533.9931640625
31128,3221.162109375
31129,3933.14892578125
31130,5439.73583984375
31131,5276.30908203125
31132,7717.9931640625
31133,7350.93310546875
31134,6400.1240234375
31135,5391.5751953125
31136,6398.7265625
31137,9129.2900390625
31138,5918.1328125
31139,4150.06494140625
31140,4909.91455078125
31141,8996.53125
31142,3750.701171875
31143,6148.29931640625
31144,3717.151123046875
31145,4495.9521484375
31146,5597.58740234375
31147,6407.53515625
31148,4729.04443359375
31149,8130.56396484375
31150,8512.1259765625
31151,11265.0966796875
31152,5786.82080078125
31153,7862.3037109375
31154,3186.295166015625
31155,4459.92724609375
31156,5976.4814453125
31157,3385.30810546875
31158,7397.9873046875
31159,3920.99853515625
31160,7027.02734375
31161,7647.3720703125
31162,10764.1796875
31163,7597.3974609375
31164,4979.431640625
31165,4671.40478515625
31166,12755.5302734375
31167,7173.1162109375
31168,5140.65478515625
31169,4402.32568359375
31170,6032.9296875
31171,7165.15478515625
31172,4750.51416015625
31173,5767.3603515625
31174,7333.17236328125
31175,7046.53125
31176,12445.05078125
31177,6248.30615234375
31178,10891.16015625
31179,5501.12451171875
31180,4686.998046875
31181,2798.550048828125
31182,5609.63134765625
31183,4861.9150390625
31184,4385.8193359375
31185,6243.150390625
31186,4346.57568359375
31187,4065.932373046875
31188,6000.537109375
31189,3007.61669921875
31190,5909.263671875
31191,5791.90380859375
31192,7002.97509765625
31193,7332.46923828125
31194,4230.0517578125
31195,7870.75537109375
31196,4829.36328125
31197,4965.85791015625
31198,5107.40673828125
31199,4752.84619140625
31200,8171.3486328125
31201,5587.654296875
31202,4098.208984375
31203,5871.47119140625
31204,8283.2392578125
31205,5835.29150390625
31206,5197.7080078125
31207,7888.50146484375
31208,5485.39794921875
31209,5754.0068359375
31210,5445.80908203125
31211,7303.83642578125
31212,5052.54345703125
31213,5496.69140625
31214,4427.38330078125
31215,4588.37890625
31216,3822.210205078125
31217,3815.052734375
31218,6869.90380859375
31219,8509.7734375
31220,9484.0302734375
31221,10213.6298828125
31222,6996.22265625
31223,8144.3193359375
31224,4544.69140625
31225,10088.111328125
31226,8775.4404296875
31227,6041.15869140625
31228,7101.14501953125
31229,6729.998046875
31230,4508.0263671875
31231,3674.743408203125
31232,7718.5048828125
31233,5718.9833984375
31234,6220.93994140625
31235,4884.83447265625
31236,2009.450439453125
31237,9103.24609375
31238,5618.55078125
31239,5326.0439453125
31240,4069.459716796875
31241,3848.28515625
31242,5931.0830078125
31243,5811.033203125
31244,6189.138671875
31245,5270.4404296875
31246,3783.41259765625
31247,3992.381591796875
31248,3051.541259765625
31249,6429.77783203125
31250,15219.4443359375
31251,3388.09423828125
31252,5147.80029296875
31253,6127.8828125
31254,4324.861328125
31255,4180.26123046875
31256,4220.01806640625
31257,4468.14208984375
31258,6002.22509765625
31259,6421.45263671875
31260,3294.15087890625
31261,7631.51318359375
31262,3567.08740234375
31263,4235.26953125
31264,9341.8046875
31265,7009.48779296875
31266,8877.6630859375
31267,4325.044921875
31268,5049.14990234375
31269,4219.5439453125
31270,4898.03515625
31271,14249.19921875
31272,9641.9970703125
31273,6241.1904296875
31274,4188.3466796875
31275,4569.166015625
31276,4801.40869140625
31277,4150.59375
31278,8618.5595703125
31279,5656.77978515625
31280,4365.49267578125
31281,6076.4091796875
31282,3789.4423828125
31283,5367.25244140625
31284,5584.35791015625
31285,6038.3310546875
31286,6253.203125
31287,3804.252197265625
31288,4693.8603515625
31289,5529.6591796875
31290,7441.87548828125
31291,6984.9921875
31292,6174.96533203125
31293,3306.65625
31294,6623.75732421875
31295,5096.333984375
31296,4037.960205078125
31297,5539.50390625
31298,6643.4951171875
31299,5128.34326171875
31300,5894.091796875
31301,5345.86962890625
31302,4728.82666015625
31303,4538.90771484375
31304,5782.28173828125
31305,6162.06982421875
31306,5148.650390625
31307,9720.92578125
31308,5276.85302734375
31309,4326.5859375
31310,10102.4638671875
31311,5015.79345703125
31312,4010.319580078125
31313,6002.07275390625
31314,8352.982421875
31315,9067.728515625
31316,4405.68994140625
31317,4994.46240234375
31318,5413.96533203125
31319,6729.57958984375
31320,4813.6591796875
31321,7315.685546875
31322,3213.48388671875
31323,4365.67236328125
31324,5417.86376953125
31325,4471.29833984375
31326,4295.40283203125
31327,6277.34814453125
31328,6037.15380859375
31329,5476.884765625
31330,6384.49072265625
31331,5574.64208984375
31332,6698.49560546875
31333,4751.47314453125
31334,5438.09130859375
31335,5692.779296875
31336,6966.55322265625
31337,6946.62158203125
31338,2840.8525390625
31339,7583.79296875
31340,5839.31103515625
31341,6088.44677734375
31342,4703.04345703125
31343,3588.179931640625
31344,6619.69189453125
31345,4377.82958984375
31346,8487.9208984375
31347,5144.5078125
31348,4900.8154296875
31349,6768.787109375
31350,4794.91357421875
31351,4302.0126953125
31352,6425.6064453125
31353,4427.64697265625
31354,8014.85986328125
31355,8759.5576171875
31356,6171.6328125
31357,3681.92041015625
31358,4233.89111328125
31359,3699.237060546875
31360,3420.734375
31361,6318.81298828125
31362,4310.54150390625
31363,7866.5634765625
31364,3256.458984375
31365,4741.6083984375
31366,4786.345703125
31367,8150.91259765625
31368,4713.6162109375
31369,4399.8544921875
31370,4600.84033203125
31371,6155.0498046875
31372,4227.4619140625
31373,5995.474609375
31374,6421.9404296875
31375,7779.77587890625
31376,6582.24853515625
31377,6696.9560546875
31378,4979.91748046875
31379,3695.918701171875
31380,4594.43896484375
31381,9279.134765625
31382,7402.419921875
31383,9274.677734375
31384,14340.7998046875
31385,4435.23583984375
31386,3812.577880859375
31387,5685.2197265625
31388,8077.14990234375
31389,7924.5107421875
31390,6336.6416015625
31391,7081.6435546875
31392,7261.80517578125
31393,5881.63427734375
31394,5305.98388671875
31395,4182.2783203125
31396,4799.56005859375
31397,3977.362548828125
31398,3692.254150390625
31399,4266.32470703125
31400,6725.0400390625
31401,14716.32421875
31402,5608.34619140625
31403,5113.01123046875
31404,6702.41455078125
31405,3676.407470703125
31406,5834.9326171875
31407,3220.119384765625
31408,9118.7822265625
31409,6012.482421875
31410,5386.70947265625
31411,10488.4111328125
31412,10865.2177734375
31413,4729.8896484375
31414,5996.810546875
31415,3796.72900390625
31416,4725.6201171875
31417,5607.8173828125
31418,6781.98046875
31419,3625.419677734375
31420,3974.29296875
31421,4513.44384765625
31422,5125.34423828125
31423,4942.52587890625
31424,5654.736328125
31425,3960.29638671875
31426,5926.423828125
31427,7129.59814453125
31428,5557.62890625
31429,4011.9326171875
31430,3612.462646484375
31431,7012.62060546875
31432,3875.257568359375
31433,8659.5869140625
31434,3659.982666015625
31435,4347.87841796875
31436,5104.70556640625
31437,5060.9833984375
31438,3998.30322265625
31439,3828.103271484375
31440,5768.3974609375
31441,8225.478515625
31442,8047.69384765625
31443,4977.42041015625
31444,4083.8525390625
31445,4705.0390625
31446,3897.511474609375
31447,4288.53125
31448,4630.82666015625
31449,5205.55126953125
31450,10117.8017578125
31451,5849.83349609375
31452,4533.68896484375
31453,6768.2607421875
31454,4693.23681640625
31455,8121.56005859375
31456,4800.18310546875
31457,10778.1728515625
31458,4919.2744140625
31459,4640.65478515625
31460,4468.1005859375
31461,3291.25048828125
31462,5881.8427734375
31463,17570.32421875
31464,3571.680908203125
31465,4061.9326171875
31466,8655.9755859375
31467,5978.3447265625
31468,5727.4248046875
31469,7125.73681640625
31470,4724.681640625
31471,5109.5888671875
31472,3318.06298828125
31473,8361.7412109375
31474,5034.00244140625
31475,5669.00537109375
31476,6997.97265625
31477,4603.37548828125
31478,7568.1669921875
31479,5385.384765625
31480,3850.761962890625
31481,6982.8876953125
31482,8020.01904296875
31483,3915.8984375
31484,7122.74951171875
31485,5317.82861328125
31486,4557.91845703125
31487,6267.49072265625
31488,5716.07373046875
31489,6114.16650390625
31490,3815.23486328125
31491,3427.0048828125
31492,6928.60595703125
31493,3498.630615234375
31494,6689.689453125
31495,4303.73779296875
31496,5234.14794921875
31497,4209.85205078125
31498,5301.40185546875
31499,5957.10986328125
31500,6390.73291015625
31501,5406.19189453125
31502,6622.21337890625
31503,4799.419921875
31504,7076.5263671875
31505,6047.10791015625
31506,6813.14208984375
31507,7977.3916015625
31508,7371.2392578125
31509,3347.97314453125
31510,4995.1640625
31511,6277.69921875
31512,5483.12890625
31513,10907.6025390625
31514,4662.1591796875
31515,6084.365234375
31516,8625.9892578125
31517,6242.224609375
31518,2869.414794921875
31519,14393.345703125
31520,8553.6318359375
31521,5335.38037109375
31522,6285.42919921875
31523,7799.16357421875
31524,5184.07666015625
31525,4712.12060546875
31526,5860.791015625
31527,4750.77880859375
31528,5070.86328125
31529,6309.958984375
31530,4099.3154296875
31531,6067.37548828125
31532,5531.42333984375
31533,5819.275390625
31534,6013.25244140625
31535,5293.13232421875
31536,5426.75048828125
31537,4500.0966796875
31538,6224.1318359375
31539,5752.80859375
31540,5167.3779296875
31541,6226.6416015625
31542,5061.7451171875
31543,8310.48828125
31544,5135.474609375
31545,4508.00634765625
31546,4907.44384765625
31547,6514.509765625
31548,6101.3955078125
31549,4015.08056640625
31550,3220.15966796875
31551,7013.65185546875
31552,6868.87646484375
31553,4621.40673828125
31554,6311.31884765625
31555,5678.22900390625
31556,5671.41015625
31557,4142.5693359375
31558,2712.094970703125
31559,6313.6572265625
31560,5880.05126953125
31561,5112.43310546875
31562,7969.82177734375
31563,7784.17333984375
31564,4707.13623046875
31565,6974.6630859375
31566,3933.928466796875
31567,1848.5665283203125
31568,6179.35009765625
31569,8449.6669921875
31570,5988.00830078125
31571,6258.47802734375
31572,3360.080078125
31573,5465.45263671875
31574,7480.16845703125
31575,5176.3544921875
31576,6944.91796875
31577,4153.04296875
31578,4007.40869140625
31579,4343.68359375
31580,4589.75390625
31581,4705.078125
31582,3801.215087890625
31583,4300.12744140625
31584,3809.47021484375
31585,6437.31689453125
31586,6209.76416015625
31587,4057.016845703125
31588,5731.603515625
31589,5797.72900390625
31590,4677.689453125
31591,3269.138916015625
31592,6677.8515625
31593,6181.14208984375
31594,4520.39404296875
31595,3773.1416015625
31596,9652.0
31597,5465.29638671875
31598,4305.12744140625
31599,6411.35693359375
31600,6792.26171875
31601,6231.9794921875
31602,4757.0390625
31603,6339.95654296875
31604,7207.40185546875
31605,11302.40234375
31606,4578.81884765625
31607,4090.12646484375
31608,4488.740234375
31609,5711.1328125
31610,5261.01171875
31611,7504.17138671875
31612,6241.365234375
31613,5266.06787109375
31614,3810.174560546875
31615,4926.95703125
31616,9999.978515625
31617,3791.858642578125
31618,6057.28369140625
31619,3585.7177734375
31620,5369.53955078125
31621,6850.68896484375
31622,5970.046875
31623,6579.125
31624,5223.91162109375
31625,3306.031005859375
31626,5199.16748046875
31627,6105.48681640625
31628,7228.89990234375
31629,6093.64453125
31630,6645.89013671875
31631,4914.23828125
31632,3633.296142578125
31633,8760.1162109375
31634,3329.571533203125
31635,8469.9951171875
31636,5512.23095703125
31637,3925.25439453125
31638,5793.2421875
31639,5082.2548828125
31640,6801.20458984375
31641,7853.263671875
31642,3628.43212890625
31643,4279.9599609375
31644,5788.384765625
31645,6324.8115234375
31646,8454.8642578125
31647,4954.33056640625
31648,4912.0869140625
31649,4413.06787109375
31650,5660.47119140625
31651,4250.1015625
31652,8530.4609375
31653,7173.6650390625
31654,9467.939453125
31655,4139.7138671875
31656,4834.4306640625
31657,10965.51171875
31658,8507.03125
31659,3886.318603515625
31660,8111.39990234375
31661,5245.10693359375
31662,4877.79345703125
31663,4249.919921875
31664,5058.17578125
31665,4119.5849609375
31666,4258.271484375
31667,4370.044921875
31668,4405.75634765625
31669,8298.9541015625
31670,5707.5693359375
31671,20858.75
31672,5505.0205078125
31673,3339.11962890625
31674,5693.24462890625
31675,9541.6357421875
31676,5143.82373046875
31677,5739.8974609375
31678,5097.7998046875
31679,6667.30908203125
31680,6002.1806640625
31681,4110.5009765625
31682,4297.6826171875
31683,5031.12646484375
31684,7128.09375
31685,5542.34765625
31686,9103.5693359375
31687,4123.49853515625
31688,4170.78076171875
31689,4738.5390625
31690,7583.46142578125
31691,9023.490234375
31692,7631.443359375
31693,6248.9326171875
31694,3465.892578125
31695,5317.8994140625
31696,3581.298828125
31697,6936.40673828125
31698,7096.2919921875
31699,9238.998046875
31700,3661.9912109375
31701,4970.4912109375
31702,4474.94482421875
31703,4633.287109375
31704,8541.361328125
31705,5388.90234375
31706,3731.475830078125
31707,4451.82861328125
31708,6357.103515625
31709,3017.825927734375
31710,5904.3662109375
31711,3213.34326171875
31712,6082.7470703125
31713,5456.29052734375
31714,5895.5947265625
31715,6462.49951171875
31716,5059.6533203125
31717,4907.47119140625
31718,5820.73486328125
31719,5042.84033203125
31720,8081.01513671875
31721,4923.59765625
31722,6929.486328125
31723,7133.03466796875
31724,8203.2255859375
31725,5371.13671875
31726,7497.80517578125
31727,3343.89111328125
31728,4305.42919921875
31729,5321.369140625
31730,5661.60009765625
31731,8884.22265625
31732,5917.2431640625
31733,4551.912109375
31734,5694.06689453125
31735,6340.4501953125
31736,7059.70068359375
31737,3202.01123046875
31738,11492.6484375
31739,3278.506591796875
31740,5762.34521484375
31741,6845.14404296875
31742,3964.564697265625
31743,4442.8671875
31744,4811.7783203125
31745,6173.61865234375
31746,4120.9951171875
31747,4687.57568359375
31748,7357.1552734375
31749,5998.8251953125
31750,5247.88671875
31751,3686.82080078125
31752,6277.8408203125
31753,10139.3935546875
31754,5487.8984375
31755,5452.6875
31756,5302.662109375
31757,5546.2998046875
31758,5088.33740234375
31759,7029.91259765625
31760,3033.79541015625
31761,6134.94091796875
31762,5022.5888671875
31763,5648.068359375
31764,9632.2763671875
31765,3924.041259765625
31766,3585.3818359375
31767,3947.9072265625
31768,6707.91552734375
31769,7424.53955078125
31770,3861.78125
31771,3567.650390625
31772,5582.5771484375
31773,5018.57470703125
31774,4277.9755859375
31775,6042.7412109375
31776,5510.5380859375
31777,6541.19482421875
31778,4456.59765625
31779,3826.8408203125
31780,4772.42333984375
31781,7515.44775390625
31782,6899.04541015625
31783,6490.939453125
31784,6291.58056640625
31785,4684.71240234375
31786,7905.6806640625
31787,4118.625
31788,4853.60107421875
31789,7680.90673828125
31790,4936.00341796875
31791,8919.6416015625
31792,7609.041015625
31793,5745.1328125
31794,5069.1328125
31795,6427.31982421875
31796,5717.103515625
31797,5838.63720703125
31798,3325.23193359375
31799,4946.15283203125
31800,6660.28759765625
31801,4781.9482421875
31802,3517.32421875
31803,6585.263671875
31804,5828.3876953125
31805,5953.59814453125
31806,4911.18115234375
31807,4084.490478515625
31808,6055.69970703125
31809,5566.24169921875
31810,5074.84716796875
31811,4189.9384765625
31812,5136.98876953125
31813,5295.1865234375
31814,4199.8779296875
31815,6325.00048828125
31816,4631.4111328125
31817,7038.62890625
31818,6771.12646484375
31819,5504.146484375
31820,10373.447265625
31821,4173.15380859375
31822,4496.57177734375
31823,8902.6064453125
31824,5301.5419921875
31825,6644.064453125
31826,6298.1474609375
31827,4034.06787109375
31828,5441.4404296875
31829,4956.4619140625
31830,7079.72314453125
31831,8953.11328125
31832,6489.056640625
31833,2100.437744140625
31834,3701.841796875
31835,6160.220703125
31836,6311.15966796875
31837,5176.77099609375
31838,5605.47802734375
31839,4236.75244140625
31840,4398.14111328125
31841,2967.8154296875
31842,4380.16064453125
31843,5746.845703125
31844,5973.77685546875
31845,5739.912109375
31846,5883.84228515625
31847,6753.8701171875
31848,7378.3193359375
31849,6473.66845703125
31850,3683.0546875
31851,8148.19580078125
31852,7625.662109375
31853,3971.41064453125
31854,6570.13623046875
31855,3983.463623046875
31856,5468.3740234375
31857,2741.970947265625
31858,6003.6513671875
31859,3767.47607421875
31860,7834.44482421875
31861,6202.24951171875
31862,6823.86767578125
31863,7810.38671875
31864,5359.23095703125
31865,6688.0107421875
31866,16536.126953125
31867,8701.0986328125
31868,4737.61474609375
31869,2639.765625
31870,5198.52734375
31871,6550.88671875
31872,4959.93017578125
31873,11854.189453125
31874,17892.521484375
31875,3497.269775390625
31876,4603.22705078125
31877,7855.01220703125
31878,3861.697998046875
31879,6831.2197265625
31880,5121.11669921875
31881,6182.2763671875
31882,4645.4892578125
31883,5882.29248046875
31884,5411.3125
31885,6412.04833984375
31886,7534.544921875
31887,5265.6171875
31888,5034.28271484375
31889,6197.80419921875
31890,3946.828369140625
31891,4336.794921875
31892,7770.9375
31893,4343.66455078125
31894,4728.80859375
31895,5687.18408203125
31896,5569.95556640625
31897,5335.3125
31898,5951.1552734375
31899,5606.7353515625
31900,7325.62939453125
31901,9683.4384765625
31902,7459.751953125
31903,4701.00244140625
31904,2910.9462890625
31905,5294.11767578125
31906,4390.71923828125
31907,4549.05859375
31908,4617.396484375
31909,7475.94384765625
31910,5503.939453125
31911,8411.921875
31912,5891.2958984375
31913,5082.89697265625
31914,3983.963134765625
31915,4996.7080078125
31916,7390.91064453125
31917,4086.75439453125
31918,6495.0556640625
31919,13036.515625
31920,6332.41455078125
31921,5656.85205078125
31922,4067.287353515625
31923,3887.1103515625
31924,5717.568359375
31925,3611.415283203125
31926,5972.345703125
31927,8995.466796875
31928,4272.037109375
31929,11903.7509765625
31930,10863.4052734375
31931,3915.511474609375
31932,6686.224609375
31933,4996.08837890625
31934,5661.236328125
31935,5008.93603515625
31936,9739.4736328125
31937,5034.4169921875
31938,8072.744140625
31939,3983.0908203125
31940,6665.9716796875
31941,4834.85791015625
31942,8438.8046875
31943,5268.25
31944,4587.03369140625
31945,5496.7001953125
31946,5481.62060546875
31947,6544.93310546875
31948,8580.2080078125
31949,5684.0263671875
31950,7557.673828125
31951,5316.05126953125
31952,8404.5068359375
31953,4711.873046875
31954,4471.7646484375
31955,3959.255859375
31956,6509.62890625
31957,5297.00537109375
31958,6493.49560546875
31959,5188.16162109375
31960,7040.32080078125
31961,4113.27490234375
31962,7305.38671875
31963,5996.75732421875
31964,3198.955322265625
31965,10630.3583984375
31966,14628.1357421875
31967,4966.923828125
31968,5450.96728515625
31969,8038.0693359375
31970,8135.2314453125
31971,10126.8828125
31972,4848.4931640625
31973,5621.4873046875
31974,5270.96337890625
31975,6992.62890625
31976,3742.416259765625
31977,4830.96533203125
31978,4543.9404296875
31979,5010.59130859375
31980,6295.7353515625
31981,4731.77978515625
31982,3519.84228515625
31983,6346.27978515625
31984,3417.09619140625
31985,3913.922607421875
31986,5430.32666015625
31987,4483.76123046875
31988,7388.05078125
31989,7870.14794921875
31990,6224.521484375
31991,5368.31982421875
31992,6011.12939453125
31993,9182.0859375
31994,5643.88037109375
31995,4113.62890625
31996,4605.42822265625
31997,8720.7451171875
31998,3672.20703125
31999,5640.99169921875
32000,2797.8994140625
32001,4192.625
32002,5929.43701171875
32003,6579.17236328125
32004,4680.71484375
32005,7810.42236328125
32006,7955.97607421875
32007,11147.0283203125
32008,5908.4482421875
32009,7840.58544921875
32010,2643.1904296875
32011,4515.306640625
32012,5101.95947265625
32013,3354.35888671875
32014,7283.0791015625
32015,3874.1767578125
32016,7002.779296875
32017,6975.56591796875
32018,10896.44140625
32019,7460.51025390625
32020,4891.896484375
32021,4600.83984375
32022,12749.0556640625
32023,7106.015625
32024,4911.7060546875
32025,4422.263671875
32026,5844.58935546875
32027,7419.93359375
32028,4407.26904296875
32029,5194.0966796875
32030,7275.578125
32031,6278.8388671875
32032,12915.51953125
32033,5862.50537109375
32034,10305.46484375
32035,5726.53076171875
32036,4600.26123046875
32037,2687.861328125
32038,5299.306640625
32039,4842.04638671875
32040,4341.99169921875
32041,5500.29541015625
32042,4158.79443359375
32043,3638.290771484375
32044,5804.4921875
32045,2906.93994140625
32046,6492.65869140625
32047,5651.94580078125
32048,7318.93115234375
32049,7385.94384765625
32050,4236.6669921875
32051,8109.45703125
32052,4941.10791015625
32053,5153.130859375
32054,4937.408203125
32055,3965.31103515625
32056,8235.6083984375
32057,5679.89990234375
32058,4270.04345703125
32059,5472.15966796875
32060,7785.14453125
32061,5762.333984375
32062,5168.5732421875
32063,7389.2802734375
32064,5463.59326171875
32065,5422.865234375
32066,5448.47509765625
32067,6808.54150390625
32068,5151.07373046875
32069,5693.6064453125
32070,4366.5244140625
32071,4443.04345703125
32072,3894.98095703125
32073,3875.105224609375
32074,6945.51708984375
32075,8802.6591796875
32076,9246.9482421875
32077,10488.041015625
32078,6848.72607421875
32079,8357.4521484375
32080,4548.484375
32081,9605.0380859375
32082,9298.8154296875
32083,5679.11962890625
32084,6560.6455078125
32085,7261.34716796875
32086,4824.76416015625
32087,3650.425537109375
32088,8135.79150390625
32089,5657.68798828125
32090,5703.43505859375
32091,5153.90087890625
32092,2269.14599609375
32093,9319.4814453125
32094,5706.041015625
32095,5200.166015625
32096,4022.6845703125
32097,4035.409423828125
32098,6158.7060546875
32099,5629.59033203125
32100,6364.0537109375
32101,5671.0205078125
32102,3818.44580078125
32103,3485.1279296875
32104,3113.59326171875
32105,6057.2294921875
32106,15274.4326171875
32107,3387.37158203125
32108,4971.02197265625
32109,5414.76416015625
32110,4490.94091796875
32111,3773.65771484375
32112,4310.119140625
32113,4083.583740234375
32114,6661.50244140625
32115,6343.36181640625
32116,3402.850341796875
32117,7460.2958984375
32118,4091.619384765625
32119,4198.15576171875
32120,9338.546875
32121,6783.85546875
32122,9189.7890625
32123,4605.95263671875
32124,5645.2158203125
32125,4207.07666015625
32126,4768.5576171875
32127,13418.4931640625
32128,9270.4951171875
32129,6101.8701171875
32130,4392.3720703125
32131,4447.85546875
32132,5003.94189453125
32133,3931.618408203125
32134,9070.7548828125
32135,5566.2314453125
32136,4635.41650390625
32137,5840.8056640625
32138,3804.504150390625
32139,5591.05517578125
32140,6257.72998046875
32141,6074.744140625
32142,6593.140625
32143,3642.63916015625
32144,5053.60693359375
32145,5305.91845703125
32146,7648.9833984375
32147,7020.02001953125
32148,6267.693359375
32149,3444.144287109375
32150,6722.720703125
32151,4826.60302734375
32152,3921.691650390625
32153,5588.00537109375
32154,6050.20751953125
32155,5148.09033203125
32156,5672.60302734375
32157,5323.54248046875
32158,5181.28173828125
32159,4576.83349609375
32160,5608.521484375
32161,6257.26220703125
32162,5108.10693359375
32163,9843.7431640625
32164,5075.12255859375
32165,3922.5263671875
32166,9708.7900390625
32167,4436.66552734375
32168,3792.43603515625
32169,6737.91162109375
32170,8670.4072265625
32171,9748.4169921875
32172,4456.705078125
32173,5101.97705078125
32174,5301.091796875
32175,6359.81640625
32176,5309.0068359375
32177,6598.99462890625
32178,3275.340576171875
32179,4361.140625
32180,5119.37841796875
32181,4455.30078125
32182,4512.3974609375
32183,6013.19287109375
32184,6003.91845703125
32185,5659.86083984375
32186,6907.197265625
32187,5165.05859375
32188,6589.05029296875
32189,4931.5810546875
32190,5862.90185546875
32191,5945.3203125
32192,6874.0908203125
32193,6342.8544921875
32194,3056.681396484375
32195,7542.984375
32196,6130.53564453125
32197,5903.22802734375
32198,4524.7822265625
32199,3572.62451171875
32200,6423.7861328125
32201,4374.33056640625
32202,7114.93310546875
32203,5410.98876953125
32204,4708.48046875
32205,6368.287109375
32206,4659.42578125
32207,4300.337890625
32208,6662.025390625
32209,4362.70556640625
32210,7864.638671875
32211,8559.7265625
32212,6558.91015625
32213,3755.06982421875
32214,4459.08544921875
32215,3720.258056640625
32216,2855.838134765625
32217,6481.173828125
32218,4120.08935546875
32219,8000.2998046875
32220,3290.7587890625
32221,4820.61572265625
32222,4782.12939453125
32223,7414.07470703125
32224,4675.91455078125
32225,4381.0595703125
32226,4209.5791015625
32227,6518.08935546875
32228,4929.5791015625
32229,5427.3701171875
32230,6185.91796875
32231,7922.5283203125
32232,6783.3642578125
32233,6318.5791015625
32234,5071.96630859375
32235,3685.706298828125
32236,4553.728515625
32237,9163.939453125
32238,7198.7666015625
32239,9906.4072265625
32240,13986.6689453125
32241,4413.4140625
32242,3665.33251953125
32243,5495.525390625
32244,7544.13671875
32245,7829.333984375
32246,6030.31591796875
32247,7192.1708984375
32248,6383.82470703125
32249,6122.76904296875
32250,5476.03759765625
32251,4005.84375
32252,5083.20166015625
32253,4092.19921875
32254,3378.79345703125
32255,3940.63330078125
32256,6454.11474609375
32257,14940.0966796875
32258,5678.4677734375
32259,5030.7265625
32260,5969.03369140625
32261,3904.0693359375
32262,5809.5302734375
32263,4184.447265625
32264,9146.578125
32265,5905.3330078125
32266,5541.12060546875
32267,10590.3779296875
32268,10062.1845703125
32269,4562.11669921875
32270,5838.375
32271,3578.81005859375
32272,4678.75634765625
32273,5776.1650390625
32274,7016.75537109375
32275,3726.151123046875
32276,4103.263671875
32277,5135.5439453125
32278,5285.04833984375
32279,5372.34033203125
32280,5261.60888671875
32281,4353.32275390625
32282,6177.9365234375
32283,6812.6552734375
32284,5513.3466796875
32285,3584.889404296875
32286,3244.445556640625
32287,6702.5849609375
32288,3980.78173828125
32289,8034.30029296875
32290,3520.70263671875
32291,4536.60693359375
32292,5337.82080078125
32293,5166.51611328125
32294,4035.160400390625
32295,4470.7138671875
32296,5214.76708984375
32297,8130.21728515625
32298,7237.03076171875
32299,4988.26953125
32300,4129.52490234375
32301,4889.35546875
32302,4293.29296875
32303,4462.85888671875
32304,4686.02099609375
32305,5119.55322265625
32306,10015.306640625
32307,5993.25439453125
32308,4595.677734375
32309,6569.7021484375
32310,4382.98681640625
32311,8158.087890625
32312,5169.40283203125
32313,10169.8984375
32314,5204.087890625
32315,4500.96484375
32316,3650.225341796875
32317,3205.21044921875
32318,6044.1318359375
32319,17162.953125
32320,3177.23388671875
32321,4179.1064453125
32322,9064.3916015625
32323,5935.0205078125
32324,5734.28759765625
32325,6957.45947265625
32326,4344.8583984375
32327,4933.6513671875
32328,3341.372314453125
32329,8597.830078125
32330,5376.38330078125
32331,5749.4677734375
32332,7210.93603515625
32333,5380.83056640625
32334,7460.72314453125
32335,5838.419921875
32336,3815.12646484375
32337,7425.3330078125
32338,8720.513671875
32339,4188.0537109375
32340,6046.59033203125
32341,5492.82080078125
32342,4568.44970703125
32343,6442.1171875
32344,5483.93896484375
32345,6261.55322265625
32346,3768.20166015625
32347,3634.518310546875
32348,6821.7412109375
32349,3480.97314453125
32350,6951.34130859375
32351,4033.01123046875
32352,4991.32080078125
32353,4162.7333984375
32354,5317.4248046875
32355,5531.82861328125
32356,6113.9541015625
32357,6231.3173828125
32358,6454.384765625
32359,4825.60986328125
32360,6535.3408203125
32361,5624.56103515625
32362,6292.1064453125
32363,8440.3076171875
32364,7541.47705078125
32365,3329.868896484375
32366,5502.0380859375
32367,6242.21240234375
32368,5386.40478515625
32369,10657.7724609375
32370,4752.47900390625
32371,6071.396484375
32372,8926.3740234375
32373,6348.57421875
32374,2588.26171875
32375,15348.0205078125
32376,8769.98046875
32377,5310.9560546875
32378,6912.45654296875
32379,8583.5498046875
32380,5281.4970703125
32381,4974.5537109375
32382,5215.6923828125
32383,4826.1611328125
32384,5174.921875
32385,5565.00634765625
32386,3973.526611328125
32387,6390.0263671875
32388,5157.71826171875
32389,6337.00244140625
32390,5651.453125
32391,5357.04736328125
32392,5925.74072265625
32393,4609.35595703125
32394,6514.47900390625
32395,5414.1533203125
32396,5162.990234375
32397,5851.56640625
32398,5328.47802734375
32399,8615.7646484375
32400,4566.78564453125
32401,4617.95263671875
32402,5005.3154296875
32403,6060.3837890625
32404,6561.421875
32405,4006.873291015625
32406,3362.55810546875
32407,6505.76220703125
32408,6889.5693359375
32409,4795.8359375
32410,6246.63623046875
32411,5436.8115234375
32412,5085.56201171875
32413,3495.598876953125
32414,2538.899169921875
32415,6599.11474609375
32416,5613.2041015625
32417,5347.38134765625
32418,7542.0185546875
32419,7279.71923828125
32420,4291.43701171875
32421,6694.4169921875
32422,3710.535888671875
32423,2580.792724609375
32424,6110.89892578125
32425,8566.77734375
32426,5547.662109375
32427,5770.841796875
32428,3784.6220703125
32429,5268.3818359375
32430,7387.17578125
32431,5137.099609375
32432,6906.1669921875
32433,4120.9228515625
32434,4696.267578125
32435,4663.02978515625
32436,4230.64208984375
32437,4254.86962890625
32438,3926.752197265625
32439,3954.252197265625
32440,3783.844482421875
32441,6621.865234375
32442,5964.78857421875
32443,4031.196044921875
32444,5823.82568359375
32445,5725.9482421875
32446,4711.5419921875
32447,3679.260498046875
32448,6027.26025390625
32449,5687.3115234375
32450,4212.580078125
32451,3538.80078125
32452,9621.9599609375
32453,5410.95947265625
32454,4487.65087890625
32455,5804.390625
32456,6735.9716796875
32457,5649.29052734375
32458,4813.9873046875
32459,6541.8232421875
32460,7605.10498046875
32461,11005.013671875
32462,4459.53369140625
32463,3926.517822265625
32464,4032.26416015625
32465,5444.998046875
32466,5153.20703125
32467,7023.94677734375
32468,6383.03369140625
32469,5530.88623046875
32470,3690.4814453125
32471,4702.9365234375
32472,10833.0478515625
32473,4014.814453125
32474,5988.12646484375
32475,3675.372802734375
32476,5226.57958984375
32477,7251.58544921875
32478,5895.9619140625
32479,6657.61572265625
32480,5507.62939453125
32481,3305.9140625
32482,4916.39599609375
32483,6234.7099609375
32484,7201.71240234375
32485,5569.64697265625
32486,6587.77880859375
32487,4937.02490234375
32488,3511.08056640625
32489,8568.5390625
32490,3833.724853515625
32491,7854.63037109375
32492,5599.62646484375
32493,3768.081298828125
32494,5910.55712890625
32495,5344.52685546875
32496,6571.8935546875
32497,7602.55029296875
32498,3319.159912109375
32499,4193.95458984375
32500,5917.12158203125
32501,6725.69384765625
32502,8572.26953125
32503,4848.00634765625
32504,5503.78076171875
32505,4700.46923828125
32506,5617.650390625
32507,3782.795166015625
32508,8142.00927734375
32509,7252.09814453125
32510,10075.3828125
32511,4213.64453125
32512,4544.28076171875
32513,10914.169921875
32514,8730.298828125
32515,4269.224609375
32516,8239.0078125
32517,5394.68603515625
32518,5038.083984375
32519,4361.75146484375
32520,4543.29248046875
32521,4367.14990234375
32522,4580.7412109375
32523,4312.7431640625
32524,4014.623046875
32525,6956.24951171875
32526,5687.8115234375
32527,20896.623046875
32528,5462.7421875
32529,4267.49365234375
32530,6096.22900390625
32531,10577.7421875
32532,5633.279296875
32533,7028.05322265625
32534,5231.83984375
32535,7419.05517578125
32536,6298.85986328125
32537,3943.53662109375
32538,4597.58935546875
32539,5334.06396484375
32540,7658.154296875
32541,6105.47509765625
32542,9146.0390625
32543,4857.388671875
32544,4428.73388671875
32545,5804.16552734375
32546,8699.640625
32547,10543.3369140625
32548,8038.80029296875
32549,6670.83203125
32550,3265.85400390625
32551,5525.47119140625
32552,3995.3623046875
32553,7880.36328125
32554,8487.08984375
32555,10229.419921875
32556,4583.52294921875
32557,4567.39990234375
32558,3778.462646484375
32559,5008.423828125
32560,9076.982421875
32561,6238.1376953125
32562,4616.759765625
32563,5318.587890625
32564,6544.4287109375
32565,2977.159912109375
32566,6626.19873046875
32567,4054.143798828125
32568,7642.25634765625
32569,6064.77978515625
32570,6100.66552734375
32571,7214.224609375
32572,5846.60498046875
32573,5607.12451171875
32574,6213.38623046875
32575,6310.7265625
32576,9852.6533203125
32577,6063.98388671875
32578,7499.91015625
32579,7972.84814453125
32580,8366.259765625
32581,6151.123046875
32582,8001.39111328125
32583,3934.535888671875
32584,4661.13232421875
32585,5428.4169921875
32586,6023.23486328125
32587,9025.705078125
32588,6372.1279296875
32589,5207.23779296875
32590,6819.21728515625
32591,6569.64453125
32592,8158.42724609375
32593,3695.796142578125
32594,11909.220703125
32595,3769.451416015625
32596,6533.02197265625
32597,7240.16796875
32598,4590.65380859375
32599,4968.1806640625
32600,5827.24072265625
32601,6937.96044921875
32602,4995.62060546875
32603,5856.990234375
32604,8368.0927734375
32605,6780.166015625
32606,5611.7021484375
32607,4706.658203125
32608,6731.1005859375
32609,11906.9189453125
32610,6309.7861328125
32611,6166.10009765625
32612,5803.4228515625
32613,6019.3896484375
32614,5689.2431640625
32615,7625.36572265625
32616,3508.54150390625
32617,6654.6044921875
32618,6200.21240234375
32619,6124.01806640625
32620,11071.7099609375
32621,4227.79541015625
32622,4342.52685546875
32623,4252.31689453125
32624,7480.70703125
32625,7806.75048828125
32626,4775.42041015625
32627,4235.91162109375
32628,6138.03369140625
32629,5288.52978515625
32630,5109.52880859375
32631,6104.08447265625
32632,6159.0322265625
32633,7422.69091796875
32634,5138.73681640625
32635,4253.90673828125
32636,5432.89453125
32637,7998.84912109375
32638,6885.96533203125
32639,7260.37060546875
32640,7027.48779296875
32641,5739.791015625
32642,8791.529296875
32643,4452.95263671875
32644,5700.578125
32645,8715.4541015625
32646,5635.3701171875
32647,9696.8056640625
32648,7996.81689453125
32649,6638.26025390625
32650,5253.53515625
32651,7259.046875
32652,6593.95263671875
32653,5868.4541015625
32654,3497.357666015625
32655,5701.38037109375
32656,7165.736328125
32657,5091.6728515625
32658,3765.915771484375
32659,7330.150390625
32660,6436.74755859375
32661,6560.4150390625
32662,5357.77685546875
32663,4701.060546875
32664,6883.3896484375
32665,6360.0947265625
32666,5805.373046875
32667,4715.02587890625
32668,5675.11962890625
32669,5761.65966796875
32670,4750.90283203125
32671,6374.75146484375
32672,5019.9267578125
32673,7496.0654296875
32674,6694.9921875
32675,5784.271484375
32676,11138.072265625
32677,4659.79150390625
32678,5317.12841796875
32679,9781.701171875
32680,5883.8994140625
32681,8177.54248046875
32682,7360.5576171875
32683,5036.27099609375
32684,6341.0791015625
32685,5145.43505859375
32686,7747.27001953125
32687,10589.63671875
32688,7722.79736328125
32689,2478.57568359375
32690,4225.25146484375
32691,7032.87060546875
32692,7500.79345703125
32693,4726.16650390625
32694,5683.986328125
32695,4909.87939453125
32696,5229.26904296875
32697,3493.538330078125
32698,4493.7666015625
32699,6286.06591796875
32700,6679.04443359375
32701,6118.31005859375
32702,5718.90185546875
32703,7497.783203125
32704,7710.8125
32705,7120.65966796875
32706,4312.60791015625
32707,8608.1015625
32708,8661.458984375
32709,4480.85498046875
32710,6416.72412109375
32711,4534.52880859375
32712,5834.4072265625
32713,3298.83349609375
32714,5916.27197265625
32715,4374.09228515625
32716,8621.39453125
32717,6694.26220703125
32718,7619.11279296875
32719,8450.7138671875
32720,6066.71337890625
32721,7293.5703125
32722,17418.392578125
32723,9057.658203125
32724,5555.0830078125
32725,2551.0283203125
32726,5696.65625
32727,6868.3076171875
32728,5586.5380859375
32729,11785.01171875
32730,18914.701171875
32731,4443.37646484375
32732,4606.9013671875
32733,8952.994140625
32734,4298.9423828125
32735,7243.11962890625
32736,6062.77490234375
32737,6828.28515625
32738,4810.32421875
32739,6924.34765625
32740,5733.7685546875
32741,7219.04638671875
32742,8626.5615234375
32743,5953.5390625
32744,5891.39111328125
32745,6382.4033203125
32746,4275.57373046875
32747,4689.7607421875
32748,8118.55908203125
32749,5200.1142578125
32750,5638.0458984375
32751,6317.181640625
32752,5537.037109375
32753,5723.65234375
32754,6268.037109375
32755,6324.77783203125
32756,8527.4267578125
32757,11607.5146484375
32758,7589.2783203125
32759,5172.17333984375
32760,3060.76708984375
32761,5694.11767578125
32762,4956.19873046875
32763,5256.3466796875
32764,4919.6181640625
32765,7781.20263671875
32766,5819.63427734375
32767,9952.3154296875
32768,6541.20849609375
32769,5745.48779296875
32770,4598.7568359375
32771,6082.94970703125
32772,7987.32568359375
32773,4423.8115234375
32774,6977.9130859375
32775,14435.7763671875
32776,7024.7900390625
32777,5887.58203125
32778,4973.5390625
32779,4380.2265625
32780,6373.51953125
32781,3880.729736328125
32782,6384.43359375
32783,9907.189453125
32784,4607.86279296875
32785,12091.8076171875
32786,11875.87109375
32787,5470.41552734375
32788,7431.8544921875
32789,5536.43017578125
32790,6380.79931640625
32791,5461.4453125
32792,11108.9482421875
32793,6082.84912109375
32794,8756.5615234375
32795,4367.2373046875
32796,7139.66796875
32797,5585.15673828125
32798,8846.861328125
32799,6200.96875
32800,5418.02294921875
32801,6175.5615234375
32802,5760.748046875
32803,7382.55859375
32804,9788.3564453125
32805,6299.92138671875
32806,8911.8955078125
32807,6037.783203125
32808,9484.2041015625
32809,5270.78759765625
32810,4889.7001953125
32811,4116.98828125
32812,6957.3896484375
32813,5769.9130859375
32814,6971.7255859375
32815,5859.236328125
32816,7816.52294921875
32817,4534.962890625
32818,7004.46533203125
32819,6219.20849609375
32820,3925.682861328125
32821,11478.73046875
32822,16124.0849609375
32823,6007.2646484375
32824,5799.7255859375
32825,8935.9013671875
32826,8519.341796875
32827,10825.4541015625
32828,4834.12109375
32829,6291.87646484375
32830,5930.72216796875
32831,7767.29541015625
32832,4064.502685546875
32833,5063.86376953125
32834,5014.1689453125
32835,5557.49462890625
32836,7105.13916015625
32837,5114.77587890625
32838,3893.96923828125
32839,6907.3447265625
32840,4225.78857421875
32841,4006.319580078125
32842,5622.7802734375
32843,4566.30029296875
32844,8131.8046875
32845,8701.349609375
32846,7158.45068359375
32847,6350.6494140625
32848,6393.17724609375
32849,10136.46875
32850,6318.79541015625
32851,4431.033203125
32852,5245.19921875
32853,10467.60546875
32854,4572.30517578125
32855,6119.0576171875
32856,3178.94140625
32857,4622.32080078125
32858,5477.81640625
32859,7403.4873046875
32860,5687.1123046875
32861,8739.873046875
32862,8875.984375
32863,11777.6650390625
32864,6334.61572265625
32865,8390.45703125
32866,2988.474853515625
32867,5220.8583984375
32868,6055.17919921875
32869,3723.959228515625
32870,7787.80908203125
32871,4299.8134765625
32872,7602.154296875
32873,8211.12109375
32874,10769.240234375
32875,7826.900390625
32876,5534.498046875
32877,4995.6796875
32878,14262.265625
32879,7237.2744140625
32880,5500.240234375
32881,5201.27783203125
32882,6920.29150390625
32883,8315.40234375
32884,5007.349609375
32885,5800.7744140625
32886,7551.4248046875
32887,6821.02099609375
32888,13406.7490234375
32889,6652.255859375
32890,10940.5263671875
32891,6442.0693359375
32892,5461.70263671875
32893,2810.911376953125
32894,5242.67236328125
32895,5220.119140625
32896,5175.119140625
32897,6503.61865234375
32898,4954.83837890625
32899,4012.86181640625
32900,6295.06982421875
32901,3562.044189453125
32902,7100.521484375
32903,6336.8984375
32904,7475.1669921875
32905,7629.9814453125
32906,5037.87060546875
32907,8389.82421875
32908,5089.9638671875
32909,5991.36474609375
32910,5621.2607421875
32911,4843.7919921875
32912,9893.921875
32913,6514.9013671875
32914,4372.75537109375
32915,6673.23828125
32916,9319.951171875
32917,6674.0703125
32918,5496.74560546875
32919,8162.8017578125
32920,5729.62548828125
32921,5829.05517578125
32922,6120.60107421875
32923,7856.60546875
32924,5717.29541015625
32925,6611.296875
32926,4734.83740234375
32927,5452.95166015625
32928,4690.2421875
32929,4355.169921875
32930,8375.8876953125
32931,9672.1865234375
32932,10016.9619140625
32933,11387.5830078125
32934,7538.24267578125
32935,9099.138671875
32936,5065.6689453125
32937,10422.1884765625
32938,10495.0478515625
32939,6408.49853515625
32940,7144.70703125
32941,7766.62646484375
32942,4963.51220703125
32943,3982.418212890625
32944,8514.7001953125
32945,6513.39453125
32946,6577.6923828125
32947,5780.9033203125
32948,2368.917236328125
32949,10102.3076171875
32950,7319.8583984375
32951,5260.80810546875
32952,4544.01318359375
32953,4048.969970703125
32954,6869.904296875
32955,6366.90380859375
32956,7420.75439453125
32957,5716.2275390625
32958,4096.1064453125
32959,3663.423828125
32960,3196.8984375
32961,6563.9638671875
32962,15752.193359375
32963,3064.52978515625
32964,5319.5576171875
32965,6277.50927734375
32966,4588.203125
32967,4358.49365234375
32968,4639.0615234375
32969,3533.68359375
32970,6933.623046875
32971,6870.82958984375
32972,3261.747802734375
32973,8433.1025390625
32974,4173.17724609375
32975,4992.64111328125
32976,11132.939453125
32977,7773.76025390625
32978,10058.4384765625
32979,5028.388671875
32980,5796.43115234375
32981,4374.6708984375
32982,5164.1240234375
32983,12538.1240234375
32984,9589.6904296875
32985,6682.87890625
32986,4881.2568359375
32987,5168.91748046875
32988,5625.06982421875
32989,4336.52197265625
32990,9811.232421875
32991,6484.5947265625
32992,5082.3701171875
32993,6892.2119140625
32994,4230.08447265625
32995,6104.26904296875
32996,6207.97705078125
32997,7081.40283203125
32998,6802.61767578125
32999,3953.91455078125
33000,4998.763671875
33001,6576.69970703125
33002,8586.4755859375
33003,7427.38720703125
33004,6761.8232421875
33005,3450.51953125
33006,7615.31396484375
33007,5384.4052734375
33008,4938.90576171875
33009,6044.09912109375
33010,7187.30419921875
33011,5554.62939453125
33012,6137.400390625
33013,6019.15380859375
33014,6405.6630859375
33015,5075.26025390625
33016,6342.59228515625
33017,6517.123046875
33018,6019.0576171875
33019,10123.822265625
33020,5254.103515625
33021,4239.73583984375
33022,10742.029296875
33023,5077.9921875
33024,3533.642822265625
33025,6928.748046875
33026,9182.818359375
33027,9067.9072265625
33028,4834.9140625
33029,5743.14892578125
33030,5584.38232421875
33031,6754.87353515625
33032,5418.3837890625
33033,7364.4853515625
33034,3299.826171875
33035,5025.4716796875
33036,5619.08642578125
33037,4722.580078125
33038,5054.25830078125
33039,6652.5703125
33040,6805.591796875
33041,6159.13232421875
33042,7058.4931640625
33043,6423.25146484375
33044,7272.32666015625
33045,5778.30859375
33046,6223.58154296875
33047,6320.4560546875
33048,7667.99365234375
33049,6842.04296875
33050,3068.65673828125
33051,7706.3564453125
33052,6449.64501953125
33053,6782.3154296875
33054,4479.08984375
33055,3941.169677734375
33056,7274.31494140625
33057,4428.333984375
33058,7835.63720703125
33059,6450.6806640625
33060,5087.63330078125
33061,6932.27587890625
33062,6698.78662109375
33063,4686.48291015625
33064,7346.7470703125
33065,4683.244140625
33066,9031.693359375
33067,9046.1298828125
33068,6389.7119140625
33069,4252.4951171875
33070,4468.2294921875
33071,3962.237548828125
33072,2871.275146484375
33073,7564.31298828125
33074,4877.9072265625
33075,8505.1875
33076,3424.5849609375
33077,5452.6826171875
33078,5316.08642578125
33079,7815.7431640625
33080,4880.13671875
33081,4920.142578125
33082,4721.41455078125
33083,6946.1884765625
33084,5986.56640625
33085,6569.56640625
33086,7289.63427734375
33087,8586.759765625
33088,7240.41845703125
33089,6832.822265625
33090,5412.0595703125
33091,4088.487548828125
33092,5123.21826171875
33093,9896.0537109375
33094,7768.37841796875
33095,11700.7646484375
33096,14430.0947265625
33097,4311.865234375
33098,4562.3125
33099,5673.98876953125
33100,8120.89599609375
33101,8976.302734375
33102,6743.6640625
33103,7239.8701171875
33104,7053.44384765625
33105,6193.65380859375
33106,5851.603515625
33107,4623.76611328125
33108,5274.7978515625
33109,4144.1533203125
33110,3697.452392578125
33111,4106.71826171875
33112,7150.5732421875
33113,16162.4169921875
33114,6282.1474609375
33115,5897.560546875
33116,6113.61669921875
33117,4473.39111328125
33118,6562.95556640625
33119,4028.72998046875
33120,11008.443359375
33121,6324.40869140625
33122,6150.021484375
33123,11552.203125
33124,10564.052734375
33125,4585.9921875
33126,6434.66064453125
33127,3753.017578125
33128,5109.4482421875
33129,6461.45068359375
33130,7956.35009765625
33131,4142.64208984375
33132,4458.755859375
33133,5242.830078125
33134,6175.4736328125
33135,4805.27880859375
33136,6224.81884765625
33137,4077.750244140625
33138,6658.47412109375
33139,7273.8505859375
33140,6247.60107421875
33141,4328.36279296875
33142,3311.068603515625
33143,7781.68359375
33144,4071.133056640625
33145,9015.74609375
33146,4183.09716796875
33147,5414.70068359375
33148,5829.03076171875
33149,5616.60595703125
33150,4932.0517578125
33151,5534.83740234375
33152,6039.4404296875
33153,9016.9873046875
33154,8416.806640625
33155,5481.72705078125
33156,3989.490234375
33157,5656.1943359375
33158,4378.69775390625
33159,4752.232421875
33160,5357.44775390625
33161,5620.2099609375
33162,11740.923828125
33163,7106.8251953125
33164,5357.11083984375
33165,7063.3935546875
33166,5043.34814453125
33167,9411.1982421875
33168,5534.51318359375
33169,10758.1142578125
33170,5619.728515625
33171,5748.36669921875
33172,4056.53515625
33173,3463.172607421875
33174,6507.3447265625
33175,19450.173828125
33176,3631.1279296875
33177,4577.00927734375
33178,9599.64453125
33179,6078.15673828125
33180,6152.66064453125
33181,7683.697265625
33182,5125.6181640625
33183,5503.3583984375
33184,3967.86767578125
33185,9171.5224609375
33186,5636.09326171875
33187,6294.67138671875
33188,7491.44775390625
33189,5000.8994140625
33190,8293.771484375
33191,6583.828125
33192,4063.43896484375
33193,8223.7607421875
33194,8858.2021484375
33195,4022.02978515625
33196,6772.69921875
33197,6130.740234375
33198,4741.27587890625
33199,7871.03125
33200,6197.5703125
33201,7192.3037109375
33202,4322.76708984375
33203,4542.83984375
33204,6990.0986328125
33205,3860.7041015625
33206,7583.0947265625
33207,3395.17236328125
33208,5500.39306640625
33209,4590.03369140625
33210,6163.9755859375
33211,5912.5361328125
33212,6397.841796875
33213,6839.84423828125
33214,7572.02392578125
33215,5724.11669921875
33216,7313.1416015625
33217,5650.26513671875
33218,6358.4521484375
33219,9569.0478515625
33220,7693.88037109375
33221,3783.072021484375
33222,5398.798828125
33223,7295.9990234375
33224,6074.41455078125
33225,11990.9638671875
33226,5292.02001953125
33227,6578.04541015625
33228,9415.67578125
33229,6244.466796875
33230,3452.21142578125
33231,19688.724609375
33232,9819.9150390625
33233,5609.8720703125
33234,6892.431640625
33235,8942.5849609375
33236,5879.6259765625
33237,4955.4697265625
33238,5694.96142578125
33239,5060.76513671875
33240,5291.99609375
33241,6008.42236328125
33242,4654.462890625
33243,6577.1328125
33244,6711.07470703125
33245,7008.70068359375
33246,5820.2607421875
33247,6024.5283203125
33248,6378.35546875
33249,5393.40283203125
33250,7144.86328125
33251,5932.041015625
33252,6197.43359375
33253,6120.3525390625
33254,5740.3623046875
33255,9235.44921875
33256,5138.9443359375
33257,4790.66259765625
33258,5693.59521484375
33259,6798.9287109375
33260,6789.193359375
33261,4382.07275390625
33262,3571.2275390625
33263,6391.44140625
33264,6905.87353515625
33265,5282.22509765625
33266,6808.80419921875
33267,5681.5751953125
33268,5029.60400390625
33269,4093.090576171875
33270,2934.7275390625
33271,7066.15966796875
33272,5912.830078125
33273,5843.74072265625
33274,8055.15234375
33275,7503.791015625
33276,4362.89892578125
33277,7805.90771484375
33278,4165.54345703125
33279,2568.12841796875
33280,6647.39013671875
33281,8880.41015625
33282,6129.2607421875
33283,6188.0419921875
33284,3820.519287109375
33285,5568.12060546875
33286,7648.16845703125
33287,5472.3740234375
33288,7999.47265625
33289,4221.56982421875
33290,4736.97412109375
33291,4979.4384765625
33292,4747.5693359375
33293,5069.02490234375
33294,4674.73681640625
33295,5709.51416015625
33296,3924.705078125
33297,7431.9072265625
33298,5777.15771484375
33299,4633.8759765625
33300,5832.630859375
33301,5848.625
33302,5030.2685546875
33303,3788.82763671875
33304,8017.330078125
33305,6766.4365234375
33306,5034.15478515625
33307,3501.691162109375
33308,10347.3154296875
33309,6406.71044921875
33310,5108.541015625
33311,6849.66943359375
33312,7370.54052734375
33313,6372.21630859375
33314,5313.2607421875
33315,6715.93798828125
33316,7524.09228515625
33317,12566.73046875
33318,4153.0166015625
33319,4303.09375
33320,4366.92626953125
33321,5908.59375
33322,6004.263671875
33323,7339.4853515625
33324,7096.18505859375
33325,5411.75537109375
33326,4085.509033203125
33327,5801.9765625
33328,11754.2685546875
33329,3937.660400390625
33330,6691.0283203125
33331,3884.588134765625
33332,6290.60693359375
33333,7635.07470703125
33334,6333.11474609375
33335,7088.41162109375
33336,6215.076171875
33337,3932.2138671875
33338,5213.23779296875
33339,6047.91064453125
33340,7485.5224609375
33341,6237.78076171875
33342,7289.7041015625
33343,5059.0869140625
33344,4203.90087890625
33345,9005.880859375
33346,3867.965087890625
33347,8819.6357421875
33348,5898.00634765625
33349,4520.15625
33350,6269.08251953125
33351,5961.21044921875
33352,9176.767578125
33353,8706.6533203125
33354,3902.515869140625
33355,4679.44580078125
33356,6754.52099609375
33357,7460.57568359375
33358,8949.8359375
33359,5306.0947265625
33360,5623.7705078125
33361,5189.78955078125
33362,5920.09375
33363,3796.134521484375
33364,8736.755859375
33365,8272.8798828125
33366,10921.3037109375
33367,4872.20556640625
33368,5163.2216796875
33369,10694.19140625
33370,9626.3232421875
33371,4291.64013671875
33372,8936.0634765625
33373,6121.609375
33374,4993.6767578125
33375,4807.71337890625
33376,5238.9765625
33377,5396.994140625
33378,4819.30126953125
33379,4773.84814453125
33380,4536.19775390625
33381,7430.0927734375
33382,6351.11474609375
33383,22903.619140625
33384,6343.494140625
33385,0.0
33386,0.0
33387,0.0
33388,0.0
33389,0.0
33390,0.0
33391,0.0
33392,0.0
33393,0.0
33394,0.0
33395,0.0
33396,0.0
33397,0.0
33398,0.0
33399,0.0
33400,0.0
33401,0.0
33402,0.0
33403,0.0
33404,0.0
33405,0.0
33406,0.0
33407,0.0
33408,0.0
33409,0.0
33410,0.0
33411,0.0
33412,0.0
33413,0.0
33414,0.0
33415,0.0
33416,0.0
33417,0.0
33418,0.0
33419,0.0
33420,0.0
33421,0.0
33422,0.0
33423,0.0
33424,0.0
33425,0.0
33426,0.0
33427,0.0
33428,0.0
33429,0.0
33430,0.0
33431,0.0
33432,0.0
33433,0.0
33434,0.0
33435,0.0
33436,0.0
33437,0.0
33438,0.0
33439,0.0
33440,0.0
33441,0.0
33442,0.0
33443,0.0
33444,0.0
33445,0.0
33446,0.0
33447,0.0
33448,0.0
33449,0.0
33450,0.0
33451,0.0
33452,0.0
33453,0.0
33454,0.0
33455,0.0
33456,0.0
33457,0.0
33458,0.0
33459,0.0
33460,0.0
33461,0.0
33462,0.0
33463,0.0
33464,0.0
33465,0.0
33466,0.0
33467,0.0
33468,0.0
33469,0.0
33470,0.0
33471,0.0
33472,0.0
33473,0.0
33474,0.0
33475,0.0
33476,5173.34814453125
33477,0.0
33478,0.0
33479,0.0
33480,0.0
33481,0.0
33482,0.0
33483,0.0
33484,0.0
33485,0.0
33486,0.0
33487,0.0
33488,0.0
33489,0.0
33490,0.0
33491,0.0
33492,0.0
33493,0.0
33494,0.0
33495,0.0
33496,0.0
33497,0.0
33498,0.0
33499,0.0
33500,0.0
33501,0.0
33502,0.0
33503,0.0
33504,0.0
33505,0.0
33506,0.0
33507,0.0
33508,0.0
33509,0.0
33510,0.0
33511,0.0
33512,0.0
33513,0.0
33514,0.0
33515,0.0
33516,0.0
33517,0.0
33518,0.0
33519,0.0
33520,0.0
33521,0.0
33522,0.0
33523,0.0
33524,0.0
33525,0.0
33526,0.0
33527,0.0
33528,0.0
33529,0.0
33530,0.0
33531,0.0
33532,0.0
33533,0.0
33534,0.0
33535,0.0
33536,0.0
33537,0.0
33538,0.0
33539,0.0
33540,0.0
33541,0.0
33542,0.0
33543,0.0
33544,3883.317626953125
33545,0.0
33546,0.0
33547,0.0
33548,0.0
33549,0.0
33550,0.0
33551,0.0
33552,0.0
33553,0.0
33554,0.0
33555,0.0
33556,0.0
33557,0.0
33558,0.0
33559,0.0
33560,0.0
33561,0.0
33562,0.0
33563,0.0
33564,0.0
33565,0.0
33566,0.0
33567,0.0
33568,0.0
33569,0.0
33570,0.0
33571,0.0
33572,0.0
33573,0.0
33574,0.0
33575,0.0
33576,0.0
33577,0.0
33578,0.0
33579,0.0
33580,0.0
33581,0.0
33582,0.0
33583,0.0
33584,0.0
33585,16097.630859375
33586,29444.78125
33587,0.0
33588,0.0
33589,0.0
33590,0.0
33591,0.0
33592,0.0
33593,0.0
33594,7526.54736328125
33595,0.0
33596,0.0
33597,0.0
33598,0.0
33599,0.0
33600,0.0
33601,0.0
33602,0.0
33603,0.0
33604,0.0
33605,0.0
33606,0.0
33607,0.0
33608,0.0
33609,0.0
33610,0.0
33611,0.0
33612,0.0
33613,4729.0283203125
33614,0.0
33615,0.0
33616,0.0
33617,0.0
33618,0.0
33619,0.0
33620,0.0
33621,0.0
33622,0.0
33623,4004.4072265625
33624,0.0
33625,0.0
33626,0.0
33627,0.0
33628,0.0
33629,0.0
33630,0.0
33631,0.0
33632,0.0
33633,0.0
33634,0.0
33635,0.0
33636,0.0
33637,0.0
33638,0.0
33639,0.0
33640,0.0
33641,8781.8876953125
33642,0.0
33643,0.0
33644,0.0
33645,0.0
33646,0.0
33647,0.0
33648,0.0
33649,0.0
33650,0.0
33651,0.0
33652,0.0
33653,0.0
33654,0.0
33655,0.0
33656,0.0
33657,0.0
33658,8415.5556640625
33659,0.0
33660,0.0
33661,0.0
33662,0.0
33663,0.0
33664,0.0
33665,0.0
33666,0.0
33667,0.0
33668,0.0
33669,0.0
33670,0.0
33671,0.0
33672,0.0
33673,0.0
33674,0.0
33675,0.0
33676,0.0
33677,0.0
33678,0.0
33679,0.0
33680,0.0
33681,0.0
33682,0.0
33683,0.0
33684,0.0
33685,0.0
33686,0.0
33687,0.0
33688,0.0
33689,0.0
33690,0.0
33691,0.0
33692,0.0
33693,0.0
33694,0.0
33695,0.0
33696,0.0
33697,0.0
33698,0.0
33699,0.0
33700,0.0
33701,0.0
33702,0.0
33703,0.0
33704,0.0
33705,0.0
33706,0.0
33707,0.0
33708,0.0
33709,0.0
33710,0.0
33711,0.0
33712,0.0
33713,0.0
33714,0.0
33715,0.0
33716,0.0
33717,0.0
33718,0.0
33719,0.0
33720,1972.216064453125
33721,0.0
33722,0.0
33723,0.0
33724,0.0
33725,0.0
33726,0.0
33727,0.0
33728,0.0
33729,0.0
33730,0.0
33731,0.0
33732,0.0
33733,0.0
33734,7334.59033203125
33735,0.0
33736,0.0
33737,0.0
33738,0.0
33739,0.0
33740,0.0
33741,0.0
33742,0.0
33743,0.0
33744,0.0
33745,0.0
33746,0.0
33747,0.0
33748,0.0
33749,0.0
33750,0.0
33751,0.0
33752,0.0
33753,0.0
33754,0.0
33755,0.0
33756,0.0
33757,0.0
33758,0.0
33759,0.0
33760,0.0
33761,0.0
33762,0.0
33763,0.0
33764,0.0
33765,0.0
33766,0.0
33767,0.0
33768,0.0
33769,0.0
33770,0.0
33771,0.0
33772,0.0
33773,0.0
33774,0.0
33775,0.0
33776,0.0
33777,7886.55517578125
33778,0.0
33779,0.0
33780,0.0
33781,0.0
33782,0.0
33783,0.0
33784,0.0
33785,0.0
33786,0.0
33787,2448.76806640625
33788,0.0
33789,0.0
33790,0.0
33791,7200.85107421875
33792,0.0
33793,0.0
33794,0.0
33795,0.0
33796,0.0
33797,0.0
33798,0.0
33799,0.0
33800,0.0
33801,0.0
33802,0.0
33803,0.0
33804,0.0
33805,0.0
33806,0.0
33807,0.0
33808,0.0
33809,0.0
33810,0.0
33811,0.0
33812,0.0
33813,0.0
33814,0.0
33815,0.0
33816,0.0
33817,0.0
33818,19616.888671875
33819,0.0
33820,0.0
33821,0.0
33822,0.0
33823,0.0
33824,0.0
33825,0.0
33826,0.0
33827,0.0
33828,0.0
33829,0.0
33830,0.0
33831,0.0
33832,5408.17138671875
33833,0.0
33834,0.0
33835,0.0
33836,0.0
33837,0.0
33838,0.0
33839,0.0
33840,0.0
33841,0.0
33842,0.0
33843,0.0
33844,0.0
33845,0.0
33846,0.0
33847,0.0
33848,0.0
33849,0.0
33850,0.0
33851,0.0
33852,0.0
33853,0.0
33854,0.0
33855,0.0
33856,0.0
33857,0.0
33858,0.0
33859,0.0
33860,0.0
33861,0.0
33862,0.0
33863,0.0
33864,0.0
33865,0.0
33866,0.0
33867,0.0
33868,0.0
33869,0.0
33870,0.0
33871,0.0
33872,0.0
33873,0.0
33874,0.0
33875,0.0
33876,0.0
33877,0.0
33878,0.0
33879,0.0
33880,0.0
33881,0.0
33882,0.0
33883,0.0
33884,0.0
33885,0.0
33886,0.0
33887,0.0
33888,0.0
33889,0.0
33890,0.0
33891,0.0
33892,0.0
33893,0.0
33894,0.0
33895,0.0
33896,0.0
33897,0.0
33898,0.0
33899,0.0
33900,0.0
33901,0.0
33902,0.0
33903,0.0
33904,0.0
33905,0.0
33906,0.0
33907,12454.3701171875
33908,0.0
33909,0.0
33910,0.0
33911,0.0
33912,0.0
33913,0.0
33914,0.0
33915,0.0
33916,0.0
33917,0.0
33918,0.0
33919,0.0
33920,0.0
33921,0.0
33922,0.0
33923,0.0
33924,0.0
33925,0.0
33926,0.0
33927,0.0
33928,0.0
33929,0.0
33930,0.0
33931,0.0
33932,0.0
33933,0.0
33934,0.0
33935,0.0
33936,0.0
33937,0.0
33938,0.0
33939,0.0
33940,0.0
33941,0.0
33942,0.0
33943,0.0
33944,0.0
33945,0.0
33946,0.0
33947,0.0
33948,0.0
33949,0.0
33950,0.0
33951,5527.6474609375
33952,15122.474609375
33953,0.0
33954,0.0
33955,0.0
33956,0.0
33957,0.0
33958,0.0
33959,0.0
33960,0.0
33961,0.0
33962,0.0
33963,0.0
33964,0.0
33965,0.0
33966,0.0
33967,0.0
33968,0.0
33969,0.0
33970,0.0
33971,0.0
33972,0.0
33973,0.0
33974,0.0
33975,0.0
33976,0.0
33977,0.0
33978,0.0
33979,0.0
33980,10974.8310546875
33981,0.0
33982,0.0
33983,0.0
33984,0.0
33985,0.0
33986,0.0
33987,0.0
33988,0.0
33989,0.0
33990,0.0
33991,0.0
33992,0.0
33993,0.0
33994,0.0
33995,0.0
33996,0.0
33997,0.0
33998,0.0
33999,0.0
34000,0.0
34001,0.0
34002,0.0
34003,0.0
34004,0.0
34005,0.0
34006,0.0
34007,0.0
34008,0.0
34009,0.0
34010,0.0
34011,0.0
34012,0.0
34013,0.0
34014,0.0
34015,0.0
34016,0.0
34017,0.0
34018,0.0
34019,0.0
34020,0.0
34021,0.0
34022,0.0
34023,0.0
34024,0.0
34025,0.0
34026,0.0
34027,0.0
34028,0.0
34029,0.0
34030,0.0
34031,0.0
34032,0.0
34033,0.0
34034,0.0
34035,0.0
34036,0.0
34037,0.0
34038,0.0
34039,0.0
34040,0.0
34041,0.0
34042,0.0
34043,0.0
34044,0.0
34045,0.0
34046,0.0
34047,0.0
34048,0.0
34049,0.0
34050,2798.259521484375
34051,0.0
34052,0.0
34053,0.0
34054,2485.178466796875
34055,0.0
34056,0.0
34057,0.0
34058,0.0
34059,0.0
34060,0.0
34061,0.0
34062,0.0
34063,0.0
34064,0.0
34065,0.0
34066,0.0
34067,0.0
34068,0.0
34069,0.0
34070,0.0
34071,0.0
34072,0.0
34073,0.0
34074,0.0
34075,0.0
34076,0.0
34077,0.0
34078,0.0
34079,0.0
34080,0.0
34081,0.0
34082,0.0
34083,0.0
34084,0.0
34085,0.0
34086,0.0
34087,0.0
34088,0.0
34089,0.0
34090,0.0
34091,0.0
34092,0.0
34093,0.0
34094,0.0
34095,0.0
34096,0.0
34097,0.0
34098,0.0
34099,0.0
34100,0.0
34101,0.0
34102,0.0
34103,0.0
34104,0.0
34105,3104.0234375
34106,0.0
34107,0.0
34108,0.0
34109,0.0
34110,0.0
34111,0.0
34112,0.0
34113,0.0
34114,0.0
34115,0.0
34116,0.0
34117,0.0
34118,0.0
34119,0.0
34120,10417.9296875
34121,0.0
34122,0.0
34123,0.0
34124,0.0
34125,0.0
34126,0.0
34127,0.0
34128,0.0
34129,0.0
34130,0.0
34131,0.0
34132,0.0
34133,0.0
34134,0.0
34135,0.0
34136,0.0
34137,0.0
34138,0.0
34139,0.0
34140,0.0
34141,0.0
34142,0.0
34143,0.0
34144,0.0
34145,0.0
34146,0.0
34147,0.0
34148,0.0
34149,0.0
34150,0.0
34151,0.0
34152,0.0
34153,0.0
34154,0.0
34155,0.0
34156,0.0
34157,0.0
34158,0.0
34159,0.0
34160,0.0
34161,0.0
34162,0.0
34163,0.0
34164,0.0
34165,0.0
34166,0.0
34167,0.0
34168,0.0
34169,0.0
34170,0.0
34171,0.0
34172,0.0
34173,0.0
34174,0.0
34175,0.0
34176,0.0
34177,0.0
34178,0.0
34179,0.0
34180,0.0
34181,0.0
34182,0.0
34183,0.0
34184,5009.44482421875
34185,0.0
34186,0.0
34187,0.0
34188,0.0
34189,0.0
34190,0.0
34191,0.0
34192,0.0
34193,0.0
34194,0.0
34195,0.0
34196,0.0
34197,0.0
34198,0.0
34199,0.0
34200,0.0
34201,0.0
34202,0.0
34203,0.0
34204,0.0
34205,0.0
34206,0.0
34207,0.0
34208,0.0
34209,0.0
34210,0.0
34211,0.0
34212,0.0
34213,0.0
34214,0.0
34215,0.0
34216,0.0
34217,0.0
34218,0.0
34219,0.0
34220,0.0
34221,0.0
34222,0.0
34223,0.0
34224,0.0
34225,13763.8095703125
34226,5614.5869140625
34227,0.0
34228,0.0
34229,0.0
34230,0.0
34231,0.0
34232,0.0
34233,0.0
34234,0.0
34235,0.0
34236,0.0
34237,0.0
34238,0.0
34239,0.0
34240,0.0
34241,4030.48681640625
34242,4081.83935546875
34243,6881.43408203125
34244,3438.435546875
34245,5939.02685546875
34246,4587.634765625
34247,5584.5556640625
34248,5938.5673828125
34249,0.0
34250,3298.215576171875
34251,5889.1318359375
34252,5291.7314453125
34253,4090.37255859375
34254,7121.46044921875
34255,5509.24853515625
34256,3303.067626953125
34257,4954.05517578125
34258,6888.373046875
34259,7408.1806640625
34260,6085.57373046875
34261,7132.16748046875
34262,3484.693359375
34263,5750.74072265625
34264,0.0
34265,7434.3349609375
34266,7338.25537109375
34267,9082.62109375
34268,5566.82275390625
34269,3558.88818359375
34270,4439.12158203125
34271,5899.93603515625
34272,7317.544921875
34273,4093.39990234375
34274,5384.78466796875
34275,5299.9052734375
34276,5292.6904296875
34277,1992.4320068359375
34278,7517.99267578125
34279,4247.595703125
34280,7664.1689453125
34281,6252.60986328125
34282,4097.701171875
34283,8698.5478515625
34284,5682.6962890625
34285,4848.1845703125
34286,3544.492919921875
34287,7601.36376953125
34288,9995.3251953125
34289,6171.984375
34290,5763.0380859375
34291,8514.615234375
34292,8122.6357421875
34293,5708.751953125
34294,6300.2666015625
34295,2303.3017578125
34296,2492.26123046875
34297,4241.544921875
34298,6330.0634765625
34299,8864.6064453125
34300,7700.8740234375
34301,4168.92822265625
34302,8064.26806640625
34303,8278.76171875
34304,5363.046875
34305,2820.180419921875
34306,10173.3017578125
34307,2666.09765625
34308,5206.2255859375
34309,6439.2216796875
34310,3750.102294921875
34311,5437.66455078125
34312,2890.441162109375
34313,5905.021484375
34314,4889.5458984375
34315,5922.07275390625
34316,8588.443359375
34317,7322.06787109375
34318,5234.84326171875
34319,3009.522705078125
34320,7511.978515625
34321,13041.6103515625
34322,5927.0791015625
34323,3756.475830078125
34324,6544.4189453125
34325,5262.0068359375
34326,6134.1689453125
34327,9204.384765625
34328,1827.03076171875
34329,7181.34912109375
34330,4658.85888671875
34331,5778.8515625
34332,8790.0908203125
34333,2511.706298828125
34334,4174.55322265625
34335,4644.50048828125
34336,8028.59375
34337,6801.45458984375
34338,3831.7685546875
34339,3850.841064453125
34340,7338.6240234375
34341,6414.14013671875
34342,4930.57080078125
34343,4835.61865234375
34344,4716.77197265625
34345,6231.78125
34346,4325.072265625
34347,2656.327880859375
34348,5279.00048828125
34349,5999.2861328125
34350,0.0
34351,7236.10302734375
34352,7672.275390625
34353,4066.645263671875
34354,8227.7734375
34355,2988.339111328125
34356,3275.655517578125
34357,7734.220703125
34358,6609.7265625
34359,6700.6640625
34360,10172.544921875
34361,6513.45703125
34362,4743.92578125
34363,5968.193359375
34364,7327.98681640625
34365,4156.494140625
34366,2390.599365234375
34367,5298.61328125
34368,4711.3603515625
34369,5241.880859375
34370,2864.82080078125
34371,5001.27685546875
34372,6394.41259765625
34373,5689.2216796875
34374,5645.4658203125
34375,2762.341796875
34376,5683.5009765625
34377,6717.189453125
34378,3677.835205078125
34379,5383.7880859375
34380,3330.626220703125
34381,5205.36669921875
34382,4036.76171875
34383,3851.169677734375
34384,5065.98779296875
34385,7148.60009765625
34386,6664.65869140625
34387,6246.251953125
34388,13320.5185546875
34389,3935.690673828125
34390,5274.8310546875
34391,9374.92578125
34392,5191.31201171875
34393,8509.3125
34394,5473.45361328125
34395,5709.8173828125
34396,6116.35986328125
34397,4373.662109375
34398,4626.630859375
34399,7845.2255859375
34400,5792.794921875
34401,2888.186767578125
34402,2950.82861328125
34403,7193.41064453125
34404,8802.1123046875
34405,0.0
34406,6272.51953125
34407,4360.58935546875
34408,1952.5523681640625
34409,2268.69970703125
34410,3247.5439453125
34411,6178.60302734375
34412,7584.89794921875
34413,4411.8232421875
34414,4225.35009765625
34415,8457.9384765625
34416,8147.81494140625
34417,7080.7890625
34418,5622.80419921875
34419,8312.640625
34420,8732.671875
34421,3573.5771484375
34422,5280.455078125
34423,4751.87939453125
34424,6244.83935546875
34425,2734.0869140625
34426,5240.18505859375
34427,4350.37109375
34428,8389.8984375
34429,5356.74853515625
34430,7732.94921875
34431,7090.884765625
34432,5240.34375
34433,8272.26953125
34434,16097.720703125
34435,7823.32958984375
34436,4017.033935546875
34437,3566.08984375
34438,6067.9228515625
34439,6323.9912109375
34440,4112.658203125
34441,8729.3701171875
34442,16664.51171875
34443,5038.88525390625
34444,2878.2041015625
34445,10446.236328125
34446,3058.939697265625
34447,4336.0341796875
34448,3451.60009765625
34449,5731.68310546875
34450,4476.5673828125
34451,6168.69970703125
34452,5514.9970703125
34453,5065.05712890625
34454,9965.6220703125
34455,6331.041015625
34456,5601.8193359375
34457,6790.04541015625
34458,5635.990234375
34459,6001.734375
34460,10943.888671875
34461,5060.74267578125
34462,5522.82666015625
34463,3973.83740234375
34464,3611.977783203125
34465,5989.076171875
34466,4776.435546875
34467,4650.3427734375
34468,7878.97509765625
34469,8711.2373046875
34470,7797.423828125
34471,4106.07861328125
34472,4836.25341796875
34473,4272.9794921875
34474,3741.370849609375
34475,5680.888671875
34476,3559.662353515625
34477,6349.45166015625
34478,5704.865234375
34479,8404.5234375
34480,5113.35009765625
34481,4948.89794921875
34482,3442.4990234375
34483,2919.080078125
34484,8222.5302734375
34485,5746.9013671875
34486,5273.50927734375
34487,12278.171875
34488,8005.00146484375
34489,4126.69482421875
34490,5666.52294921875
34491,2601.185791015625
34492,4156.02099609375
34493,3722.61376953125
34494,5291.27392578125
34495,8715.9248046875
34496,4617.5439453125
34497,8747.0185546875
34498,9432.181640625
34499,5222.0546875
34500,6383.44091796875
34501,4476.35302734375
34502,4768.64306640625
34503,4652.6220703125
34504,10408.64453125
34505,5903.4521484375
34506,6993.177734375
34507,3128.900390625
34508,5386.47705078125
34509,6044.578125
34510,7450.736328125
34511,6946.79931640625
34512,4966.89794921875
34513,6729.7607421875
34514,4578.2490234375
34515,7724.9169921875
34516,6951.49658203125
34517,7455.33056640625
34518,8132.9140625
34519,6746.17333984375
34520,7907.5546875
34521,3558.082763671875
34522,0.0
34523,4577.6953125
34524,8459.6630859375
34525,6555.548828125
34526,7327.8974609375
34527,6646.626953125
34528,7663.97900390625
34529,5060.6650390625
34530,6182.45458984375
34531,5622.234375
34532,2986.163330078125
34533,9836.6865234375
34534,15891.359375
34535,6880.78271484375
34536,6482.64013671875
34537,7111.853515625
34538,7577.31640625
34539,7788.74169921875
34540,3070.34619140625
34541,3873.980712890625
34542,5407.61865234375
34543,8324.9462890625
34544,2752.6796875
34545,4169.8994140625
34546,5167.4677734375
34547,4738.0361328125
34548,4687.3310546875
34549,3307.215576171875
34550,2817.81591796875
34551,8012.39892578125
34552,3926.668701171875
34553,5028.33349609375
34554,6102.21337890625
34555,4456.173828125
34556,8714.9755859375
34557,12031.5419921875
34558,4933.39892578125
34559,7586.89990234375
34560,6661.5732421875
34561,9156.310546875
34562,4334.1748046875
34563,2962.744140625
34564,5184.765625
34565,12411.017578125
34566,3959.211181640625
34567,6822.56201171875
34568,1940.4293212890625
34569,3276.80419921875
34570,5738.94384765625
34571,6674.00439453125
34572,5011.7294921875
34573,8767.97265625
34574,8994.291015625
34575,8222.455078125
34576,4163.23291015625
34577,9298.654296875
34578,1694.6416015625
34579,4267.21240234375
34580,6471.095703125
34581,5016.57666015625
34582,9822.203125
34583,2382.672119140625
34584,6747.40869140625
34585,5278.41650390625
34586,9282.3525390625
34587,10403.8134765625
34588,5419.0048828125
34589,3798.54541015625
34590,10872.1611328125
34591,10385.7099609375
34592,4173.9443359375
34593,5541.16845703125
34594,8643.87109375
34595,5639.9560546875
34596,5910.037109375
34597,3645.78564453125
34598,7967.43701171875
34599,4222.16259765625
34600,10823.431640625
34601,7946.333984375
34602,11804.0029296875
34603,7101.6982421875
34604,4364.04541015625
34605,1739.75927734375
34606,5685.21142578125
34607,6146.97900390625
34608,5277.55908203125
34609,8158.9638671875
34610,5878.564453125
34611,2532.980712890625
34612,7324.67822265625
34613,3249.5703125
34614,6749.05908203125
34615,7254.9091796875
34616,6922.65185546875
34617,8020.5322265625
34618,4991.5009765625
34619,6925.9345703125
34620,5532.93603515625
34621,5728.08740234375
34622,7274.97216796875
34623,3976.2109375
34624,8559.845703125
34625,5505.86865234375
34626,3311.197998046875
34627,4820.6650390625
34628,8544.8330078125
34629,5853.111328125
34630,4038.0791015625
34631,4828.802734375
34632,5769.4462890625
34633,4680.01904296875
34634,5002.76025390625
34635,9849.466796875
34636,3787.015869140625
34637,3500.575927734375
34638,6092.18408203125
34639,5634.81982421875
34640,3388.748291015625
34641,5006.26806640625
34642,8850.5625
34643,7335.07568359375
34644,10179.8408203125
34645,9504.177734375
34646,7610.25048828125
34647,7404.2783203125
34648,4115.08740234375
34649,9588.2890625
34650,7801.3076171875
34651,6120.61767578125
34652,4610.66064453125
34653,5275.734375
34654,4309.10400390625
34655,2264.010986328125
34656,8805.0556640625
34657,7391.9677734375
34658,5730.5673828125
34659,4693.20263671875
34660,1093.234619140625
34661,8189.345703125
34662,6602.33642578125
34663,4971.712890625
34664,3441.322021484375
34665,4123.6376953125
34666,4990.8515625
34667,3798.93115234375
34668,10034.5615234375
34669,4644.8447265625
34670,4183.1376953125
34671,3151.812744140625
34672,3231.28271484375
34673,4895.470703125
34674,12420.5634765625
34675,3196.104736328125
34676,5812.14990234375
34677,4811.0
34678,3710.580810546875
34679,2988.651611328125
34680,6100.3154296875
34681,2263.793212890625
34682,9625.1455078125
34683,6647.90771484375
34684,2274.998046875
34685,8399.8203125
34686,2027.873046875
34687,3960.971923828125
34688,9799.93359375
34689,7089.42041015625
34690,7937.10400390625
34691,2372.31982421875
34692,4569.34521484375
34693,4339.80517578125
34694,4025.876220703125
34695,14647.7998046875
34696,11821.341796875
34697,5464.38330078125
34698,3364.156494140625
34699,6316.46044921875
34700,4559.71826171875
34701,2426.836181640625
34702,7386.39013671875
34703,5093.00634765625
34704,5090.95849609375
34705,6789.55810546875
34706,4748.0390625
34707,4232.06396484375
34708,5386.302734375
34709,6494.806640625
34710,7543.5234375
34711,2747.3173828125
34712,5549.5517578125
34713,7450.64599609375
34714,8092.21533203125
34715,5704.208984375
34716,7223.6552734375
34717,2469.9287109375
34718,8091.7197265625
34719,4935.50244140625
34720,2928.72216796875
34721,4355.60693359375
34722,4512.7734375
34723,4270.21630859375
34724,6926.20556640625
34725,3576.244873046875
34726,5532.2998046875
34727,5004.91943359375
34728,7153.3046875
34729,8027.755859375
34730,6126.28076171875
34731,8974.8271484375
34732,6156.72509765625
34733,2418.90087890625
34734,10619.953125
34735,3297.21044921875
34736,3614.80126953125
34737,5506.3701171875
34738,10355.046875
34739,10014.197265625
34740,3847.694580078125
34741,4795.8349609375
34742,5621.61376953125
34743,6527.1494140625
34744,4394.24072265625
34745,7921.412109375
34746,2892.189697265625
34747,3629.705322265625
34748,3977.699462890625
34749,3162.102783203125
34750,4249.35546875
34751,7003.21533203125
34752,6427.9091796875
34753,5899.423828125
34754,5602.27880859375
34755,7513.5751953125
34756,7293.26025390625
34757,5403.30908203125
34758,0.0
34759,5581.404296875
34760,7668.3369140625
34761,4822.1982421875
34762,1980.242919921875
34763,5997.390625
34764,6600.98388671875
34765,6142.1962890625
34766,5412.80322265625
34767,3088.1171875
34768,9299.919921875
34769,2664.0537109375
34770,8571.951171875
34771,4766.3115234375
34772,4258.9052734375
34773,7457.76904296875
34774,3559.567138671875
34775,4174.68017578125
34776,7859.1884765625
34777,2927.599853515625
34778,6672.17138671875
34779,9636.826171875
34780,6543.333984375
34781,2338.0341796875
34782,5145.8759765625
34783,3693.08349609375
34784,2160.13818359375
34785,4873.693359375
34786,6143.44140625
34787,4900.6552734375
34788,4382.91015625
34789,4660.93798828125
34790,4662.13720703125
34791,7830.04150390625
34792,5178.69677734375
34793,5839.43798828125
34794,4088.98681640625
34795,5287.9658203125
34796,5952.92236328125
34797,6014.4111328125
34798,7854.18994140625
34799,7194.40625
34800,8592.8232421875
34801,5616.71533203125
34802,5001.3115234375
34803,2838.359375
34804,5880.77392578125
34805,8189.599609375
34806,6369.8740234375
34807,8316.4736328125
34808,12530.8125
34809,2954.400634765625
34810,4423.7568359375
34811,4885.68603515625
34812,8015.12060546875
34813,10025.19921875
34814,7737.84765625
34815,7346.8857421875
34816,7566.27294921875
34817,7122.96142578125
34818,6124.93310546875
34819,5204.46875
34820,3725.02783203125
34821,4912.7109375
34822,3027.37939453125
34823,3005.260009765625
34824,6611.16064453125
34825,15895.384765625
34826,5092.03466796875
34827,3470.19970703125
34828,5463.25
34829,4537.65625
34830,5987.2353515625
34831,2120.169677734375
34832,7521.8583984375
34833,6696.43994140625
34834,3325.486083984375
34835,10628.7958984375
34836,9851.3447265625
34837,2824.0107421875
34838,5429.26513671875
34839,3557.657958984375
34840,3328.841552734375
34841,4734.744140625
34842,8265.9423828125
34843,3526.81201171875
34844,5198.421875
34845,4286.09814453125
34846,5448.26953125
34847,4232.376953125
34848,7205.5048828125
34849,3520.76171875
34850,7927.43505859375
34851,6156.9775390625
34852,4656.41455078125
34853,3477.468017578125
34854,3899.25537109375
34855,4810.34765625
34856,4809.99658203125
34857,8956.0859375
34858,3856.681884765625
34859,3490.843505859375
34860,6302.6884765625
34861,4585.4638671875
34862,5760.1357421875
34863,4488.07080078125
34864,6314.8408203125
34865,9579.3623046875
34866,5936.52001953125
34867,5778.3515625
34868,3197.709716796875
34869,4616.2080078125
34870,4428.0986328125
34871,3235.726806640625
34872,4258.0986328125
34873,4512.92919921875
34874,10816.9921875
34875,7139.83251953125
34876,3593.024169921875
34877,5232.09130859375
34878,5427.2919921875
34879,6590.416015625
34880,5197.74658203125
34881,8569.8046875
34882,6667.40625
34883,4618.74853515625
34884,3201.86572265625
34885,1700.0401611328125
34886,3794.5361328125
34887,20907.81640625
34888,2065.42919921875
34889,5140.50634765625
34890,7078.12841796875
34891,6178.53955078125
34892,5308.5849609375
34893,7934.802734375
34894,5925.37060546875
34895,6985.65869140625
34896,3623.65380859375
34897,7774.20068359375
34898,4276.44140625
34899,6481.7822265625
34900,9228.34375
34901,4460.6435546875
34902,7286.99169921875
34903,6688.8974609375
34904,3297.65478515625
34905,6051.4052734375
34906,6659.35791015625
34907,2951.282958984375
34908,8190.33203125
34909,6277.49560546875
34910,4758.7822265625
34911,8202.591796875
34912,7606.4287109375
34913,5937.1640625
34914,4558.0595703125
34915,3958.25244140625
34916,5711.86669921875
34917,3561.217529296875
34918,6377.9443359375
34919,2737.414794921875
34920,5566.1611328125
34921,2918.875244140625
34922,5483.13720703125
34923,5106.0205078125
34924,4071.25
34925,5757.466796875
34926,8259.6865234375
34927,5456.96875
34928,7203.8369140625
34929,5411.99267578125
34930,5259.9169921875
34931,9496.9912109375
34932,6709.8623046875
34933,4274.24658203125
34934,5103.197265625
34935,5422.6181640625
34936,5454.7919921875
34937,12199.8896484375
34938,5780.90087890625
34939,5583.97607421875
34940,8628.005859375
34941,6242.76611328125
34942,2025.735595703125
34943,0.0
34944,8492.431640625
34945,5846.2431640625
34946,7166.57080078125
34947,6868.6455078125
34948,7334.5703125
34949,4758.46630859375
34950,3917.201171875
34951,0.0
34952,4941.89599609375
34953,7625.9990234375
34954,3020.308837890625
34955,8122.90087890625
34956,6956.1181640625
34957,4682.57080078125
34958,6843.48681640625
34959,4597.263671875
34960,6789.41259765625
34961,3983.9189453125
34962,4649.349609375
34963,4481.01318359375
34964,3741.929931640625
34965,6046.5107421875
34966,6649.9521484375
34967,8443.568359375
34968,5848.87744140625
34969,3786.01513671875
34970,6024.77587890625
34971,6669.9638671875
34972,7173.599609375
34973,2737.79541015625
34974,3239.96533203125
34975,7663.3564453125
34976,5955.54931640625
34977,3538.805419921875
34978,7066.97314453125
34979,6232.3310546875
34980,5540.4375
34981,4428.0322265625
34982,1434.6417236328125
34983,7966.87890625
34984,5834.583984375
34985,4847.3037109375
34986,8337.8720703125
34987,7036.84228515625
34988,3528.704345703125
34989,6221.81640625
34990,3383.769287109375
34991,800.9664306640625
34992,5678.97509765625
34993,7754.7080078125
34994,4837.6767578125
34995,4384.369140625
34996,2655.527587890625
34997,4242.23974609375
34998,6803.82470703125
34999,5728.8232421875
35000,8147.44384765625
35001,3630.5869140625
35002,4594.49560546875
35003,3521.6572265625
35004,6035.91162109375
35005,3028.050537109375
35006,2891.152587890625
35007,4846.26220703125
35008,4052.346435546875
35009,6966.9150390625
35010,4550.80712890625
35011,4893.0859375
35012,5184.9375
35013,7150.84228515625
35014,4677.0517578125
35015,3395.8505859375
35016,8853.2216796875
35017,6484.6376953125
35018,6537.38623046875
35019,3026.71435546875
35020,4581.10009765625
35021,5461.59228515625
35022,4080.2958984375
35023,7235.69970703125
35024,8716.44921875
35025,6051.90771484375
35026,5773.9091796875
35027,5895.0234375
35028,7149.61669921875
35029,9740.580078125
35030,3442.9306640625
35031,3689.87890625
35032,5220.9609375
35033,4950.0263671875
35034,5789.826171875
35035,7284.24609375
35036,5584.64794921875
35037,5700.29248046875
35038,3111.181640625
35039,5763.4111328125
35040,9051.9658203125
35041,3430.27880859375
35042,6430.7470703125
35043,2920.131103515625
35044,6313.43115234375
35045,5790.5478515625
35046,4975.11572265625
35047,6026.9677734375
35048,4522.41943359375
35049,5129.482421875
35050,6243.8701171875
35051,4610.876953125
35052,8153.443359375
35053,4950.0166015625
35054,8398.1005859375
35055,5575.01513671875
35056,3264.86767578125
35057,7797.20068359375
35058,2574.146240234375
35059,8428.27734375
35060,5351.18896484375
35061,4938.85546875
35062,5995.451171875
35063,3893.433837890625
35064,4391.7314453125
35065,6676.6806640625
35066,2568.021484375
35067,2590.021728515625
35068,6319.82763671875
35069,6093.48046875
35070,8299.8896484375
35071,6269.01220703125
35072,5354.27783203125
35073,3640.126953125
35074,6045.814453125
35075,2741.45947265625
35076,9366.357421875
35077,7231.455078125
35078,10452.3837890625
35079,5960.60595703125
35080,4340.798828125
35081,10446.0810546875
35082,8320.5859375
35083,2921.285888671875
35084,8153.2041015625
35085,5338.27001953125
35086,6102.65380859375
35087,5656.22998046875
35088,4671.97119140625
35089,2972.590576171875
35090,4755.54931640625
35091,3822.705322265625
35092,2585.082763671875
35093,6893.71826171875
35094,5635.10595703125
35095,22476.873046875
35096,7515.9384765625
35097,4284.251953125
35098,8329.541015625
35099,11398.263671875
35100,6257.59375
35101,7962.845703125
35102,5485.6396484375
35103,7605.8974609375
35104,7989.044921875
35105,6419.82958984375
35106,5923.6689453125
35107,7085.13525390625
35108,8276.123046875
35109,6929.87255859375
35110,7969.48193359375
35111,7290.79736328125
35112,5396.87939453125
35113,6269.39453125
35114,11215.501953125
35115,9637.7587890625
35116,9434.142578125
35117,7979.798828125
35118,4179.14013671875
35119,7147.8701171875
35120,4593.71630859375
35121,7892.5908203125
35122,11082.669921875
35123,10070.5029296875
35124,5894.525390625
35125,5367.7333984375
35126,4252.16650390625
35127,6295.4111328125
35128,10658.57421875
35129,6915.3857421875
35130,5355.1455078125
35131,6355.7421875
35132,7257.15576171875
35133,3635.285888671875
35134,8252.9296875
35135,4766.880859375
35136,7761.11083984375
35137,7034.91064453125
35138,6838.99609375
35139,8567.4052734375
35140,6724.16455078125
35141,5451.1611328125
35142,6637.33154296875
35143,8042.20458984375
35144,12529.7509765625
35145,6599.05078125
35146,7891.9599609375
35147,7477.84716796875
35148,10478.3447265625
35149,6986.39697265625
35150,9641.71875
35151,5297.5498046875
35152,4601.8583984375
35153,5847.5537109375
35154,6704.84521484375
35155,10489.5927734375
35156,7949.166015625
35157,5925.68798828125
35158,8228.8251953125
35159,7201.140625
35160,9626.994140625
35161,3920.01025390625
35162,13248.0556640625
35163,4953.615234375
35164,6484.17529296875
35165,8440.74609375
35166,4782.41064453125
35167,6300.287109375
35168,6675.5
35169,7813.0263671875
35170,5755.408203125
35171,5579.97119140625
35172,8544.60546875
35173,8065.8037109375
35174,7033.5380859375
35175,5095.65087890625
35176,7376.36962890625
35177,13086.4736328125
35178,7008.5693359375
35179,5033.4208984375
35180,7718.2978515625
35181,6273.51953125
35182,6573.27587890625
35183,8593.880859375
35184,3750.841552734375
35185,8633.4189453125
35186,6301.81005859375
35187,7301.89111328125
35188,9713.435546875
35189,5037.19287109375
35190,5850.6650390625
35191,5574.853515625
35192,8705.9208984375
35193,8998.509765625
35194,4749.427734375
35195,4618.62744140625
35196,6988.45361328125
35197,6413.72412109375
35198,6232.3486328125
35199,7526.40380859375
35200,7383.53759765625
35201,7608.728515625
35202,5997.18994140625
35203,4736.8662109375
35204,6669.68505859375
35205,9266.689453125
35206,7863.86083984375
35207,9075.30859375
35208,8356.802734375
35209,5523.83349609375
35210,10226.658203125
35211,5573.90283203125
35212,7320.8623046875
35213,9376.4267578125
35214,6861.0029296875
35215,9852.92578125
35216,9690.6025390625
35217,8187.07470703125
35218,6322.06396484375
35219,7673.30810546875
35220,8663.6708984375
35221,7180.66943359375
35222,3749.990966796875
35223,6749.34228515625
35224,8563.5537109375
35225,6254.74853515625
35226,4456.93408203125
35227,8348.32421875
35228,6914.7333984375
35229,5696.0078125
35230,6182.9169921875
35231,5247.234375
35232,6905.5830078125
35233,6692.11962890625
35234,6962.7646484375
35235,5880.341796875
35236,5579.75341796875
35237,6503.9970703125
35238,5455.06591796875
35239,7348.99951171875
35240,6566.5478515625
35241,9116.0927734375
35242,8038.505859375
35243,7033.83642578125
35244,13077.29296875
35245,4729.69970703125
35246,5454.6591796875
35247,10258.5078125
35248,7630.90625
35249,8795.3662109375
35250,7899.41650390625
35251,6056.4296875
35252,6940.927734375
35253,6090.04150390625
35254,7756.36865234375
35255,11146.4755859375
35256,8163.8193359375
35257,3498.109130859375
35258,5354.03076171875
35259,8574.884765625
35260,9541.33203125
35261,7982.72998046875
35262,7695.423828125
35263,4966.2568359375
35264,4660.78466796875
35265,3703.5244140625
35266,5544.9130859375
35267,6993.7685546875
35268,7799.57373046875
35269,6709.89892578125
35270,6496.171875
35271,8655.4267578125
35272,10832.0283203125
35273,7782.17724609375
35274,5900.28173828125
35275,9593.3251953125
35276,10645.626953125
35277,6260.56201171875
35278,7556.138671875
35279,5334.0322265625
35280,7085.8193359375
35281,4685.8115234375
35282,7449.11865234375
35283,5588.798828125
35284,9203.380859375
35285,7798.06494140625
35286,9537.41015625
35287,8356.4111328125
35288,6410.94873046875
35289,9945.427734375
35290,17576.001953125
35291,10514.6767578125
35292,5654.080078125
35293,2826.172607421875
35294,6579.82177734375
35295,7999.3642578125
35296,5985.8974609375
35297,12252.5791015625
35298,18838.76953125
35299,4231.369140625
35300,5549.33251953125
35301,9016.416015625
35302,5267.3671875
35303,7631.7998046875
35304,6689.0966796875
35305,7757.48681640625
35306,4810.69775390625
35307,6872.24658203125
35308,6779.9326171875
35309,7680.04345703125
35310,10679.31640625
35311,6870.92822265625
35312,6587.12939453125
35313,7409.876953125
35314,5732.724609375
35315,5449.4130859375
35316,8597.341796875
35317,6374.8759765625
35318,6069.05322265625
35319,6993.37353515625
35320,6167.68798828125
35321,5805.09765625
35322,7277.78369140625
35323,7521.458984375
35324,9528.3994140625
35325,9207.220703125
35326,8450.3193359375
35327,6236.29638671875
35328,4532.39892578125
35329,6469.02099609375
35330,6034.802734375
35331,6228.8046875
35332,5265.20166015625
35333,9231.5263671875
35334,7426.21337890625
35335,10861.30078125
35336,6842.09521484375
35337,6395.72705078125
35338,5159.287109375
35339,5145.2080078125
35340,10204.19140625
35341,5792.8544921875
35342,8521.3173828125
35343,15123.056640625
35344,8194.794921875
35345,6673.33251953125
35346,6424.3447265625
35347,5013.63427734375
35348,8024.85302734375
35349,4081.033935546875
35350,5731.49267578125
35351,10292.693359375
35352,5320.93408203125
35353,15372.5185546875
35354,12972.443359375
35355,5957.46337890625
35356,8539.609375
35357,5684.8916015625
35358,7026.15625
35359,5775.8994140625
35360,12545.6787109375
35361,7560.70947265625
35362,9599.35546875
35363,4868.5927734375
35364,7736.17041015625
35365,6320.65869140625
35366,9320.4609375
35367,7782.4248046875
35368,7545.3408203125
35369,7145.78076171875
35370,5980.43359375
35371,9026.0361328125
35372,9605.6279296875
35373,6739.56884765625
35374,10198.7294921875
35375,7012.970703125
35376,9354.744140625
35377,5560.28857421875
35378,5958.16552734375
35379,6013.31884765625
35380,10234.3447265625
35381,7019.642578125
35382,8826.2138671875
35383,7000.74462890625
35384,9503.7705078125
35385,4929.64404296875
35386,8939.845703125
35387,7088.5322265625
35388,3954.1025390625
35389,12543.9921875
35390,17383.955078125
35391,7926.55419921875
35392,8131.96826171875
35393,9749.5498046875
35394,10324.23046875
35395,11543.056640625
35396,5891.24365234375
35397,7081.01611328125
35398,6359.4287109375
35399,9560.72265625
35400,4513.00341796875
35401,6343.078125
35402,6093.68212890625
35403,6100.259765625
35404,7213.2001953125
35405,5250.8095703125
35406,4752.26513671875
35407,7883.388671875
35408,4298.53173828125
35409,5642.10791015625
35410,6342.49609375
35411,6053.556640625
35412,10357.39453125
35413,9731.615234375
35414,8125.708984375
35415,6703.4296875
35416,7244.7265625
35417,10900.0986328125
35418,6981.0400390625
35419,6027.83837890625
35420,5415.66650390625
35421,10953.90234375
35422,4514.37255859375
35423,7235.599609375
35424,3303.86865234375
35425,5086.328125
35426,8205.53515625
35427,6755.34716796875
35428,6247.80078125
35429,10681.369140625
35430,10120.755859375
35431,11768.7646484375
35432,6528.2236328125
35433,10954.3046875
35434,2823.0380859375
35435,7220.861328125
35436,7140.3798828125
35437,5462.068359375
35438,9077.955078125
35439,5680.048828125
35440,7701.38720703125
35441,9112.2724609375
35442,11842.3857421875
35443,9808.072265625
35444,6134.41748046875
35445,5697.98583984375
35446,12815.9169921875
35447,9422.623046875
35448,5953.1669921875
35449,6331.02392578125
35450,7679.10107421875
35451,9252.0185546875
35452,5988.90673828125
35453,5547.94677734375
35454,9405.5634765625
35455,8876.75390625
35456,12504.677734375
35457,7472.8857421875
35458,12292.287109375
35459,7623.732421875
35460,5503.822265625
35461,3288.6953125
35462,6480.1650390625
35463,7381.31298828125
35464,6073.31689453125
35465,9000.080078125
35466,5406.33740234375
35467,4675.73974609375
35468,7566.41259765625
35469,3774.04443359375
35470,7452.5712890625
35471,7576.23779296875
35472,8383.28125
35473,9365.1259765625
35474,6180.15625
35475,10040.82421875
35476,6141.0712890625
35477,5927.17041015625
35478,6211.7470703125
35479,5389.3984375
35480,10133.4931640625
35481,6182.2314453125
35482,4774.30810546875
35483,7611.6318359375
35484,10072.5048828125
35485,8502.736328125
35486,6912.10693359375
35487,9078.1962890625
35488,5988.78466796875
35489,5891.3427734375
35490,6660.326171875
35491,10043.1162109375
35492,5490.44189453125
35493,6605.9130859375
35494,6132.078125
35495,6503.8935546875
35496,4189.9365234375
35497,6382.0908203125
35498,9042.482421875
35499,9136.828125
35500,11765.8515625
35501,12795.6416015625
35502,9430.4443359375
35503,8171.02734375
35504,4546.72705078125
35505,10505.48046875
35506,11802.0205078125
35507,8223.0869140625
35508,7625.36767578125
35509,8664.005859375
35510,6638.5166015625
35511,3576.3994140625
35512,9978.486328125
35513,6434.7138671875
35514,7085.001953125
35515,5940.25537109375
35516,3067.848388671875
35517,11691.958984375
35518,6227.36962890625
35519,5594.8486328125
35520,4914.83935546875
35521,5647.76416015625
35522,6771.4765625
35523,8052.060546875
35524,7632.2607421875
35525,5205.3583984375
35526,4873.1650390625
35527,4033.023193359375
35528,3666.43701171875
35529,7832.9404296875
35530,17682.00390625
35531,4204.4033203125
35532,5906.021484375
35533,6891.74560546875
35534,5654.53759765625
35535,4959.03173828125
35536,5371.25634765625
35537,4098.09716796875
35538,7855.86767578125
35539,7722.0146484375
35540,4214.275390625
35541,9749.6806640625
35542,5599.15673828125
35543,5362.23046875
35544,11687.625
35545,8599.8828125
35546,8648.146484375
35547,5991.279296875
35548,6744.47900390625
35549,5218.78271484375
35550,5518.37939453125
35551,14445.66015625
35552,12195.26171875
35553,7871.96142578125
35554,5089.8916015625
35555,6242.72265625
35556,6359.7900390625
35557,4509.14599609375
35558,9772.1181640625
35559,6237.92724609375
35560,6126.384765625
35561,8649.654296875
35562,5470.36083984375
35563,6472.3154296875
35564,7640.00048828125
35565,7953.205078125
35566,8460.0908203125
35567,4628.53662109375
35568,5583.98193359375
35569,7729.38330078125
35570,9312.1796875
35571,8570.1279296875
35572,7725.90966796875
35573,4703.5927734375
35574,8799.6298828125
35575,5896.03759765625
35576,5087.369140625
35577,7224.70751953125
35578,7403.0810546875
35579,6142.8037109375
35580,7289.134765625
35581,6409.75341796875
35582,6244.35546875
35583,5595.47265625
35584,6972.18310546875
35585,7702.1796875
35586,7920.4716796875
35587,11214.8017578125
35588,6677.88916015625
35589,5457.46630859375
35590,12619.4345703125
35591,5221.9033203125
35592,4068.152099609375
35593,8073.66650390625
35594,10025.7744140625
35595,11267.65625
35596,5024.28125
35597,6785.04833984375
35598,6563.8857421875
35599,7111.82470703125
35600,7101.60498046875
35601,8943.9873046875
35602,3707.052001953125
35603,5692.9228515625
35604,6944.17041015625
35605,5275.66943359375
35606,5722.2568359375
35607,7282.10791015625
35608,8782.314453125
35609,6606.263671875
35610,8484.349609375
35611,7641.9375
35612,9238.6611328125
35613,6534.32177734375
35614,6825.84814453125
35615,7088.53369140625
35616,9112.7021484375
35617,9120.0458984375
35618,3928.523681640625
35619,8346.552734375
35620,8332.5810546875
35621,8203.3935546875
35622,5224.25537109375
35623,4113.7109375
35624,9165.28125
35625,6355.26220703125
35626,9157.982421875
35627,7571.3076171875
35628,5522.95556640625
35629,8677.7841796875
35630,5504.4580078125
35631,6871.083984375
35632,8440.7568359375
35633,5804.3818359375
35634,9426.3154296875
35635,11288.517578125
35636,8484.4287109375
35637,4886.78759765625
35638,6390.20458984375
35639,5275.3828125
35640,3560.683349609375
35641,8363.546875
35642,5832.7578125
35643,9949.072265625
35644,5107.56884765625
35645,5947.85888671875
35646,6275.7275390625
35647,8270.5205078125
35648,6104.3037109375
35649,5806.9482421875
35650,6214.4599609375
35651,7557.44189453125
35652,5665.57275390625
35653,7755.9853515625
35654,8361.1767578125
35655,8721.8681640625
35656,8947.791015625
35657,7010.900390625
35658,5999.61328125
35659,4932.349609375
35660,5608.52880859375
35661,11293.1650390625
35662,9058.2802734375
35663,9749.3134765625
35664,15713.126953125
35665,5733.88818359375
35666,5187.38427734375
35667,6870.39794921875
35668,9279.4404296875
35669,10425.0615234375
35670,7860.3544921875
35671,8372.564453125
35672,8321.6865234375
35673,7790.4404296875
35674,7332.66796875
35675,6375.142578125
35676,6133.5400390625
35677,5944.4873046875
35678,4065.35546875
35679,5515.63037109375
35680,8442.2587890625
35681,17821.421875
35682,6926.94873046875
35683,5512.919921875
35684,8307.6875
35685,4757.1103515625
35686,7307.53076171875
35687,4381.2666015625
35688,10356.2099609375
35689,7288.1640625
35690,7118.822265625
35691,13314.2607421875
35692,12590.2333984375
35693,5584.90576171875
35694,7097.0390625
35695,3931.596435546875
35696,4974.19140625
35697,5516.62646484375
35698,9009.904296875
35699,4957.4560546875
35700,5965.27685546875
35701,5501.06591796875
35702,5476.0849609375
35703,7122.24658203125
35704,7404.3701171875
35705,3958.20947265625
35706,7836.376953125
35707,8509.4892578125
35708,7534.1416015625
35709,4937.08740234375
35710,4818.22412109375
35711,8131.4482421875
35712,5027.82861328125
35713,9779.873046875
35714,4744.41064453125
35715,5888.76513671875
35716,7517.06689453125
35717,6153.7626953125
35718,5226.75244140625
35719,6260.4990234375
35720,8268.7724609375
35721,9967.6337890625
35722,10036.8017578125
35723,6276.62548828125
35724,4614.3369140625
35725,5781.61376953125
35726,6788.02490234375
35727,4675.27880859375
35728,6623.57177734375
35729,6566.5087890625
35730,12610.2060546875
35731,8461.7578125
35732,5702.107421875
35733,7386.14599609375
35734,5399.95849609375
35735,9885.8076171875
35736,5419.95849609375
35737,12128.240234375
35738,7170.18603515625
35739,5286.4306640625
35740,5145.87255859375
35741,5052.0791015625
35742,6690.3994140625
35743,22874.271484375
35744,4141.00537109375
35745,5715.29248046875
35746,10874.2421875
35747,6984.88232421875
35748,7068.162109375
35749,8675.6298828125
35750,6530.078125
35751,6171.45654296875
35752,4566.47314453125
35753,10819.173828125
35754,6957.40966796875
35755,7235.76416015625
35756,8470.2626953125
35757,5453.09716796875
35758,8473.6689453125
35759,7622.4189453125
35760,3608.480712890625
35761,8822.669921875
35762,10490.4658203125
35763,4440.64501953125
35764,7974.53759765625
35765,8000.16259765625
35766,5818.20361328125
35767,10030.98828125
35768,7250.60302734375
35769,8018.1279296875
35770,4761.37841796875
35771,5147.57421875
35772,6810.17626953125
35773,4602.44873046875
35774,8510.892578125
35775,3935.028564453125
35776,5992.94580078125
35777,4625.75439453125
35778,6457.49755859375
35779,5661.8681640625
35780,7084.49658203125
35781,7716.826171875
35782,8813.5859375
35783,6396.26611328125
35784,7369.0166015625
35785,6075.91259765625
35786,8954.796875
35787,9758.51953125
35788,7076.98193359375
35789,4344.60546875
35790,6405.5634765625
35791,7316.919921875
35792,4309.28955078125
35793,12858.6650390625
35794,6290.783203125
35795,7909.85205078125
35796,10520.296875
35797,7084.7265625
35798,4451.55419921875
35799,14968.9873046875
35800,10650.875
35801,6216.60009765625
35802,9484.2841796875
35803,9755.1318359375
35804,7145.77978515625
35805,5025.8193359375
35806,7348.86474609375
35807,5784.29443359375
35808,7181.19580078125
35809,7389.60693359375
35810,4989.9638671875
35811,7456.10546875
35812,8061.05859375
35813,6772.4560546875
35814,8536.9033203125
35815,6140.458984375
35816,6849.19873046875
35817,5299.740234375
35818,8398.865234375
35819,7112.19677734375
35820,6408.107421875
35821,6426.57275390625
35822,8050.73046875
35823,9768.3740234375
35824,6369.39111328125
35825,5579.66796875
35826,6926.8173828125
35827,7553.2734375
35828,7483.4521484375
35829,5090.841796875
35830,5457.4033203125
35831,7591.33056640625
35832,7174.14599609375
35833,5860.681640625
35834,8626.1474609375
35835,6667.63134765625
35836,6681.01708984375
35837,5067.44873046875
35838,2953.702880859375
35839,8589.326171875
35840,7043.6162109375
35841,6963.2158203125
35842,9205.1845703125
35843,8103.81201171875
35844,4998.26708984375
35845,8189.18603515625
35846,4022.483154296875
35847,2406.317626953125
35848,7568.75439453125
35849,10539.1708984375
35850,7365.69775390625
35851,7230.2109375
35852,5001.53173828125
35853,6192.1435546875
35854,8229.9833984375
35855,6584.736328125
35856,7118.80712890625
35857,4765.75927734375
35858,4373.53564453125
35859,5735.47412109375
35860,5895.56689453125
35861,5529.68798828125
35862,5331.13427734375
35863,6322.4677734375
35864,4701.4599609375
35865,7918.65673828125
35866,7874.8916015625
35867,5371.1572265625
35868,6189.95849609375
35869,8027.59765625
35870,6064.23876953125
35871,4663.80078125
35872,9120.6435546875
35873,7383.9560546875
35874,6037.80224609375
35875,3877.204345703125
35876,12257.4462890625
35877,7048.10009765625
35878,5992.09033203125
35879,8469.115234375
35880,8140.4765625
35881,7407.3212890625
35882,6456.40966796875
35883,7663.57421875
35884,10221.8544921875
35885,13466.81640625
35886,5647.134765625
35887,4858.88916015625
35888,5473.10986328125
35889,6277.94140625
35890,6649.74755859375
35891,8249.1484375
35892,8849.8642578125
35893,7103.38671875
35894,4426.2919921875
35895,6322.4384765625
35896,11866.3466796875
35897,5746.01513671875
35898,8064.11572265625
35899,4209.18505859375
35900,7050.78759765625
35901,8022.49560546875
35902,7264.24462890625
35903,8268.4248046875
35904,7118.24853515625
35905,5133.38671875
35906,6553.970703125
35907,7870.05810546875
35908,8912.7763671875
35909,7413.58740234375
35910,8903.095703125
35911,6486.70068359375
35912,4410.51513671875
35913,9987.0556640625
35914,4568.1142578125
35915,8901.05859375
35916,6709.34423828125
35917,5238.04052734375
35918,6602.26513671875
35919,6016.21484375
35920,7087.25634765625
35921,8715.6708984375
35922,3796.962890625
35923,4202.10205078125
35924,8290.8330078125
35925,9092.966796875
35926,10651.80859375
35927,6598.51171875
35928,5902.8935546875
35929,6643.65966796875
35930,7060.03564453125
35931,5287.80908203125
35932,10552.9716796875
35933,9359.8876953125
35934,12972.83984375
35935,5119.60546875
35936,6145.08154296875
35937,11016.3466796875
35938,10533.2568359375
35939,5565.76123046875
35940,10687.3232421875
35941,6465.83837890625
35942,7118.9912109375
35943,5840.63525390625
35944,5583.7724609375
35945,5102.7744140625
35946,6233.64404296875
35947,5049.7353515625
35948,4884.736328125
35949,10033.1708984375
35950,6807.88818359375
35951,24831.28125
35952,7592.62255859375
35953,3852.888671875
35954,8256.9306640625
35955,10487.8642578125
35956,7296.25390625
35957,7554.15283203125
35958,5457.80810546875
35959,7372.2666015625
35960,7988.28076171875
35961,5500.39990234375
35962,5375.94873046875
35963,7423.724609375
35964,8128.7373046875
35965,6934.7705078125
35966,9644.4501953125
35967,6328.37646484375
35968,4881.11572265625
35969,5901.94189453125
35970,9847.6357421875
35971,10961.0341796875
35972,9393.982421875
35973,7793.353515625
35974,5210.01220703125
35975,6818.537109375
35976,4356.1435546875
35977,7679.6591796875
35978,10937.5654296875
35979,9560.548828125
35980,5434.38525390625
35981,5400.4873046875
35982,4677.43017578125
35983,5610.64453125
35984,10702.435546875
35985,6425.36962890625
35986,4931.79833984375
35987,5477.26513671875
35988,7342.3173828125
35989,3212.9599609375
35990,7474.71923828125
35991,4357.44775390625
35992,7170.86474609375
35993,7010.0537109375
35994,6724.05712890625
35995,8033.81494140625
35996,6236.541015625
35997,5533.99609375
35998,6526.21240234375
35999,7773.74365234375
36000,12178.3466796875
36001,6377.79443359375
36002,8552.029296875
36003,7637.8154296875
36004,10058.1005859375
36005,6589.32861328125
36006,9334.794921875
36007,4722.783203125
36008,4565.5224609375
36009,5987.55029296875
36010,6452.06689453125
36011,9326.947265625
36012,7562.9794921875
36013,5680.93798828125
36014,7723.82080078125
36015,6409.1708984375
36016,10230.130859375
36017,3582.11474609375
36018,13064.15625
36019,5188.025390625
36020,6046.60595703125
36021,8351.96875
36022,4729.36767578125
36023,6663.42041015625
36024,5872.48095703125
36025,7406.248046875
36026,5606.87109375
36027,5476.10888671875
36028,7820.65625
36029,7595.62353515625
36030,7466.271484375
36031,4778.341796875
36032,7173.71240234375
36033,12220.4482421875
36034,6357.634765625
36035,5432.52978515625
36036,7281.66796875
36037,6187.05615234375
36038,5806.20556640625
36039,7710.43017578125
36040,3248.885498046875
36041,8396.11328125
36042,6073.46435546875
36043,7050.60009765625
36044,9994.1552734375
36045,3885.36279296875
36046,5458.29150390625
36047,5260.60400390625
36048,8469.3876953125
36049,8386.005859375
36050,4602.11181640625
36051,4316.33251953125
36052,7027.80908203125
36053,6037.99658203125
36054,5969.41845703125
36055,7325.21240234375
36056,6432.6181640625
36057,7481.9814453125
36058,5337.40576171875
36059,4428.78955078125
36060,6439.99072265625
36061,8291.54296875
36062,8502.2529296875
36063,8334.6884765625
36064,7825.98291015625
36065,5344.97021484375
36066,9841.6962890625
36067,5614.30517578125
36068,6776.2861328125
36069,9123.3466796875
36070,6511.48583984375
36071,10061.865234375
36072,8826.638671875
36073,7595.2451171875
36074,5907.3037109375
36075,7033.50146484375
36076,8468.748046875
36077,6964.51220703125
36078,3538.2353515625
36079,6806.6884765625
36080,7966.00927734375
36081,6133.6103515625
36082,4172.486328125
36083,8276.130859375
36084,6696.9033203125
36085,5490.0703125
36086,5835.65283203125
36087,4999.8388671875
36088,7581.84423828125
36089,6950.37939453125
36090,7213.05322265625
36091,5742.0068359375
36092,5506.46728515625
36093,6290.70361328125
36094,5126.1875
36095,6290.9892578125
36096,6016.07763671875
36097,8729.6767578125
36098,7606.82666015625
36099,6551.36083984375
36100,12060.23046875
36101,5398.1533203125
36102,5234.37646484375
36103,10370.4697265625
36104,7015.94921875
36105,8770.9599609375
36106,7355.53173828125
36107,5492.36328125
36108,6587.22119140625
36109,5788.37646484375
36110,8556.0498046875
36111,11543.640625
36112,8794.5341796875
36113,3684.35693359375
36114,4602.21630859375
36115,8055.93017578125
36116,8180.73876953125
36117,6999.939453125
36118,7170.97900390625
36119,5036.3154296875
36120,4805.88232421875
36121,3523.607421875
36122,5221.66943359375
36123,6288.736328125
36124,7480.8701171875
36125,6450.6669921875
36126,5921.7744140625
36127,8269.3427734375
36128,10940.1826171875
36129,7502.02734375
36130,5733.2822265625
36131,9203.826171875
36132,9795.3916015625
36133,5929.4638671875
36134,7259.265625
36135,5179.1318359375
36136,6699.41357421875
36137,4289.11328125
36138,7537.88916015625
36139,5491.56494140625
36140,9373.9404296875
36141,7525.2587890625
36142,9254.8720703125
36143,8668.97265625
36144,6168.77099609375
36145,9083.5009765625
36146,19035.525390625
36147,10316.55859375
36148,6099.20166015625
36149,2584.628173828125
36150,6009.27783203125
36151,8219.806640625
36152,5325.67529296875
36153,12164.7568359375
36154,16686.513671875
36155,4004.48388671875
36156,5608.9677734375
36157,10820.1953125
36158,4762.20458984375
36159,7982.12841796875
36160,6458.17529296875
36161,7495.26171875
36162,4366.4755859375
36163,5992.7529296875
36164,6059.810546875
36165,7778.74365234375
36166,10044.8681640625
36167,6619.265625
36168,6217.9560546875
36169,7441.341796875
36170,5206.9326171875
36171,4621.134765625
36172,8050.24462890625
36173,6138.41796875
36174,5936.94677734375
36175,6721.4775390625
36176,6238.48583984375
36177,6155.28759765625
36178,7305.84228515625
36179,7102.5859375
36180,8565.8271484375
36181,8909.9736328125
36182,8018.61572265625
36183,5692.25634765625
36184,4420.1005859375
36185,6822.8193359375
36186,5853.298828125
36187,5953.65283203125
36188,4903.22119140625
36189,9230.8408203125
36190,7710.9814453125
36191,10495.9462890625
36192,6960.7138671875
36193,5949.267578125
36194,5102.0888671875
36195,4935.5771484375
36196,10220.4560546875
36197,4823.06591796875
36198,7616.552734375
36199,16664.73828125
36200,7847.37939453125
36201,7762.4365234375
36202,6140.833984375
36203,4844.021484375
36204,7026.58251953125
36205,3919.967529296875
36206,6103.1005859375
36207,10793.7353515625
36208,5306.185546875
36209,15908.291015625
36210,13901.8154296875
36211,5114.58544921875
36212,7817.54052734375
36213,5653.185546875
36214,6696.876953125
36215,5559.6357421875
36216,11854.5166015625
36217,7444.599609375
36218,9792.173828125
36219,5025.8173828125
36220,7390.38720703125
36221,5870.36669921875
36222,8918.294921875
36223,7428.92529296875
36224,5997.021484375
36225,6887.26025390625
36226,5999.74755859375
36227,8352.6689453125
36228,10088.607421875
36229,6063.5087890625
36230,9954.5869140625
36231,6478.037109375
36232,9974.8271484375
36233,5375.751953125
36234,5638.50146484375
36235,5861.2421875
36236,9835.3720703125
36237,6571.8076171875
36238,9064.8623046875
36239,6803.5859375
36240,8649.1201171875
36241,4300.8466796875
36242,8390.1943359375
36243,7285.5126953125
36244,3793.027099609375
36245,12727.2529296875
36246,18150.962890625
36247,7045.64892578125
36248,7332.3466796875
36249,9536.37109375
36250,10267.4423828125
36251,11641.009765625
36252,5929.14404296875
36253,7004.91650390625
36254,6034.54833984375
36255,8918.37890625
36256,4340.1025390625
36257,6367.12939453125
36258,5422.50537109375
36259,5744.3310546875
36260,6908.13330078125
36261,5306.04638671875
36262,4375.39990234375
36263,7193.59716796875
36264,4226.4912109375
36265,4833.4267578125
36266,6349.7744140625
36267,5898.455078125
36268,9591.9580078125
36269,8944.0302734375
36270,8278.4736328125
36271,6340.85009765625
36272,7025.3154296875
36273,11526.4814453125
36274,7003.17333984375
36275,5131.37060546875
36276,5486.02734375
36277,10832.599609375
36278,4120.787109375
36279,6876.9150390625
36280,3219.9794921875
36281,5029.2490234375
36282,8584.7958984375
36283,6483.27001953125
36284,5538.083984375
36285,9312.0
36286,9984.5791015625
36287,12580.3134765625
36288,6650.7841796875
36289,10045.27734375
36290,2611.786376953125
36291,6252.6201171875
36292,6473.55517578125
36293,4709.22021484375
36294,8505.607421875
36295,5547.30419921875
36296,7783.2373046875
36297,8746.517578125
36298,12188.5029296875
36299,10996.9453125
36300,5861.08837890625
36301,5366.837890625
36302,13905.109375
36303,8670.732421875
36304,6761.4736328125
36305,5826.8818359375
36306,7003.85302734375
36307,9848.279296875
36308,5827.6806640625
36309,5672.96240234375
36310,8725.4658203125
36311,8097.1591796875
36312,13857.5634765625
36313,7187.91015625
36314,12445.576171875
36315,7229.12841796875
36316,5541.69482421875
36317,3750.431884765625
36318,6020.56689453125
36319,6457.3740234375
36320,5985.24267578125
36321,7480.716796875
36322,4927.4052734375
36323,5451.26318359375
36324,7593.50537109375
36325,3363.91064453125
36326,7467.55126953125
36327,7081.85595703125
36328,8468.5361328125
36329,9086.2841796875
36330,5720.9599609375
36331,9260.333984375
36332,5879.84716796875
36333,5647.716796875
36334,5536.40966796875
36335,5153.27734375
36336,10632.228515625
36337,6420.71240234375
36338,5137.6572265625
36339,7321.76806640625
36340,9568.8759765625
36341,8302.693359375
36342,6420.09619140625
36343,8413.599609375
36344,5788.18798828125
36345,5224.83740234375
36346,6286.47705078125
36347,8996.62890625
36348,6952.43310546875
36349,7015.75390625
36350,5691.2353515625
36351,6062.42041015625
36352,4110.3046875
36353,6076.17529296875
36354,8514.154296875
36355,9613.166015625
36356,11257.2685546875
36357,12304.5302734375
36358,8886.95703125
36359,8109.5751953125
36360,4592.86474609375
36361,10571.8701171875
36362,11346.271484375
36363,6575.3330078125
36364,8310.2861328125
36365,8397.3603515625
36366,6365.013671875
36367,3834.1728515625
36368,9492.923828125
36369,6992.6484375
36370,7028.65185546875
36371,5799.78173828125
36372,2831.533935546875
36373,12091.6572265625
36374,6410.173828125
36375,5101.65087890625
36376,4313.9541015625
36377,5056.6064453125
36378,6826.9287109375
36379,8202.3662109375
36380,7396.72216796875
36381,5228.06591796875
36382,4506.42333984375
36383,4360.99609375
36384,3712.3857421875
36385,7076.82958984375
36386,17657.5234375
36387,4709.64306640625
36388,5842.13037109375
36389,6911.50341796875
36390,5424.5634765625
36391,4910.36669921875
36392,4996.94287109375
36393,4195.43115234375
36394,6934.5849609375
36395,7774.21435546875
36396,3935.90234375
36397,8997.455078125
36398,5284.94482421875
36399,5133.47998046875
36400,11105.6884765625
36401,7882.16357421875
36402,9417.7314453125
36403,5821.3173828125
36404,7118.54638671875
36405,4825.85595703125
36406,5479.44287109375
36407,15116.75
36408,11389.681640625
36409,7257.4248046875
36410,5331.93603515625
36411,5784.18408203125
36412,5620.2578125
36413,5153.494140625
36414,11445.037109375
36415,5789.63916015625
36416,5940.32763671875
36417,8368.298828125
36418,4836.376953125
36419,6404.34130859375
36420,7822.48291015625
36421,7259.80322265625
36422,8284.908203125
36423,4675.908203125
36424,5502.4140625
36425,6296.923828125
36426,9488.060546875
36427,7869.173828125
36428,7091.24609375
36429,4578.7626953125
36430,8041.2509765625
36431,6467.96875
36432,5291.95263671875
36433,6836.7666015625
36434,7183.26025390625
36435,6310.15087890625
36436,6771.66357421875
36437,6292.86376953125
36438,6037.18310546875
36439,5610.4111328125
36440,6783.97119140625
36441,7130.14697265625
36442,7094.8349609375
36443,11196.201171875
36444,6202.294921875
36445,4922.802734375
36446,11974.001953125
36447,5759.51025390625
36448,4406.6728515625
36449,7611.03173828125
36450,8821.7373046875
36451,11785.703125
36452,5025.1943359375
36453,5960.7353515625
36454,6114.43896484375
36455,7176.5634765625
36456,6943.296875
36457,8732.0576171875
36458,3359.220947265625
36459,6124.49365234375
36460,6542.0693359375
36461,5360.20361328125
36462,5472.7255859375
36463,6880.32275390625
36464,8332.873046875
36465,6028.43994140625
36466,8594.375
36467,7409.86962890625
36468,8876.31640625
36469,6064.77978515625
36470,6660.81640625
36471,7160.3251953125
36472,9144.580078125
36473,8251.5859375
36474,5182.14306640625
36475,8093.55517578125
36476,7858.546875
36477,7991.650390625
36478,5614.9423828125
36479,4266.10400390625
36480,9359.8388671875
36481,6187.41650390625
36482,8744.9130859375
36483,7281.90283203125
36484,5783.15966796875
36485,8058.1591796875
36486,7143.919921875
36487,6962.8974609375
36488,8191.06396484375
36489,6101.01806640625
36490,9267.15234375
36491,10933.349609375
36492,8242.18359375
36493,4401.4677734375
36494,6106.87841796875
36495,4950.669921875
36496,3387.153076171875
36497,8397.4072265625
36498,5496.82177734375
36499,9298.7568359375
36500,4685.26220703125
36501,5745.48486328125
36502,5994.8291015625
36503,8988.0869140625
36504,5196.95068359375
36505,5148.77587890625
36506,5903.4111328125
36507,7271.369140625
36508,5902.9130859375
36509,7647.29296875
36510,7817.939453125
36511,9173.765625
36512,8588.208984375
36513,6862.81640625
36514,5711.833984375
36515,4634.54345703125
36516,5195.2548828125
36517,10364.248046875
36518,9319.0830078125
36519,10365.5078125
36520,14080.0419921875
36521,5768.58056640625
36522,5022.953125
36523,7074.09814453125
36524,8572.2451171875
36525,9981.7939453125
36526,7310.966796875
36527,8169.44775390625
36528,7893.67822265625
36529,7459.1279296875
36530,7135.54736328125
36531,5904.85693359375
36532,5549.4033203125
36533,5635.2109375
36534,4199.30712890625
36535,5558.14892578125
36536,8769.810546875
36537,16885.740234375
36538,6629.06494140625
36539,5585.861328125
36540,8070.75
36541,4610.8330078125
36542,6976.88037109375
36543,4352.2373046875
36544,10507.1591796875
36545,6683.76513671875
36546,6366.10205078125
36547,13535.330078125
36548,10556.962890625
36549,5841.18994140625
36550,7227.4365234375
36551,3905.535400390625
36552,4906.85595703125
36553,5305.61083984375
36554,8545.1552734375
36555,4424.47412109375
36556,5364.39501953125
36557,5802.3935546875
36558,5911.326171875
36559,6570.87255859375
36560,7494.95654296875
36561,3813.15771484375
36562,6902.39892578125
36563,8250.291015625
36564,7741.998046875
36565,4524.4375
36566,4496.68115234375
36567,8109.43603515625
36568,4658.125
36569,9630.5654296875
36570,4662.74072265625
36571,5762.1640625
36572,6970.498046875
36573,6035.7529296875
36574,4857.267578125
36575,6228.4453125
36576,8002.95263671875
36577,9384.7392578125
36578,9906.875
36579,5730.822265625
36580,4545.17041015625
36581,5976.119140625
36582,5896.74951171875
36583,4640.3701171875
36584,6484.8876953125
36585,6345.45361328125
36586,12203.265625
36587,8555.453125
36588,5059.34814453125
36589,7604.1689453125
36590,5360.57470703125
36591,9346.0302734375
36592,5761.50341796875
36593,13075.2294921875
36594,6658.076171875
36595,5582.42431640625
36596,4730.6435546875
36597,4407.20947265625
36598,6693.79931640625
36599,19305.826171875
36600,3754.263427734375
36601,4819.76220703125
36602,10505.833984375
36603,5873.43896484375
36604,6883.7392578125
36605,8186.5302734375
36606,6240.4462890625
36607,5196.7216796875
36608,4633.99169921875
36609,10310.8876953125
36610,6688.52001953125
36611,6858.5703125
36612,7814.41943359375
36613,5100.39306640625
36614,7918.52734375
36615,6606.826171875
36616,3768.389404296875
36617,8364.6796875
36618,9403.2568359375
36619,4691.10546875
36620,7718.76416015625
36621,7439.2421875
36622,5372.498046875
36623,9240.5419921875
36624,6661.87060546875
36625,7741.0986328125
36626,4538.35205078125
36627,5109.90966796875
36628,6665.142578125
36629,4881.07177734375
36630,8287.8466796875
36631,4024.2099609375
36632,5887.7470703125
36633,4703.26806640625
36634,6076.49853515625
36635,6382.3056640625
36636,6729.115234375
36637,7455.2275390625
36638,8196.341796875
36639,6142.771484375
36640,7108.51318359375
36641,6537.86962890625
36642,7760.103515625
36643,9430.068359375
36644,7817.01171875
36645,3623.559814453125
36646,6114.716796875
36647,7131.06689453125
36648,4677.32080078125
36649,12095.958984375
36650,5819.921875
36651,8344.3603515625
36652,10592.423828125
36653,7236.5224609375
36654,3997.300048828125
36655,14456.4794921875
36656,10260.3701171875
36657,6018.03369140625
36658,9622.04296875
36659,10204.6689453125
36660,6053.0888671875
36661,5096.31005859375
36662,6620.77197265625
36663,5621.4755859375
36664,6703.09130859375
36665,7081.626953125
36666,4578.837890625
36667,7103.10302734375
36668,7047.02099609375
36669,6435.24365234375
36670,8454.318359375
36671,6189.6484375
36672,7178.78076171875
36673,5492.3330078125
36674,7468.49951171875
36675,6530.30517578125
36676,6517.9521484375
36677,7127.89306640625
36678,7610.29541015625
36679,9663.2080078125
36680,5648.287109375
36681,5546.4189453125
36682,6709.21533203125
36683,7028.40380859375
36684,7486.6884765625
36685,4550.56689453125
36686,4975.70849609375
36687,7277.20703125
36688,6941.98681640625
36689,5660.14111328125
36690,8189.77685546875
36691,5950.42626953125
36692,6919.33251953125
36693,4712.1865234375
36694,3905.755859375
36695,8286.7373046875
36696,6278.4326171875
36697,6773.9912109375
36698,9637.0341796875
36699,8782.1533203125
36700,4916.76806640625
36701,8753.0234375
36702,4067.520263671875
36703,2687.671630859375
36704,7590.703125
36705,10492.9541015625
36706,8022.37890625
36707,6929.3349609375
36708,4743.27587890625
36709,6029.71435546875
36710,8640.822265625
36711,6667.4208984375
36712,7624.5341796875
36713,4852.82763671875
36714,4340.66162109375
36715,5077.763671875
36716,5465.4775390625
36717,5039.3134765625
36718,5206.42919921875
36719,5300.85595703125
36720,4477.34423828125
36721,7448.4853515625
36722,7409.60693359375
36723,4934.0380859375
36724,6079.384765625
36725,7368.23388671875
36726,6152.025390625
36727,4934.86279296875
36728,8699.787109375
36729,6549.05322265625
36730,5954.26416015625
36731,3785.4658203125
36732,11507.5771484375
36733,6560.689453125
36734,5675.0078125
36735,7932.63525390625
36736,7710.775390625
36737,7496.04638671875
36738,6041.57958984375
36739,7527.77197265625
36740,9025.328125
36741,13224.474609375
36742,5091.0439453125
36743,5094.18359375
36744,5289.07568359375
36745,6958.9501953125
36746,5784.966796875
36747,8607.0234375
36748,8962.0810546875
36749,6540.9892578125
36750,4567.36083984375
36751,6827.07470703125
36752,12677.775390625
36753,4952.4833984375
36754,7930.39599609375
36755,4302.16015625
36756,7024.12353515625
36757,8451.3974609375
36758,7082.95751953125
36759,8341.0703125
36760,6820.16845703125
36761,4575.28857421875
36762,6492.865234375
36763,7148.73388671875
36764,8714.7412109375
36765,7064.40185546875
36766,8283.3623046875
36767,6872.27001953125
36768,3901.93505859375
36769,9768.4189453125
36770,4247.05322265625
36771,8709.123046875
36772,5821.7939453125
36773,4971.68310546875
36774,6717.53662109375
36775,6222.30810546875
36776,6788.302734375
36777,8621.498046875
36778,4420.228515625
36779,4277.99755859375
36780,8648.7138671875
36781,9172.2607421875
36782,9876.8046875
36783,5980.57763671875
36784,5764.68505859375
36785,6823.5126953125
36786,6666.8056640625
36787,4932.76171875
36788,9466.1875
36789,8901.1474609375
36790,12449.830078125
36791,4754.7158203125
36792,5676.47509765625
36793,10176.109375
36794,10387.400390625
36795,5227.7412109375
36796,10358.7109375
36797,6213.96240234375
36798,6062.154296875
36799,5376.44580078125
36800,5113.16455078125
36801,5308.49951171875
36802,5659.11572265625
36803,4567.9931640625
36804,4595.29541015625
36805,9484.70703125
36806,6966.48193359375
36807,24023.5390625
36808,7398.77001953125
36809,5031.22021484375
36810,8423.087890625
36811,10445.5927734375
36812,6760.642578125
36813,7852.05029296875
36814,5387.0234375
36815,8393.783203125
36816,9312.5048828125
36817,5949.22119140625
36818,6064.17041015625
36819,6989.61865234375
36820,8454.1298828125
36821,7107.7080078125
36822,9315.6005859375
36823,6516.0029296875
36824,5014.06640625
36825,6475.51806640625
36826,11009.2763671875
36827,11173.30078125
36828,10958.9140625
36829,8350.3505859375
36830,5460.7060546875
36831,7023.30029296875
36832,4640.0234375
36833,7597.46435546875
36834,10722.96875
36835,10539.681640625
36836,6506.60302734375
36837,7086.7880859375
36838,5012.71142578125
36839,6200.68505859375
36840,11844.87109375
36841,7091.94482421875
36842,5214.54052734375
36843,6146.33935546875
36844,8187.78076171875
36845,3054.068359375
36846,8260.3642578125
36847,5048.92236328125
36848,7374.54736328125
36849,7125.27734375
36850,6649.36181640625
36851,8159.7109375
36852,6899.50341796875
36853,6357.61669921875
36854,6941.4921875
36855,8098.86376953125
36856,12599.8828125
36857,6614.09716796875
36858,9213.9765625
36859,8702.1650390625
36860,11290.376953125
36861,7150.64501953125
36862,10351.9404296875
36863,5138.03564453125
36864,4598.77392578125
36865,6969.6787109375
36866,6091.646484375
36867,9835.0234375
36868,7789.48876953125
36869,5851.93701171875
36870,7692.6240234375
36871,6928.9658203125
36872,9528.1845703125
36873,3860.166015625
36874,14791.955078125
36875,5045.96533203125
36876,6086.08837890625
36877,9390.5888671875
36878,5434.73828125
36879,7021.982421875
36880,6071.98779296875
36881,7879.90478515625
36882,5554.8818359375
36883,6307.6171875
36884,8325.5234375
36885,8137.47314453125
36886,8598.375
36887,5536.0390625
36888,7404.64990234375
36889,12127.8740234375
36890,6585.53173828125
36891,5179.8916015625
36892,7778.76416015625
36893,6319.95703125
36894,6490.08984375
36895,8054.00537109375
36896,3409.748779296875
36897,8512.822265625
36898,6667.55615234375
36899,7660.7705078125
36900,10335.9658203125
36901,4495.83740234375
36902,5715.8447265625
36903,5848.55078125
36904,9150.90625
36905,8683.58203125
36906,5621.52685546875
36907,4778.9052734375
36908,7255.50732421875
36909,6378.578125
36910,6380.3369140625
36911,7697.01171875
36912,6873.109375
36913,8348.787109375
36914,5919.25634765625
36915,5065.6630859375
36916,7166.89697265625
36917,8574.30078125
36918,8966.0078125
36919,8327.615234375
36920,8515.34765625
36921,6024.74951171875
36922,9874.8681640625
36923,6311.630859375
36924,7314.55810546875
36925,9744.6025390625
36926,6702.89404296875
36927,10323.5576171875
36928,9737.65625
36929,7949.73583984375
36930,6185.013671875
36931,7202.0263671875
36932,8836.8759765625
36933,7092.88720703125
36934,3849.0205078125
36935,6861.96923828125
36936,8876.7568359375
36937,6882.576171875
36938,4794.76025390625
36939,8641.134765625
36940,7212.17138671875
36941,6026.203125
36942,6201.8681640625
36943,5350.25830078125
36944,8018.275390625
36945,7348.13427734375
36946,7598.59716796875
36947,6053.525390625
36948,5960.314453125
36949,6763.07421875
36950,5570.90185546875
36951,6346.5693359375
36952,6372.65673828125
36953,9421.0673828125
36954,8237.9677734375
36955,7272.0400390625
36956,12193.2978515625
36957,6790.3896484375
36958,5446.771484375
36959,11083.349609375
36960,7934.56884765625
36961,8977.6005859375
36962,8179.9453125
36963,5607.27734375
36964,6580.6884765625
36965,5554.80419921875
36966,8276.9912109375
36967,12508.23828125
36968,7809.84716796875
36969,4331.31787109375
36970,5517.1494140625
36971,8685.8544921875
36972,9387.95703125
36973,7603.1494140625
36974,7554.888671875
36975,5112.65869140625
36976,5230.40380859375
36977,3668.875
36978,5605.20654296875
36979,6430.53173828125
36980,7957.15380859375
36981,6906.5595703125
36982,6349.55859375
36983,8716.21484375
36984,11432.197265625
36985,7755.1787109375
36986,5915.75732421875
36987,9940.423828125
36988,11367.2998046875
36989,6305.4873046875
36990,8065.2333984375
36991,5400.01806640625
36992,7436.4208984375
36993,4398.82080078125
36994,8695.400390625
36995,6290.74560546875
36996,9413.125
36997,7766.06396484375
36998,9973.2802734375
36999,9533.701171875
37000,6026.91552734375
37001,9879.091796875
37002,19763.8671875
37003,11364.06640625
37004,6959.6796875
37005,3354.054931640625
37006,6720.63525390625
37007,9624.0703125
37008,5397.46142578125
37009,12360.90625
37010,18593.2265625
37011,4159.91796875
37012,5962.21142578125
37013,9298.6005859375
37014,5542.6064453125
37015,8597.07421875
37016,6804.20458984375
37017,7918.2177734375
37018,5065.38330078125
37019,6944.79052734375
37020,6661.443359375
37021,7848.66259765625
37022,10358.634765625
37023,7025.25634765625
37024,6050.9697265625
37025,7528.43017578125
37026,6318.47802734375
37027,5150.14404296875
37028,8832.8310546875
37029,6262.07568359375
37030,6327.41845703125
37031,7578.75390625
37032,6350.1943359375
37033,6891.2490234375
37034,7846.375
37035,7628.3603515625
37036,8769.53515625
37037,9354.2138671875
37038,8446.72265625
37039,5694.0
37040,4757.20166015625
37041,7510.29931640625
37042,6274.70703125
37043,6847.98583984375
37044,5278.86328125
37045,10001.708984375
37046,8066.1767578125
37047,11122.3056640625
37048,7532.19677734375
37049,5944.80517578125
37050,5235.1435546875
37051,4548.65185546875
37052,10344.390625
37053,5416.2724609375
37054,7959.72314453125
37055,16116.0048828125
37056,8067.90576171875
37057,7010.0498046875
37058,5686.46044921875
37059,5471.4130859375
37060,7283.35400390625
37061,4623.0556640625
37062,6537.212890625
37063,10565.5478515625
37064,5336.64501953125
37065,16230.876953125
37066,14920.46875
37067,5429.70068359375
37068,9017.2158203125
37069,5945.5625
37070,7001.81640625
37071,5906.77099609375
37072,12582.8603515625
37073,7662.82080078125
37074,10154.1708984375
37075,5317.02490234375
37076,7853.705078125
37077,5953.35693359375
37078,9668.8857421875
37079,7747.82568359375
37080,5971.82763671875
37081,7112.57958984375
37082,6821.90625
37083,8392.31640625
37084,9385.6455078125
37085,6575.43310546875
37086,10585.689453125
37087,6527.6240234375
37088,10880.7421875
37089,5806.45361328125
37090,6426.91650390625
37091,5793.18701171875
37092,10410.833984375
37093,6810.10546875
37094,8304.30078125
37095,7428.94189453125
37096,9546.5888671875
37097,4796.24169921875
37098,8593.3486328125
37099,7005.4580078125
37100,4043.634033203125
37101,14040.697265625
37102,17896.984375
37103,7800.7841796875
37104,7736.0615234375
37105,10758.9951171875
37106,10613.583984375
37107,11574.0302734375
37108,6053.00439453125
37109,7300.11962890625
37110,6011.4287109375
37111,9065.630859375
37112,4108.3603515625
37113,6977.97802734375
37114,6058.0498046875
37115,6188.861328125
37116,7481.20068359375
37117,5941.8232421875
37118,5262.1708984375
37119,7863.66455078125
37120,3923.03955078125
37121,5420.005859375
37122,6719.26953125
37123,7241.60986328125
37124,9937.0029296875
37125,9216.470703125
37126,8666.8828125
37127,6761.03955078125
37128,6775.66064453125
37129,11272.2412109375
37130,7548.24072265625
37131,5999.7099609375
37132,5825.9814453125
37133,11424.609375
37134,4244.96142578125
37135,7598.947265625
37136,3286.90478515625
37137,5915.99365234375
37138,9041.181640625
37139,6801.49169921875
37140,6237.0302734375
37141,9587.2138671875
37142,9775.4130859375
37143,13729.9169921875
37144,6351.4072265625
37145,10393.7861328125
37146,2869.845947265625
37147,6072.3046875
37148,6876.3671875
37149,5292.6025390625
37150,8714.7578125
37151,5892.03564453125
37152,7828.54931640625
37153,8946.0439453125
37154,13877.7890625
37155,10359.8046875
37156,6192.8525390625
37157,5913.83154296875
37158,15196.390625
37159,10120.9677734375
37160,6879.80810546875
37161,6349.7548828125
37162,7835.923828125
37163,10144.287109375
37164,6765.54052734375
37165,6046.03662109375
37166,8831.4951171875
37167,9385.7421875
37168,13682.7958984375
37169,7570.15625
37170,13352.138671875
37171,7567.52099609375
37172,5448.0048828125
37173,3860.068115234375
37174,7355.53955078125
37175,7069.552734375
37176,6512.90234375
37177,7381.79541015625
37178,5157.8671875
37179,4705.140625
37180,7486.49365234375
37181,3611.3505859375
37182,7815.7919921875
37183,7540.68017578125
37184,8852.83984375
37185,9530.447265625
37186,6155.16748046875
37187,9465.25390625
37188,6375.2177734375
37189,6406.8349609375
37190,5971.57958984375
37191,6030.3017578125
37192,11293.5576171875
37193,6566.56640625
37194,5768.80029296875
37195,8040.974609375
37196,10257.728515625
37197,8394.3251953125
37198,6891.53955078125
37199,9116.7041015625
37200,6205.912109375
37201,6144.58056640625
37202,6912.70166015625
37203,9016.6669921875
37204,6393.49462890625
37205,6793.29345703125
37206,6036.4736328125
37207,6752.21484375
37208,4448.494140625
37209,6338.2548828125
37210,8568.013671875
37211,9145.8671875
37212,11319.4580078125
37213,12597.6396484375
37214,8636.28515625
37215,8547.216796875
37216,4513.67919921875
37217,11072.3759765625
37218,11199.1298828125
37219,6648.08740234375
37220,8516.5419921875
37221,8929.3193359375
37222,6760.16357421875
37223,3889.423095703125
37224,10379.623046875
37225,7361.234375
37226,7345.15576171875
37227,6018.10888671875
37228,3259.387451171875
37229,12662.4560546875
37230,6372.1708984375
37231,5412.2939453125
37232,4333.8076171875
37233,5605.8955078125
37234,6927.1201171875
37235,9171.3857421875
37236,7876.4404296875
37237,5492.8779296875
37238,5182.7900390625
37239,5252.98486328125
37240,3822.724853515625
37241,7437.24755859375
37242,17549.408203125
37243,5155.32275390625
37244,6204.2568359375
37245,7782.1787109375
37246,5493.4970703125
37247,5608.89013671875
37248,5315.658203125
37249,4981.3603515625
37250,7459.275390625
37251,8045.0615234375
37252,4637.666015625
37253,9621.39453125
37254,5739.61083984375
37255,5670.93603515625
37256,11255.578125
37257,8716.8935546875
37258,9697.2197265625
37259,6186.57666015625
37260,7465.8291015625
37261,5407.22314453125
37262,5870.1806640625
37263,17058.423828125
37264,12686.693359375
37265,7184.9541015625
37266,6331.1806640625
37267,5991.77099609375
37268,5881.57470703125
37269,4726.49169921875
37270,10144.251953125
37271,6953.033203125
37272,6612.1083984375
37273,8506.2978515625
37274,5277.8095703125
37275,6710.7216796875
37276,8126.1494140625
37277,7768.59521484375
37278,7965.396484375
37279,4854.70947265625
37280,5587.98681640625
37281,6956.47900390625
37282,9999.7880859375
37283,8597.626953125
37284,7264.1357421875
37285,4984.09326171875
37286,8722.6953125
37287,6932.6552734375
37288,5054.078125
37289,7079.62744140625
37290,7033.5166015625
37291,6561.13916015625
37292,6959.05029296875
37293,6552.58203125
37294,6294.36865234375
37295,5918.7412109375
37296,6962.26220703125
37297,7164.08740234375
37298,7987.03515625
37299,11168.3544921875
37300,6215.94140625
37301,5539.33837890625
37302,12965.4609375
37303,6211.2861328125
37304,5120.771484375
37305,8014.82177734375
37306,9549.67578125
37307,13617.890625
37308,5392.9658203125
37309,5880.12109375
37310,6757.4521484375
37311,7824.9091796875
37312,6875.5361328125
37313,9299.44921875
37314,3953.612060546875
37315,6989.6328125
37316,7157.859375
37317,5944.68017578125
37318,5914.5771484375
37319,6995.759765625
37320,9414.716796875
37321,5776.998046875
37322,10116.6904296875
37323,8082.220703125
37324,8932.298828125
37325,6670.51220703125
37326,7032.9765625
37327,7545.63916015625
37328,9231.810546875
37329,8906.4541015625
37330,4170.4189453125
37331,8905.1611328125
37332,7547.07177734375
37333,8683.875
37334,5861.55712890625
37335,4545.79052734375
37336,9849.916015625
37337,6535.48583984375
37338,9150.974609375
37339,7538.94677734375
37340,6002.341796875
37341,8113.412109375
37342,7299.65283203125
37343,7357.04345703125
37344,8384.8681640625
37345,6484.6552734375
37346,9500.986328125
37347,11514.5830078125
37348,9247.115234375
37349,4862.4697265625
37350,6664.8603515625
37351,4743.22705078125
37352,3497.4365234375
37353,8946.90625
37354,6077.50537109375
37355,8788.677734375
37356,4984.974609375
37357,6018.8623046875
37358,6403.3134765625
37359,10959.13671875
37360,5901.6494140625
37361,5763.9990234375
37362,6846.82861328125
37363,7779.6494140625
37364,5686.37939453125
37365,8132.7021484375
37366,7750.15576171875
37367,9943.0615234375
37368,8701.236328125
37369,6849.2978515625
37370,5544.94287109375
37371,4951.580078125
37372,5394.2197265625
37373,11307.923828125
37374,10095.7890625
37375,10203.765625
37376,15196.84765625
37377,6209.26025390625
37378,5458.18115234375
37379,7717.49658203125
37380,8722.40625
37381,10754.037109375
37382,8024.59375
37383,8422.955078125
37384,8272.0478515625
37385,8179.71533203125
37386,7625.93505859375
37387,6298.98974609375
37388,6065.35400390625
37389,5516.0595703125
37390,4427.92138671875
37391,5951.29052734375
37392,8917.796875
37393,18494.87109375
37394,6778.7119140625
37395,5651.68994140625
37396,9073.9619140625
37397,4733.26318359375
37398,6937.99267578125
37399,4375.53759765625
37400,10309.05859375
37401,6919.40673828125
37402,6530.9716796875
37403,13113.6396484375
37404,12181.8076171875
37405,5763.90185546875
37406,7285.60205078125
37407,3793.250244140625
37408,5377.78564453125
37409,5692.3837890625
37410,8828.9287109375
37411,5446.5693359375
37412,5846.498046875
37413,6084.09619140625
37414,6431.17626953125
37415,7302.75341796875
37416,8092.40869140625
37417,4035.6318359375
37418,7190.58642578125
37419,8519.32421875
37420,8099.787109375
37421,5528.0263671875
37422,5335.57080078125
37423,8084.560546875
37424,5233.51611328125
37425,9976.7841796875
37426,5225.47509765625
37427,5718.7509765625
37428,7263.349609375
37429,6530.67724609375
37430,5364.3935546875
37431,6992.72412109375
37432,8537.328125
37433,10056.6083984375
37434,10752.1044921875
37435,6199.80810546875
37436,4595.537109375
37437,5797.056640625
37438,6622.103515625
37439,4853.10888671875
37440,6883.03076171875
37441,6767.4580078125
37442,13007.7568359375
37443,8606.3837890625
37444,4880.693359375
37445,8275.7978515625
37446,6004.431640625
37447,9298.7939453125
37448,6140.400390625
37449,14722.1240234375
37450,6869.712890625
37451,5836.9052734375
37452,5226.0732421875
37453,4521.9306640625
37454,7623.0869140625
37455,19753.787109375
37456,4945.36083984375
37457,5215.59326171875
37458,10575.3544921875
37459,7469.66455078125
37460,7790.1376953125
37461,8618.0927734375
37462,7122.2119140625
37463,5977.14208984375
37464,5245.4912109375
37465,10741.73046875
37466,7035.2890625
37467,7188.3505859375
37468,9192.2421875
37469,5580.88671875
37470,8835.2724609375
37471,6592.10107421875
37472,4742.060546875
37473,9071.7744140625
37474,9204.234375
37475,4969.5693359375
37476,7827.67431640625
37477,7382.7353515625
37478,5299.9306640625
37479,9948.6728515625
37480,6871.8447265625
37481,7881.84716796875
37482,4450.82958984375
37483,6008.9326171875
37484,8060.9833984375
37485,4931.90673828125
37486,8185.591796875
37487,5667.87548828125
37488,6056.11376953125
37489,4604.3095703125
37490,6519.294921875
37491,6525.951171875
37492,6851.1123046875
37493,7798.27880859375
37494,8326.40625
37495,6522.185546875
37496,7797.55126953125
37497,7831.5654296875
37498,9481.666015625
37499,9472.912109375
37500,7739.65625
37501,3985.50244140625
37502,6273.6357421875
37503,7272.791015625
37504,5414.05810546875
37505,12480.3994140625
37506,6706.484375
37507,8799.66796875
37508,11550.96484375
37509,6949.173828125
37510,4816.9921875
37511,15288.884765625
37512,10412.5859375
37513,6059.4921875
37514,10239.013671875
37515,9901.490234375
37516,6636.2744140625
37517,5859.3486328125
37518,6999.0224609375
37519,6031.93408203125
37520,6958.77001953125
37521,7670.80517578125
37522,5382.86767578125
37523,8133.8779296875
37524,7994.04541015625
37525,7226.6708984375
37526,8909.24609375
37527,5943.36181640625
37528,7845.12548828125
37529,5193.12744140625
37530,7829.7939453125
37531,7374.22314453125
37532,6015.49755859375
37533,7282.7734375
37534,8248.1953125
37535,9735.5537109375
37536,6159.53125
37537,5955.990234375
37538,7050.53759765625
37539,7412.44873046875
37540,7938.67626953125
37541,4752.5693359375
37542,5443.93701171875
37543,8473.7431640625
37544,7548.0908203125
37545,5615.056640625
37546,8774.052734375
37547,6306.171875
37548,8505.626953125
37549,5629.9501953125
37550,3460.421630859375
37551,8543.337890625
37552,6740.92333984375
37553,7480.162109375
37554,10590.1669921875
37555,10874.41015625
37556,5226.68212890625
37557,7970.927734375
37558,4972.17236328125
37559,3287.03662109375
37560,7985.87744140625
37561,11524.59375
37562,7059.48681640625
37563,7582.177734375
37564,4930.02392578125
37565,6419.2021484375
37566,9903.177734375
37567,7531.83740234375
37568,7987.30712890625
37569,5295.271484375
37570,4377.47314453125
37571,5724.91748046875
37572,5337.6875
37573,5546.40771484375
37574,5607.29345703125
37575,6339.48095703125
37576,4861.02392578125
37577,8015.2177734375
37578,8680.84375
37579,5588.388671875
37580,6311.7373046875
37581,7636.02587890625
37582,6627.14599609375
37583,5442.390625
37584,8938.244140625
37585,7787.6708984375
37586,6108.56103515625
37587,4086.676025390625
37588,12617.9189453125
37589,6747.16015625
37590,6485.32763671875
37591,8537.009765625
37592,9248.564453125
37593,7722.76513671875
37594,6260.65625
37595,7636.99072265625
37596,10093.9775390625
37597,15814.6552734375
37598,5675.986328125
37599,5335.158203125
37600,5259.51416015625
37601,7189.74365234375
37602,6049.5224609375
37603,10697.2998046875
37604,8818.435546875
37605,7123.18310546875
37606,4584.9189453125
37607,6831.63134765625
37608,11592.59765625
37609,5118.1162109375
37610,8194.3701171875
37611,4522.11767578125
37612,7104.48291015625
37613,9316.9765625
37614,7481.98046875
37615,9035.9091796875
37616,7144.87109375
37617,4960.04150390625
37618,5872.775390625
37619,8297.6005859375
37620,9084.3232421875
37621,7693.36474609375
37622,8229.5439453125
37623,7306.220703125
37624,4482.11865234375
37625,10448.8671875
37626,4622.75146484375
37627,9362.5849609375
37628,6007.07568359375
37629,5346.482421875
37630,7439.23974609375
37631,6202.447265625
37632,7801.03466796875
37633,9397.6708984375
37634,4816.96533203125
37635,4342.5107421875
37636,9369.0400390625
37637,9713.6923828125
37638,10574.197265625
37639,6587.98779296875
37640,6307.07275390625
37641,7532.91357421875
37642,6582.4013671875
37643,5428.5693359375
37644,10183.8017578125
37645,8755.5224609375
37646,13234.2109375
37647,5217.5849609375
37648,6497.63623046875
37649,11443.6162109375
37650,10742.9150390625
37651,6032.8359375
37652,9950.294921875
37653,6528.08251953125
37654,6992.61865234375
37655,5169.96435546875
37656,6169.4638671875
37657,5290.29052734375
37658,6567.37158203125
37659,5417.43115234375
37660,5115.2294921875
37661,10475.9013671875
37662,6296.9052734375
37663,24166.6640625
37664,7919.2099609375
37665,4466.7060546875
37666,8522.7607421875
37667,11507.9765625
37668,6940.43798828125
37669,8255.8115234375
37670,6026.345703125
37671,7720.8779296875
37672,8409.4208984375
37673,5470.07421875
37674,5954.0302734375
37675,6885.455078125
37676,8701.78125
37677,7408.56591796875
37678,9043.111328125
37679,7064.56201171875
37680,4513.0166015625
37681,6916.44384765625
37682,10911.6806640625
37683,11240.0029296875
37684,11835.1806640625
37685,8541.9765625
37686,6262.76806640625
37687,6552.79931640625
37688,4400.30810546875
37689,7941.65869140625
37690,11578.580078125
37691,10217.2392578125
37692,6342.34423828125
37693,6118.3505859375
37694,4953.08203125
37695,5244.95654296875
37696,11302.8935546875
37697,7436.333984375
37698,4798.55078125
37699,6642.7392578125
37700,7590.86279296875
37701,3233.929443359375
37702,7888.6123046875
37703,4618.49755859375
37704,6938.7548828125
37705,6803.81298828125
37706,6478.11962890625
37707,7542.5107421875
37708,6636.82763671875
37709,5139.8583984375
37710,7092.8466796875
37711,6983.39404296875
37712,12645.61328125
37713,6499.4375
37714,10004.1181640625
37715,8089.63818359375
37716,11055.7275390625
37717,7487.71337890625
37718,10564.5478515625
37719,5831.58056640625
37720,4493.525390625
37721,7151.15283203125
37722,5817.15283203125
37723,10015.1064453125
37724,7832.22705078125
37725,6029.0078125
37726,7821.2783203125
37727,6969.97216796875
37728,10024.5361328125
37729,3579.908935546875
37730,14313.07421875
37731,4802.78955078125
37732,6293.86328125
37733,9614.4921875
37734,5213.19091796875
37735,7630.06298828125
37736,5448.4892578125
37737,7974.11767578125
37738,4434.47900390625
37739,5928.99755859375
37740,7678.3828125
37741,7965.9794921875
37742,8445.7919921875
37743,5366.208984375
37744,7211.14697265625
37745,11783.0009765625
37746,6626.27197265625
37747,5374.72021484375
37748,7266.23779296875
37749,5866.29296875
37750,6049.55810546875
37751,7937.35009765625
37752,3423.217529296875
37753,8345.263671875
37754,6645.18408203125
37755,7973.791015625
37756,10441.435546875
37757,4608.3896484375
37758,5654.9208984375
37759,5632.62060546875
37760,9252.943359375
37761,9107.1708984375
37762,4799.9052734375
37763,4204.52783203125
37764,7013.568359375
37765,6178.6826171875
37766,6491.1162109375
37767,7119.99853515625
37768,6602.0888671875
37769,8101.66943359375
37770,5931.65673828125
37771,4308.51904296875
37772,7080.60888671875
37773,8192.71484375
37774,8943.6474609375
37775,8303.279296875
37776,8416.173828125
37777,5013.86328125
37778,9805.8740234375
37779,5910.2490234375
37780,7193.53173828125
37781,9218.5927734375
37782,6505.8037109375
37783,11550.353515625
37784,8787.46875
37785,8337.365234375
37786,6090.2294921875
37787,7684.86962890625
37788,8533.322265625
37789,6977.9375
37790,3660.2421875
37791,6397.62890625
37792,8303.0556640625
37793,6815.86376953125
37794,4757.337890625
37795,8952.0546875
37796,6786.6865234375
37797,4932.689453125
37798,5837.5537109375
37799,5329.01953125
37800,8846.8955078125
37801,7312.44287109375
37802,7728.81689453125
37803,5915.94189453125
37804,7133.29833984375
37805,6764.66748046875
37806,5609.14013671875
37807,7528.677734375
37808,6381.26611328125
37809,9143.3759765625
37810,8226.6484375
37811,7136.337890625
37812,11995.33203125
37813,6111.23974609375
37814,4762.27294921875
37815,11631.75
37816,7149.93994140625
37817,8501.4912109375
37818,8152.35791015625
37819,4943.9638671875
37820,6606.751953125
37821,5614.810546875
37822,8663.525390625
37823,13190.0966796875
37824,7517.767578125
37825,3354.113037109375
37826,4668.6923828125
37827,8559.0400390625
37828,8962.11328125
37829,7409.34619140625
37830,7958.36669921875
37831,4905.580078125
37832,4913.1640625
37833,3687.98828125
37834,5691.650390625
37835,6036.97021484375
37836,7220.134765625
37837,7232.81689453125
37838,6410.31103515625
37839,8710.71875
37840,10635.44921875
37841,7444.66259765625
37842,5510.0029296875
37843,10183.162109375
37844,11910.9375
37845,6247.259765625
37846,8331.7099609375
37847,4820.37646484375
37848,6938.3623046875
37849,4280.724609375
37850,8830.8837890625
37851,5785.13330078125
37852,9531.390625
37853,7404.68798828125
37854,9451.84375
37855,8908.3935546875
37856,5533.4287109375
37857,10469.712890625
37858,20424.83203125
37859,11649.4501953125
37860,7206.0322265625
37861,2660.183349609375
37862,6506.5
37863,9794.1572265625
37864,5184.1259765625
37865,12477.88671875
37866,19095.064453125
37867,4221.298828125
37868,5948.30908203125
37869,9181.0576171875
37870,4816.72021484375
37871,8624.904296875
37872,6431.89453125
37873,8246.6640625
37874,4334.4404296875
37875,7062.0439453125
37876,6418.0224609375
37877,8171.072265625
37878,11132.7197265625
37879,6853.75146484375
37880,5365.21044921875
37881,7606.90185546875
37882,5964.8330078125
37883,4642.4677734375
37884,8306.5283203125
37885,5805.97119140625
37886,6016.7744140625
37887,8134.09130859375
37888,7183.8837890625
37889,6147.11279296875
37890,8058.7080078125
37891,7728.81005859375
37892,8285.9541015625
37893,8911.322265625
37894,8016.81982421875
37895,5199.5302734375
37896,4161.5703125
37897,7151.55224609375
37898,6011.9111328125
37899,6201.54638671875
37900,5067.8154296875
37901,9860.33203125
37902,8065.9833984375
37903,10975.6044921875
37904,7847.892578125
37905,5916.98388671875
37906,5059.92578125
37907,4786.03271484375
37908,10962.7138671875
37909,4952.2216796875
37910,7728.26611328125
37911,16625.638671875
37912,7735.525390625
37913,6966.8203125
37914,5170.61572265625
37915,4889.2646484375
37916,7569.53759765625
37917,4242.11962890625
37918,5846.64697265625
37919,10825.1796875
37920,4669.39990234375
37921,16774.3671875
37922,15079.8291015625
37923,5235.99658203125
37924,8378.947265625
37925,5906.68701171875
37926,7083.09716796875
37927,6182.1982421875
37928,12725.8916015625
37929,7368.59716796875
37930,10435.833984375
37931,5023.57177734375
37932,7817.337890625
37933,5411.32421875
37934,9049.833984375
37935,7536.28125
37936,6048.63525390625
37937,6603.6923828125
37938,6398.322265625
37939,8910.8310546875
37940,9565.677734375
37941,5899.44921875
37942,10726.744140625
37943,5998.599609375
37944,10900.8603515625
37945,5448.5205078125
37946,6125.7548828125
37947,5534.51171875
37948,10033.7080078125
37949,6481.1015625
37950,8443.7509765625
37951,7585.0390625
37952,9256.5546875
37953,4340.38037109375
37954,9141.384765625
37955,7224.57568359375
37956,3891.866943359375
37957,13920.9736328125
37958,17891.5234375
37959,7399.01904296875
37960,7513.25634765625
37961,11519.310546875
37962,11159.5107421875
37963,12416.619140625
37964,6101.00634765625
37965,7808.5400390625
37966,5965.5087890625
37967,9190.6611328125
37968,4345.9580078125
37969,6421.32568359375
37970,5817.1494140625
37971,6210.08056640625
37972,7467.96484375
37973,5249.57275390625
37974,5250.06640625
37975,7217.13134765625
37976,3396.951904296875
37977,5030.61328125
37978,6545.39306640625
37979,6761.86669921875
37980,9823.55859375
37981,9067.8037109375
37982,8725.22265625
37983,6167.279296875
37984,6790.228515625
37985,11541.1640625
37986,7521.849609375
37987,5896.64111328125
37988,5148.47509765625
37989,10490.849609375
37990,3909.2705078125
37991,7187.61181640625
37992,3101.53857421875
37993,5883.5146484375
37994,9501.751953125
37995,6055.21435546875
37996,5803.55712890625
37997,9434.6806640625
37998,9761.0126953125
37999,13327.984375
38000,6675.1982421875
38001,9404.1435546875
38002,2544.7265625
38003,6111.06396484375
38004,6700.17236328125
38005,4517.21142578125
38006,8656.490234375
38007,5977.07666015625
38008,7863.869140625
38009,9184.0419921875
38010,14194.447265625
38011,9879.1201171875
38012,5883.19873046875
38013,5855.26708984375
38014,14708.177734375
38015,8495.5400390625
38016,7310.59716796875
38017,5553.02734375
38018,7621.541015625
38019,11468.2041015625
38020,5445.0107421875
38021,6113.22607421875
38022,8963.83203125
38023,8795.5712890625
38024,14683.6865234375
38025,7370.83837890625
38026,13842.8232421875
38027,7129.02685546875
38028,5391.32763671875
38029,3180.982666015625
38030,6930.8935546875
38031,6504.82275390625
38032,6264.4638671875
38033,6835.318359375
38034,5002.0869140625
38035,4592.39404296875
38036,7029.7392578125
38037,3527.528564453125
38038,7627.71533203125
38039,7424.0205078125
38040,8711.259765625
38041,9306.0712890625
38042,5689.47412109375
38043,10258.7763671875
38044,6362.79443359375
38045,6163.55712890625
38046,5582.171875
38047,5360.49609375
38048,12107.701171875
38049,6622.93603515625
38050,5665.6806640625
38051,7563.41064453125
38052,9730.90234375
38053,8418.1337890625
38054,7054.33056640625
38055,9089.990234375
38056,5882.65771484375
38057,5710.64013671875
38058,6719.2900390625
38059,8641.5751953125
38060,6811.13037109375
38061,6947.75537109375
38062,5568.34619140625
38063,5798.60302734375
38064,4035.2373046875
38065,6081.16015625
38066,7876.38818359375
38067,9636.8525390625
38068,11199.3212890625
38069,12866.810546875
38070,8458.8310546875
38071,8324.431640625
38072,4346.6328125
38073,11495.9013671875
38074,11151.484375
38075,6273.685546875
38076,9074.4912109375
38077,9930.34375
38078,6841.4912109375
38079,3918.767578125
38080,10537.095703125
38081,7170.69970703125
38082,8124.09912109375
38083,6100.47802734375
38084,2780.30908203125
38085,12358.466796875
38086,6071.2314453125
38087,5906.982421875
38088,3850.42578125
38089,5096.2724609375
38090,7417.8388671875
38091,10149.1904296875
38092,7147.2001953125
38093,5162.07958984375
38094,4615.08837890625
38095,4324.49462890625
38096,3404.7216796875
38097,7882.8505859375
38098,18122.822265625
38099,4673.7060546875
38100,5457.2783203125
38101,8195.5068359375
38102,5478.2578125
38103,5299.35986328125
38104,4819.5673828125
38105,4168.9306640625
38106,7342.7265625
38107,7321.6689453125
38108,4253.65625
38109,9799.486328125
38110,6315.59423828125
38111,5390.66552734375
38112,11060.7490234375
38113,9095.3115234375
38114,10364.0390625
38115,6438.7861328125
38116,7936.0673828125
38117,5228.3720703125
38118,5464.232421875
38119,15966.9111328125
38120,10446.8115234375
38121,7158.5185546875
38122,6256.50341796875
38123,5246.578125
38124,6000.1435546875
38125,4661.12109375
38126,10612.62109375
38127,5636.2041015625
38128,6677.14794921875
38129,8002.74072265625
38130,4717.8837890625
38131,6975.85009765625
38132,8431.5654296875
38133,7897.20849609375
38134,7970.0390625
38135,4649.48583984375
38136,5235.15966796875
38137,6238.126953125
38138,10729.9091796875
38139,8523.8251953125
38140,7416.43359375
38141,5094.24072265625
38142,7692.44091796875
38143,6774.01806640625
38144,4232.6845703125
38145,7373.642578125
38146,7354.38134765625
38147,6823.7783203125
38148,7517.5263671875
38149,6633.6162109375
38150,6167.98681640625
38151,5820.2939453125
38152,6990.5078125
38153,6931.759765625
38154,7704.37939453125
38155,11125.1796875
38156,6259.09228515625
38157,5455.54833984375
38158,13273.4580078125
38159,5740.18798828125
38160,3857.405029296875
38161,8733.5673828125
38162,9137.2265625
38163,13372.6171875
38164,4884.5849609375
38165,6051.81591796875
38166,6432.46142578125
38167,7616.7275390625
38168,6875.38525390625
38169,8930.87890625
38170,3716.49169921875
38171,6302.61328125
38172,6648.74609375
38173,5854.26123046875
38174,5550.8720703125
38175,6984.7490234375
38176,10057.435546875
38177,6507.33203125
38178,9556.052734375
38179,7928.92822265625
38180,9044.0146484375
38181,6019.58349609375
38182,7233.21630859375
38183,7413.46435546875
38184,9195.234375
38185,9053.986328125
38186,4180.23486328125
38187,8015.439453125
38188,7407.02587890625
38189,8160.0732421875
38190,4952.21142578125
38191,4241.8330078125
38192,9819.810546875
38193,6692.48388671875
38194,9508.357421875
38195,7711.37890625
38196,6339.59814453125
38197,8263.3544921875
38198,8443.95703125
38199,7928.78955078125
38200,8952.45703125
38201,6236.98193359375
38202,9833.2158203125
38203,10921.2060546875
38204,9264.265625
38205,4897.623046875
38206,6082.78955078125
38207,4947.60595703125
38208,3703.6279296875
38209,8566.953125
38210,5299.650390625
38211,9991.328125
38212,4595.40576171875
38213,5792.40673828125
38214,6660.4912109375
38215,9755.4013671875
38216,4973.4619140625
38217,5187.51708984375
38218,6158.53173828125
38219,7787.0986328125
38220,5372.2705078125
38221,7751.46533203125
38222,7347.28125
38223,10006.5283203125
38224,8601.3720703125
38225,7258.76611328125
38226,5327.48779296875
38227,5082.28662109375
38228,5194.95654296875
38229,11932.365234375
38230,9511.6064453125
38231,10470.6767578125
38232,15455.5537109375
38233,6659.29833984375
38234,5294.8212890625
38235,8033.51123046875
38236,9126.3466796875
38237,10467.791015625
38238,7812.65771484375
38239,8906.744140625
38240,8535.5068359375
38241,7823.45947265625
38242,7038.77001953125
38243,6042.40869140625
38244,6196.4697265625
38245,4989.353515625
38246,4283.2255859375
38247,5891.208984375
38248,8830.990234375
38249,18486.2421875
38250,6864.33203125
38251,5137.22607421875
38252,8836.859375
38253,4351.52197265625
38254,6765.73095703125
38255,3811.70068359375
38256,11035.580078125
38257,6427.29150390625
38258,6670.890625
38259,14036.6474609375
38260,11623.7958984375
38261,6139.7470703125
38262,7264.70751953125
38263,3206.087158203125
38264,5065.6923828125
38265,5710.15234375
38266,8379.369140625
38267,5130.88818359375
38268,5191.0390625
38269,6512.265625
38270,6110.1689453125
38271,7479.87548828125
38272,7742.255859375
38273,3282.726318359375
38274,7154.6298828125
38275,9330.9775390625
38276,7936.041015625
38277,5892.09912109375
38278,5395.955078125
38279,8906.7744140625
38280,5215.75634765625
38281,10195.4072265625
38282,4749.65673828125
38283,5683.86474609375
38284,7289.76806640625
38285,5740.4619140625
38286,5111.75390625
38287,6653.841796875
38288,8084.31640625
38289,10512.6015625
38290,11490.556640625
38291,6192.61181640625
38292,4387.04248046875
38293,5773.0380859375
38294,7747.63916015625
38295,5050.84619140625
38296,6996.466796875
38297,6747.68505859375
38298,12814.3505859375
38299,8967.0390625
38300,5094.71484375
38301,7700.11181640625
38302,5875.8369140625
38303,9538.298828125
38304,6188.98681640625
38305,15709.0400390625
38306,6955.18212890625
38307,5534.85546875
38308,4608.8232421875
38309,4498.06689453125
38310,7748.14990234375
38311,19708.927734375
38312,4103.19140625
38313,3976.798828125
38314,11405.3876953125
38315,7594.396484375
38316,7118.40478515625
38317,8662.3193359375
38318,6613.5537109375
38319,4926.138671875
38320,4625.5537109375
38321,11434.2958984375
38322,7379.20849609375
38323,7135.2197265625
38324,8562.8203125
38325,5935.5283203125
38326,8542.0830078125
38327,7244.17724609375
38328,4025.878662109375
38329,8937.7216796875
38330,9926.7900390625
38331,4790.60107421875
38332,7802.8642578125
38333,7269.830078125
38334,5146.6025390625
38335,9185.99609375
38336,6468.25244140625
38337,7640.2021484375
38338,4548.44287109375
38339,5691.90234375
38340,7519.009765625
38341,4810.83984375
38342,8255.74609375
38343,5576.65185546875
38344,6497.21337890625
38345,5260.14794921875
38346,6561.50537109375
38347,6199.10498046875
38348,7177.33349609375
38349,8579.5830078125
38350,7871.271484375
38351,6478.7255859375
38352,7721.6484375
38353,7341.2470703125
38354,9177.322265625
38355,9532.8203125
38356,7693.5078125
38357,4015.10498046875
38358,6219.95166015625
38359,7622.3212890625
38360,4978.02197265625
38361,11835.787109375
38362,6223.126953125
38363,8845.330078125
38364,11519.0859375
38365,7255.4599609375
38366,4094.24658203125
38367,15623.6435546875
38368,10214.6533203125
38369,5886.84423828125
38370,11083.216796875
38371,10801.2431640625
38372,5967.80029296875
38373,6406.93798828125
38374,7296.56298828125
38375,6178.8037109375
38376,6795.2392578125
38377,7289.49462890625
38378,5096.29150390625
38379,8154.13671875
38380,7301.55224609375
38381,7220.5537109375
38382,8801.357421875
38383,6157.3974609375
38384,7786.9140625
38385,5154.01904296875
38386,7785.1357421875
38387,7060.482421875
38388,5631.82763671875
38389,7966.7666015625
38390,8253.8349609375
38391,10375.806640625
38392,6256.68896484375
38393,5444.66259765625
38394,6772.16455078125
38395,7090.7001953125
38396,8252.0107421875
38397,4661.16552734375
38398,5292.23779296875
38399,7822.01806640625
38400,6940.81884765625
38401,6481.84521484375
38402,8662.66796875
38403,6138.35693359375
38404,7653.89599609375
38405,5094.0263671875
38406,3254.2109375
38407,8784.0908203125
38408,7039.056640625
38409,8772.2744140625
38410,10695.4404296875
38411,10000.90625
38412,4975.025390625
38413,8066.6064453125
38414,4278.96435546875
38415,2787.72412109375
38416,8157.67333984375
38417,11026.4541015625
38418,7431.60107421875
38419,8055.00048828125
38420,5542.5859375
38421,7060.94140625
38422,9922.7568359375
38423,7850.63525390625
38424,7931.61767578125
38425,4897.06884765625
38426,4769.77099609375
38427,6065.30517578125
38428,5410.1474609375
38429,6069.23193359375
38430,5766.8876953125
38431,5263.57080078125
38432,4626.017578125
38433,8075.30029296875
38434,9250.5498046875
38435,5400.89404296875
38436,7054.1279296875
38437,7452.7392578125
38438,6431.8759765625
38439,5097.974609375
38440,7943.029296875
38441,7400.546875
38442,5303.52734375
38443,3936.7578125
38444,14613.34375
38445,6768.88916015625
38446,6729.7119140625
38447,8098.775390625
38448,9200.4296875
38449,8173.0244140625
38450,6005.58544921875
38451,7983.59814453125
38452,10961.0751953125
38453,16003.4921875
38454,5584.5224609375
38455,5673.166015625
38456,4655.314453125
38457,7201.0703125
38458,5499.98876953125
38459,9606.9091796875
38460,8822.958984375
38461,7269.78759765625
38462,4623.423828125
38463,7263.65478515625
38464,11825.9931640625
38465,5512.28955078125
38466,8019.84765625
38467,4090.331787109375
38468,7024.51025390625
38469,10301.88671875
38470,7643.8427734375
38471,9231.8486328125
38472,6870.05712890625
38473,4496.49951171875
38474,5992.27978515625
38475,9038.373046875
38476,9303.919921875
38477,7373.89892578125
38478,7814.67724609375
38479,7362.7451171875
38480,4225.21875
38481,11054.615234375
38482,4643.9638671875
38483,10070.443359375
38484,5648.095703125
38485,4727.4599609375
38486,8297.6767578125
38487,6178.3828125
38488,7667.52978515625
38489,9283.6328125
38490,4723.30078125
38491,4457.67822265625
38492,9495.775390625
38493,10120.56640625
38494,10658.771484375
38495,5796.04052734375
38496,7007.60009765625
38497,8333.19140625
38498,6465.06298828125
38499,5264.60498046875
38500,11271.7529296875
38501,9043.9013671875
38502,13663.27734375
38503,4857.03125
38504,6197.96875
38505,11217.6826171875
38506,11186.8037109375
38507,6521.45361328125
38508,10319.8486328125
38509,6508.76171875
38510,6719.7626953125
38511,5701.26416015625
38512,5872.888671875
38513,5241.01318359375
38514,7083.484375
38515,5691.88232421875
38516,5393.2421875
38517,9927.0634765625
38518,6349.75537109375
38519,24478.201171875
38520,7571.291015625
38521,5449.34619140625
38522,9845.197265625
38523,15465.6552734375
38524,9309.9189453125
38525,11527.390625
38526,7317.09326171875
38527,10118.2587890625
38528,11983.9658203125
38529,8331.923828125
38530,7323.419921875
38531,9507.6845703125
38532,11448.3154296875
38533,10124.5947265625
38534,10744.4833984375
38535,9355.6982421875
38536,6697.5322265625
38537,10021.5791015625
38538,14135.8203125
38539,14309.3037109375
38540,14292.8056640625
38541,13059.9072265625
38542,7396.56201171875
38543,9053.4072265625
38544,5591.43115234375
38545,11286.115234375
38546,16124.501953125
38547,13132.3203125
38548,9466.5224609375
38549,7808.96630859375
38550,5014.7490234375
38551,8678.44140625
38552,14946.2529296875
38553,9909.84375
38554,7788.814453125
38555,9463.52734375
38556,10839.8095703125
38557,4218.404296875
38558,11164.822265625
38559,7382.52978515625
38560,10408.9658203125
38561,10199.3642578125
38562,9123.8046875
38563,10542.724609375
38564,10080.9462890625
38565,8336.66015625
38566,8507.0966796875
38567,10441.2685546875
38568,16161.1064453125
38569,8562.5380859375
38570,12196.4423828125
38571,10624.275390625
38572,13550.7294921875
38573,10828.6943359375
38574,13145.181640625
38575,7781.7646484375
38576,6842.3466796875
38577,9329.8681640625
38578,8895.9765625
38579,12413.37109375
38580,10624.7109375
38581,8077.86865234375
38582,11046.7861328125
38583,8208.1845703125
38584,13050.5126953125
38585,4744.42724609375
38586,18350.72265625
38587,6544.666015625
38588,7678.2841796875
38589,12293.1943359375
38590,7683.05810546875
38591,10437.203125
38592,7948.43359375
38593,11577.1171875
38594,7764.8564453125
38595,7983.7919921875
38596,10888.4765625
38597,10665.544921875
38598,10017.2080078125
38599,7647.130859375
38600,9380.4482421875
38601,16784.017578125
38602,9427.9990234375
38603,8422.2275390625
38604,10084.603515625
38605,7415.5751953125
38606,7654.31787109375
38607,10023.189453125
38608,4904.115234375
38609,11958.748046875
38610,9433.6787109375
38611,9755.0087890625
38612,14896.478515625
38613,5199.15478515625
38614,8010.29150390625
38615,8409.0546875
38616,12779.12109375
38617,11295.322265625
38618,6619.1943359375
38619,6169.95556640625
38620,9738.9794921875
38621,8350.2275390625
38622,8717.59375
38623,9285.666015625
38624,9224.75390625
38625,10298.916015625
38626,8300.037109375
38627,5845.98095703125
38628,11000.1611328125
38629,10810.9384765625
38630,10432.3720703125
38631,12366.158203125
38632,12182.439453125
38633,7661.4326171875
38634,13782.572265625
38635,8183.99853515625
38636,10624.611328125
38637,13682.4599609375
38638,9537.8447265625
38639,15097.830078125
38640,10335.005859375
38641,12165.5380859375
38642,8765.2802734375
38643,9794.51171875
38644,12473.5556640625
38645,9463.095703125
38646,4893.841796875
38647,7326.82470703125
38648,12049.7216796875
38649,8699.662109375
38650,6612.24609375
38651,12625.333984375
38652,8305.50390625
38653,7550.34033203125
38654,7906.50634765625
38655,8073.45703125
38656,11515.95703125
38657,9832.9560546875
38658,10478.46875
38659,8764.421875
38660,9575.96875
38661,10016.3466796875
38662,6475.22607421875
38663,9321.4931640625
38664,8894.61328125
38665,11741.2080078125
38666,9734.0087890625
38667,8658.5517578125
38668,15753.2587890625
38669,8191.39013671875
38670,6590.3037109375
38671,14167.283203125
38672,9625.88671875
38673,11810.48046875
38674,9802.2197265625
38675,7532.15673828125
38676,9384.703125
38677,7733.4765625
38678,11537.80078125
38679,17981.19921875
38680,10318.00390625
38681,4151.70654296875
38682,6979.6865234375
38683,11524.2763671875
38684,12484.5654296875
38685,9538.2802734375
38686,10355.6533203125
38687,6609.8125
38688,7013.52880859375
38689,4930.08154296875
38690,6862.013671875
38691,9085.0107421875
38692,11160.951171875
38693,8496.80078125
38694,8444.4892578125
38695,11036.2353515625
38696,14242.7470703125
38697,10574.69921875
38698,8060.93505859375
38699,12110.8125
38700,18511.515625
38701,9045.681640625
38702,9691.1328125
38703,7502.64794921875
38704,9301.732421875
38705,7605.04443359375
38706,10731.5546875
38707,10888.994140625
38708,12003.869140625
38709,9810.197265625
38710,12672.4833984375
38711,11919.794921875
38712,8106.7333984375
38713,14034.7333984375
38714,24816.935546875
38715,16273.759765625
38716,10210.7080078125
38717,5018.30078125
38718,9044.5322265625
38719,12814.2099609375
38720,7821.41650390625
38721,13143.7705078125
38722,20958.52734375
38723,6105.27685546875
38724,8274.47265625
38725,11736.0380859375
38726,7276.384765625
38727,13010.673828125
38728,9368.8515625
38729,11969.7919921875
38730,4984.61669921875
38731,9412.453125
38732,8770.8955078125
38733,11210.208984375
38734,15101.78125
38735,8903.41796875
38736,7834.296875
38737,9526.7529296875
38738,8058.09228515625
38739,6429.1748046875
38740,10750.52734375
38741,9251.5322265625
38742,9068.609375
38743,10573.6279296875
38744,8075.14013671875
38745,8725.5029296875
38746,10768.0341796875
38747,10533.2763671875
38748,11910.837890625
38749,13308.802734375
38750,10343.755859375
38751,7171.166015625
38752,6613.87060546875
38753,9308.1513671875
38754,7466.61083984375
38755,9947.4267578125
38756,6664.0078125
38757,12397.7861328125
38758,10916.458984375
38759,14836.0615234375
38760,9007.4052734375
38761,9034.494140625
38762,7991.90234375
38763,7876.58837890625
38764,15257.259765625
38765,7253.83447265625
38766,9978.822265625
38767,21115.29296875
38768,10256.6025390625
38769,8714.5322265625
38770,7910.55029296875
38771,6128.3037109375
38772,10776.75390625
38773,5832.87646484375
38774,8309.5
38775,13654.56640625
38776,7462.00634765625
38777,20928.447265625
38778,17144.849609375
38779,8834.8876953125
38780,10466.9873046875
38781,7436.537109375
38782,9729.2802734375
38783,7804.671875
38784,15947.9794921875
38785,10258.3427734375
38786,13256.056640625
38787,7639.82958984375
38788,9994.1865234375
38789,7717.3193359375
38790,11753.486328125
38791,10463.4853515625
38792,8938.2236328125
38793,9596.2177734375
38794,7285.70947265625
38795,12870.0634765625
38796,12521.0966796875
38797,8598.2197265625
38798,15371.228515625
38799,8841.8896484375
38800,14089.150390625
38801,6905.525390625
38802,8229.8681640625
38803,8125.43017578125
38804,15365.296875
38805,9279.1337890625
38806,11187.6767578125
38807,11094.9755859375
38808,12679.6484375
38809,6265.404296875
38810,10375.3388671875
38811,9052.69140625
38812,5954.83251953125
38813,16641.65625
38814,21629.580078125
38815,10878.3828125
38816,11189.216796875
38817,14381.78515625
38818,14656.5068359375
38819,14914.673828125
38820,8503.9560546875
38821,11367.8896484375
38822,9762.6259765625
38823,12044.6396484375
38824,5087.55810546875
38825,8421.4228515625
38826,8500.181640625
38827,8390.3076171875
38828,10365.388671875
38829,7249.6640625
38830,7896.25439453125
38831,9761.5009765625
38832,6031.84033203125
38833,6899.345703125
38834,8423.9267578125
38835,9524.8017578125
38836,14500.693359375
38837,12041.1669921875
38838,9641.0947265625
38839,8870.4990234375
38840,9588.2568359375
38841,14376.38671875
38842,9743.5244140625
38843,7954.62646484375
38844,7739.25634765625
38845,13078.8662109375
38846,4975.51611328125
38847,9938.388671875
38848,4924.7333984375
38849,7008.2255859375
38850,11602.1298828125
38851,8750.162109375
38852,8646.9013671875
38853,12395.466796875
38854,13085.3955078125
38855,14723.17578125
38856,9271.0654296875
38857,12967.4755859375
38858,3462.349365234375
38859,8477.4013671875
38860,8840.3134765625
38861,6630.65576171875
38862,9486.2734375
38863,8348.3125
38864,9854.2607421875
38865,12114.283203125
38866,15537.3662109375
38867,13327.11328125
38868,7729.4296875
38869,7547.544921875
38870,18160.654296875
38871,10227.1513671875
38872,8732.4619140625
38873,8146.27978515625
38874,10057.4609375
38875,14489.173828125
38876,7256.7783203125
38877,8701.9052734375
38878,12308.0244140625
38879,11173.7744140625
38880,18006.763671875
38881,9488.556640625
38882,16648.796875
38883,10056.23828125
38884,8095.43359375
38885,5228.7138671875
38886,7659.2744140625
38887,9890.7177734375
38888,8963.5751953125
38889,9477.525390625
38890,7609.40380859375
38891,6861.43994140625
38892,9468.59375
38893,4790.72021484375
38894,9429.6650390625
38895,10804.9462890625
38896,11225.8857421875
38897,12617.81640625
38898,8460.408203125
38899,11975.31640625
38900,7715.68115234375
38901,8152.5546875
38902,7379.431640625
38903,8022.71875
38904,14438.21484375
38905,9332.53515625
38906,7402.4619140625
38907,10911.140625
38908,14560.5029296875
38909,11628.2685546875
38910,9251.8115234375
38911,12208.380859375
38912,7451.21240234375
38913,6674.19287109375
38914,8596.1865234375
38915,11619.3037109375
38916,9305.3486328125
38917,9658.330078125
38918,8670.94140625
38919,8111.025390625
38920,6363.55224609375
38921,7807.125
38922,11369.5380859375
38923,13031.1435546875
38924,14684.123046875
38925,17559.56640625
38926,11108.44921875
38927,10657.9638671875
38928,6197.87548828125
38929,13891.6279296875
38930,15465.4501953125
38931,10202.9873046875
38932,11395.650390625
38933,11632.7685546875
38934,8341.2880859375
38935,5863.4384765625
38936,12269.4736328125
38937,9954.4853515625
38938,12230.205078125
38939,8284.9033203125
38940,5458.8046875
38941,16550.181640625
38942,9322.056640625
38943,8611.7177734375
38944,5386.044921875
38945,7308.30419921875
38946,8905.748046875
38947,13181.4501953125
38948,9658.4990234375
38949,7122.61474609375
38950,6389.08251953125
38951,6105.6181640625
38952,3976.915771484375
38953,10340.7421875
38954,20903.34765625
38955,6356.0595703125
38956,7905.466796875
38957,10150.689453125
38958,6950.19091796875
38959,7274.94677734375
38960,7209.40966796875
38961,5712.20458984375
38962,10784.19921875
38963,10998.2529296875
38964,5480.6611328125
38965,13575.484375
38966,8621.193359375
38967,8003.03466796875
38968,14629.96484375
38969,12359.724609375
38970,12832.7119140625
38971,8834.9306640625
38972,10218.5048828125
38973,7031.27880859375
38974,6851.20654296875
38975,19299.478515625
38976,14657.716796875
38977,9813.7822265625
38978,7916.80810546875
38979,7648.3876953125
38980,8414.83203125
38981,5695.0224609375
38982,14534.8212890625
38983,7733.90673828125
38984,8388.87109375
38985,12446.8681640625
38986,6991.60205078125
38987,8616.236328125
38988,9471.12890625
38989,11215.7734375
38990,11129.2001953125
38991,6460.35205078125
38992,7595.00732421875
38993,9453.1201171875
38994,13403.1220703125
38995,12093.32421875
38996,10440.73828125
38997,5616.4677734375
38998,10466.1318359375
38999,8272.6787109375
39000,7203.51611328125
39001,9236.0966796875
39002,10493.7080078125
39003,9363.4990234375
39004,9972.8447265625
39005,9478.30859375
39006,8994.021484375
39007,8298.58203125
39008,9308.955078125
39009,9060.4306640625
39010,12144.5966796875
39011,13648.3251953125
39012,8025.21826171875
39013,6696.1650390625
39014,17460.873046875
39015,8160.27392578125
39016,5851.8759765625
39017,9557.43359375
39018,12119.41015625
39019,14860.9169921875
39020,5838.19873046875
39021,9046.138671875
39022,8088.2529296875
39023,9426.8916015625
39024,8753.8623046875
39025,13635.220703125
39026,3670.90234375
39027,8326.3564453125
39028,9554.46875
39029,7728.3291015625
39030,7869.47119140625
39031,9704.4658203125
39032,12902.74609375
39033,7740.56201171875
39034,12962.3896484375
39035,11574.8740234375
39036,12770.453125
39037,8187.46533203125
39038,8463.810546875
39039,9384.41015625
39040,11991.25
39041,11894.6708984375
39042,5936.37841796875
39043,8901.1201171875
39044,10566.0244140625
39045,11449.5234375
39046,7176.73291015625
39047,5691.2734375
39048,13930.8984375
39049,8807.4658203125
39050,12559.876953125
39051,10764.3466796875
39052,7615.3916015625
39053,11373.6201171875
39054,12012.533203125
39055,12050.9326171875
39056,11308.10546875
39057,9433.85546875
39058,11886.685546875
39059,13832.54296875
39060,10168.869140625
39061,6467.19970703125
39062,9360.85546875
39063,6225.630859375
39064,4800.60009765625
39065,12272.6533203125
39066,8414.41015625
39067,13641.0322265625
39068,6927.953125
39069,8954.564453125
39070,8428.3701171875
39071,13258.0048828125
39072,7161.947265625
39073,6931.69580078125
39074,9088.71484375
39075,9407.4658203125
39076,7811.0546875
39077,10135.724609375
39078,9511.7978515625
39079,12262.517578125
39080,11480.236328125
39081,9747.33984375
39082,7695.06396484375
39083,6257.783203125
39084,6952.1142578125
39085,16177.9326171875
39086,12876.919921875
39087,13878.5166015625
39088,17546.716796875
39089,8494.490234375
39090,7219.1162109375
39091,10381.8671875
39092,12471.1591796875
39093,15307.9697265625
39094,10525.7353515625
39095,11886.2529296875
39096,12456.5693359375
39097,9910.3525390625
39098,9038.431640625
39099,8993.62109375
39100,8430.1376953125
39101,7462.140625
39102,5926.6318359375
39103,8284.263671875
39104,13105.818359375
39105,22357.09765625
39106,9573.3681640625
39107,8023.74658203125
39108,11252.0732421875
39109,6442.93896484375
39110,10010.6630859375
39111,5740.38671875
39112,14748.7353515625
39113,9712.3486328125
39114,9836.294921875
39115,19492.2734375
39116,13874.0419921875
39117,8912.064453125
39118,10090.2939453125
39119,5558.90234375
39120,5861.9287109375
39121,7972.638671875
39122,11851.9111328125
39123,6850.37353515625
39124,7184.6796875
39125,8290.5439453125
39126,8505.5361328125
39127,9629.42578125
39128,12035.599609375
39129,4165.4697265625
39130,10711.279296875
39131,11785.4140625
39132,12021.197265625
39133,8726.0546875
39134,7148.130859375
39135,12134.8212890625
39136,6569.36376953125
39137,13858.314453125
39138,7049.5029296875
39139,9102.6396484375
39140,9834.2041015625
39141,8872.0419921875
39142,6634.1708984375
39143,9059.0126953125
39144,10950.5380859375
39145,12941.306640625
39146,15274.7060546875
39147,8872.5146484375
39148,4892.203125
39149,7113.12158203125
39150,8042.51318359375
39151,6828.74755859375
39152,9972.470703125
39153,8204.9189453125
39154,16042.5283203125
39155,12288.609375
39156,7567.572265625
39157,10121.41796875
39158,7956.23291015625
39159,12831.5625
39160,7814.83837890625
39161,16654.71875
39162,9220.302734375
39163,7907.9345703125
39164,7149.521484375
39165,6879.46435546875
39166,9429.9990234375
39167,23034.3046875
39168,5761.9951171875
39169,6910.49267578125
39170,14718.6689453125
39171,9827.2880859375
39172,9306.7685546875
39173,11729.1875
39174,9735.8046875
39175,7875.8388671875
39176,6169.1796875
39177,13642.1533203125
39178,8474.6171875
39179,8715.5341796875
39180,11351.439453125
39181,7476.19580078125
39182,10606.3740234375
39183,9539.8798828125
39184,5220.98583984375
39185,11583.4697265625
39186,12409.8115234375
39187,5334.8330078125
39188,10567.55859375
39189,9608.701171875
39190,7840.58544921875
39191,13409.9921875
39192,9411.0234375
39193,10041.9150390625
39194,6328.8837890625
39195,7779.01220703125
39196,9958.1884765625
39197,6246.86279296875
39198,10841.5693359375
39199,6406.525390625
39200,7332.1513671875
39201,6534.509765625
39202,9547.3330078125
39203,7469.9453125
39204,9756.1865234375
39205,10756.2333984375
39206,11539.6572265625
39207,9128.0390625
39208,10432.7265625
39209,8850.751953125
39210,11906.3369140625
39211,12761.2548828125
39212,9840.0986328125
39213,3017.44384765625
39214,8325.521484375
39215,10906.6650390625
39216,6511.25
39217,15628.3515625
39218,8587.11328125
39219,11110.5048828125
39220,13892.08984375
39221,8164.583984375
39222,6405.658203125
39223,16350.5537109375
39224,14373.3798828125
39225,8179.763671875
39226,11838.712890625
39227,12624.7001953125
39228,8566.0849609375
39229,7437.78466796875
39230,9274.5625
39231,6953.70166015625
39232,9242.384765625
39233,9812.7587890625
39234,6915.14404296875
39235,9672.40625
39236,11402.3740234375
39237,9869.0263671875
39238,12804.2705078125
39239,8326.9443359375
39240,10225.5693359375
39241,7479.4326171875
39242,9872.1962890625
39243,9955.9677734375
39244,8781.140625
39245,9457.9853515625
39246,10843.5771484375
39247,13737.591796875
39248,8801.5390625
39249,7450.51318359375
39250,9542.1337890625
39251,10019.9560546875
39252,10081.0322265625
39253,6478.931640625
39254,6930.55615234375
39255,9136.8125
39256,8362.2265625
39257,8565.26171875
39258,11701.7900390625
39259,8372.5498046875
39260,9917.490234375
39261,7688.01025390625
39262,4365.68212890625
39263,11069.462890625
39264,9699.6640625
39265,10553.20703125
39266,12517.55078125
39267,13392.267578125
39268,6816.2958984375
39269,11021.7021484375
39270,5793.587890625
39271,3063.42724609375
39272,10852.5400390625
39273,14784.4501953125
39274,10006.4404296875
39275,10534.421875
39276,6995.03564453125
39277,9248.009765625
39278,12689.515625
39279,9322.078125
39280,9947.0830078125
39281,5576.23876953125
39282,5736.25
39283,7282.8779296875
39284,7120.3203125
39285,7423.80517578125
39286,8428.884765625
39287,9335.046875
39288,5656.69189453125
39289,9799.9306640625
39290,11105.509765625
39291,8626.3818359375
39292,8486.322265625
39293,9848.51953125
39294,8475.310546875
39295,6571.087890625
39296,12208.490234375
39297,9538.2216796875
39298,7635.572265625
39299,5649.0234375
39300,19129.599609375
39301,9451.5078125
39302,10195.73828125
39303,13530.53515625
39304,11093.060546875
39305,12294.875
39306,8070.24853515625
39307,9708.1806640625
39308,13043.8701171875
39309,19858.58203125
39310,7564.69580078125
39311,7854.96875
39312,7075.48486328125
39313,9306.4970703125
39314,8782.4296875
39315,10232.720703125
39316,12682.98046875
39317,8474.3046875
39318,6389.8193359375
39319,9252.794921875
39320,15411.6181640625
39321,6283.7333984375
39322,10902.4765625
39323,5009.51025390625
39324,10830.57421875
39325,11993.8232421875
39326,10231.275390625
39327,12266.84765625
39328,9763.466796875
39329,6589.6474609375
39330,8380.37109375
39331,10538.4306640625
39332,11469.828125
39333,9895.486328125
39334,11522.236328125
39335,9559.3515625
39336,6863.69189453125
39337,13316.0390625
39338,6007.1298828125
39339,12515.1083984375
39340,8586.9130859375
39341,7131.83251953125
39342,10108.728515625
39343,8509.2294921875
39344,9855.3857421875
39345,12124.4814453125
39346,5670.84130859375
39347,6361.41748046875
39348,12405.4931640625
39349,12842.70703125
39350,13427.7177734375
39351,8049.57958984375
39352,7553.57568359375
39353,10238.294921875
39354,8890.2578125
39355,7588.22900390625
39356,14409.1962890625
39357,13127.916015625
39358,16111.5078125
39359,6342.955078125
39360,8616.5048828125
39361,11869.4599609375
39362,14185.6318359375
39363,8120.3974609375
39364,14831.4150390625
39365,9183.62890625
39366,8528.6572265625
39367,7526.41357421875
39368,7833.337890625
39369,7014.30712890625
39370,8858.4521484375
39371,7442.5029296875
39372,7690.22021484375
39373,15796.5830078125
39374,9412.3671875
39375,27176.009765625
39376,10032.1396484375
39377,0.0
39378,0.0
39379,0.0
39380,0.0
39381,0.0
39382,0.0
39383,0.0
39384,0.0
39385,0.0
39386,0.0
39387,0.0
39388,0.0
39389,0.0
39390,0.0
39391,0.0
39392,0.0
39393,0.0
39394,0.0
39395,0.0
39396,0.0
39397,0.0
39398,0.0
39399,0.0
39400,0.0
39401,0.0
39402,0.0
39403,0.0
39404,0.0
39405,0.0
39406,0.0
39407,0.0
39408,0.0
39409,0.0
39410,0.0
39411,0.0
39412,0.0
39413,0.0
39414,0.0
39415,0.0
39416,0.0
39417,0.0
39418,0.0
39419,0.0
39420,0.0
39421,0.0
39422,0.0
39423,0.0
39424,0.0
39425,0.0
39426,0.0
39427,0.0
39428,0.0
39429,0.0
39430,0.0
39431,0.0
39432,0.0
39433,0.0
39434,0.0
39435,0.0
39436,0.0
39437,0.0
39438,0.0
39439,0.0
39440,0.0
39441,0.0
39442,0.0
39443,0.0
39444,0.0
39445,0.0
39446,0.0
39447,0.0
39448,0.0
39449,0.0
39450,0.0
39451,0.0
39452,0.0
39453,0.0
39454,0.0
39455,0.0
39456,0.0
39457,0.0
39458,0.0
39459,0.0
39460,0.0
39461,0.0
39462,0.0
39463,0.0
39464,0.0
39465,0.0
39466,0.0
39467,0.0
39468,7126.66650390625
39469,0.0
39470,0.0
39471,0.0
39472,0.0
39473,0.0
39474,0.0
39475,0.0
39476,0.0
39477,0.0
39478,0.0
39479,0.0
39480,0.0
39481,0.0
39482,0.0
39483,0.0
39484,0.0
39485,0.0
39486,0.0
39487,0.0
39488,0.0
39489,0.0
39490,0.0
39491,0.0
39492,0.0
39493,0.0
39494,0.0
39495,0.0
39496,0.0
39497,0.0
39498,0.0
39499,0.0
39500,0.0
39501,0.0
39502,0.0
39503,0.0
39504,0.0
39505,0.0
39506,0.0
39507,0.0
39508,0.0
39509,0.0
39510,0.0
39511,0.0
39512,0.0
39513,0.0
39514,0.0
39515,0.0
39516,0.0
39517,0.0
39518,0.0
39519,0.0
39520,0.0
39521,0.0
39522,0.0
39523,0.0
39524,0.0
39525,0.0
39526,0.0
39527,0.0
39528,0.0
39529,0.0
39530,0.0
39531,0.0
39532,0.0
39533,0.0
39534,0.0
39535,0.0
39536,4917.90234375
39537,0.0
39538,0.0
39539,0.0
39540,0.0
39541,0.0
39542,0.0
39543,0.0
39544,0.0
39545,0.0
39546,0.0
39547,0.0
39548,0.0
39549,0.0
39550,0.0
39551,0.0
39552,0.0
39553,0.0
39554,0.0
39555,0.0
39556,0.0
39557,0.0
39558,0.0
39559,0.0
39560,0.0
39561,0.0
39562,0.0
39563,0.0
39564,0.0
39565,0.0
39566,0.0
39567,0.0
39568,0.0
39569,0.0
39570,0.0
39571,0.0
39572,0.0
39573,0.0
39574,0.0
39575,0.0
39576,0.0
39577,17062.994140625
39578,31210.810546875
39579,0.0
39580,0.0
39581,0.0
39582,0.0
39583,0.0
39584,0.0
39585,0.0
39586,8421.5634765625
39587,0.0
39588,0.0
39589,0.0
39590,0.0
39591,0.0
39592,0.0
39593,0.0
39594,0.0
39595,0.0
39596,0.0
39597,0.0
39598,0.0
39599,0.0
39600,0.0
39601,0.0
39602,0.0
39603,0.0
39604,0.0
39605,6458.4267578125
39606,0.0
39607,0.0
39608,0.0
39609,0.0
39610,0.0
39611,0.0
39612,0.0
39613,0.0
39614,0.0
39615,5766.80908203125
39616,0.0
39617,0.0
39618,0.0
39619,0.0
39620,0.0
39621,0.0
39622,0.0
39623,0.0
39624,0.0
39625,0.0
39626,0.0
39627,0.0
39628,0.0
39629,0.0
39630,0.0
39631,0.0
39632,0.0
39633,9799.2548828125
39634,0.0
39635,0.0
39636,0.0
39637,0.0
39638,0.0
39639,0.0
39640,0.0
39641,0.0
39642,0.0
39643,0.0
39644,0.0
39645,0.0
39646,0.0
39647,0.0
39648,0.0
39649,0.0
39650,10238.9931640625
39651,0.0
39652,0.0
39653,0.0
39654,0.0
39655,0.0
39656,0.0
39657,0.0
39658,0.0
39659,0.0
39660,0.0
39661,0.0
39662,0.0
39663,0.0
39664,0.0
39665,0.0
39666,0.0
39667,0.0
39668,0.0
39669,0.0
39670,0.0
39671,0.0
39672,0.0
39673,0.0
39674,0.0
39675,0.0
39676,0.0
39677,0.0
39678,0.0
39679,0.0
39680,0.0
39681,0.0
39682,0.0
39683,0.0
39684,0.0
39685,0.0
39686,0.0
39687,0.0
39688,0.0
39689,0.0
39690,0.0
39691,0.0
39692,0.0
39693,0.0
39694,0.0
39695,0.0
39696,0.0
39697,0.0
39698,0.0
39699,0.0
39700,0.0
39701,0.0
39702,0.0
39703,0.0
39704,0.0
39705,0.0
39706,0.0
39707,0.0
39708,0.0
39709,0.0
39710,0.0
39711,0.0
39712,2767.534912109375
39713,0.0
39714,0.0
39715,0.0
39716,0.0
39717,0.0
39718,0.0
39719,0.0
39720,0.0
39721,0.0
39722,0.0
39723,0.0
39724,0.0
39725,0.0
39726,9546.56640625
39727,0.0
39728,0.0
39729,0.0
39730,0.0
39731,0.0
39732,0.0
39733,0.0
39734,0.0
39735,0.0
39736,0.0
39737,0.0
39738,0.0
39739,0.0
39740,0.0
39741,0.0
39742,0.0
39743,0.0
39744,0.0
39745,0.0
39746,0.0
39747,0.0
39748,0.0
39749,0.0
39750,0.0
39751,0.0
39752,0.0
39753,0.0
39754,0.0
39755,0.0
39756,0.0
39757,0.0
39758,0.0
39759,0.0
39760,0.0
39761,0.0
39762,0.0
39763,0.0
39764,0.0
39765,0.0
39766,0.0
39767,0.0
39768,0.0
39769,9361.0693359375
39770,0.0
39771,0.0
39772,0.0
39773,0.0
39774,0.0
39775,0.0
39776,0.0
39777,0.0
39778,0.0
39779,3518.270263671875
39780,0.0
39781,0.0
39782,0.0
39783,8167.0458984375
39784,0.0
39785,0.0
39786,0.0
39787,0.0
39788,0.0
39789,0.0
39790,0.0
39791,0.0
39792,0.0
39793,0.0
39794,0.0
39795,0.0
39796,0.0
39797,0.0
39798,0.0
39799,0.0
39800,0.0
39801,0.0
39802,0.0
39803,0.0
39804,0.0
39805,0.0
39806,0.0
39807,0.0
39808,0.0
39809,0.0
39810,23416.32421875
39811,0.0
39812,0.0
39813,0.0
39814,0.0
39815,0.0
39816,0.0
39817,0.0
39818,0.0
39819,0.0
39820,0.0
39821,0.0
39822,0.0
39823,0.0
39824,6255.5390625
39825,0.0
39826,0.0
39827,0.0
39828,0.0
39829,0.0
39830,0.0
39831,0.0
39832,0.0
39833,0.0
39834,0.0
39835,0.0
39836,0.0
39837,0.0
39838,0.0
39839,0.0
39840,0.0
39841,0.0
39842,0.0
39843,0.0
39844,0.0
39845,0.0
39846,0.0
39847,0.0
39848,0.0
39849,0.0
39850,0.0
39851,0.0
39852,0.0
39853,0.0
39854,0.0
39855,0.0
39856,0.0
39857,0.0
39858,0.0
39859,0.0
39860,0.0
39861,0.0
39862,0.0
39863,0.0
39864,0.0
39865,0.0
39866,0.0
39867,0.0
39868,0.0
39869,0.0
39870,0.0
39871,0.0
39872,0.0
39873,0.0
39874,0.0
39875,0.0
39876,0.0
39877,0.0
39878,0.0
39879,0.0
39880,0.0
39881,0.0
39882,0.0
39883,0.0
39884,0.0
39885,0.0
39886,0.0
39887,0.0
39888,0.0
39889,0.0
39890,0.0
39891,0.0
39892,0.0
39893,0.0
39894,0.0
39895,0.0
39896,0.0
39897,0.0
39898,0.0
39899,12684.7548828125
39900,0.0
39901,0.0
39902,0.0
39903,0.0
39904,0.0
39905,0.0
39906,0.0
39907,0.0
39908,0.0
39909,0.0
39910,0.0
39911,0.0
39912,0.0
39913,0.0
39914,0.0
39915,0.0
39916,0.0
39917,0.0
39918,0.0
39919,0.0
39920,0.0
39921,0.0
39922,0.0
39923,0.0
39924,0.0
39925,0.0
39926,0.0
39927,0.0
39928,0.0
39929,0.0
39930,0.0
39931,0.0
39932,0.0
39933,0.0
39934,0.0
39935,0.0
39936,0.0
39937,0.0
39938,0.0
39939,0.0
39940,0.0
39941,0.0
39942,0.0
39943,7109.88720703125
39944,17225.505859375
39945,0.0
39946,0.0
39947,0.0
39948,0.0
39949,0.0
39950,0.0
39951,0.0
39952,0.0
39953,0.0
39954,0.0
39955,0.0
39956,0.0
39957,0.0
39958,0.0
39959,0.0
39960,0.0
39961,0.0
39962,0.0
39963,0.0
39964,0.0
39965,0.0
39966,0.0
39967,0.0
39968,0.0
39969,0.0
39970,0.0
39971,0.0
39972,12872.5869140625
39973,0.0
39974,0.0
39975,0.0
39976,0.0
39977,0.0
39978,0.0
39979,0.0
39980,0.0
39981,0.0
39982,0.0
39983,0.0
39984,0.0
39985,0.0
39986,0.0
39987,0.0
39988,0.0
39989,0.0
39990,0.0
39991,0.0
39992,0.0
39993,0.0
39994,0.0
39995,0.0
39996,0.0
39997,0.0
39998,0.0
39999,0.0
40000,0.0
40001,0.0
40002,0.0
40003,0.0
40004,0.0
40005,0.0
40006,0.0
40007,0.0
40008,0.0
40009,0.0
40010,0.0
40011,0.0
40012,0.0
40013,0.0
40014,0.0
40015,0.0
40016,0.0
40017,0.0
40018,0.0
40019,0.0
40020,0.0
40021,0.0
40022,0.0
40023,0.0
40024,0.0
40025,0.0
40026,0.0
40027,0.0
40028,0.0
40029,0.0
40030,0.0
40031,0.0
40032,0.0
40033,0.0
40034,0.0
40035,0.0
40036,0.0
40037,0.0
40038,0.0
40039,0.0
40040,0.0
40041,0.0
40042,3974.97705078125
40043,0.0
40044,0.0
40045,0.0
40046,2966.83984375
40047,0.0
40048,0.0
40049,0.0
40050,0.0
40051,0.0
40052,0.0
40053,0.0
40054,0.0
40055,0.0
40056,0.0
40057,0.0
40058,0.0
40059,0.0
40060,0.0
40061,0.0
40062,0.0
40063,0.0
40064,0.0
40065,0.0
40066,0.0
40067,0.0
40068,0.0
40069,0.0
40070,0.0
40071,0.0
40072,0.0
40073,0.0
40074,0.0
40075,0.0
40076,0.0
40077,0.0
40078,0.0
40079,0.0
40080,0.0
40081,0.0
40082,0.0
40083,0.0
40084,0.0
40085,0.0
40086,0.0
40087,0.0
40088,0.0
40089,0.0
40090,0.0
40091,0.0
40092,0.0
40093,0.0
40094,0.0
40095,0.0
40096,0.0
40097,4400.859375
40098,0.0
40099,0.0
40100,0.0
40101,0.0
40102,0.0
40103,0.0
40104,0.0
40105,0.0
40106,0.0
40107,0.0
40108,0.0
40109,0.0
40110,0.0
40111,0.0
40112,12101.310546875
40113,0.0
40114,0.0
40115,0.0
40116,0.0
40117,0.0
40118,0.0
40119,0.0
40120,0.0
40121,0.0
40122,0.0
40123,0.0
40124,0.0
40125,0.0
40126,0.0
40127,0.0
40128,0.0
40129,0.0
40130,0.0
40131,0.0
40132,0.0
40133,0.0
40134,0.0
40135,0.0
40136,0.0
40137,0.0
40138,0.0
40139,0.0
40140,0.0
40141,0.0
40142,0.0
40143,0.0
40144,0.0
40145,0.0
40146,0.0
40147,0.0
40148,0.0
40149,0.0
40150,0.0
40151,0.0
40152,0.0
40153,0.0
40154,0.0
40155,0.0
40156,0.0
40157,0.0
40158,0.0
40159,0.0
40160,0.0
40161,0.0
40162,0.0
40163,0.0
40164,0.0
40165,0.0
40166,0.0
40167,0.0
40168,0.0
40169,0.0
40170,0.0
40171,0.0
40172,0.0
40173,0.0
40174,0.0
40175,0.0
40176,7170.02587890625
40177,0.0
40178,0.0
40179,0.0
40180,0.0
40181,0.0
40182,0.0
40183,0.0
40184,0.0
40185,0.0
40186,0.0
40187,0.0
40188,0.0
40189,0.0
40190,0.0
40191,0.0
40192,0.0
40193,0.0
40194,0.0
40195,0.0
40196,0.0
40197,0.0
40198,0.0
40199,0.0
40200,0.0
40201,0.0
40202,0.0
40203,0.0
40204,0.0
40205,0.0
40206,0.0
40207,0.0
40208,0.0
40209,0.0
40210,0.0
40211,0.0
40212,0.0
40213,0.0
40214,0.0
40215,0.0
40216,0.0
40217,15671.7607421875
40218,6337.8740234375
40219,0.0
40220,0.0
40221,0.0
40222,0.0
40223,0.0
40224,0.0
40225,0.0
40226,0.0
40227,0.0
40228,0.0
40229,0.0
40230,0.0
40231,0.0
40232,0.0
40233,4753.07080078125
40234,4864.34521484375
40235,8465.73046875
40236,4706.30859375
40237,6976.4072265625
40238,4657.58349609375
40239,6207.33056640625
40240,6174.9541015625
40241,5163.423828125
40242,3246.931396484375
40243,5864.35400390625
40244,5994.7216796875
40245,4252.7373046875
40246,7741.7734375
40247,5533.18115234375
40248,3545.468505859375
40249,5821.77783203125
40250,7233.65673828125
40251,9304.6865234375
40252,7052.32177734375
40253,7837.24169921875
40254,4206.9248046875
40255,5705.74462890625
40256,2764.95458984375
40257,8598.419921875
40258,7690.3369140625
40259,10175.630859375
40260,6395.8994140625
40261,4452.7744140625
40262,4885.095703125
40263,6053.369140625
40264,7850.8310546875
40265,4819.15087890625
40266,5617.828125
40267,5522.43603515625
40268,5873.1728515625
40269,2628.2041015625
40270,7694.0283203125
40271,4856.77392578125
40272,7616.837890625
40273,5845.138671875
40274,5103.65869140625
40275,8765.572265625
40276,6218.0380859375
40277,5315.6787109375
40278,3861.5576171875
40279,8466.8369140625
40280,9840.3310546875
40281,6791.18603515625
40282,6326.7373046875
40283,9837.9091796875
40284,8094.69580078125
40285,6507.2470703125
40286,6801.5517578125
40287,2921.453369140625
40288,3082.103759765625
40289,4767.04833984375
40290,6993.013671875
40291,9682.5537109375
40292,8223.3271484375
40293,4717.40478515625
40294,8629.0498046875
40295,8669.5224609375
40296,6105.45068359375
40297,3232.39306640625
40298,12080.5498046875
40299,2994.66748046875
40300,5448.21142578125
40301,7158.3388671875
40302,4059.15234375
40303,6336.26025390625
40304,2924.35009765625
40305,6694.130859375
40306,5435.37451171875
40307,5969.64990234375
40308,9014.02734375
40309,7621.15283203125
40310,6666.11865234375
40311,3241.10009765625
40312,8282.416015625
40313,14023.5419921875
40314,6731.50732421875
40315,5102.6611328125
40316,6829.41357421875
40317,5532.662109375
40318,7291.3583984375
40319,9980.71875
40320,2359.459716796875
40321,7616.93505859375
40322,5063.08740234375
40323,6303.92333984375
40324,10585.2822265625
40325,3424.14794921875
40326,4394.14453125
40327,5399.3720703125
40328,9034.3525390625
40329,7620.19921875
40330,4241.35595703125
40331,4111.3701171875
40332,7461.533203125
40333,6837.18359375
40334,4875.69384765625
40335,5155.083984375
40336,4963.53076171875
40337,6689.37744140625
40338,4750.8232421875
40339,3214.578369140625
40340,5908.07421875
40341,6366.56884765625
40342,6928.22998046875
40343,7589.3505859375
40344,8518.9970703125
40345,4163.03076171875
40346,9283.423828125
40347,3413.060546875
40348,3279.740966796875
40349,9127.3349609375
40350,7102.13916015625
40351,7716.91064453125
40352,9178.3154296875
40353,6994.150390625
40354,5879.83203125
40355,6816.22216796875
40356,7928.45947265625
40357,4494.23828125
40358,3067.25634765625
40359,5511.59814453125
40360,5546.8349609375
40361,5374.78076171875
40362,3251.052490234375
40363,5686.248046875
40364,6656.44677734375
40365,6328.0634765625
40366,6185.0537109375
40367,3458.33349609375
40368,7039.99560546875
40369,7476.28955078125
40370,4458.6904296875
40371,6293.6201171875
40372,4885.3203125
40373,5845.9990234375
40374,4646.0048828125
40375,5058.59375
40376,5576.85791015625
40377,7691.525390625
40378,7311.751953125
40379,7209.689453125
40380,13944.2744140625
40381,4159.64013671875
40382,5527.611328125
40383,10380.9931640625
40384,5771.181640625
40385,8292.0859375
40386,6724.52587890625
40387,6398.89599609375
40388,6176.27099609375
40389,4757.2978515625
40390,5356.9267578125
40391,9033.861328125
40392,5882.49169921875
40393,2848.861083984375
40394,3933.114501953125
40395,7454.42626953125
40396,8864.3310546875
40397,6888.00244140625
40398,6693.4375
40399,4838.33447265625
40400,1796.5020751953125
40401,2634.73681640625
40402,3618.82568359375
40403,6226.50537109375
40404,8178.966796875
40405,4763.6337890625
40406,4794.65283203125
40407,8077.39990234375
40408,9404.466796875
40409,8091.49169921875
40410,5466.900390625
40411,9560.5615234375
40412,10071.2099609375
40413,3557.76904296875
40414,5967.1533203125
40415,5223.29931640625
40416,6826.55419921875
40417,2353.79638671875
40418,6091.23974609375
40419,5065.98046875
40420,9842.4189453125
40421,6149.01416015625
40422,8966.6806640625
40423,8131.21923828125
40424,5921.0546875
40425,8565.8095703125
40426,16679.927734375
40427,8373.71484375
40428,5451.109375
40429,3833.350830078125
40430,6641.703125
40431,7815.4375
40432,4646.37451171875
40433,8898.5693359375
40434,18269.73046875
40435,5121.55859375
40436,3724.00634765625
40437,10670.744140625
40438,4351.17822265625
40439,4989.8935546875
40440,3808.370849609375
40441,6639.48681640625
40442,5090.794921875
40443,6630.84765625
40444,4365.2265625
40445,5848.90478515625
40446,10651.8408203125
40447,6100.2373046875
40448,5900.36083984375
40449,7801.2607421875
40450,6114.57275390625
40451,6825.4990234375
40452,10415.69921875
40453,5207.72802734375
40454,5391.37548828125
40455,4802.927734375
40456,4440.3046875
40457,6328.09228515625
40458,5246.38134765625
40459,5343.654296875
40460,8247.2900390625
40461,9552.8369140625
40462,8850.7744140625
40463,4820.458984375
40464,4783.4404296875
40465,4549.412109375
40466,5474.65087890625
40467,5962.69775390625
40468,3649.177490234375
40469,6492.02880859375
40470,5919.26806640625
40471,8813.4638671875
40472,6087.08056640625
40473,5165.60791015625
40474,3424.021484375
40475,4080.812255859375
40476,9099.931640625
40477,6165.4013671875
40478,5171.99853515625
40479,13307.5869140625
40480,8316.7724609375
40481,4536.9208984375
40482,5386.80517578125
40483,2925.19775390625
40484,4469.6708984375
40485,4057.714111328125
40486,5696.9296875
40487,9357.7001953125
40488,5203.94287109375
40489,9402.525390625
40490,11063.8994140625
40491,5864.47265625
40492,6536.5576171875
40493,4708.111328125
40494,5640.31884765625
40495,5648.8974609375
40496,10673.4072265625
40497,6433.4814453125
40498,8917.6181640625
40499,3349.25537109375
40500,6275.4052734375
40501,5970.3271484375
40502,9003.1240234375
40503,7314.404296875
40504,5273.68701171875
40505,7139.00439453125
40506,5556.60302734375
40507,9034.06640625
40508,7768.21875
40509,7259.76513671875
40510,9498.5498046875
40511,7288.85009765625
40512,8559.4130859375
40513,4151.09619140625
40514,6206.38134765625
40515,4839.22021484375
40516,8196.91796875
40517,7414.1650390625
40518,7391.380859375
40519,7064.0390625
40520,7140.998046875
40521,5225.00927734375
40522,7205.84228515625
40523,6061.9482421875
40524,3592.404296875
40525,11078.5888671875
40526,16357.0771484375
40527,6956.19677734375
40528,6523.216796875
40529,7895.64453125
40530,8730.7080078125
40531,8714.794921875
40532,3369.323486328125
40533,4671.37451171875
40534,6444.41064453125
40535,8888.4560546875
40536,3402.5751953125
40537,4177.1943359375
40538,5793.5185546875
40539,5355.6005859375
40540,5880.0791015625
40541,3712.32861328125
40542,3373.782470703125
40543,7566.73193359375
40544,4182.27783203125
40545,4767.8505859375
40546,6563.35205078125
40547,5059.41015625
40548,9860.9365234375
40549,12842.546875
40550,6161.7490234375
40551,8143.83935546875
40552,7422.0087890625
40553,10224.271484375
40554,4990.0693359375
40555,3091.798828125
40556,5898.73388671875
40557,13042.1201171875
40558,4169.44287109375
40559,7668.07958984375
40560,1836.979736328125
40561,3591.218994140625
40562,7120.0107421875
40563,6497.9482421875
40564,5465.32421875
40565,9258.3408203125
40566,9729.5546875
40567,8220.3310546875
40568,4713.2236328125
40569,10505.8447265625
40570,2070.65234375
40571,3979.933349609375
40572,7104.5595703125
40573,5082.361328125
40574,10174.462890625
40575,2064.40380859375
40576,7456.64013671875
40577,6223.07421875
40578,10349.234375
40579,11278.6708984375
40580,5662.501953125
40581,3334.483642578125
40582,12136.3720703125
40583,10491.2392578125
40584,4465.25390625
40585,5861.5498046875
40586,9370.099609375
40587,6803.126953125
40588,6532.99462890625
40589,3932.75439453125
40590,8396.2783203125
40591,4493.06982421875
40592,12825.1337890625
40593,8508.7802734375
40594,12320.61328125
40595,7490.8603515625
40596,4967.41259765625
40597,1647.384765625
40598,6004.45458984375
40599,6971.14599609375
40600,5488.04638671875
40601,8498.494140625
40602,6079.71630859375
40603,2969.318359375
40604,8049.60595703125
40605,3658.382568359375
40606,8364.794921875
40607,7220.5283203125
40608,7188.69970703125
40609,8196.1474609375
40610,5769.20361328125
40611,7489.6611328125
40612,7011.38671875
40613,5991.2412109375
40614,7332.78125
40615,3857.671875
40616,9395.7646484375
40617,6885.00927734375
40618,3946.20947265625
40619,5155.21630859375
40620,8622.88671875
40621,6445.3427734375
40622,4089.30078125
40623,5896.2822265625
40624,5846.62890625
40625,6323.96533203125
40626,4939.20703125
40627,9680.0712890625
40628,4814.56201171875
40629,4622.58251953125
40630,6495.849609375
40631,6559.01904296875
40632,3615.917724609375
40633,5036.2490234375
40634,8828.9697265625
40635,7955.57177734375
40636,11003.8544921875
40637,10450.767578125
40638,7479.8623046875
40639,8513.880859375
40640,4536.90771484375
40641,10055.2724609375
40642,8720.5302734375
40643,6036.6201171875
40644,5330.22900390625
40645,5491.09033203125
40646,5034.60302734375
40647,2368.14208984375
40648,11552.7080078125
40649,7285.6865234375
40650,6887.80029296875
40651,5132.953125
40652,1200.6534423828125
40653,8245.7880859375
40654,6310.294921875
40655,5186.9580078125
40656,4080.12939453125
40657,4246.45947265625
40658,6869.80615234375
40659,4310.451171875
40660,10956.9970703125
40661,4772.78369140625
40662,4649.15673828125
40663,3479.252685546875
40664,3393.768310546875
40665,5357.1259765625
40666,14907.88671875
40667,3831.829833984375
40668,6085.81640625
40669,5389.71484375
40670,4360.466796875
40671,3505.431640625
40672,6872.6875
40673,2866.9951171875
40674,10509.728515625
40675,6855.26416015625
40676,2683.477783203125
40677,8753.869140625
40678,2204.5673828125
40679,4483.74560546875
40680,10009.9130859375
40681,8192.1474609375
40682,8874.236328125
40683,2853.064697265625
40684,5216.01220703125
40685,5227.17333984375
40686,4532.078125
40687,15407.322265625
40688,12761.130859375
40689,5786.7861328125
40690,3684.0830078125
40691,6436.875
40692,4900.05419921875
40693,3221.81201171875
40694,8774.529296875
40695,6102.67529296875
40696,5502.6845703125
40697,6999.63525390625
40698,5133.5615234375
40699,3802.080322265625
40700,6035.75927734375
40701,6754.693359375
40702,7571.59228515625
40703,3304.507080078125
40704,6153.9013671875
40705,7399.7548828125
40706,8471.306640625
40707,7016.29248046875
40708,8119.9716796875
40709,2469.77001953125
40710,8517.318359375
40711,5036.71484375
40712,4093.684326171875
40713,4996.91259765625
40714,4690.71923828125
40715,4456.60595703125
40716,7550.46240234375
40717,5460.421875
40718,5497.296875
40719,5374.939453125
40720,8078.01611328125
40721,8592.818359375
40722,6869.2763671875
40723,8598.046875
40724,6511.47607421875
40725,3143.793212890625
40726,11812.6689453125
40727,3737.274169921875
40728,3929.59814453125
40729,6452.34521484375
40730,11193.4296875
40731,11247.9794921875
40732,4110.84130859375
40733,5874.2421875
40734,6562.29345703125
40735,7101.5009765625
40736,4471.69287109375
40737,8602.8603515625
40738,2899.7587890625
40739,4485.98974609375
40740,4314.822265625
40741,3575.65380859375
40742,4662.85205078125
40743,7579.02099609375
40744,7705.12548828125
40745,6580.8408203125
40746,7575.8955078125
40747,8259.755859375
40748,7678.19921875
40749,5875.17919921875
40750,5956.96240234375
40751,6672.89892578125
40752,8161.39892578125
40753,5933.45068359375
40754,2513.48486328125
40755,6495.314453125
40756,6763.27587890625
40757,6439.12548828125
40758,5909.796875
40759,3102.840576171875
40760,9818.5244140625
40761,3524.6162109375
40762,9052.37109375
40763,5080.3701171875
40764,4521.8154296875
40765,7498.2109375
40766,5376.9287109375
40767,4031.199951171875
40768,8798.384765625
40769,3585.5205078125
40770,7237.8740234375
40771,10123.923828125
40772,7651.1220703125
40773,2841.226318359375
40774,5953.5322265625
40775,3758.191650390625
40776,2304.75537109375
40777,6030.4140625
40778,6598.392578125
40779,5906.0205078125
40780,4650.21044921875
40781,5172.4814453125
40782,5488.03173828125
40783,8910.408203125
40784,5932.63818359375
40785,6041.51171875
40786,4315.88916015625
40787,6061.1220703125
40788,6458.12548828125
40789,6719.1611328125
40790,8517.3642578125
40791,8531.6845703125
40792,8759.0087890625
40793,6089.5048828125
40794,4733.66162109375
40795,3109.6025390625
40796,6682.6728515625
40797,8851.77734375
40798,6926.12451171875
40799,9427.447265625
40800,14807.0234375
40801,3726.978271484375
40802,4497.0283203125
40803,5254.8388671875
40804,8686.78125
40805,10830.85546875
40806,8107.32421875
40807,8510.3349609375
40808,8526.1796875
40809,7903.345703125
40810,6653.654296875
40811,5747.6806640625
40812,4045.836669921875
40813,5264.04345703125
40814,3516.7880859375
40815,3437.99560546875
40816,7382.166015625
40817,17677.365234375
40818,5631.505859375
40819,4946.42236328125
40820,6099.61669921875
40821,4738.376953125
40822,6146.70751953125
40823,2441.91015625
40824,8532.1787109375
40825,7062.54931640625
40826,4154.48046875
40827,12137.337890625
40828,11653.9990234375
40829,3082.86474609375
40830,5903.9306640625
40831,3804.47802734375
40832,4027.341796875
40833,5209.50732421875
40834,8646.7021484375
40835,3896.92578125
40836,5190.17822265625
40837,4779.326171875
40838,5870.0517578125
40839,5103.26513671875
40840,8340.9677734375
40841,3696.17919921875
40842,8566.8828125
40843,7682.24169921875
40844,4919.48046875
40845,4295.365234375
40846,4344.9765625
40847,5494.23046875
40848,5344.85205078125
40849,9880.390625
40850,4471.9462890625
40851,4079.092041015625
40852,6408.68896484375
40853,4861.20263671875
40854,6356.6083984375
40855,4539.76171875
40856,7190.1328125
40857,9884.01171875
40858,6999.9443359375
40859,5973.38916015625
40860,3484.142822265625
40861,5064.8896484375
40862,5983.18798828125
40863,3509.468017578125
40864,5131.9306640625
40865,4834.10888671875
40866,11679.0322265625
40867,7109.91162109375
40868,3904.7578125
40869,5963.3193359375
40870,5839.69921875
40871,8015.84912109375
40872,4917.5986328125
40873,9184.5419921875
40874,6700.22802734375
40875,4806.96826171875
40876,3661.355712890625
40877,2527.704345703125
40878,3865.159912109375
40879,20018.2890625
40880,2722.597412109375
40881,5161.42041015625
40882,7028.576171875
40883,7082.966796875
40884,6400.8603515625
40885,8960.8515625
40886,6196.0517578125
40887,6725.4345703125
40888,3534.6201171875
40889,8726.1259765625
40890,4863.3076171875
40891,6871.10546875
40892,9073.787109375
40893,5225.693359375
40894,7851.32763671875
40895,6622.7529296875
40896,3456.11328125
40897,6618.72607421875
40898,7340.48828125
40899,2814.332763671875
40900,8298.6923828125
40901,6438.1416015625
40902,4623.59033203125
40903,8729.8740234375
40904,8322.8974609375
40905,6827.728515625
40906,5404.39794921875
40907,3171.41845703125
40908,6644.005859375
40909,4307.203125
40910,6549.4765625
40911,3329.0224609375
40912,5951.68017578125
40913,3610.400390625
40914,5496.61767578125
40915,5522.2734375
40916,4756.640625
40917,6394.35400390625
40918,8402.4501953125
40919,6058.28466796875
40920,8636.4033203125
40921,6362.11767578125
40922,6328.99755859375
40923,9749.0458984375
40924,7189.40869140625
40925,4043.177978515625
40926,5914.9638671875
40927,6099.18212890625
40928,4364.09130859375
40929,13059.9150390625
40930,5963.1025390625
40931,6305.12109375
40932,8957.4619140625
40933,6327.00830078125
40934,2004.15380859375
40935,10979.51953125
40936,9563.7060546875
40937,5560.82421875
40938,7981.32177734375
40939,6899.40234375
40940,7894.81005859375
40941,4538.47509765625
40942,3189.1328125
40943,3731.761962890625
40944,5801.5830078125
40945,7866.00439453125
40946,3700.721435546875
40947,8473.916015625
40948,6921.9443359375
40949,5282.98388671875
40950,7224.07958984375
40951,5220.298828125
40952,7003.5712890625
40953,4722.4482421875
40954,4912.8056640625
40955,5250.177734375
40956,4532.80322265625
40957,5877.23974609375
40958,7043.7314453125
40959,8889.5576171875
40960,6312.21142578125
40961,3976.43408203125
40962,6250.11962890625
40963,6909.0263671875
40964,7577.90380859375
40965,3466.48974609375
40966,3257.39453125
40967,7778.7685546875
40968,6259.9287109375
40969,4331.30322265625
40970,7336.42138671875
40971,6083.3603515625
40972,6143.380859375
40973,5713.85595703125
40974,1796.19580078125
40975,7514.86181640625
40976,6496.96923828125
40977,5205.36669921875
40978,9904.75
40979,6945.3076171875
40980,3633.700439453125
40981,6692.9580078125
40982,3929.1171875
40983,1266.6959228515625
40984,6359.92529296875
40985,9406.2646484375
40986,5478.28955078125
40987,5304.248046875
40988,3053.313720703125
40989,5076.40380859375
40990,7889.03271484375
40991,6328.18505859375
40992,9269.755859375
40993,3805.160400390625
40994,4456.61767578125
40995,4098.35205078125
40996,6782.77099609375
40997,3593.355224609375
40998,3551.320556640625
40999,5596.46435546875
41000,4643.736328125
41001,8027.32568359375
41002,5300.857421875
41003,5352.2158203125
41004,5699.1123046875
41005,7661.7587890625
41006,4492.9619140625
41007,3500.2412109375
41008,9097.509765625
41009,7277.5263671875
41010,6919.97265625
41011,2925.643798828125
41012,5997.49169921875
41013,5875.9208984375
41014,4842.94189453125
41015,7713.4892578125
41016,9255.5458984375
41017,7012.44970703125
41018,6489.12158203125
41019,6581.98291015625
41020,7310.216796875
41021,12183.78125
41022,4123.57861328125
41023,3981.331787109375
41024,5715.43115234375
41025,5495.30419921875
41026,6401.3515625
41027,8445.3369140625
41028,6781.9677734375
41029,6668.189453125
41030,3760.072998046875
41031,6847.28076171875
41032,10667.8837890625
41033,3653.995361328125
41034,6944.9794921875
41035,4146.65673828125
41036,7613.515625
41037,7177.21142578125
41038,5124.1142578125
41039,6895.4482421875
41040,5253.41650390625
41041,4814.95703125
41042,6772.859375
41043,6329.1533203125
41044,8964.4130859375
41045,5921.31201171875
41046,9165.0615234375
41047,6989.19921875
41048,3755.48291015625
41049,8797.76171875
41050,2474.9541015625
41051,9449.1220703125
41052,5789.71044921875
41053,5025.0537109375
41054,6533.31396484375
41055,4314.05078125
41056,4021.202880859375
41057,7481.5986328125
41058,3298.824462890625
41059,3151.624267578125
41060,6408.7001953125
41061,6810.62744140625
41062,9533.3291015625
41063,5718.43798828125
41064,6035.4189453125
41065,4316.5625
41066,6840.5810546875
41067,3777.5927734375
41068,10782.4482421875
41069,8102.6357421875
41070,11675.2001953125
41071,6252.6640625
41072,5243.66943359375
41073,11823.4619140625
41074,9646.4140625
41075,3178.87744140625
41076,8314.111328125
41077,6187.4326171875
41078,6382.50732421875
41079,6419.56494140625
41080,5402.900390625
41081,3274.503173828125
41082,5084.216796875
41083,3734.066162109375
41084,2788.027587890625
41085,7362.291015625
41086,5760.92041015625
41087,22608.810546875
41088,7765.43994140625
