key,fare_amount
2015-01-27 13:08:24.0000002,10.886533
2015-01-27 13:08:24.0000003,10.952999
2011-10-08 11:53:44.0000002,4.8459535
2012-12-01 21:12:12.0000002,8.952855
2012-12-01 21:12:12.0000003,15.963313
2012-12-01 21:12:12.0000005,10.719307
2011-10-06 12:10:20.0000001,5.4923344
2011-10-06 12:10:20.0000003,49.891384
2011-10-06 12:10:20.0000002,11.863051
2014-02-18 15:22:20.0000002,7.06125
2014-02-18 15:22:20.0000003,10.361677
2014-02-18 15:22:20.0000001,17.67319
2010-03-29 20:20:32.0000002,4.054639
2010-03-29 20:20:32.0000001,6.3254905
2011-10-06 03:59:12.0000002,7.3246803
2011-10-06 03:59:12.0000001,10.57799
2012-07-15 16:45:04.0000006,4.1981955
2012-07-15 16:45:04.0000002,8.690337
2012-07-15 16:45:04.0000003,4.7672415
2012-07-15 16:45:04.0000004,4.355302
2014-10-29 02:09:56.0000001,7.12528
2014-06-14 13:39:00.00000010,8.23212
2014-06-14 13:39:00.00000060,7.738801
2014-06-14 13:39:00.00000087,8.972984
2014-06-14 13:39:00.00000050,19.0319
2014-06-14 13:39:00.0000003,7.038658
2014-06-14 13:39:00.000000158,34.923534
2014-06-14 13:39:00.00000015,24.87766
2014-06-14 13:39:00.00000073,6.0523615
2014-06-14 13:39:00.00000077,16.578096
2014-06-14 13:39:00.000000145,10.457746
2014-06-14 13:39:00.00000079,6.6377497
2014-06-14 13:39:00.000000121,5.4529777
2014-06-14 13:39:00.00000021,11.440152
2014-06-14 13:39:00.0000005,8.903673
2014-06-14 13:39:00.000000165,7.7883987
2014-06-14 13:39:00.000000184,6.3435035
2014-06-14 13:39:00.00000059,6.3359327
2014-06-14 13:39:00.00000070,8.275285
2014-06-14 13:39:00.00000068,4.774248
2014-06-14 13:39:00.000000133,20.601383
2014-06-14 13:39:00.000000128,10.642926
2014-06-14 13:39:00.000000136,19.971754
2014-06-14 13:39:00.00000017,11.065419
2014-06-14 13:39:00.000000111,5.7786455
2014-06-14 13:39:00.000000115,12.539679
2014-06-14 13:39:00.000000168,5.955831
2014-06-14 13:39:00.00000031,7.0118966
2014-06-14 13:39:00.000000116,6.691055
2014-06-14 13:39:00.00000051,5.2015057
2014-06-14 13:39:00.000000193,13.9708805
2014-06-14 13:39:00.000000132,13.373073
2014-06-14 13:39:00.000000167,21.78869
2014-06-14 13:39:00.00000044,6.3024178
2014-06-14 13:39:00.000000138,7.732863
2014-06-14 13:39:00.00000066,15.623254
2014-06-14 13:39:00.00000063,11.763409
2014-06-14 13:39:00.000000154,11.506637
2014-06-14 13:39:00.00000097,14.337602
2014-06-14 13:39:00.00000067,14.10044
2014-06-14 13:39:00.000000179,7.5548396
2014-06-14 13:39:00.00000092,11.464129
2014-06-14 13:39:00.00000029,5.498823
2014-06-14 13:39:00.000000177,5.903161
2014-06-14 13:39:00.000000192,7.770404
2014-06-14 13:39:00.000000181,6.852822
2014-06-14 13:39:00.000000120,11.706266
2014-06-14 13:39:00.0000008,5.7347703
2014-06-14 13:39:00.000000103,5.022013
2014-06-14 13:39:00.00000049,18.279467
2014-06-14 13:39:00.000000108,7.9134336
2014-06-14 13:39:00.00000072,5.7323093
2014-06-14 13:39:00.000000182,12.768912
2014-06-14 13:39:00.00000061,7.2853575
2014-06-14 13:39:00.00000093,9.893543
2014-06-14 13:39:00.000000170,12.435817
2014-06-14 13:39:00.000000147,48.992603
2014-06-14 13:39:00.000000140,5.3843675
2014-06-14 13:39:00.000000159,5.0638804
2014-06-14 13:39:00.00000012,4.9861336
2014-06-14 13:39:00.00000025,7.3067102
2014-06-14 13:39:00.000000156,5.762585
2014-06-14 13:39:00.000000152,8.485208
2014-06-14 13:39:00.000000129,10.500241
2014-06-14 13:39:00.000000119,19.851498
2014-06-14 13:39:00.000000118,5.777789
2014-06-14 13:39:00.00000076,5.1465974
2014-06-14 13:39:00.000000135,7.5997787
2014-06-14 13:39:00.00000023,21.271826
2014-06-14 13:39:00.00000082,10.501098
2014-06-14 13:39:00.000000125,11.764247
2014-06-14 13:39:00.00000075,10.512948
2014-06-14 13:39:00.000000124,7.1999006
2014-06-14 13:39:00.000000172,7.1563234
2014-06-14 13:39:00.00000024,15.563432
2014-06-14 13:39:00.000000169,14.807177
2014-06-14 13:39:00.00000052,12.692172
2014-06-14 13:39:00.000000161,14.288816
2014-06-14 13:39:00.00000038,8.286471
2014-06-14 13:39:00.00000035,11.330087
2014-06-14 13:39:00.00000053,13.11075
2014-06-14 13:39:00.000000183,7.9202237
2014-06-14 13:39:00.000000131,55.875362
2014-06-14 13:39:00.000000180,7.6573706
2014-06-14 13:39:00.000000130,10.033882
2014-06-14 13:39:00.00000032,4.3403344
2014-06-14 13:39:00.000000148,11.637649
2014-06-14 13:39:00.0000007,10.735503
2014-06-14 13:39:00.00000095,12.273875
2014-06-14 13:39:00.000000144,37.43567
2014-06-14 13:39:00.000000141,33.396835
2014-06-14 13:39:00.000000162,21.071646
2014-06-14 13:39:00.00000018,12.408961
2014-06-14 13:39:00.00000054,9.390948
2014-06-14 13:39:00.00000040,7.032077
2014-06-14 13:39:00.00000096,7.089693
2014-06-14 13:39:00.00000055,25.93656
2014-06-14 13:39:00.000000109,9.988429
2014-06-14 13:39:00.000000151,7.496754
2014-06-14 13:39:00.00000016,11.070961
2014-06-14 13:39:00.00000062,10.797652
2014-06-14 13:39:00.000000191,8.721774
2014-06-14 13:39:00.00000034,8.681029
2014-06-14 13:39:00.000000160,6.6957245
2014-06-14 13:39:00.00000013,6.8510923
2014-06-14 13:39:00.000000188,5.650166
2014-06-14 13:39:00.00000086,8.805018
2014-06-14 13:39:00.000000185,12.297549
2014-06-14 13:39:00.00000074,9.338871
2014-06-14 13:39:00.00000022,19.715147
2014-06-14 13:39:00.00000036,5.120173
2014-06-14 13:39:00.000000126,4.688915
2014-06-14 13:39:00.000000190,6.72281
2014-06-14 13:39:00.00000042,7.1299353
2014-06-14 13:39:00.000000178,7.779165
2014-06-14 13:39:00.000000163,5.29783
2014-06-14 13:39:00.00000020,13.289362
2014-06-14 13:39:00.00000098,6.4658184
2014-06-14 13:39:00.000000114,22.522022
2014-06-14 13:39:00.00000045,9.55712
2014-06-14 13:39:00.00000094,4.8471193
2014-06-14 13:39:00.000000146,11.681453
2014-06-14 13:39:00.00000033,9.066539
2014-06-14 13:39:00.000000143,5.934823
2014-06-14 13:39:00.000000107,7.06456
2014-06-14 13:39:00.00000048,9.911402
2014-06-14 13:39:00.00000043,12.649788
2014-06-14 13:39:00.000000123,10.383213
2014-06-14 13:39:00.000000134,8.729113
2014-06-14 13:39:00.000000142,7.060921
2014-06-14 13:39:00.000000122,11.729585
2014-06-14 13:39:00.000000176,10.182784
2011-12-12 09:42:12.0000004,6.328759
2011-12-12 09:42:12.0000002,4.4135756
2011-12-12 09:42:12.0000001,11.238044
2011-12-12 09:42:12.0000003,7.1799035
2011-12-12 09:42:12.0000005,8.331519
2013-06-27 00:20:40.0000001,17.464355
2013-06-27 00:20:40.0000003,10.955347
2009-02-20 13:34:16.0000001,8.479336
2009-02-20 13:34:16.0000002,12.308997
2009-02-20 13:34:16.0000003,7.095255
2010-08-22 21:14:08.0000001,29.543732
2010-08-22 21:14:08.0000005,14.293103
2010-08-22 21:14:08.0000003,4.7633433
2010-08-22 21:14:08.0000002,7.2570305
2012-08-06 08:58:08.0000002,4.99539
2012-08-06 08:58:08.0000001,17.080887
2013-11-04 08:34:12.0000003,5.689181
2013-11-04 08:34:12.0000001,10.474608
2013-11-04 08:34:12.0000002,10.997911
2011-06-24 20:34:48.0000002,7.889599
2011-06-24 20:34:48.0000001,18.008282
2011-03-28 20:38:36.0000003,5.71296
2011-03-28 20:38:36.0000004,4.8607163
2011-03-28 20:38:36.0000002,7.575299
2011-08-14 20:36:28.0000004,6.253951
2011-08-14 20:36:28.0000001,6.746105
2011-08-14 20:36:28.0000003,19.878702
2011-08-14 20:36:28.0000002,6.1205144
2015-02-21 15:52:44.0000004,20.170706
2015-02-21 15:52:44.0000003,9.96693
2015-02-21 15:52:44.0000002,18.482222
2015-02-21 15:52:44.0000001,10.022592
2013-01-29 11:29:52.0000001,10.450258
2014-09-12 19:03:48.0000001,10.280392
2013-11-09 18:52:40.0000004,9.312618
2013-11-09 18:52:40.0000002,12.993585
2013-04-25 16:10:04.0000001,56.32578
2013-04-25 16:10:04.0000002,8.398391
2013-09-07 14:37:52.0000001,8.165767
2013-09-07 14:37:52.0000002,10.642273
2013-09-07 14:37:52.0000003,5.9624205
2011-05-21 13:16:20.0000004,5.308723
2011-05-21 13:16:20.0000001,6.3252172
2011-05-21 13:16:20.0000003,8.993032
2011-11-25 16:36:24.0000002,6.4950376
2011-11-25 16:36:24.0000001,11.635818
2015-01-31 20:54:04.0000001,5.9614778
2010-11-01 23:31:28.0000002,6.7519727
2010-11-01 23:31:28.0000001,8.309593
2010-11-01 23:31:28.0000003,9.117725
2011-03-24 15:57:04.0000003,4.5521703
2011-03-24 15:57:04.0000001,7.334758
2010-05-10 10:37:04.0000005,6.1003337
2010-05-10 10:37:04.0000002,5.748665
2010-05-10 10:37:04.0000003,9.5063095
2010-05-10 10:37:04.0000006,8.541081
2012-06-09 16:53:44.0000002,8.357023
2012-08-22 22:39:20.0000003,17.30956
2012-08-22 22:39:20.0000001,4.894974
2012-12-23 02:29:16.0000001,13.877262
2012-06-30 15:55:12.0000004,12.891645
2012-06-30 15:55:12.0000002,6.9045577
2012-06-30 15:55:12.0000003,11.266416
2012-06-30 15:55:12.0000001,6.5595074
2011-10-02 23:36:00.00000056,11.095779
2011-10-02 23:36:00.00000086,15.526497
2011-10-02 23:36:00.00000081,14.316185
2011-10-02 23:36:00.0000009,3.9612772
2011-10-02 23:36:00.00000041,11.798987
2011-10-02 23:36:00.00000091,4.1188354
2011-10-02 23:36:00.0000008,11.622238
2011-10-02 23:36:00.00000015,25.682543
2011-10-02 23:36:00.00000014,8.913203
2011-10-02 23:36:00.00000047,6.5831537
2011-10-02 23:36:00.00000076,6.9413104
2011-10-02 23:36:00.00000011,6.827459
2011-10-02 23:36:00.00000075,5.096303
2011-10-02 23:36:00.00000035,6.5757823
2011-10-02 23:36:00.00000099,5.7418914
2011-10-02 23:36:00.00000062,8.588092
2011-10-02 23:36:00.00000085,8.350819
2011-10-02 23:36:00.00000043,17.043165
2011-10-02 23:36:00.00000071,10.548994
2011-10-02 23:36:00.00000023,6.010656
2011-10-02 23:36:00.00000092,5.417396
2011-10-02 23:36:00.00000037,8.693822
2011-10-02 23:36:00.00000083,9.621118
2011-10-02 23:36:00.00000054,11.603612
2011-10-02 23:36:00.00000073,9.271221
2011-10-02 23:36:00.0000005,6.9689274
2011-10-02 23:36:00.00000095,4.8175445
2011-10-02 23:36:00.00000088,6.2764683
2011-10-02 23:36:00.00000030,8.070049
2011-10-02 23:36:00.0000007,12.146719
2011-10-02 23:36:00.00000013,9.160233
2011-10-02 23:36:00.00000065,24.264761
2011-10-02 23:36:00.00000089,48.11573
2011-10-02 23:36:00.00000096,7.19282
2011-10-02 23:36:00.00000039,8.709522
2011-10-02 23:36:00.00000038,24.930847
2011-10-02 23:36:00.00000067,17.204962
2011-10-02 23:36:00.00000077,10.49396
2011-10-02 23:36:00.00000020,16.97746
2011-10-02 23:36:00.00000063,15.655281
2011-10-02 23:36:00.00000012,7.8533974
2011-10-02 23:36:00.00000058,16.339281
2011-10-02 23:36:00.00000026,9.733412
2011-10-02 23:36:00.00000074,19.442987
2011-10-02 23:36:00.00000059,24.120985
2011-10-02 23:36:00.00000090,14.162911
2011-10-02 23:36:00.0000004,32.531384
2011-10-02 23:36:00.0000003,14.959338
2011-10-02 23:36:00.00000021,15.563413
2011-10-02 23:36:00.00000097,7.764371
2011-10-02 23:36:00.00000036,16.923466
2011-10-02 23:36:00.00000024,19.67884
2011-10-02 23:36:00.00000082,47.0539
2011-10-02 23:36:00.000000100,7.4083867
2011-10-02 23:36:00.00000040,4.499767
2011-10-02 23:36:00.00000022,4.5338182
2013-03-21 12:47:28.0000006,11.806978
2013-03-21 12:47:28.0000008,11.021621
2013-03-21 12:47:28.0000003,12.680916
2013-03-21 12:47:28.0000005,6.6297617
2013-03-21 12:47:28.0000002,8.290593
2013-06-07 03:02:56.0000002,18.048624
2013-06-07 03:02:56.0000001,6.6882668
2010-09-05 22:31:32.0000002,29.5547
2013-07-12 23:33:24.0000001,9.91063
2009-12-03 02:32:08.0000001,18.818064
2009-10-15 03:50:36.0000001,5.1301556
2011-09-25 22:36:32.0000002,19.099947
2011-09-25 22:36:32.0000001,10.899189
2015-06-08 20:02:56.0000001,10.403397
2014-07-16 08:03:32.0000002,11.597547
2014-07-16 08:03:32.0000001,13.029926
2011-12-15 13:14:32.0000002,8.974055
2011-12-15 13:14:32.0000001,5.4787793
2011-10-11 22:13:48.0000002,13.159926
2011-10-11 22:13:48.0000005,8.728227
2011-10-11 22:13:48.0000003,7.199876
2013-09-14 16:53:20.0000001,9.219409
2013-09-14 16:53:20.0000002,10.628096
2014-02-06 09:09:56.0000004,5.7507906
2014-02-06 09:09:56.0000003,6.1723886
2014-02-06 09:09:56.0000001,5.3754373
2009-06-10 16:55:00.00000081,29.119219
2009-06-10 16:55:00.00000029,5.683743
2009-06-10 16:55:00.000000109,8.400733
2009-06-10 16:55:00.00000098,48.655712
2009-06-10 16:55:00.00000054,9.627621
2009-06-10 16:55:00.00000021,30.78101
2009-06-10 16:55:00.00000012,8.868403
2009-06-10 16:55:00.00000033,5.526242
2009-06-10 16:55:00.00000024,8.872569
2009-06-10 16:55:00.00000099,10.552068
2009-06-10 16:55:00.0000009,7.8381476
2009-06-10 16:55:00.000000158,5.57764
2009-06-10 16:55:00.000000141,4.765295
2009-06-10 16:55:00.00000093,7.593858
2009-06-10 16:55:00.000000161,10.03816
2009-06-10 16:55:00.00000088,5.453105
2009-06-10 16:55:00.0000003,8.405367
2009-06-10 16:55:00.00000018,5.669362
2009-06-10 16:55:00.00000047,7.259954
2009-06-10 16:55:00.000000154,10.432706
2009-06-10 16:55:00.000000131,10.936343
2009-06-10 16:55:00.00000046,12.571488
2009-06-10 16:55:00.0000004,5.7570214
2009-06-10 16:55:00.000000107,6.9564204
2009-06-10 16:55:00.000000114,6.561961
2009-06-10 16:55:00.000000117,8.074745
2009-06-10 16:55:00.000000162,10.118005
2009-06-10 16:55:00.00000049,10.912763
2009-06-10 16:55:00.00000069,7.7364464
2009-06-10 16:55:00.000000111,8.432872
2009-06-10 16:55:00.00000083,4.2436256
2009-06-10 16:55:00.000000166,59.764576
2009-06-10 16:55:00.000000135,9.356851
2009-06-10 16:55:00.00000044,31.170195
2009-06-10 16:55:00.00000085,8.244349
2009-06-10 16:55:00.000000115,6.404715
2009-06-10 16:55:00.000000108,6.7157226
2009-06-10 16:55:00.00000034,5.648475
2009-06-10 16:55:00.00000060,16.443754
2009-06-10 16:55:00.000000120,5.1324553
2009-06-10 16:55:00.000000174,31.605766
2009-06-10 16:55:00.0000007,6.6551723
2009-06-10 16:55:00.000000159,7.6622825
2009-06-10 16:55:00.000000171,22.736208
2009-06-10 16:55:00.000000145,11.585738
2009-06-10 16:55:00.00000074,8.110681
2009-06-10 16:55:00.000000138,11.356518
2009-06-10 16:55:00.00000048,5.288182
2009-06-10 16:55:00.000000101,5.3529134
2009-06-10 16:55:00.000000153,5.536553
2009-06-10 16:55:00.0000002,10.0741415
2009-06-10 16:55:00.00000037,9.335295
2009-06-10 16:55:00.000000151,10.083951
2009-06-10 16:55:00.000000127,29.12375
2009-06-10 16:55:00.000000144,33.333855
2009-06-10 16:55:00.000000165,12.490292
2009-06-10 16:55:00.0000008,5.2742023
2009-06-10 16:55:00.000000122,7.837254
2009-06-10 16:55:00.00000055,28.989866
2009-06-10 16:55:00.00000079,4.797574
2009-06-10 16:55:00.00000016,15.672638
2009-06-10 16:55:00.000000160,17.762596
2009-06-10 16:55:00.000000139,6.615768
2009-06-10 16:55:00.00000075,5.4505677
2009-06-10 16:55:00.00000017,6.7520485
2009-06-10 16:55:00.00000070,5.488918
2009-06-10 16:55:00.000000118,10.591457
2009-06-10 16:55:00.00000066,11.603924
2009-06-10 16:55:00.000000164,5.7256145
2009-06-10 16:55:00.000000100,9.9966545
2009-06-10 16:55:00.00000082,8.754625
2009-06-10 16:55:00.00000090,12.803943
2009-06-10 16:55:00.000000125,12.2045
2009-06-10 16:55:00.000000149,6.606152
2009-06-10 16:55:00.00000068,11.728724
2009-06-10 16:55:00.00000039,6.035978
2009-06-10 16:55:00.000000124,4.797936
2009-06-10 16:55:00.00000053,6.1706724
2009-06-10 16:55:00.00000045,10.549551
2009-06-10 16:55:00.000000102,5.589453
2009-06-10 16:55:00.000000140,8.114253
2009-06-10 16:55:00.000000148,7.4487405
2009-06-10 16:55:00.000000147,6.5257106
2009-06-10 16:55:00.00000097,8.0700865
2009-06-10 16:55:00.00000094,6.9080205
2009-06-10 16:55:00.00000078,8.559957
2009-06-10 16:55:00.00000035,6.4541903
2009-06-10 16:55:00.00000072,7.564764
2009-06-10 16:55:00.00000031,5.3443394
2009-06-10 16:55:00.00000056,7.717636
2009-06-10 16:55:00.000000128,17.401955
2009-06-10 16:55:00.00000057,6.945405
2009-06-10 16:55:00.00000030,7.3950343
2009-06-10 16:55:00.00000043,10.815532
2009-06-10 16:55:00.000000146,7.913906
2009-06-10 16:55:00.00000010,7.9847546
2009-06-10 16:55:00.00000067,11.015295
2009-06-10 16:55:00.000000119,5.645506
2009-06-10 16:55:00.00000076,16.847988
2009-06-10 16:55:00.00000025,6.859168
2009-06-10 16:55:00.00000071,16.36154
2009-06-10 16:55:00.000000143,9.289337
2013-06-26 11:19:36.0000002,4.4479637
2014-09-05 10:02:48.0000004,5.326507
2014-09-05 10:02:48.0000002,9.137811
2014-09-05 10:02:48.0000001,39.220345
2014-09-05 10:02:48.0000003,9.634704
2012-09-19 12:31:40.0000001,9.996054
2012-09-19 12:31:40.0000002,6.708168
2009-03-22 04:31:40.0000002,18.644077
2009-08-27 02:31:44.0000001,17.808432
2009-05-02 20:11:32.0000001,9.408511
2009-05-02 20:11:32.0000004,8.320804
2011-02-20 02:31:16.0000002,7.466551
2011-02-20 02:31:16.0000001,18.722376
2011-06-24 12:03:00.00000010,6.219532
2011-06-24 12:03:00.00000067,11.499667
2011-06-24 12:03:00.00000071,11.259543
2011-06-24 12:03:00.000000100,6.9844003
2011-06-24 12:03:00.000000145,7.52352
2011-06-24 12:03:00.000000152,9.65671
2011-06-24 12:03:00.00000026,13.268977
2011-06-24 12:03:00.000000199,5.9790034
2011-06-24 12:03:00.000000195,5.454013
2011-06-24 12:03:00.000000119,6.111606
2011-06-24 12:03:00.00000086,8.29598
2011-06-24 12:03:00.00000012,7.1622796
2011-06-24 12:03:00.00000097,19.101177
2011-06-24 12:03:00.00000058,4.96954
2011-06-24 12:03:00.000000176,4.597716
2011-06-24 12:03:00.000000139,3.9037254
2011-06-24 12:03:00.00000048,7.2030964
2011-06-24 12:03:00.000000159,6.8909554
2011-06-24 12:03:00.00000079,6.16662
2011-06-24 12:03:00.000000138,7.3399477
2011-06-24 12:03:00.000000135,11.550369
2011-06-24 12:03:00.000000173,6.376196
2011-06-24 12:03:00.000000162,12.647672
2011-06-24 12:03:00.00000018,10.05292
2011-06-24 12:03:00.000000136,6.850137
2011-06-24 12:03:00.000000185,7.9862113
2011-06-24 12:03:00.00000069,6.491303
2011-06-24 12:03:00.000000105,7.508247
2011-06-24 12:03:00.000000180,7.1511106
2011-06-24 12:03:00.00000053,10.169929
2011-06-24 12:03:00.000000142,7.3039002
2011-06-24 12:03:00.000000188,9.69511
2011-06-24 12:03:00.00000089,4.0262723
2011-06-24 12:03:00.000000109,7.5783763
2011-06-24 12:03:00.00000074,6.7283506
2011-06-24 12:03:00.000000113,10.02617
2011-06-24 12:03:00.00000044,5.98687
2011-06-24 12:03:00.000000183,6.1197333
2011-06-24 12:03:00.00000047,8.552396
2011-06-24 12:03:00.0000006,10.091277
2011-06-24 12:03:00.0000005,8.682319
2011-06-24 12:03:00.000000200,10.2685585
2011-06-24 12:03:00.000000127,8.672254
2011-06-24 12:03:00.000000120,11.2199545
2011-06-24 12:03:00.000000133,5.933545
2011-06-24 12:03:00.00000073,6.3896704
2011-06-24 12:03:00.000000101,4.690623
2011-06-24 12:03:00.000000187,10.521794
2011-06-24 12:03:00.000000122,8.989707
2011-06-24 12:03:00.000000175,6.4020324
2011-06-24 12:03:00.000000154,10.492485
2011-06-24 12:03:00.000000197,8.109406
2011-06-24 12:03:00.00000017,8.451066
2011-06-24 12:03:00.000000186,10.537678
2011-06-24 12:03:00.00000020,9.751255
2011-06-24 12:03:00.00000035,9.936522
2011-06-24 12:03:00.000000193,8.361237
2011-06-24 12:03:00.000000201,8.371828
2011-06-24 12:03:00.00000054,26.843544
2011-06-24 12:03:00.00000075,8.436094
2011-06-24 12:03:00.000000114,8.149268
2011-06-24 12:03:00.00000062,27.502827
2011-06-24 12:03:00.00000055,27.084986
2011-06-24 12:03:00.00000025,6.1902256
2011-06-24 12:03:00.00000022,5.398962
2011-06-24 12:03:00.000000144,13.124079
2011-06-24 12:03:00.000000177,6.302355
2011-06-24 12:03:00.000000124,6.158516
2011-06-24 12:03:00.00000094,4.5004015
2011-06-24 12:03:00.00000041,7.2594924
2011-06-24 12:03:00.000000141,7.2504363
2011-06-24 12:03:00.00000092,8.700348
2011-06-24 12:03:00.000000189,17.534998
2011-06-24 12:03:00.000000171,11.188663
2011-06-24 12:03:00.000000157,7.0696707
2011-06-24 12:03:00.000000179,8.159408
2011-06-24 12:03:00.000000107,12.291483
2011-06-24 12:03:00.00000095,14.965046
2011-06-24 12:03:00.00000076,19.32746
2011-06-24 12:03:00.000000156,7.3811088
2011-06-24 12:03:00.000000111,30.407059
2011-06-24 12:03:00.000000116,8.566783
2011-06-24 12:03:00.00000033,11.866643
2011-06-24 12:03:00.00000082,4.8051205
2011-06-24 12:03:00.00000078,5.449758
2011-06-24 12:03:00.00000051,8.141417
2011-06-24 12:03:00.000000143,11.495234
2011-06-24 12:03:00.000000126,13.514657
2011-06-24 12:03:00.00000088,10.200127
2011-06-24 12:03:00.000000191,17.397549
2011-06-24 12:03:00.00000063,13.338531
2011-06-24 12:03:00.00000045,14.821354
2011-06-24 12:03:00.00000060,7.54494
2011-06-24 12:03:00.00000040,33.545353
2011-06-24 12:03:00.00000057,9.46025
2011-06-24 12:03:00.00000013,6.1756783
2011-06-24 12:03:00.00000068,30.191013
2011-06-24 12:03:00.000000165,4.723673
2011-06-24 12:03:00.00000056,5.9520526
2011-06-24 12:03:00.000000150,8.008844
2011-06-24 12:03:00.00000052,5.8638115
2011-06-24 12:03:00.00000085,48.848938
2011-06-24 12:03:00.000000190,8.014773
2011-06-24 12:03:00.00000072,6.6921835
2011-06-24 12:03:00.000000137,5.6432014
2011-06-24 12:03:00.000000102,6.185248
2011-06-24 12:03:00.000000106,8.313936
2011-06-24 12:03:00.000000118,5.1905313
2011-06-24 12:03:00.00000046,13.973289
2011-06-24 12:03:00.000000110,11.796052
2011-06-24 12:03:00.000000181,6.26884
2011-06-24 12:03:00.000000194,5.423064
2011-06-24 12:03:00.00000061,11.9994335
2011-06-24 12:03:00.0000001,11.099449
2011-06-24 12:03:00.00000087,8.8768835
2011-06-24 12:03:00.00000066,5.588229
2011-06-24 12:03:00.000000146,6.9670353
2011-06-24 12:03:00.000000149,49.129097
2011-06-24 12:03:00.00000038,11.20302
2011-06-24 12:03:00.000000196,8.495857
2011-06-24 12:03:00.00000093,8.884098
2011-06-24 12:03:00.000000170,5.788956
2011-06-24 12:03:00.000000168,9.306344
2011-06-24 12:03:00.0000002,13.00515
2011-06-24 12:03:00.00000042,12.751673
2014-06-15 07:06:00.0000006,3.8946843
2014-06-15 07:06:00.00000037,8.470792
2014-06-15 07:06:00.00000025,6.005128
2014-06-15 07:06:00.0000008,10.12107
2014-06-15 07:06:00.00000036,46.261726
2014-06-15 07:06:00.00000042,24.65765
2014-06-15 07:06:00.00000033,4.558964
2014-06-15 07:06:00.00000013,10.352629
2014-06-15 07:06:00.00000035,55.157475
2014-06-15 07:06:00.00000030,8.5308075
2014-06-15 07:06:00.00000024,6.8546295
2014-06-15 07:06:00.00000031,9.191517
2014-06-15 07:06:00.0000009,14.8357
2014-06-15 07:06:00.00000039,54.64439
2014-06-15 07:06:00.00000010,5.678373
2014-06-15 07:06:00.00000019,14.009323
2014-06-15 07:06:00.00000041,6.771231
2014-06-15 07:06:00.00000028,17.403936
2014-06-15 07:06:00.00000014,54.04306
2014-06-15 07:06:00.0000003,13.455621
2014-06-15 07:06:00.00000017,55.240658
2014-06-15 07:06:00.00000015,16.77935
2014-06-15 07:06:00.00000026,5.786295
2014-06-15 07:06:00.0000002,13.774224
2014-06-15 07:06:00.00000040,4.3833127
2014-06-15 07:06:00.00000016,5.445271
2014-06-06 16:22:20.0000003,5.8279734
2014-06-06 16:22:20.0000002,8.987236
2015-05-30 21:29:04.0000004,14.704774
2015-05-30 21:29:04.0000007,17.90354
2015-05-30 21:29:04.0000003,11.382407
2015-05-30 21:29:04.0000001,8.189114
2009-10-26 12:01:36.0000001,10.228735
2009-10-26 12:01:36.0000002,8.526923
2009-10-26 12:01:36.0000005,6.866533
2009-10-26 12:01:36.0000003,7.5988493
2013-02-02 15:45:08.0000003,8.671961
2013-02-02 15:45:08.0000001,10.0471735
2013-02-02 15:45:08.0000002,12.2321005
2015-04-15 06:47:04.0000001,7.6591477
2015-04-15 06:47:04.0000002,11.292891
2010-12-14 23:27:36.0000001,5.246831
2009-03-05 11:03:04.0000002,4.7820525
2009-03-05 11:03:04.0000001,12.892599
2013-07-18 12:23:40.0000003,5.1625547
2013-07-18 12:23:40.0000002,5.986106
2013-07-18 12:23:40.0000001,8.218699
2014-04-14 13:48:32.0000004,9.548104
2014-04-14 13:48:32.0000003,6.6521635
2014-08-18 05:33:08.0000001,8.349924
2012-01-28 03:14:28.0000001,28.286827
2009-09-14 02:19:00.00000014,9.818001
2009-09-14 02:19:00.00000035,10.243228
2009-09-14 02:19:00.00000040,6.461638
2009-09-14 02:19:00.00000031,4.7843657
2009-09-14 02:19:00.0000003,4.4115267
2009-09-14 02:19:00.00000025,7.8394437
2009-09-14 02:19:00.0000008,7.1749644
2009-09-14 02:19:00.00000024,9.715997
2009-09-14 02:19:00.00000021,8.273007
2009-09-14 02:19:00.00000036,9.417075
2009-09-14 02:19:00.0000009,39.212223
2009-09-14 02:19:00.0000001,8.428882
2009-09-14 02:19:00.00000018,4.0528073
2009-09-14 02:19:00.00000039,9.39835
2009-09-14 02:19:00.0000002,15.6846
2009-09-14 02:19:00.00000038,8.473932
2009-09-14 02:19:00.00000020,18.38271
2009-09-14 02:19:00.00000028,6.882891
2009-09-14 02:19:00.00000026,18.161066
2009-09-14 02:19:00.00000017,7.7269363
2009-09-14 02:19:00.00000030,7.214273
2009-09-14 02:19:00.00000016,5.682764
2009-09-14 02:19:00.0000006,6.6399503
2009-09-14 02:19:00.0000007,8.590126
2011-08-14 14:17:28.0000003,7.637832
2011-08-14 14:17:28.0000001,5.0413704
2011-08-14 14:17:28.0000004,6.337298
2011-08-14 14:17:28.0000002,5.753063
2011-08-14 14:17:28.0000005,13.281782
2014-03-17 16:07:56.0000002,54.52536
2010-11-03 21:09:56.0000002,5.266841
2010-11-03 21:09:56.0000001,11.044526
2012-12-11 23:37:08.0000002,9.528905
2012-12-11 23:37:08.0000005,9.33061
2012-12-11 23:37:08.0000004,7.3788505
2012-12-11 23:37:08.0000006,9.494067
2012-12-11 23:37:08.0000003,5.294705
2012-12-11 23:37:08.0000001,17.347149
2015-06-24 14:19:52.0000001,13.000213
2015-06-24 14:19:52.0000002,56.785206
2015-06-24 14:19:52.0000004,8.627203
2010-08-21 22:21:32.0000004,12.511673
2011-02-19 10:20:28.0000003,4.1862373
2011-02-19 10:20:28.0000002,10.918982
2011-02-19 10:20:28.0000001,6.3616385
2011-02-19 10:20:28.0000004,7.6304283
2011-10-02 22:31:44.0000004,10.544653
2011-10-02 22:31:44.0000002,20.735268
2011-10-02 22:31:44.0000003,17.249237
2012-01-26 11:17:36.0000002,5.125334
2012-05-06 23:37:24.0000002,20.564833
2012-05-06 23:37:24.0000001,22.63143
2013-06-12 20:03:36.0000001,7.935728
2013-06-12 20:03:36.0000002,53.406612
2015-02-27 14:15:52.0000003,80.165955
2013-12-21 17:20:32.0000001,10.17912
2009-06-29 08:09:40.0000002,10.163213
2009-06-29 08:09:40.0000001,12.3794
2014-09-14 17:22:12.0000002,7.036647
2014-09-14 17:22:12.0000001,11.104431
2014-09-14 17:22:12.0000003,16.123104
2014-09-14 17:22:12.0000005,7.478434
2014-08-20 14:37:56.0000001,15.7843275
2011-07-20 16:34:48.0000001,4.6322336
2011-07-20 16:34:48.0000003,6.578616
2009-10-05 10:11:32.0000001,7.7870774
2009-10-05 10:11:32.0000002,13.721288
2011-02-16 08:44:04.0000001,13.90194
2011-02-16 08:44:04.0000007,8.666312
2011-02-16 08:44:04.0000004,10.082889
2011-02-16 08:44:04.0000003,5.3751163
2011-02-16 08:44:04.0000002,4.849329
2011-02-16 08:44:04.0000006,17.224064
2011-02-16 08:44:04.0000005,6.502986
2009-01-01 11:04:24.0000002,5.2056165
2014-04-28 19:46:36.0000003,8.272977
2012-11-11 20:35:40.0000001,43.8949
2012-11-11 20:35:40.0000002,9.89786
2011-06-01 07:37:00.000000171,8.51433
2011-06-01 07:37:00.000000199,6.9458313
2011-06-01 07:37:00.00000032,5.017949
2011-06-01 07:37:00.000000175,8.790783
2011-06-01 07:37:00.00000095,5.429007
2011-06-01 07:37:00.000000106,5.329686
2011-06-01 07:37:00.00000090,9.440944
2011-06-01 07:37:00.000000169,16.120073
2011-06-01 07:37:00.0000007,5.2670994
2011-06-01 07:37:00.000000151,13.105609
2011-06-01 07:37:00.000000101,4.9511065
2011-06-01 07:37:00.00000099,17.956732
2011-06-01 07:37:00.00000084,4.4040775
2011-06-01 07:37:00.00000083,4.4140315
2011-06-01 07:37:00.00000043,6.385034
2011-06-01 07:37:00.00000029,5.479632
2011-06-01 07:37:00.000000132,17.831684
2011-06-01 07:37:00.000000208,6.5193267
2011-06-01 07:37:00.000000221,5.245154
2011-06-01 07:37:00.000000131,5.271384
2011-06-01 07:37:00.000000220,6.987925
2011-06-01 07:37:00.000000207,7.698083
2011-06-01 07:37:00.000000205,4.1830935
2011-06-01 07:37:00.000000180,6.438339
2011-06-01 07:37:00.000000103,10.027098
2011-06-01 07:37:00.00000098,25.293837
2011-06-01 07:37:00.000000189,6.653188
2011-06-01 07:37:00.000000165,5.0605826
2011-06-01 07:37:00.000000184,33.520435
2011-06-01 07:37:00.00000092,5.651145
2011-06-01 07:37:00.00000020,9.149028
2011-06-01 07:37:00.000000105,6.8720317
2011-06-01 07:37:00.00000088,9.397522
2011-06-01 07:37:00.000000122,7.1970906
2011-06-01 07:37:00.000000219,12.34736
2011-06-01 07:37:00.000000222,7.4833064
2011-06-01 07:37:00.00000049,7.4937725
2011-06-01 07:37:00.000000114,4.3387656
2011-06-01 07:37:00.000000181,5.3782334
2011-06-01 07:37:00.000000144,51.21839
2011-06-01 07:37:00.000000155,7.27705
2011-06-01 07:37:00.000000118,5.944396
2011-06-01 07:37:00.000000142,5.4374657
2011-06-01 07:37:00.000000223,7.0373073
2011-06-01 07:37:00.00000057,6.2577205
2011-06-01 07:37:00.000000168,4.19281
2011-06-01 07:37:00.000000226,6.5683255
2011-06-01 07:37:00.000000177,11.352167
2011-06-01 07:37:00.000000185,29.055677
2011-06-01 07:37:00.000000178,12.038854
2011-06-01 07:37:00.000000140,7.912133
2011-06-01 07:37:00.000000141,10.998625
2011-06-01 07:37:00.00000045,7.691576
2011-06-01 07:37:00.00000086,7.4301195
2011-06-01 07:37:00.000000145,6.236564
2011-06-01 07:37:00.00000037,7.773352
2011-06-01 07:37:00.00000094,6.625518
2011-06-01 07:37:00.00000082,4.815819
2011-06-01 07:37:00.000000179,9.367192
2011-06-01 07:37:00.000000197,5.588395
2011-06-01 07:37:00.000000154,11.769619
2011-06-01 07:37:00.00000019,8.777211
2011-06-01 07:37:00.00000075,6.116806
2011-06-01 07:37:00.000000110,12.69401
2011-06-01 07:37:00.00000078,6.2148476
2011-06-01 07:37:00.000000146,7.1595187
2011-06-01 07:37:00.000000143,8.603161
2011-06-01 07:37:00.000000227,11.988742
2011-06-01 07:37:00.00000070,4.7646503
2011-06-01 07:37:00.000000176,7.1497016
2011-06-01 07:37:00.000000217,8.128093
2011-06-01 07:37:00.00000026,6.2033935
2011-06-01 07:37:00.000000209,7.152851
2011-06-01 07:37:00.000000183,8.061132
2011-06-01 07:37:00.000000210,5.560944
2011-06-01 07:37:00.00000060,8.99245
2011-06-01 07:37:00.000000174,6.7973065
2011-06-01 07:37:00.000000203,9.475319
2011-06-01 07:37:00.000000139,6.554553
2011-06-01 07:37:00.000000162,7.9407387
2011-06-01 07:37:00.000000125,7.0333796
2011-06-01 07:37:00.000000198,8.859169
2011-06-01 07:37:00.00000055,11.526419
2011-06-01 07:37:00.00000016,6.2764583
2011-06-01 07:37:00.00000027,7.545111
2011-06-01 07:37:00.00000053,18.479073
2011-06-01 07:37:00.000000201,30.19075
2011-06-01 07:37:00.000000138,4.994734
2011-06-01 07:37:00.00000077,4.057572
2011-06-01 07:37:00.00000022,8.013561
2011-06-01 07:37:00.000000182,9.878271
2011-06-01 07:37:00.000000163,6.727524
2011-06-01 07:37:00.000000204,8.906908
2011-06-01 07:37:00.000000137,7.9820013
2011-06-01 07:37:00.000000152,6.956328
2011-06-01 07:37:00.00000048,7.6270304
2011-06-01 07:37:00.00000025,8.135888
2011-06-01 07:37:00.000000100,14.166229
2011-06-01 07:37:00.00000015,4.2822285
2011-06-01 07:37:00.00000097,15.741401
2011-06-01 07:37:00.000000127,8.157191
2011-06-01 07:37:00.000000170,5.88015
2011-06-01 07:37:00.00000091,13.5316725
2011-06-01 07:37:00.000000109,8.408772
2011-06-01 07:37:00.00000028,8.582227
2011-06-01 07:37:00.000000129,18.6914
2011-06-01 07:37:00.000000158,4.443359
2011-06-01 07:37:00.0000005,5.233033
2011-06-01 07:37:00.00000034,8.258044
2011-06-01 07:37:00.000000107,7.284394
2011-06-01 07:37:00.00000036,5.9210973
2011-06-01 07:37:00.00000046,7.6033587
2011-06-01 07:37:00.000000108,4.1399856
2011-06-01 07:37:00.0000008,8.012375
2011-06-01 07:37:00.000000212,7.7086973
2011-06-01 07:37:00.00000068,6.9093065
2011-06-01 07:37:00.00000065,5.3333387
2011-06-01 07:37:00.000000116,4.2290506
2011-06-01 07:37:00.000000196,6.9986773
2011-06-01 07:37:00.000000172,8.668067
2011-06-01 07:37:00.00000059,12.035887
2011-06-01 07:37:00.000000167,4.118428
2011-06-01 07:37:00.00000058,6.2604876
2011-06-01 07:37:00.00000061,4.2337494
2011-06-01 07:37:00.000000156,14.183536
2011-06-01 07:37:00.000000128,8.111002
2011-06-01 07:37:00.00000079,5.4794025
2011-06-01 07:37:00.000000206,9.0144
2011-06-01 07:37:00.00000069,6.4466386
2011-06-01 07:37:00.000000190,6.270262
2011-06-01 07:37:00.000000112,5.1591005
2011-06-01 07:37:00.000000104,5.2982345
2011-06-01 07:37:00.000000194,5.626059
2011-06-01 07:37:00.0000002,5.4000864
2011-06-01 07:37:00.00000044,5.5418305
2011-06-01 07:37:00.00000010,7.6775193
2011-06-01 07:37:00.000000157,16.553635
2011-06-01 07:37:00.000000147,6.5131392
2011-06-01 07:37:00.000000120,4.9287367
2011-06-01 07:37:00.000000149,10.013058
2011-06-01 07:37:00.000000119,8.522015
2011-06-01 07:37:00.00000023,5.6530895
2011-06-01 07:37:00.00000017,9.197205
2011-06-01 07:37:00.00000038,15.60589
2011-06-01 07:37:00.000000113,9.115833
2011-06-01 07:37:00.000000211,8.040159
2011-06-01 07:37:00.00000051,7.3250046
2011-06-01 07:37:00.00000054,7.5576735
2011-06-01 07:37:00.000000186,9.832004
2009-02-16 03:13:40.0000001,6.6379147
2010-08-27 18:45:00.000000234,5.44006
2010-08-27 18:45:00.00000057,6.9507017
2010-08-27 18:45:00.00000039,12.180377
2010-08-27 18:45:00.000000161,7.274704
2010-08-27 18:45:00.000000220,10.696998
2010-08-27 18:45:00.00000028,8.337821
2010-08-27 18:45:00.00000014,14.66667
2010-08-27 18:45:00.000000226,13.454995
2010-08-27 18:45:00.000000175,5.458919
2010-08-27 18:45:00.00000040,19.16871
2010-08-27 18:45:00.000000144,14.668791
2010-08-27 18:45:00.00000085,10.18639
2010-08-27 18:45:00.000000194,17.977104
2010-08-27 18:45:00.00000094,8.351687
2010-08-27 18:45:00.000000141,15.543002
2010-08-27 18:45:00.00000067,4.2433176
2010-08-27 18:45:00.000000231,5.6336403
2010-08-27 18:45:00.000000214,11.299566
2010-08-27 18:45:00.00000037,14.879951
2010-08-27 18:45:00.000000165,5.6330495
2010-08-27 18:45:00.000000158,3.428836
2010-08-27 18:45:00.000000217,7.1301684
2010-08-27 18:45:00.00000090,14.050913
2010-08-27 18:45:00.000000142,9.27296
2010-08-27 18:45:00.0000004,7.385739
2010-08-27 18:45:00.00000070,4.964488
2010-08-27 18:45:00.000000202,8.173218
2010-08-27 18:45:00.000000177,7.43075
2010-08-27 18:45:00.00000084,11.964811
2010-08-27 18:45:00.000000209,10.579389
2010-08-27 18:45:00.000000184,33.358044
2010-08-27 18:45:00.000000173,8.747025
2010-08-27 18:45:00.00000029,6.1263328
2010-08-27 18:45:00.00000025,6.122496
2010-08-27 18:45:00.00000012,5.2711177
2010-08-27 18:45:00.00000010,4.786415
2010-08-27 18:45:00.000000136,8.434448
2010-08-27 18:45:00.00000073,10.3410635
2010-08-27 18:45:00.000000124,6.626669
2010-08-27 18:45:00.000000125,6.241879
2010-08-27 18:45:00.000000169,5.4827905
2010-08-27 18:45:00.000000208,4.372062
2010-08-27 18:45:00.000000152,5.6992335
2010-08-27 18:45:00.000000196,6.6423807
2010-08-27 18:45:00.0000005,11.892042
2010-08-27 18:45:00.00000077,6.416523
2010-08-27 18:45:00.000000123,7.9658213
2010-08-27 18:45:00.00000046,10.25324
2010-08-27 18:45:00.00000033,6.9266324
2010-08-27 18:45:00.000000166,13.840031
2010-08-27 18:45:00.000000190,6.040778
2010-08-27 18:45:00.00000043,7.3089204
2010-08-27 18:45:00.00000081,5.3765516
2010-08-27 18:45:00.00000034,9.089502
2010-08-27 18:45:00.00000089,18.17953
2010-08-27 18:45:00.000000189,5.374016
2010-08-27 18:45:00.00000078,8.054558
2010-08-27 18:45:00.00000053,12.859264
2010-08-27 18:45:00.000000188,7.9362516
2010-08-27 18:45:00.00000071,7.26983
2010-08-27 18:45:00.00000097,17.117226
2010-08-27 18:45:00.00000031,6.1353726
2010-08-27 18:45:00.000000101,12.794926
2010-08-27 18:45:00.000000140,5.953778
2010-08-27 18:45:00.00000054,26.524052
2010-08-27 18:45:00.0000006,9.039856
2010-08-27 18:45:00.00000011,8.017274
2010-08-27 18:45:00.00000055,6.9690304
2010-08-27 18:45:00.000000160,9.937369
2010-08-27 18:45:00.00000024,11.104786
2010-08-27 18:45:00.000000106,6.1221704
2010-08-27 18:45:00.000000131,5.366094
2010-08-27 18:45:00.00000087,12.310833
2010-08-27 18:45:00.000000110,10.563553
2010-08-27 18:45:00.000000197,13.608555
2010-08-27 18:45:00.00000066,8.883915
2010-08-27 18:45:00.000000205,10.99359
2010-08-27 18:45:00.00000086,5.3695927
2010-08-27 18:45:00.000000207,7.847135
2010-08-27 18:45:00.00000068,13.509858
2010-08-27 18:45:00.00000050,5.8383036
2010-08-27 18:45:00.00000045,4.4181833
2010-08-27 18:45:00.00000093,4.885184
2010-08-27 18:45:00.00000061,11.775057
2010-08-27 18:45:00.00000022,5.92726
2010-08-27 18:45:00.00000018,6.3378987
2010-08-27 18:45:00.000000192,8.854467
2010-08-27 18:45:00.000000148,5.0985827
2010-08-27 18:45:00.000000195,4.9148355
2010-08-27 18:45:00.000000155,4.086168
2010-08-27 18:45:00.000000129,8.983171
2010-08-27 18:45:00.000000133,6.0669546
2010-08-27 18:45:00.00000063,11.147505
2010-08-27 18:45:00.00000076,6.465108
2010-08-27 18:45:00.000000204,12.673436
2010-08-27 18:45:00.000000179,4.3305407
2010-08-27 18:45:00.000000219,16.195524
2010-08-27 18:45:00.000000107,6.770722
2010-08-27 18:45:00.000000153,9.452191
2010-08-27 18:45:00.00000026,12.050772
2010-08-27 18:45:00.000000198,7.1838403
2010-08-27 18:45:00.00000016,10.339123
2010-08-27 18:45:00.00000060,7.6909423
2010-08-27 18:45:00.00000017,26.457346
2010-08-27 18:45:00.000000109,13.998248
2010-08-27 18:45:00.000000227,10.992776
2010-08-27 18:45:00.000000181,5.2404613
2010-08-27 18:45:00.000000191,7.1707
2010-08-27 18:45:00.000000228,5.6573305
2010-08-27 18:45:00.00000069,11.681385
2010-08-27 18:45:00.000000113,10.164732
2010-08-27 18:45:00.00000049,8.395613
2010-08-27 18:45:00.000000103,6.4098635
2010-08-27 18:45:00.0000003,5.2081103
2010-08-27 18:45:00.0000008,8.511925
2010-08-27 18:45:00.000000134,5.0087852
2010-08-27 18:45:00.000000183,21.37248
2010-08-27 18:45:00.00000013,14.407993
2010-08-27 18:45:00.000000235,5.9290366
2010-08-27 18:45:00.00000038,9.6810255
2010-08-27 18:45:00.00000030,15.975867
2010-08-27 18:45:00.000000203,6.907318
2010-08-27 18:45:00.000000182,9.763087
2010-08-27 18:45:00.000000230,8.282502
2010-08-27 18:45:00.00000065,7.6171083
2011-02-12 00:43:24.0000003,10.205199
2011-02-12 00:43:24.0000001,13.513196
2014-05-07 06:50:20.0000002,5.7781253
2014-05-07 06:50:20.0000001,7.0884852
2014-05-07 06:50:20.0000003,9.518386
2011-04-27 20:59:24.0000002,8.860222
2011-04-27 20:59:24.0000003,12.271455
2011-04-27 20:59:24.0000004,4.8400426
2011-04-27 20:59:24.0000001,6.9190726
2011-04-27 20:59:24.0000005,6.496826
2010-08-14 02:13:00.00000069,7.297175
2010-08-14 02:13:00.00000049,7.093972
2010-08-14 02:13:00.00000059,5.348933
2010-08-14 02:13:00.00000075,16.010832
2010-08-14 02:13:00.00000020,7.5280337
2010-08-14 02:13:00.000000102,14.124462
2010-08-14 02:13:00.00000060,5.030078
2010-08-14 02:13:00.00000033,15.87253
2010-08-14 02:13:00.000000166,11.334314
2010-08-14 02:13:00.000000111,8.458073
2010-08-14 02:13:00.00000056,9.128837
2010-08-14 02:13:00.00000044,7.5656075
2010-08-14 02:13:00.000000132,5.34703
2010-08-14 02:13:00.00000073,4.9603815
2010-08-14 02:13:00.00000043,8.049353
2010-08-14 02:13:00.00000085,10.011418
2010-08-14 02:13:00.000000108,14.266156
2010-08-14 02:13:00.00000028,11.983612
2010-08-14 02:13:00.00000076,4.6964355
2010-08-14 02:13:00.00000066,29.892275
2010-08-14 02:13:00.00000080,21.620108
2010-08-14 02:13:00.000000149,8.289297
2010-08-14 02:13:00.00000054,6.864373
2010-08-14 02:13:00.000000130,10.436538
2010-08-14 02:13:00.00000032,7.53167
2010-08-14 02:13:00.000000158,6.5880036
2010-08-14 02:13:00.000000171,11.782933
2010-08-14 02:13:00.00000092,5.8194222
2010-08-14 02:13:00.000000155,6.624806
2010-08-14 02:13:00.000000116,8.843048
2010-08-14 02:13:00.000000109,12.703409
2010-08-14 02:13:00.00000030,8.283083
2010-08-14 02:13:00.00000015,12.190038
2010-08-14 02:13:00.000000133,4.946544
2010-08-14 02:13:00.00000072,6.6711206
2010-08-14 02:13:00.00000052,11.114526
2010-08-14 02:13:00.000000170,15.288349
2010-08-14 02:13:00.0000007,5.318853
2010-08-14 02:13:00.000000165,8.055609
2010-08-14 02:13:00.00000026,11.304984
2010-08-14 02:13:00.000000148,5.325299
2010-08-14 02:13:00.00000034,12.052222
2010-08-14 02:13:00.00000022,18.39442
2010-08-14 02:13:00.000000100,4.1107206
2010-08-14 02:13:00.000000160,6.933908
2010-08-14 02:13:00.0000009,18.01824
2010-08-14 02:13:00.00000038,9.975656
2010-08-14 02:13:00.0000001,8.15404
2010-08-14 02:13:00.00000078,6.393955
2010-08-14 02:13:00.000000134,7.909546
2010-08-14 02:13:00.00000077,20.546816
2010-08-14 02:13:00.000000168,7.0097666
2010-08-14 02:13:00.000000161,7.448915
2010-08-14 02:13:00.000000122,7.146585
2010-08-14 02:13:00.00000035,6.5118327
2010-08-14 02:13:00.000000110,6.6444664
2010-08-14 02:13:00.000000146,11.1326275
2010-08-14 02:13:00.00000010,10.990187
2010-08-14 02:13:00.000000141,3.9852226
2010-08-14 02:13:00.00000087,17.033247
2010-08-14 02:13:00.000000137,6.642948
2010-08-14 02:13:00.00000064,7.0901246
2010-08-14 02:13:00.00000084,7.4169755
2010-08-14 02:13:00.000000139,10.926992
2010-08-14 02:13:00.00000089,29.997604
2010-08-14 02:13:00.000000140,44.584972
2010-08-14 02:13:00.00000012,8.152322
2010-08-14 02:13:00.00000025,4.9452033
2010-08-14 02:13:00.00000070,4.1356125
2010-08-14 02:13:00.0000004,11.477238
2010-08-14 02:13:00.00000090,14.503224
2010-08-14 02:13:00.000000101,14.158809
2010-08-14 02:13:00.00000017,5.661351
2010-08-14 02:13:00.00000055,5.8720694
2010-08-14 02:13:00.00000014,10.293811
2010-08-14 02:13:00.000000142,13.629413
2010-08-14 02:13:00.00000021,9.920576
2010-08-14 02:13:00.00000047,13.623216
2010-08-14 02:13:00.00000083,5.1972194
2010-08-14 02:13:00.000000162,7.1048713
2015-04-16 22:32:48.0000006,11.356835
2015-04-16 22:32:48.0000001,5.3242054
2015-04-16 22:32:48.0000004,6.232638
2015-04-16 22:32:48.0000002,15.15497
2015-04-16 22:32:48.0000005,8.640028
2013-03-15 11:57:04.0000002,7.064532
2013-03-15 11:57:04.0000001,7.8982177
2014-11-16 08:47:12.0000002,14.394137
2014-11-16 08:47:12.0000001,6.334383
2013-02-20 16:10:28.0000001,6.915724
2011-07-03 00:36:04.0000001,5.7357807
2014-03-25 23:47:00.00000074,6.9230924
2014-03-25 23:47:00.00000088,9.510958
2014-03-25 23:47:00.000000100,6.6000557
2014-03-25 23:47:00.00000094,4.1575513
2014-03-25 23:47:00.00000059,11.180938
2014-03-25 23:47:00.00000066,8.38231
2014-03-25 23:47:00.00000016,4.5756435
2014-03-25 23:47:00.0000003,15.273091
2014-03-25 23:47:00.00000080,4.5064306
2014-03-25 23:47:00.00000048,49.05027
2014-03-25 23:47:00.00000058,10.0386305
2014-03-25 23:47:00.00000070,36.676167
2014-03-25 23:47:00.00000046,11.925384
2014-03-25 23:47:00.00000053,5.5536776
2014-03-25 23:47:00.00000029,5.783849
2014-03-25 23:47:00.00000087,11.1700945
2014-03-25 23:47:00.000000126,8.881361
2014-03-25 23:47:00.00000024,10.075027
2014-03-25 23:47:00.0000007,13.672293
2014-03-25 23:47:00.00000071,17.63074
2014-03-25 23:47:00.0000008,7.730751
2014-03-25 23:47:00.00000049,57.62969
2014-03-25 23:47:00.00000090,23.183695
2014-03-25 23:47:00.00000089,23.291515
2014-03-25 23:47:00.000000117,4.7505136
2014-03-25 23:47:00.00000043,9.108296
2014-03-25 23:47:00.00000032,7.355
2014-03-25 23:47:00.00000081,6.711915
2014-03-25 23:47:00.00000023,6.301007
2014-03-25 23:47:00.00000099,36.59695
2014-03-25 23:47:00.00000077,5.8726296
2014-03-25 23:47:00.00000065,5.6672225
2014-03-25 23:47:00.000000111,18.568096
2014-03-25 23:47:00.000000118,25.712027
2014-03-25 23:47:00.00000038,10.868477
2014-03-25 23:47:00.000000110,6.16979
2014-03-25 23:47:00.00000014,13.432386
2014-03-25 23:47:00.00000086,29.080215
2014-03-25 23:47:00.00000097,7.443871
2014-03-25 23:47:00.00000092,19.201815
2014-03-25 23:47:00.000000140,11.449787
2014-03-25 23:47:00.000000123,21.866308
2014-03-25 23:47:00.000000131,5.2019305
2014-03-25 23:47:00.00000033,14.252522
2014-03-25 23:47:00.00000015,6.445508
2014-03-25 23:47:00.000000125,23.18319
2014-03-25 23:47:00.00000061,21.3428
2014-03-25 23:47:00.00000027,13.3046875
2014-03-25 23:47:00.000000101,30.073008
2014-03-25 23:47:00.000000136,9.452534
2014-03-25 23:47:00.000000133,4.4706955
2014-03-25 23:47:00.0000006,26.26667
2014-03-25 23:47:00.00000047,10.277341
2014-03-25 23:47:00.00000056,9.646818
2014-03-25 23:47:00.0000001,4.2786503
2014-03-25 23:47:00.00000045,4.0823803
2014-03-25 23:47:00.00000073,7.5231295
2014-03-25 23:47:00.00000030,17.91091
2014-03-25 23:47:00.00000010,26.447174
2014-03-25 23:47:00.00000072,11.6318
2014-03-25 23:47:00.0000009,19.225658
2014-03-25 23:47:00.00000082,9.981855
2014-03-25 23:47:00.00000017,6.69488
2014-03-25 23:47:00.00000050,9.966082
2014-03-25 23:47:00.000000121,8.59133
2014-03-25 23:47:00.000000109,19.95307
2014-03-25 23:47:00.00000018,4.982914
2014-03-25 23:47:00.00000078,7.2105665
2014-03-25 23:47:00.00000025,4.612938
2014-03-25 23:47:00.00000044,4.394975
2014-03-25 23:47:00.0000005,4.720838
2014-03-25 23:47:00.00000062,6.591063
2014-03-25 23:47:00.000000130,41.937614
2014-03-25 23:47:00.00000037,10.142908
2014-03-25 23:47:00.000000114,16.679794
2014-03-25 23:47:00.0000002,27.956959
2014-03-25 23:47:00.000000103,32.82454
2014-03-25 23:47:00.000000106,13.242415
2014-03-25 23:47:00.00000095,10.188368
2014-03-25 23:47:00.000000113,23.958338
2014-03-25 23:47:00.0000004,18.213306
2014-03-25 23:47:00.00000041,16.7146
2014-03-25 23:47:00.00000079,16.75107
2011-06-21 13:19:20.0000001,8.694687
2011-06-21 13:19:20.0000003,6.8708205
2011-06-21 13:19:20.0000002,12.943181
2013-01-02 20:53:44.0000001,5.6891975
2013-01-02 20:53:44.0000002,5.089823
2009-10-07 08:16:24.0000001,11.704558
2012-08-25 22:18:36.0000003,11.938897
2012-08-25 22:18:36.0000004,9.640062
2012-08-25 22:18:36.0000001,7.248352
2012-08-25 22:18:36.0000002,8.545423
2015-06-05 08:38:56.0000005,8.542647
2015-06-05 08:38:56.0000007,10.669004
2015-06-05 08:38:56.0000006,6.1183815
2015-06-05 08:38:56.0000004,29.23651
2015-06-05 08:38:56.0000001,37.943012
2015-06-05 08:38:56.0000002,17.525946
2013-02-26 11:10:24.0000002,9.021785
2013-02-26 11:10:24.0000001,38.008446
2014-04-29 00:02:40.0000001,9.389832
2014-04-29 00:02:40.0000002,14.608139
2014-04-29 00:02:40.0000003,13.816833
2010-08-06 20:27:12.0000002,12.009058
2010-08-06 20:27:12.0000005,8.807712
2010-08-06 20:27:12.0000004,4.442245
2010-08-06 20:27:12.0000001,10.832815
2012-06-07 00:25:40.0000001,7.6342645
2012-06-07 00:25:40.0000002,16.97437
2011-09-24 07:42:32.0000001,6.1535234
2011-09-28 10:58:48.0000002,8.017326
2011-09-28 10:58:48.0000001,5.940124
2011-09-28 10:58:48.0000005,6.7376995
2011-09-28 10:58:48.0000004,13.566651
2011-09-28 10:58:48.0000003,27.692684
2011-09-28 10:58:48.0000006,13.053706
2009-11-01 05:04:12.0000001,7.220322
2009-11-01 05:04:12.0000002,13.030311
2014-04-23 22:54:12.0000002,5.7741556
2014-04-23 22:54:12.0000001,24.841515
2014-04-23 22:54:12.0000004,31.508238
2014-04-23 22:54:12.0000003,12.202539
2014-04-23 22:54:12.0000005,5.3094788
2014-04-23 22:54:12.0000006,9.632023
2012-02-28 19:18:44.0000001,5.7819967
2012-02-28 19:18:44.0000002,9.469278
2010-09-29 16:43:00.0000003,45.701256
2010-09-29 16:43:00.000000143,5.908064
2010-09-29 16:43:00.000000150,4.8771067
2010-09-29 16:43:00.00000077,6.3470063
2010-09-29 16:43:00.000000153,15.470207
2010-09-29 16:43:00.00000048,5.2174363
2010-09-29 16:43:00.00000086,9.822675
2010-09-29 16:43:00.000000108,11.546475
2010-09-29 16:43:00.000000101,6.9628167
2010-09-29 16:43:00.000000132,8.066042
2010-09-29 16:43:00.00000033,5.453123
2010-09-29 16:43:00.00000055,6.0818605
2010-09-29 16:43:00.000000107,12.854503
2010-09-29 16:43:00.000000147,4.983602
2010-09-29 16:43:00.00000098,7.936745
2010-09-29 16:43:00.00000053,9.637761
2010-09-29 16:43:00.00000052,10.924315
2010-09-29 16:43:00.00000085,7.739129
2010-09-29 16:43:00.000000115,6.200199
2010-09-29 16:43:00.000000133,9.444874
2010-09-29 16:43:00.000000131,11.889644
2010-09-29 16:43:00.00000031,13.931629
2010-09-29 16:43:00.00000096,4.682674
2010-09-29 16:43:00.000000120,7.2636094
2010-09-29 16:43:00.000000175,11.396896
2010-09-29 16:43:00.00000072,10.770221
2010-09-29 16:43:00.00000038,10.253338
2010-09-29 16:43:00.00000043,9.649294
2010-09-29 16:43:00.0000007,42.464584
2010-09-29 16:43:00.000000111,9.337245
2010-09-29 16:43:00.00000067,7.952501
2010-09-29 16:43:00.00000065,9.078309
2010-09-29 16:43:00.00000046,5.0600233
2010-09-29 16:43:00.00000075,11.71916
2010-09-29 16:43:00.000000155,6.9682283
2010-09-29 16:43:00.00000087,46.551926
2010-09-29 16:43:00.000000160,10.633059
2010-09-29 16:43:00.00000060,7.896662
2010-09-29 16:43:00.00000020,8.121923
2010-09-29 16:43:00.00000091,9.574206
2010-09-29 16:43:00.00000068,13.844634
2010-09-29 16:43:00.000000165,9.448108
2010-09-29 16:43:00.000000146,7.994848
2010-09-29 16:43:00.000000169,9.148551
2010-09-29 16:43:00.000000141,7.2741194
2010-09-29 16:43:00.00000018,8.254398
2010-09-29 16:43:00.000000100,9.615521
2010-09-29 16:43:00.000000163,18.363453
2010-09-29 16:43:00.00000076,7.6772532
2010-09-29 16:43:00.00000027,32.526234
2010-09-29 16:43:00.000000137,10.221762
2010-09-29 16:43:00.00000021,8.110324
2010-09-29 16:43:00.00000063,8.428236
2010-09-29 16:43:00.00000058,8.604582
2010-09-29 16:43:00.00000090,15.094042
2010-09-29 16:43:00.00000066,10.886049
2010-09-29 16:43:00.000000156,6.6110287
2010-09-29 16:43:00.000000104,6.211898
2010-09-29 16:43:00.00000089,32.12036
2010-09-29 16:43:00.00000029,7.3085246
2010-09-29 16:43:00.0000004,7.6161723
2010-09-29 16:43:00.00000051,10.884834
2010-09-29 16:43:00.00000036,9.171157
2010-09-29 16:43:00.000000158,8.647522
2010-09-29 16:43:00.000000106,9.4015875
2010-09-29 16:43:00.00000047,7.068063
2010-09-29 16:43:00.00000073,9.847403
2010-09-29 16:43:00.00000024,8.637305
2010-09-29 16:43:00.000000151,7.1563263
2010-09-29 16:43:00.000000134,4.5121417
2010-09-29 16:43:00.000000138,6.83328
2010-09-29 16:43:00.000000125,8.938382
2010-09-29 16:43:00.000000112,8.710504
2010-09-29 16:43:00.0000006,6.6376677
2010-09-29 16:43:00.00000025,16.392506
2010-09-29 16:43:00.0000008,8.1897545
2010-09-29 16:43:00.00000049,31.053362
2010-09-29 16:43:00.000000173,8.255085
2010-09-29 16:43:00.00000050,7.9306073
2010-09-29 16:43:00.00000035,6.4046564
2010-09-29 16:43:00.00000097,27.727207
2010-09-29 16:43:00.00000054,8.380157
2010-09-29 16:43:00.000000166,5.9747267
2010-09-29 16:43:00.0000005,7.4588737
2010-09-29 16:43:00.00000030,28.915512
2010-09-29 16:43:00.000000102,6.228638
2010-09-29 16:43:00.00000056,10.009894
2010-09-29 16:43:00.000000103,7.971637
2010-09-29 16:43:00.00000092,32.12081
2010-09-29 16:43:00.00000079,7.300712
2010-09-29 16:43:00.000000149,6.04575
2010-09-29 16:43:00.000000123,4.565647
2010-09-29 16:43:00.000000128,5.9907813
2010-09-29 16:43:00.000000121,7.770074
2010-09-29 16:43:00.000000105,32.131397
2010-09-29 16:43:00.00000026,9.755573
2010-09-29 16:43:00.000000109,11.385046
2010-09-29 16:43:00.000000124,5.1160665
2010-09-29 16:43:00.00000071,5.3314724
2010-09-29 16:43:00.00000061,17.75163
2010-09-29 16:43:00.000000129,10.204415
2010-09-29 16:43:00.00000095,6.312963
2010-09-29 16:43:00.00000010,11.808522
2010-09-29 16:43:00.00000081,9.057543
2010-09-29 16:43:00.00000017,11.864164
2010-09-29 16:43:00.00000028,10.495143
2010-09-29 16:43:00.000000167,5.2807264
2010-09-29 16:43:00.00000082,13.519038
2010-09-29 16:43:00.000000116,9.708455
2010-09-29 16:43:00.000000127,34.871166
2014-10-27 14:58:00.00000095,8.202105
2014-10-27 14:58:00.000000118,12.452179
2014-10-27 14:58:00.00000098,10.026727
2014-10-27 14:58:00.000000108,14.128963
2014-10-27 14:58:00.00000074,5.910509
2014-10-27 14:58:00.00000079,15.906851
2014-10-27 14:58:00.000000137,7.9139442
2014-10-27 14:58:00.0000001,13.435739
2014-10-27 14:58:00.00000018,6.873057
2014-10-27 14:58:00.000000142,6.867796
2014-10-27 14:58:00.00000082,7.722832
2014-10-27 14:58:00.0000008,22.094316
2014-10-27 14:58:00.00000016,6.718949
2014-10-27 14:58:00.000000117,8.981381
2014-10-27 14:58:00.00000048,8.968529
2014-10-27 14:58:00.00000075,6.29519
2014-10-27 14:58:00.000000112,21.263784
2014-10-27 14:58:00.00000029,5.117963
2014-10-27 14:58:00.00000058,9.179813
2014-10-27 14:58:00.00000053,13.763197
2014-10-27 14:58:00.00000052,5.278382
2014-10-27 14:58:00.00000071,13.072886
2014-10-27 14:58:00.00000044,10.574694
2014-10-27 14:58:00.000000120,7.415685
2014-10-27 14:58:00.00000034,11.120309
2014-10-27 14:58:00.000000105,6.9473457
2014-10-27 14:58:00.000000147,8.846941
2014-10-27 14:58:00.00000030,7.2280726
2014-10-27 14:58:00.000000100,7.5788608
2014-10-27 14:58:00.00000086,8.149345
2014-10-27 14:58:00.00000047,39.78788
2014-10-27 14:58:00.000000107,33.219006
2014-10-27 14:58:00.000000127,31.221643
2014-10-27 14:58:00.000000119,4.877184
2014-10-27 14:58:00.00000013,35.872498
2014-10-27 14:58:00.00000076,37.878654
2014-10-27 14:58:00.00000085,7.1640215
2014-10-27 14:58:00.00000038,10.888719
2014-10-27 14:58:00.0000004,8.163857
2014-10-27 14:58:00.00000037,32.161263
2014-10-27 14:58:00.00000041,6.0132556
2014-10-27 14:58:00.000000141,5.5523148
2014-10-27 14:58:00.000000140,9.857861
2014-10-27 14:58:00.00000042,8.315871
2014-10-27 14:58:00.000000109,7.756442
2014-10-27 14:58:00.00000077,12.51389
2014-10-27 14:58:00.00000026,19.265997
2014-10-27 14:58:00.000000151,5.0220084
2014-10-27 14:58:00.00000061,8.980322
2014-10-27 14:58:00.000000114,17.23921
2014-10-27 14:58:00.00000021,18.199974
2014-10-27 14:58:00.00000063,6.559096
2014-10-27 14:58:00.00000072,58.411827
2014-10-27 14:58:00.000000131,8.484064
2014-10-27 14:58:00.0000005,40.4308
2014-10-27 14:58:00.000000110,6.514319
2014-10-27 14:58:00.00000011,7.7648168
2014-10-27 14:58:00.00000064,6.994115
2014-10-27 14:58:00.00000033,6.059524
2014-10-27 14:58:00.00000091,6.716161
2014-10-27 14:58:00.0000003,15.6586485
2014-10-27 14:58:00.00000096,4.4371233
2014-10-27 14:58:00.00000051,9.603141
2014-10-27 14:58:00.00000020,8.102754
2014-10-27 14:58:00.000000138,58.13697
2014-10-27 14:58:00.0000002,21.191809
2014-10-27 14:58:00.00000039,11.601592
2014-10-27 14:58:00.00000073,9.552322
2014-10-27 14:58:00.000000116,8.474862
2014-10-27 14:58:00.00000049,8.76847
2014-10-27 14:58:00.00000025,16.51079
2014-10-27 14:58:00.000000133,4.5324006
2014-10-27 14:58:00.00000043,9.1614275
2014-10-27 14:58:00.00000055,7.0871797
2014-10-27 14:58:00.000000124,35.83802
2014-10-27 14:58:00.00000083,10.941032
2014-10-27 14:58:00.00000010,7.8988357
2014-10-27 14:58:00.000000126,6.069247
2014-10-27 14:58:00.00000017,11.968202
2014-10-27 14:58:00.000000139,11.554861
2014-10-27 14:58:00.00000014,6.3884726
2014-10-27 14:58:00.00000045,7.928143
2014-10-27 14:58:00.000000132,6.682768
2014-10-27 14:58:00.00000080,39.94702
2014-10-27 14:58:00.00000019,7.7648373
2014-10-27 14:58:00.000000102,14.506988
2014-10-27 14:58:00.00000062,13.671981
2014-10-27 14:58:00.000000122,39.987522
2014-10-27 14:58:00.00000032,16.534786
2014-10-27 14:58:00.00000015,9.724282
2014-10-27 14:58:00.00000084,58.38872
2014-10-27 14:58:00.000000134,7.2118073
2014-10-27 14:58:00.00000093,11.241317
2014-10-27 14:58:00.00000068,7.202946
2014-10-27 14:58:00.00000089,50.303036
2014-10-27 14:58:00.00000027,58.06809
2009-10-08 23:44:56.0000004,15.955282
2009-10-08 23:44:56.0000001,11.617629
2012-11-03 17:11:00.00000035,5.748602
2012-11-03 17:11:00.000000107,10.175321
2012-11-03 17:11:00.00000069,11.402615
2012-11-03 17:11:00.000000116,13.001964
2012-11-03 17:11:00.000000145,6.72436
2012-11-03 17:11:00.00000097,5.8225074
2012-11-03 17:11:00.000000119,5.3927784
2012-11-03 17:11:00.000000134,5.2008715
2012-11-03 17:11:00.000000137,8.307508
2012-11-03 17:11:00.00000010,18.046862
2012-11-03 17:11:00.000000157,5.4320307
2012-11-03 17:11:00.000000121,20.138992
2012-11-03 17:11:00.00000073,56.03954
2012-11-03 17:11:00.00000062,9.505168
2012-11-03 17:11:00.000000130,7.5432286
2012-11-03 17:11:00.000000141,9.478045
2012-11-03 17:11:00.00000098,11.1092005
2012-11-03 17:11:00.00000066,7.9099164
2012-11-03 17:11:00.00000036,10.828062
2012-11-03 17:11:00.00000026,6.8001533
2012-11-03 17:11:00.000000110,7.425963
2012-11-03 17:11:00.00000021,7.192508
2012-11-03 17:11:00.00000040,6.8350973
2012-11-03 17:11:00.00000087,12.126954
2012-11-03 17:11:00.00000039,9.492181
2012-11-03 17:11:00.00000033,11.7108135
2012-11-03 17:11:00.0000006,6.5690746
2012-11-03 17:11:00.00000025,16.770613
2012-11-03 17:11:00.000000129,11.157076
2012-11-03 17:11:00.000000153,12.992424
2012-11-03 17:11:00.000000138,14.751857
2012-11-03 17:11:00.000000143,7.572321
2012-11-03 17:11:00.000000109,7.2482805
2012-11-03 17:11:00.00000042,13.277844
2012-11-03 17:11:00.000000104,24.544231
2012-11-03 17:11:00.0000005,7.7279115
2012-11-03 17:11:00.00000056,54.677246
2012-11-03 17:11:00.00000045,5.124427
2012-11-03 17:11:00.00000034,12.96547
2012-11-03 17:11:00.000000120,9.908558
2012-11-03 17:11:00.000000127,11.272661
2012-11-03 17:11:00.00000022,5.0106516
2012-11-03 17:11:00.0000003,16.718845
2012-11-03 17:11:00.00000084,8.872381
2012-11-03 17:11:00.00000089,11.115323
2012-11-03 17:11:00.00000041,12.575844
2012-11-03 17:11:00.000000108,12.717557
2012-11-03 17:11:00.000000158,8.032758
2012-11-03 17:11:00.000000122,4.8732033
2012-11-03 17:11:00.000000111,22.02883
2012-11-03 17:11:00.00000027,5.7459016
2012-11-03 17:11:00.0000008,9.111525
2012-11-03 17:11:00.000000148,21.620867
2012-11-03 17:11:00.000000144,35.88973
2012-11-03 17:11:00.00000029,10.250133
2012-11-03 17:11:00.00000049,7.3650327
2012-11-03 17:11:00.00000011,5.9302125
2012-11-03 17:11:00.00000094,17.646967
2012-11-03 17:11:00.000000152,17.308992
2012-11-03 17:11:00.00000051,9.614003
2012-11-03 17:11:00.00000048,7.5145574
2012-11-03 17:11:00.00000043,10.109843
2012-11-03 17:11:00.00000059,8.871825
2012-11-03 17:11:00.00000019,7.287471
2012-11-03 17:11:00.000000135,9.790294
2012-11-03 17:11:00.00000017,11.950126
2012-11-03 17:11:00.000000146,7.739755
2012-11-03 17:11:00.00000068,12.366421
2012-11-03 17:11:00.00000092,12.290414
2012-11-03 17:11:00.0000002,21.966814
2012-11-03 17:11:00.000000133,5.8282824
2012-11-03 17:11:00.00000038,13.619149
2012-11-03 17:11:00.000000123,7.5869355
2012-11-03 17:11:00.00000015,5.2631445
2012-11-03 17:11:00.000000131,5.849265
2012-11-03 17:11:00.000000112,5.4873304
2012-11-03 17:11:00.000000100,7.3470283
2012-11-03 17:11:00.00000095,16.30771
2012-11-03 17:11:00.0000004,7.2107635
2012-11-03 17:11:00.00000047,16.483364
2012-11-03 17:11:00.00000020,35.821827
2012-11-03 17:11:00.000000156,18.496916
2012-11-03 17:11:00.00000014,5.528463
2012-11-03 17:11:00.000000139,10.406613
2012-11-03 17:11:00.000000154,7.5882764
2012-11-03 17:11:00.000000151,7.0948815
2012-11-03 17:11:00.00000070,9.895397
2012-11-03 17:11:00.00000023,11.330078
2012-11-03 17:11:00.00000065,9.193026
2012-11-03 17:11:00.00000018,8.874379
2012-11-03 17:11:00.00000088,5.968775
2012-11-03 17:11:00.000000140,14.9136305
2012-11-03 17:11:00.00000071,8.768674
2009-05-07 13:58:32.0000003,7.893334
2009-05-07 13:58:32.0000001,7.689398
2011-12-25 21:26:32.0000001,4.513001
2015-01-12 19:01:00.0000001,13.203129
2015-01-12 19:01:00.0000003,4.698641
2015-01-12 19:01:00.0000004,7.2280774
2015-01-12 19:01:00.0000002,6.1999826
2009-10-06 16:09:24.0000001,7.7228985
2009-10-06 16:09:24.0000003,7.222651
2009-10-06 16:09:24.0000002,6.3166327
2009-05-06 01:49:12.0000003,26.0299
2009-05-06 01:49:12.0000005,5.854136
2009-05-06 01:49:12.0000001,11.80148
2009-05-06 01:49:12.0000006,6.6381173
2014-10-07 11:20:56.0000002,38.120922
2014-10-07 11:20:56.0000001,13.293359
2014-10-07 11:20:56.0000003,8.118822
2009-02-10 15:30:04.0000002,9.653245
2009-02-10 15:30:04.0000001,9.986471
2013-09-28 00:06:20.0000004,16.611208
2013-09-28 00:06:20.0000001,18.53304
2013-09-28 00:06:20.0000009,16.191963
2013-09-28 00:06:20.0000008,12.048158
2013-09-28 00:06:20.0000007,6.232183
2013-09-28 00:06:20.0000006,12.64308
2013-09-28 00:06:20.0000002,13.109247
2013-07-18 08:25:04.0000001,8.583947
2013-07-18 08:25:04.0000002,5.96068
2013-07-18 08:25:04.0000003,9.128041
2011-03-11 01:44:00.00000010,7.229566
2011-03-11 01:44:00.00000070,6.8779435
2011-03-11 01:44:00.00000088,23.145596
2011-03-11 01:44:00.00000063,13.045564
2011-03-11 01:44:00.00000058,15.329313
2011-03-11 01:44:00.00000086,17.482248
2011-03-11 01:44:00.00000053,5.800701
2011-03-11 01:44:00.00000094,10.416819
2011-03-11 01:44:00.00000069,4.832603
2011-03-11 01:44:00.00000061,14.515474
2011-03-11 01:44:00.0000008,4.3447595
2011-03-11 01:44:00.0000002,14.089418
2011-03-11 01:44:00.00000050,4.2780843
2011-03-11 01:44:00.00000068,8.257735
2011-03-11 01:44:00.00000018,8.216964
2011-03-11 01:44:00.00000079,13.122645
2011-03-11 01:44:00.00000037,4.7019515
2011-03-11 01:44:00.00000015,7.172847
2011-03-11 01:44:00.00000071,4.818941
2011-03-11 01:44:00.00000054,14.048191
2011-03-11 01:44:00.00000080,4.2273054
2011-03-11 01:44:00.00000078,7.659652
2011-03-11 01:44:00.00000055,6.3132434
2011-03-11 01:44:00.00000026,17.65252
2011-03-11 01:44:00.00000045,9.562846
2011-03-11 01:44:00.00000013,5.795425
2011-03-11 01:44:00.0000007,26.008114
2011-03-11 01:44:00.00000024,4.2926254
2011-03-11 01:44:00.00000093,4.4090877
2011-03-11 01:44:00.00000089,7.7862215
2011-03-11 01:44:00.00000022,8.269264
2011-03-11 01:44:00.00000020,4.275666
2011-03-11 01:44:00.00000025,3.9551194
2011-03-11 01:44:00.00000090,21.188677
2011-03-11 01:44:00.00000087,15.655382
2011-03-11 01:44:00.00000017,11.533629
2011-03-11 01:44:00.00000031,25.59192
2011-03-11 01:44:00.00000048,12.657915
2011-03-11 01:44:00.00000076,17.04527
2011-03-11 01:44:00.00000012,12.917496
2011-03-11 01:44:00.00000066,8.309537
2011-03-11 01:44:00.0000001,6.479972
2011-03-11 01:44:00.00000091,13.2671995
2011-03-11 01:44:00.00000043,8.370885
2011-03-11 01:44:00.00000060,6.5502424
2011-03-11 01:44:00.00000049,10.766506
2011-03-11 01:44:00.00000073,6.366128
2011-03-11 01:44:00.0000004,12.482788
2013-12-16 19:06:44.0000002,6.530238
2013-12-18 03:49:24.0000001,8.369599
2013-08-05 19:04:36.0000002,9.655122
2013-08-05 19:04:36.0000001,7.44967
2009-05-08 18:00:36.0000002,5.3411956
2013-01-27 00:09:12.0000002,12.632453
2013-01-27 00:09:12.0000006,7.3277464
2013-01-27 00:09:12.0000009,9.456959
2013-01-27 00:09:12.0000001,5.6720243
2013-01-27 00:09:12.0000004,8.648066
2013-01-27 00:09:12.0000007,13.740893
2013-01-27 00:09:12.0000005,7.953155
2012-06-18 22:51:56.0000002,5.2703633
2012-06-18 22:51:56.0000001,3.8217905
2011-06-20 09:55:24.0000004,11.611614
2011-06-20 09:55:24.0000003,5.642431
2011-06-20 09:55:24.0000001,7.9459605
2011-06-20 09:55:24.0000002,4.63783
2011-06-20 09:55:24.0000005,7.705946
2015-02-22 09:48:32.0000002,7.8977227
2015-02-22 09:48:32.0000001,16.65665
2015-02-22 09:48:32.0000003,21.754404
2010-08-25 23:40:32.0000001,11.16874
2012-01-07 11:21:56.0000002,12.724568
2012-10-31 12:17:24.0000003,9.564271
2012-10-31 12:17:24.0000001,5.951685
2012-10-20 02:05:08.0000001,14.342427
2012-10-20 02:05:08.0000002,6.150008
2012-05-06 08:52:08.0000001,11.444457
2014-10-11 15:11:24.0000002,6.6902437
2014-10-11 15:11:24.0000004,41.738976
2014-10-11 15:11:24.0000005,14.925901
2014-10-11 15:11:24.0000006,36.924652
2014-10-11 15:11:24.0000001,7.5202107
2009-08-17 12:27:08.0000004,6.3078375
2009-08-17 12:27:08.0000001,18.711885
2009-08-17 12:27:08.0000003,6.518082
2011-10-28 07:45:04.0000001,14.888047
2011-10-28 07:45:04.0000003,6.914773
2011-10-28 07:45:04.0000002,4.2087584
2014-04-09 09:23:12.0000003,8.48784
2014-04-09 09:23:12.0000005,7.765069
2014-04-09 09:23:12.0000002,7.9602766
2014-04-09 09:23:12.0000001,10.97731
2013-09-15 02:37:52.0000001,11.331018
2013-09-15 02:37:52.0000003,9.938124
2009-11-25 19:32:52.0000005,12.614673
2009-11-25 19:32:52.0000002,10.728816
2009-11-25 19:32:52.0000003,16.084732
2014-05-30 00:09:16.0000002,12.644943
2014-05-30 00:09:16.0000005,10.82006
2014-05-30 00:09:16.0000003,5.7347007
2014-05-30 00:09:16.0000004,6.1778364
2014-05-30 00:09:16.0000001,10.810821
2013-10-24 14:18:20.0000001,5.404192
2013-10-24 14:18:20.0000002,7.7867684
2013-10-24 14:18:20.0000003,14.088933
2014-06-07 22:07:12.0000002,16.14537
2014-06-07 22:07:12.0000001,12.860604
2013-01-07 17:08:32.0000003,7.48605
2013-01-07 17:08:32.0000001,5.9291515
2010-08-11 00:12:08.0000001,5.239267
2011-10-04 09:37:00.0000007,7.526623
2011-10-04 09:37:00.00000092,6.95474
2011-10-04 09:37:00.000000150,6.7797155
2011-10-04 09:37:00.00000010,5.612622
2011-10-04 09:37:00.00000065,31.384403
2011-10-04 09:37:00.000000151,6.8659825
2011-10-04 09:37:00.00000089,5.1429887
2011-10-04 09:37:00.000000120,7.928054
2011-10-04 09:37:00.0000009,5.7691674
2011-10-04 09:37:00.000000110,6.1678004
2011-10-04 09:37:00.00000098,14.5311365
2011-10-04 09:37:00.00000011,4.394053
2011-10-04 09:37:00.00000042,6.9965777
2011-10-04 09:37:00.00000024,7.9315305
2011-10-04 09:37:00.000000188,15.569246
2011-10-04 09:37:00.00000071,10.838457
2011-10-04 09:37:00.000000168,11.005053
2011-10-04 09:37:00.000000159,9.809626
2011-10-04 09:37:00.000000171,10.87676
2011-10-04 09:37:00.000000129,7.360392
2011-10-04 09:37:00.000000186,5.617439
2011-10-04 09:37:00.000000123,13.327862
2011-10-04 09:37:00.00000020,4.6354933
2011-10-04 09:37:00.00000033,4.5472183
2011-10-04 09:37:00.00000058,12.669469
2011-10-04 09:37:00.00000068,9.880666
2011-10-04 09:37:00.000000131,5.5952477
2011-10-04 09:37:00.000000178,33.41003
2011-10-04 09:37:00.000000103,31.510523
2011-10-04 09:37:00.00000026,9.733264
2011-10-04 09:37:00.000000115,5.9077744
2011-10-04 09:37:00.00000059,36.191174
2011-10-04 09:37:00.00000090,14.77058
2011-10-04 09:37:00.00000063,7.0862827
2011-10-04 09:37:00.000000169,4.2541294
2011-10-04 09:37:00.00000066,9.685903
2011-10-04 09:37:00.000000181,4.413736
2011-10-04 09:37:00.00000018,4.633686
2011-10-04 09:37:00.000000112,5.78265
2011-10-04 09:37:00.00000094,10.372106
2011-10-04 09:37:00.0000001,6.195496
2011-10-04 09:37:00.000000139,11.542271
2011-10-04 09:37:00.000000152,10.147485
2011-10-04 09:37:00.000000187,4.8265977
2011-10-04 09:37:00.00000070,6.7800736
2011-10-04 09:37:00.00000050,5.816362
2011-10-04 09:37:00.0000004,1.325296
2011-10-04 09:37:00.000000153,12.629527
2011-10-04 09:37:00.00000076,26.586473
2011-10-04 09:37:00.00000079,31.892847
2011-10-04 09:37:00.000000146,6.9146986
2011-10-04 09:37:00.000000192,9.254576
2011-10-04 09:37:00.000000172,10.763652
2011-10-04 09:37:00.000000154,7.372157
2011-10-04 09:37:00.000000124,8.72646
2011-10-04 09:37:00.000000142,6.0803313
2011-10-04 09:37:00.000000167,9.376806
2011-10-04 09:37:00.00000048,10.778671
2011-10-04 09:37:00.00000074,13.786028
2011-10-04 09:37:00.000000193,8.61043
2011-10-04 09:37:00.000000166,6.72937
2011-10-04 09:37:00.000000147,5.7476544
2011-10-04 09:37:00.000000189,7.1946707
2011-10-04 09:37:00.0000008,7.0838556
2011-10-04 09:37:00.000000125,6.998054
2011-10-04 09:37:00.00000051,5.1810246
2011-10-04 09:37:00.000000173,8.739628
2011-10-04 09:37:00.00000096,11.669905
2011-10-04 09:37:00.000000174,6.216503
2011-10-04 09:37:00.000000130,8.376369
2011-10-04 09:37:00.00000016,6.0417275
2011-10-04 09:37:00.000000145,6.49517
2011-10-04 09:37:00.000000140,8.235156
2011-10-04 09:37:00.00000040,29.931257
2011-10-04 09:37:00.000000118,11.040101
2011-10-04 09:37:00.00000081,7.780169
2011-10-04 09:37:00.000000175,15.365123
2011-10-04 09:37:00.00000072,10.237407
2011-10-04 09:37:00.000000143,5.9902177
2011-10-04 09:37:00.000000104,6.097035
2011-10-04 09:37:00.00000053,7.187931
2011-10-04 09:37:00.00000084,4.7358136
2011-10-04 09:37:00.00000030,9.828564
2011-10-04 09:37:00.000000100,6.263817
2011-10-04 09:37:00.000000105,8.273876
2011-10-04 09:37:00.00000041,5.2660723
2011-10-04 09:37:00.00000091,12.731845
2011-10-04 09:37:00.00000078,6.8846393
2011-10-04 09:37:00.000000197,7.2979035
2011-10-04 09:37:00.000000119,9.022681
2011-10-04 09:37:00.000000161,8.365632
2011-10-04 09:37:00.00000039,6.546852
2011-10-04 09:37:00.00000086,7.0167794
2011-10-04 09:37:00.000000195,9.569335
2011-10-04 09:37:00.000000182,6.8177867
2011-10-04 09:37:00.000000133,6.9349227
2011-10-04 09:37:00.00000029,6.853562
2011-10-04 09:37:00.000000144,6.345357
2011-10-04 09:37:00.000000128,6.627827
2011-10-04 09:37:00.00000027,8.69347
2011-10-04 09:37:00.00000032,6.325099
2011-10-04 09:37:00.00000073,10.027796
2011-10-04 09:37:00.00000083,9.834336
2011-10-04 09:37:00.00000021,6.53666
2011-10-04 09:37:00.000000137,5.1298456
2011-10-04 09:37:00.00000087,48.67838
2011-10-04 09:37:00.00000060,32.045616
2011-10-04 09:37:00.000000138,8.767615
2011-10-04 09:37:00.00000046,10.328493
2011-10-04 09:37:00.00000075,9.648747
2011-10-04 09:37:00.000000198,5.8569345
2011-10-04 09:37:00.000000121,10.081438
2011-10-04 09:37:00.000000116,5.397183
2011-10-04 09:37:00.000000117,7.4366407
2011-10-04 09:37:00.00000097,13.6521225
2011-10-04 09:37:00.00000012,4.86297
2011-10-04 09:37:00.00000093,31.1579
2011-10-04 09:37:00.000000101,6.3615203
2011-10-04 09:37:00.00000082,20.43404
2011-10-04 09:37:00.000000126,7.820295
2011-10-04 09:37:00.00000035,10.102572
2011-10-04 09:37:00.000000127,14.658555
2011-10-04 09:37:00.000000156,5.335457
2014-04-29 08:15:56.0000002,6.7199655
2014-04-29 08:15:56.0000001,7.9136124
2012-10-23 14:15:04.0000003,14.085656
2012-10-23 14:15:04.0000004,15.472562
2012-10-23 14:15:04.0000001,7.414968
2012-08-31 08:01:16.0000001,6.9376793
2012-10-18 21:06:20.0000003,11.3734665
2012-10-18 21:06:20.0000006,61.019978
2012-10-18 21:06:20.0000002,8.537759
2012-10-18 21:06:20.0000005,9.830401
2012-10-18 21:06:20.0000004,9.605691
2012-10-18 21:06:20.0000008,9.638712
2012-10-18 21:06:20.00000010,7.899409
2012-10-18 21:06:20.0000001,32.57023
2014-02-26 04:36:28.0000001,15.19242
2010-02-20 00:43:28.0000002,7.5513015
2010-02-20 00:43:28.0000004,19.338854
2010-02-20 00:43:28.0000003,8.295635
2010-02-20 00:43:28.0000001,11.278203
2009-08-21 08:00:48.0000002,8.252623
2009-08-21 08:00:48.0000001,7.3930616
2009-08-21 08:00:48.0000003,7.632279
2014-12-24 03:00:00.00000034,6.9368596
2014-12-24 03:00:00.00000013,29.117476
2014-12-24 03:00:00.0000001,16.034475
2014-12-24 03:00:00.00000032,8.003988
2014-12-24 03:00:00.0000006,5.2180076
2014-12-24 03:00:00.00000037,6.1879973
2014-12-24 03:00:00.00000012,10.467062
2014-12-24 03:00:00.00000023,22.112654
2014-12-24 03:00:00.00000041,5.508468
2014-12-24 03:00:00.0000008,7.564222
2014-12-24 03:00:00.00000024,14.017111
2014-12-24 03:00:00.00000038,7.3730254
2014-12-24 03:00:00.0000009,7.3020644
2014-12-24 03:00:00.00000018,14.624251
2014-12-24 03:00:00.00000011,24.256092
2014-12-24 03:00:00.00000021,11.889002
2014-12-24 03:00:00.00000030,7.877767
2014-12-24 03:00:00.00000010,6.1456
2014-12-24 03:00:00.0000004,9.511832
2014-12-24 03:00:00.00000022,13.593858
2014-12-24 03:00:00.00000028,6.343756
2012-08-19 12:46:40.0000003,13.69165
2012-08-19 12:46:40.0000002,4.6311016
2012-08-19 12:46:40.0000001,8.458418
2013-12-02 17:53:24.0000003,12.297799
2013-12-02 17:53:24.0000001,11.54837
2013-12-02 17:53:24.0000002,11.748208
2011-11-07 18:53:08.0000002,9.303034
2011-11-07 18:53:08.0000001,13.3156805
2009-05-16 23:36:24.0000001,8.246951
2009-05-16 23:36:24.0000002,5.3508687
2011-01-10 10:56:56.0000003,7.649731
2011-01-10 10:56:56.0000002,30.638577
2011-01-10 10:56:56.0000001,5.688808
2010-10-07 10:54:20.0000002,7.9437857
2010-10-07 10:54:20.0000005,14.502084
2010-10-07 10:54:20.0000001,5.7959356
2010-10-07 10:54:20.0000004,7.443549
2011-02-21 20:11:08.0000001,8.061371
2011-02-21 20:11:08.0000005,6.5205803
2011-02-21 20:11:08.0000002,10.074545
2011-02-21 20:11:08.0000003,7.379957
2011-02-21 20:11:08.0000004,34.050663
2009-10-04 22:54:56.0000003,7.7978234
2015-04-11 20:31:32.0000007,5.7972503
2015-04-11 20:31:32.00000012,5.979208
2015-04-11 20:31:32.0000003,35.02249
2015-04-11 20:31:32.0000006,12.514239
2015-04-11 20:31:32.0000002,21.78022
2015-04-11 20:31:32.0000009,11.89958
2015-04-11 20:31:32.00000010,5.2020802
2015-04-11 20:31:32.0000001,7.97349
2012-04-02 02:53:24.0000001,12.89144
2014-04-21 16:00:36.0000001,6.1846814
2014-04-21 16:00:36.0000003,10.715571
2014-04-21 16:00:36.0000002,5.2879543
2012-03-22 21:11:36.0000006,3.7281544
2012-03-22 21:11:36.0000008,7.9714155
2012-03-22 21:11:36.0000005,10.332967
2012-03-22 21:11:36.0000001,10.206965
2012-03-22 21:11:36.0000004,4.825109
2012-03-22 21:11:36.0000007,4.9789195
2012-03-22 21:11:36.0000002,8.752592
2012-03-22 21:11:36.0000003,23.304415
2011-04-08 00:57:44.0000001,4.804756
2011-02-20 12:31:04.0000001,9.90301
2011-02-20 12:31:04.0000003,3.877676
2011-02-06 17:08:24.0000004,16.18957
2011-02-06 17:08:24.0000002,7.275783
2011-02-06 17:08:24.0000001,8.432691
2013-01-01 22:04:56.0000001,8.408413
2013-04-23 17:52:44.0000001,17.543236
2013-04-23 17:52:44.0000002,5.8509645
2013-07-02 21:47:24.0000003,4.93812
2013-07-02 21:47:24.0000002,16.197308
2013-07-02 21:47:24.0000001,18.629423
2010-01-01 13:19:40.0000002,17.568615
2010-01-01 13:19:40.0000005,8.995595
2010-01-01 13:19:40.0000001,9.736452
2010-01-01 13:19:40.0000003,58.28734
2013-04-26 20:41:16.0000001,8.406013
2010-03-06 23:51:08.0000002,12.967657
2010-03-06 23:51:08.0000001,8.209668
2014-04-17 16:58:28.0000001,9.577524
2014-04-17 16:58:28.0000002,12.280902
2014-01-06 16:39:16.0000001,28.860573
2015-02-12 05:37:56.0000002,4.927397
2011-12-22 01:00:08.0000001,15.901918
2011-12-22 01:00:08.0000002,7.3855853
2011-08-20 17:04:24.0000001,5.38767
2011-06-30 13:07:36.0000001,6.0916834
2011-06-30 13:07:36.0000005,10.167978
2011-06-30 13:07:36.0000002,7.328227
2011-06-30 13:07:36.0000004,7.370303
2011-06-30 13:07:36.0000003,9.147403
2014-04-27 02:57:00.000000100,4.0416646
2014-04-27 02:57:00.000000130,5.83648
2014-04-27 02:57:00.000000109,32.705246
2014-04-27 02:57:00.00000096,18.588356
2014-04-27 02:57:00.00000063,12.775853
2014-04-27 02:57:00.000000177,7.401477
2014-04-27 02:57:00.000000132,18.329592
2014-04-27 02:57:00.000000170,19.366943
2014-04-27 02:57:00.00000021,13.627459
2014-04-27 02:57:00.000000136,11.656063
2014-04-27 02:57:00.00000032,11.586167
2014-04-27 02:57:00.000000107,6.0999312
2014-04-27 02:57:00.00000028,37.796772
2014-04-27 02:57:00.00000026,16.38927
2014-04-27 02:57:00.000000139,7.9954
2014-04-27 02:57:00.00000015,21.294424
2014-04-27 02:57:00.00000095,4.428777
2014-04-27 02:57:00.000000105,23.276073
2014-04-27 02:57:00.000000196,10.174942
2014-04-27 02:57:00.0000001,5.099539
2014-04-27 02:57:00.000000175,12.7724
2014-04-27 02:57:00.000000188,17.32542
2014-04-27 02:57:00.00000051,14.413539
2014-04-27 02:57:00.00000055,7.2369566
2014-04-27 02:57:00.00000016,15.630849
2014-04-27 02:57:00.000000169,7.2435675
2014-04-27 02:57:00.00000086,12.956102
2014-04-27 02:57:00.000000148,15.948307
2014-04-27 02:57:00.00000087,16.807522
2014-04-27 02:57:00.00000027,15.634959
2014-04-27 02:57:00.000000120,20.088125
2014-04-27 02:57:00.00000068,4.317132
2014-04-27 02:57:00.00000099,7.896663
2014-04-27 02:57:00.000000193,9.10968
2014-04-27 02:57:00.00000081,21.723768
2014-04-27 02:57:00.000000135,22.821194
2014-04-27 02:57:00.000000181,6.1338344
2014-04-27 02:57:00.00000020,5.731137
2014-04-27 02:57:00.000000157,21.340057
2014-04-27 02:57:00.00000079,19.82618
2014-04-27 02:57:00.00000019,7.63646
2014-04-27 02:57:00.000000126,13.512746
2014-04-27 02:57:00.0000002,5.1005282
2014-04-27 02:57:00.00000062,9.698121
2014-04-27 02:57:00.00000085,12.198316
2014-04-27 02:57:00.00000014,14.787535
2014-04-27 02:57:00.000000161,10.7671585
2014-04-27 02:57:00.00000084,13.756332
2014-04-27 02:57:00.000000122,18.086033
2014-04-27 02:57:00.000000111,8.159227
2014-04-27 02:57:00.000000113,10.091031
2014-04-27 02:57:00.00000071,9.865863
2014-04-27 02:57:00.00000077,11.416905
2014-04-27 02:57:00.000000134,44.270008
2014-04-27 02:57:00.000000103,11.763859
2014-04-27 02:57:00.000000102,13.320304
2014-04-27 02:57:00.000000160,23.641739
2014-04-27 02:57:00.00000042,4.457606
2014-04-27 02:57:00.00000054,7.0492935
2014-04-27 02:57:00.00000049,14.565208
2014-04-27 02:57:00.000000147,11.304045
2014-04-27 02:57:00.00000045,9.126789
2014-04-27 02:57:00.0000003,19.489609
2014-04-27 02:57:00.000000182,9.080645
2014-04-27 02:57:00.000000180,9.693595
2014-04-27 02:57:00.00000038,23.841139
2014-04-27 02:57:00.0000005,9.500434
2014-04-27 02:57:00.000000108,4.7041183
2014-04-27 02:57:00.00000092,6.0614076
2014-04-27 02:57:00.000000192,6.210604
2014-04-27 02:57:00.000000165,7.1246705
2014-04-27 02:57:00.000000115,10.12005
2014-04-27 02:57:00.00000029,8.668584
2014-04-27 02:57:00.00000050,5.834346
2014-04-27 02:57:00.000000119,8.58626
2014-04-27 02:57:00.00000011,15.488295
2014-04-27 02:57:00.000000114,6.940389
2014-04-27 02:57:00.000000190,13.172104
2014-04-27 02:57:00.00000061,9.321441
2014-04-27 02:57:00.00000098,10.874606
2014-04-27 02:57:00.00000040,7.013131
2014-04-27 02:57:00.000000117,17.704632
2014-04-27 02:57:00.000000150,7.780725
2014-04-27 02:57:00.00000035,8.377234
2014-04-27 02:57:00.00000022,18.661093
2014-04-27 02:57:00.000000146,7.3568883
2014-04-27 02:57:00.00000018,9.67171
2014-04-27 02:57:00.00000041,12.347041
2014-04-27 02:57:00.00000089,17.626461
2014-04-27 02:57:00.00000088,7.986775
2014-04-27 02:57:00.000000101,10.21578
2014-04-27 02:57:00.00000058,25.092436
2014-04-27 02:57:00.00000030,7.9464526
2014-04-27 02:57:00.000000156,13.482472
2014-04-27 02:57:00.00000024,8.670355
2014-04-27 02:57:00.000000163,7.3506737
2014-04-27 02:57:00.000000152,12.218825
2014-04-27 02:57:00.00000037,6.3936176
2014-04-27 02:57:00.00000065,5.4883733
2014-04-27 02:57:00.0000006,27.005013
2014-04-27 02:57:00.00000060,9.074458
2014-04-27 02:57:00.000000110,7.0405974
2014-04-27 02:57:00.00000034,5.452713
2014-04-27 02:57:00.000000149,26.847925
2014-04-27 02:57:00.000000176,4.372337
2014-04-27 02:57:00.000000184,6.2799835
2014-04-27 02:57:00.000000118,7.379359
2014-04-27 02:57:00.000000186,13.6985445
2014-04-27 02:57:00.000000104,10.418984
2014-04-27 02:57:00.00000080,25.355839
2014-04-27 02:57:00.000000121,8.530412
2014-04-27 02:57:00.00000093,6.6820517
2014-04-27 02:57:00.00000056,11.508431
2014-04-27 02:57:00.00000044,14.299178
2014-04-27 02:57:00.00000048,8.590706
2014-04-27 02:57:00.00000059,14.172958
2014-04-27 02:57:00.000000194,19.33434
2014-04-27 02:57:00.000000185,20.9061
2014-04-27 02:57:00.000000125,18.189222
2014-04-27 02:57:00.00000046,12.00874
2014-04-27 02:57:00.00000070,17.82904
2014-04-27 02:57:00.000000133,14.140797
2011-01-18 10:26:40.0000003,5.0356216
2011-01-18 10:26:40.0000002,8.787522
2012-04-20 07:57:20.0000001,9.318152
2012-04-20 07:57:20.0000004,5.4170747
2012-04-20 07:57:20.0000003,6.132277
2012-04-20 07:57:20.0000002,4.691106
2011-12-13 22:00:00.00000071,12.69567
2011-12-13 22:00:00.000000178,4.834707
2011-12-13 22:00:00.00000016,7.4325223
2011-12-13 22:00:00.000000127,7.2074413
2011-12-13 22:00:00.00000065,4.399603
2011-12-13 22:00:00.000000227,4.0630713
2011-12-13 22:00:00.000000257,5.876263
2011-12-13 22:00:00.000000238,7.325125
2011-12-13 22:00:00.0000008,8.242607
2011-12-13 22:00:00.000000252,5.1901674
2011-12-13 22:00:00.000000204,13.353854
2011-12-13 22:00:00.000000120,9.283676
2011-12-13 22:00:00.000000175,4.227405
2011-12-13 22:00:00.00000010,13.173218
2011-12-13 22:00:00.00000048,6.1465797
2011-12-13 22:00:00.000000189,4.829395
2011-12-13 22:00:00.00000011,4.8897715
2011-12-13 22:00:00.000000247,7.1154785
2011-12-13 22:00:00.000000261,4.112525
2011-12-13 22:00:00.0000004,12.077225
2011-12-13 22:00:00.00000014,11.154614
2011-12-13 22:00:00.000000151,35.607372
2011-12-13 22:00:00.00000025,6.275757
2011-12-13 22:00:00.00000039,9.902656
2011-12-13 22:00:00.000000179,7.4365916
2011-12-13 22:00:00.000000137,10.86895
2011-12-13 22:00:00.00000091,15.901267
2011-12-13 22:00:00.000000109,5.6742744
2011-12-13 22:00:00.000000174,8.319815
2011-12-13 22:00:00.000000225,16.59714
2011-12-13 22:00:00.000000207,6.2628007
2011-12-13 22:00:00.000000269,22.551554
2011-12-13 22:00:00.000000234,6.9947453
2011-12-13 22:00:00.00000017,6.954648
2011-12-13 22:00:00.00000046,5.874297
2011-12-13 22:00:00.00000057,12.20029
2011-12-13 22:00:00.000000105,7.98519
2011-12-13 22:00:00.000000114,15.124953
2011-12-13 22:00:00.00000030,5.039772
2011-12-13 22:00:00.000000100,6.527118
2011-12-13 22:00:00.00000088,14.950674
2011-12-13 22:00:00.000000242,7.937481
2011-12-13 22:00:00.000000113,6.7673244
2011-12-13 22:00:00.000000157,11.394362
2011-12-13 22:00:00.000000177,12.641742
2011-12-13 22:00:00.000000169,8.366076
2011-12-13 22:00:00.000000123,4.2306614
2011-12-13 22:00:00.000000182,31.560303
2011-12-13 22:00:00.000000129,6.974773
2011-12-13 22:00:00.000000136,35.27607
2011-12-13 22:00:00.000000187,5.9089828
2011-12-13 22:00:00.000000218,7.9500165
2011-12-13 22:00:00.000000167,28.038788
2011-12-13 22:00:00.000000192,8.920089
2011-12-13 22:00:00.00000024,5.941559
2011-12-13 22:00:00.00000093,10.494556
2011-12-13 22:00:00.000000260,4.438471
2011-12-13 22:00:00.00000038,4.0245695
2011-12-13 22:00:00.000000208,6.6188297
2011-12-13 22:00:00.000000210,6.1569214
2011-12-13 22:00:00.000000181,6.174759
2011-12-13 22:00:00.000000111,9.90616
2011-12-13 22:00:00.000000161,15.959672
2011-12-13 22:00:00.000000209,4.302033
2011-12-13 22:00:00.00000029,6.7838054
2011-12-13 22:00:00.00000067,5.1795874
2011-12-13 22:00:00.000000202,4.983408
2011-12-13 22:00:00.000000245,9.086219
2011-12-13 22:00:00.000000206,9.253838
2011-12-13 22:00:00.0000003,6.3123326
2011-12-13 22:00:00.00000060,14.274732
2011-12-13 22:00:00.00000053,5.178725
2011-12-13 22:00:00.000000201,9.650246
2011-12-13 22:00:00.000000212,10.084957
2011-12-13 22:00:00.000000235,15.71637
2011-12-13 22:00:00.000000170,24.470219
2011-12-13 22:00:00.000000253,4.451349
2011-12-13 22:00:00.000000172,17.05661
2011-12-13 22:00:00.00000086,4.3281054
2011-12-13 22:00:00.000000223,40.357445
2011-12-13 22:00:00.0000009,10.849419
2011-12-13 22:00:00.00000031,11.851045
2011-12-13 22:00:00.000000243,9.612188
2011-12-13 22:00:00.000000133,10.038088
2011-12-13 22:00:00.000000199,8.026237
2011-12-13 22:00:00.000000104,24.398432
2011-12-13 22:00:00.00000023,48.375854
2011-12-13 22:00:00.00000075,34.375824
2011-12-13 22:00:00.000000217,4.92867
2011-12-13 22:00:00.000000220,7.635764
2011-12-13 22:00:00.000000211,4.246395
2011-12-13 22:00:00.000000150,8.502826
2011-12-13 22:00:00.00000020,6.646237
2011-12-13 22:00:00.000000254,8.579165
2011-12-13 22:00:00.000000183,7.246431
2011-12-13 22:00:00.000000166,12.314797
2011-12-13 22:00:00.00000063,6.7604694
2011-12-13 22:00:00.000000124,5.051855
2011-12-13 22:00:00.000000219,8.444314
2011-12-13 22:00:00.00000099,14.522855
2011-12-13 22:00:00.00000041,6.4372945
2011-12-13 22:00:00.00000080,9.764742
2011-12-13 22:00:00.000000216,22.03313
2011-12-13 22:00:00.000000240,4.7914014
2011-12-13 22:00:00.000000153,7.3393235
2011-12-13 22:00:00.00000068,3.8884566
2011-12-13 22:00:00.000000263,9.616206
2011-12-13 22:00:00.00000061,12.8216715
2011-12-13 22:00:00.000000162,5.843317
2011-12-13 22:00:00.00000045,5.2555857
2011-12-13 22:00:00.000000193,4.4733257
2011-12-13 22:00:00.000000112,29.97365
2011-12-13 22:00:00.000000165,5.6659803
2011-12-13 22:00:00.000000255,12.196458
2011-12-13 22:00:00.000000106,30.10682
2011-12-13 22:00:00.000000125,13.585656
2011-12-13 22:00:00.000000250,7.95367
2011-12-13 22:00:00.0000006,5.790695
2011-12-13 22:00:00.00000090,4.87749
2011-12-13 22:00:00.00000055,4.981511
2011-12-13 22:00:00.000000188,9.257647
2011-12-13 22:00:00.000000259,13.9288845
2011-12-13 22:00:00.000000142,14.115242
2011-12-13 22:00:00.000000155,7.515285
2011-12-13 22:00:00.00000082,4.63797
2011-12-13 22:00:00.00000069,6.751563
2011-12-13 22:00:00.00000097,11.91268
2011-12-13 22:00:00.000000107,29.165112
2011-12-13 22:00:00.000000126,5.867076
2011-12-13 22:00:00.00000012,9.806487
2011-12-13 22:00:00.000000158,7.0254817
2011-12-13 22:00:00.000000196,7.114327
2011-12-13 22:00:00.000000132,24.667227
2011-12-13 22:00:00.000000244,5.667219
2011-12-13 22:00:00.000000268,8.445731
2011-12-13 22:00:00.00000064,5.845786
2011-12-13 22:00:00.000000159,11.112148
2011-12-13 22:00:00.000000163,22.794
2011-12-13 22:00:00.000000232,17.119537
2011-12-13 22:00:00.0000007,14.35488
2011-12-13 22:00:00.00000054,4.4300814
2011-12-13 22:00:00.000000230,15.1668005
2011-12-13 22:00:00.000000256,6.305764
2011-12-13 22:00:00.000000146,6.83767
2011-12-13 22:00:00.000000265,8.589282
2011-12-13 22:00:00.00000076,6.574023
2011-12-13 22:00:00.00000062,18.668491
2011-12-13 22:00:00.00000032,5.969635
2011-12-13 22:00:00.000000213,4.7362595
2011-12-13 22:00:00.00000083,15.308674
2011-12-13 22:00:00.00000026,9.52428
2011-12-13 22:00:00.000000239,12.739787
2011-12-13 22:00:00.000000233,10.632986
2011-12-13 22:00:00.00000089,9.965794
2011-12-13 22:00:00.000000267,6.7796035
2011-12-13 22:00:00.000000176,7.492661
2011-12-13 22:00:00.000000139,5.01971
2011-12-13 22:00:00.00000027,4.493233
2011-12-13 22:00:00.00000042,8.934518
2011-12-13 22:00:00.000000241,12.8072
2011-12-13 22:00:00.000000222,7.429728
2012-03-12 09:50:24.0000001,7.5692883
2012-03-12 09:50:24.0000003,6.08686
2012-03-12 09:50:24.0000002,6.3612003
2014-05-13 07:33:52.0000006,5.5822296
2014-05-13 07:33:52.0000004,6.1883936
2014-05-13 07:33:52.0000001,9.6975765
2014-05-13 07:33:52.0000002,5.095406
2014-05-13 07:33:52.0000003,13.489204
2011-06-30 09:37:08.0000002,10.315843
2011-06-30 09:37:08.0000003,4.393055
2012-09-18 17:13:40.0000002,7.3416963
2012-09-18 17:13:40.0000001,6.8849163
2011-06-07 12:11:56.0000004,19.209707
2011-06-07 12:11:56.0000001,12.695563
2011-06-07 12:11:56.0000003,28.200445
2011-06-07 12:11:56.0000002,5.588172
2011-06-07 12:11:56.0000005,6.441737
2010-05-21 23:04:44.0000002,18.816942
2010-05-21 23:04:44.0000001,14.051289
2009-01-28 16:36:28.0000002,6.6181617
2009-01-28 16:36:28.0000003,45.383068
2009-01-28 16:36:28.0000005,6.137041
2009-01-28 16:36:28.0000006,10.069052
2009-01-28 16:36:28.0000001,5.5225015
2012-03-12 02:58:56.0000001,13.785302
2010-07-21 22:06:12.0000005,8.194157
2010-07-21 22:06:12.0000003,6.157035
2010-07-21 22:06:12.0000001,25.211275
2010-07-21 22:06:12.0000002,10.793664
2009-04-12 16:00:56.0000001,11.728707
2013-05-24 13:37:32.0000001,7.185133
2011-07-29 20:50:36.0000001,12.677672
2011-07-29 20:50:36.0000003,24.042727
2011-07-29 20:50:36.0000002,4.8915286
2014-03-05 21:07:12.0000003,12.43626
2014-03-05 21:07:12.0000004,8.560259
2009-11-28 15:07:24.0000004,47.413284
2009-11-28 15:07:24.0000001,9.442728
2009-11-28 15:07:24.0000003,5.961876
2015-04-11 14:16:12.0000003,7.445024
2015-04-11 14:16:12.00000010,4.9653897
2015-04-11 14:16:12.00000011,6.020176
2015-04-11 14:16:12.0000001,7.6879716
2015-04-11 14:16:12.0000002,6.6819205
2015-04-11 14:16:12.0000006,56.062275
2015-04-11 14:16:12.0000007,5.979835
2015-04-11 14:16:12.0000008,9.733365
2014-11-15 10:57:20.0000002,4.2692027
2014-11-15 10:57:20.0000001,7.094445
2010-07-31 15:47:28.0000001,4.8301888
2014-05-12 20:56:48.0000005,4.9027953
2014-05-12 20:56:48.0000001,8.704642
2014-05-12 20:56:48.0000004,8.596377
2014-05-12 20:56:48.0000003,8.207362
2014-05-12 20:56:48.0000002,11.16272
2014-01-16 06:00:48.0000001,11.028586
2014-04-23 11:18:40.0000003,11.086574
2014-04-23 11:18:40.0000002,7.576134
2014-04-23 11:18:40.0000001,10.391712
2011-09-22 04:49:56.0000001,34.951508
2011-10-28 07:35:52.0000003,5.943234
2011-10-28 07:35:52.0000002,10.431619
2011-10-28 07:35:52.0000001,6.1971726
2015-05-10 19:54:00.0000001,8.498755
2015-05-10 19:54:00.0000003,6.56618
2015-05-10 19:54:00.0000005,9.855644
2015-05-10 19:54:00.0000004,11.249439
2011-03-28 23:18:48.0000001,9.673433
2014-08-26 01:31:04.0000001,28.409838
2015-02-26 15:55:48.0000004,12.872882
2015-02-26 15:55:48.0000003,8.419411
2015-02-26 15:55:48.0000002,6.691048
2013-11-22 15:36:36.0000002,4.644895
2010-02-13 11:03:04.0000002,5.0039945
2010-02-13 11:03:04.0000001,4.656226
2010-02-13 11:03:04.0000004,5.1294346
2010-02-13 11:03:04.0000003,5.2730165
2011-06-26 18:48:08.0000004,8.486116
2011-06-26 18:48:08.0000005,16.61658
2011-06-26 18:48:08.0000002,5.4579134
2011-06-26 18:48:08.0000001,7.767944
2010-10-14 23:48:56.0000001,5.555929
2010-10-14 23:48:56.0000002,40.47067
2010-10-14 23:48:56.0000003,11.823977
2010-10-14 23:48:56.0000004,6.211633
2011-01-22 07:48:28.0000001,7.8551717
2011-10-17 18:49:20.0000003,15.44757
2011-10-17 18:49:20.0000002,7.2418327
2011-10-17 18:49:20.0000005,8.946129
2009-03-24 16:39:12.0000002,9.103892
2009-03-24 16:39:12.0000004,7.57808
2009-03-24 16:39:12.0000003,9.996675
2009-03-24 16:39:12.0000001,5.8266163
2014-07-21 18:19:00.000000102,8.316916
2014-07-21 18:19:00.000000106,10.045618
2014-07-21 18:19:00.000000107,6.0216985
2014-07-21 18:19:00.00000094,37.114006
2014-07-21 18:19:00.000000161,7.68148
2014-07-21 18:19:00.000000129,16.637049
2014-07-21 18:19:00.00000083,5.5560164
2014-07-21 18:19:00.000000163,14.902844
2014-07-21 18:19:00.000000117,11.2436075
2014-07-21 18:19:00.00000028,4.542132
2014-07-21 18:19:00.00000089,13.978595
2014-07-21 18:19:00.000000130,6.2861295
2014-07-21 18:19:00.000000105,7.427098
2014-07-21 18:19:00.000000123,16.923191
2014-07-21 18:19:00.000000103,54.845623
2014-07-21 18:19:00.000000227,7.5710444
2014-07-21 18:19:00.000000189,9.802143
2014-07-21 18:19:00.000000168,8.666005
2014-07-21 18:19:00.000000173,11.922969
2014-07-21 18:19:00.000000128,15.401321
2014-07-21 18:19:00.000000143,28.1428
2014-07-21 18:19:00.00000018,21.407078
2014-07-21 18:19:00.00000049,11.398173
2014-07-21 18:19:00.00000022,7.5876236
2014-07-21 18:19:00.000000200,6.5062547
2014-07-21 18:19:00.000000193,9.737346
2014-07-21 18:19:00.000000231,10.711122
2014-07-21 18:19:00.000000202,12.399666
2014-07-21 18:19:00.00000092,33.48186
2014-07-21 18:19:00.000000148,6.7214546
2014-07-21 18:19:00.00000057,5.2130136
2014-07-21 18:19:00.00000074,7.422487
2014-07-21 18:19:00.000000183,13.3265
2014-07-21 18:19:00.000000221,-5.7112107
2014-07-21 18:19:00.00000078,7.934801
2014-07-21 18:19:00.00000058,6.4898715
2014-07-21 18:19:00.000000214,6.84821
2014-07-21 18:19:00.000000122,9.861053
2014-07-21 18:19:00.000000137,4.186989
2014-07-21 18:19:00.00000027,8.9840355
2014-07-21 18:19:00.00000047,20.788666
2014-07-21 18:19:00.00000061,10.815493
2014-07-21 18:19:00.000000196,10.021566
2014-07-21 18:19:00.000000125,16.166616
2014-07-21 18:19:00.000000126,18.883652
2014-07-21 18:19:00.000000145,4.7389536
2014-07-21 18:19:00.00000080,14.299174
2014-07-21 18:19:00.00000055,9.155997
2014-07-21 18:19:00.00000066,10.862806
2014-07-21 18:19:00.000000111,5.9595904
2014-07-21 18:19:00.00000042,7.003839
2014-07-21 18:19:00.000000215,5.636561
2014-07-21 18:19:00.00000043,27.756165
2014-07-21 18:19:00.000000119,20.128077
2014-07-21 18:19:00.000000115,12.612659
2014-07-21 18:19:00.0000009,9.959222
2014-07-21 18:19:00.00000075,10.520741
2014-07-21 18:19:00.000000118,4.815646
2014-07-21 18:19:00.00000038,18.73298
2014-07-21 18:19:00.000000124,10.290122
2014-07-21 18:19:00.000000242,10.044256
2014-07-21 18:19:00.00000019,7.462379
2014-07-21 18:19:00.00000056,11.813531
2014-07-21 18:19:00.000000239,7.28366
2014-07-21 18:19:00.000000101,9.221342
2014-07-21 18:19:00.000000216,41.511986
2014-07-21 18:19:00.000000198,5.9947824
2014-07-21 18:19:00.000000174,38.907413
2014-07-21 18:19:00.00000070,7.56312
2014-07-21 18:19:00.0000004,12.378396
2014-07-21 18:19:00.000000135,8.179399
2014-07-21 18:19:00.000000165,8.266624
2014-07-21 18:19:00.00000010,12.57005
2014-07-21 18:19:00.000000211,7.664653
2014-07-21 18:19:00.000000190,8.969394
2014-07-21 18:19:00.00000021,7.0579886
2014-07-21 18:19:00.000000204,6.1716933
2014-07-21 18:19:00.000000112,7.778532
2014-07-21 18:19:00.000000169,20.98631
2014-07-21 18:19:00.000000226,8.388903
2014-07-21 18:19:00.000000109,6.209666
2014-07-21 18:19:00.000000113,19.384268
2014-07-21 18:19:00.000000127,18.759665
2014-07-21 18:19:00.000000182,11.795373
2014-07-21 18:19:00.00000036,8.586076
2014-07-21 18:19:00.000000220,4.5115256
2014-07-21 18:19:00.000000121,7.306627
2014-07-21 18:19:00.00000050,10.634136
2014-07-21 18:19:00.000000178,6.0263896
2014-07-21 18:19:00.000000166,8.140313
2014-07-21 18:19:00.000000224,7.26238
2014-07-21 18:19:00.000000134,6.547015
2014-07-21 18:19:00.000000195,12.627092
2014-07-21 18:19:00.00000015,40.825714
2014-07-21 18:19:00.0000005,52.82319
2014-07-21 18:19:00.000000120,14.986887
2014-07-21 18:19:00.000000133,7.0662017
2014-07-21 18:19:00.00000044,8.463319
2014-07-21 18:19:00.000000233,7.740249
2014-07-21 18:19:00.00000063,11.754538
2014-07-21 18:19:00.000000167,9.912278
2014-07-21 18:19:00.000000208,7.991709
2014-07-21 18:19:00.00000030,11.052475
2014-07-21 18:19:00.00000098,6.8361382
2014-07-21 18:19:00.000000179,8.187507
2014-07-21 18:19:00.000000219,4.5891
2014-07-21 18:19:00.0000006,5.1582475
2014-07-21 18:19:00.0000008,14.115139
2014-07-21 18:19:00.00000031,23.410744
2014-07-21 18:19:00.000000225,6.1419735
2014-07-21 18:19:00.000000235,9.615171
2014-07-21 18:19:00.000000104,10.391949
2014-07-21 18:19:00.00000011,4.83575
2014-07-21 18:19:00.00000026,4.6025276
2014-07-21 18:19:00.000000228,7.2842507
2014-07-21 18:19:00.000000154,8.471982
2014-07-21 18:19:00.000000240,5.52993
2014-07-21 18:19:00.00000069,10.881683
2014-07-21 18:19:00.000000210,9.911372
2014-07-21 18:19:00.00000097,26.622025
2014-07-21 18:19:00.000000136,7.8846316
2014-07-21 18:19:00.000000150,9.971678
2014-07-21 18:19:00.00000060,4.9162583
2014-07-21 18:19:00.00000073,5.346275
2014-07-21 18:19:00.000000177,21.276215
2014-07-21 18:19:00.000000222,8.803761
2014-07-21 18:19:00.0000003,19.516134
2014-07-21 18:19:00.00000012,5.1643443
2014-07-21 18:19:00.000000139,6.271006
2014-07-21 18:19:00.000000194,10.86691
2014-07-21 18:19:00.00000014,10.185888
2014-07-21 18:19:00.00000051,6.6484222
2014-07-21 18:19:00.000000218,11.476853
2014-07-21 18:19:00.000000181,6.598227
2014-07-21 18:19:00.000000114,14.473407
2014-07-21 18:19:00.00000072,7.867399
2014-07-21 18:19:00.000000213,7.1383195
2014-07-21 18:19:00.00000064,5.393199
2012-12-07 16:13:08.0000001,16.545462
2011-06-13 09:55:04.0000005,9.185857
2011-06-13 09:55:04.0000004,6.142006
2011-06-13 09:55:04.0000001,9.483398
2014-12-27 22:31:56.0000002,12.201106
2014-11-24 09:50:20.0000001,5.5599217
2014-11-24 09:50:20.0000002,20.664831
2015-02-17 12:29:52.0000003,7.508614
2015-02-17 12:29:52.0000002,9.741192
2015-02-17 12:29:52.0000004,16.313665
2015-02-17 12:29:52.0000001,5.0666656
2010-02-21 21:57:20.0000001,12.785387
2010-02-21 21:57:20.0000002,4.560995
2010-09-20 16:48:00.000000101,11.950184
2010-09-20 16:48:00.000000140,6.154308
2010-09-20 16:48:00.00000052,6.961339
2010-09-20 16:48:00.00000038,11.783708
2010-09-20 16:48:00.000000135,7.638317
2010-09-20 16:48:00.000000145,9.264509
2010-09-20 16:48:00.00000090,10.042373
2010-09-20 16:48:00.00000088,28.648567
2010-09-20 16:48:00.000000161,15.758782
2010-09-20 16:48:00.000000160,8.452857
2010-09-20 16:48:00.00000012,6.7943974
2010-09-20 16:48:00.00000028,45.286774
2010-09-20 16:48:00.000000117,22.026377
2010-09-20 16:48:00.00000018,5.6982737
2010-09-20 16:48:00.00000059,7.37346
2010-09-20 16:48:00.00000061,4.4902086
2010-09-20 16:48:00.00000037,6.784217
2010-09-20 16:48:00.000000133,12.874435
2010-09-20 16:48:00.000000141,11.898486
2010-09-20 16:48:00.000000113,26.339344
2010-09-20 16:48:00.00000067,16.733269
2010-09-20 16:48:00.00000066,24.600012
2010-09-20 16:48:00.000000128,11.546999
2010-09-20 16:48:00.000000109,10.596475
2010-09-20 16:48:00.000000167,28.095201
2010-09-20 16:48:00.00000065,5.355799
2010-09-20 16:48:00.000000157,36.902462
2010-09-20 16:48:00.00000045,11.798811
2010-09-20 16:48:00.00000054,8.682121
2010-09-20 16:48:00.00000076,6.3383574
2010-09-20 16:48:00.000000125,13.74929
2010-09-20 16:48:00.00000031,14.442375
2010-09-20 16:48:00.000000105,7.269978
2010-09-20 16:48:00.00000017,8.225115
2010-09-20 16:48:00.000000127,5.353315
2010-09-20 16:48:00.000000149,45.327663
2010-09-20 16:48:00.00000039,27.704504
2010-09-20 16:48:00.00000095,37.874203
2010-09-20 16:48:00.00000062,8.284988
2010-09-20 16:48:00.00000029,9.25211
2010-09-20 16:48:00.000000155,29.141981
2010-09-20 16:48:00.000000123,7.781378
2010-09-20 16:48:00.00000020,8.990672
2010-09-20 16:48:00.0000003,10.161139
2010-09-20 16:48:00.000000102,6.0065126
2010-09-20 16:48:00.00000096,8.58622
2010-09-20 16:48:00.00000087,9.226154
2010-09-20 16:48:00.00000063,28.033068
2010-09-20 16:48:00.00000078,9.609946
2010-09-20 16:48:00.00000049,4.7715335
2010-09-20 16:48:00.000000115,13.851105
2010-09-20 16:48:00.00000080,10.031652
2010-09-20 16:48:00.00000046,16.1901
2010-09-20 16:48:00.00000048,8.786454
2010-09-20 16:48:00.00000033,25.542568
2010-09-20 16:48:00.000000136,6.4859195
2010-09-20 16:48:00.00000032,15.8853855
2010-09-20 16:48:00.00000082,14.838878
2010-09-20 16:48:00.00000091,12.035198
2010-09-20 16:48:00.00000051,33.927597
2010-09-20 16:48:00.000000107,9.425033
2010-09-20 16:48:00.000000150,6.6167536
2010-09-20 16:48:00.00000070,7.233853
2010-09-20 16:48:00.000000165,29.55419
2010-09-20 16:48:00.00000097,28.255384
2010-09-20 16:48:00.00000075,7.5540586
2010-09-20 16:48:00.000000164,12.208291
2010-09-20 16:48:00.000000162,4.5817337
2010-09-20 16:48:00.00000026,6.6453805
2010-09-20 16:48:00.000000126,9.580052
2010-09-20 16:48:00.00000077,13.618079
2010-09-20 16:48:00.000000138,5.58428
2010-09-20 16:48:00.000000118,17.898647
2010-09-20 16:48:00.00000011,12.193635
2010-09-20 16:48:00.00000073,17.285736
2010-09-20 16:48:00.000000120,8.922631
2010-09-20 16:48:00.00000034,26.8995
2010-09-20 16:48:00.00000057,9.928428
2010-09-20 16:48:00.00000044,13.728223
2010-09-20 16:48:00.00000079,6.3221135
2010-09-20 16:48:00.00000013,12.733781
2010-09-20 16:48:00.00000060,7.618839
2010-09-20 16:48:00.00000098,17.315783
2010-09-20 16:48:00.00000022,5.5903835
2010-09-20 16:48:00.00000043,12.377238
2010-09-20 16:48:00.000000130,5.4959126
2010-09-20 16:48:00.00000094,12.624479
2010-09-20 16:48:00.000000153,11.714383
2010-09-20 16:48:00.0000009,14.868987
2010-09-20 16:48:00.000000119,7.354454
2010-09-20 16:48:00.00000089,8.612216
2010-09-20 16:48:00.00000053,12.398242
2010-09-20 16:48:00.00000014,11.54824
2010-09-20 16:48:00.00000093,13.862117
2010-09-20 16:48:00.000000144,7.6739764
2010-09-20 16:48:00.00000030,16.649967
2010-09-20 16:48:00.000000147,27.670465
2010-09-20 16:48:00.000000108,15.670101
2010-09-20 16:48:00.00000064,8.201624
2010-09-20 16:48:00.00000010,11.65547
2010-09-20 16:48:00.00000042,11.430336
2012-04-01 22:22:28.0000001,9.102162
2012-03-05 09:19:32.0000001,6.347817
2012-03-05 09:19:32.0000002,6.050243
2012-03-05 09:19:32.0000005,19.931288
2012-03-05 09:19:32.0000003,10.664899
2012-03-05 09:19:32.0000004,5.3125205
2012-08-20 14:47:36.0000003,6.9972253
2012-08-20 14:47:36.0000004,41.133896
2011-12-01 01:36:08.0000002,5.1497293
2013-06-21 11:33:28.0000002,7.813228
2013-06-21 11:33:28.0000004,8.454037
2013-06-21 11:33:28.0000001,6.2276497
2013-06-21 11:33:28.0000003,16.435968
2013-04-10 11:33:28.0000001,17.565983
2013-04-10 11:33:28.0000002,11.497527
2014-03-29 14:59:28.0000003,4.6085157
2014-03-29 14:59:28.0000002,7.433435
2010-04-05 06:01:24.0000001,5.401262
2014-12-01 00:12:44.0000001,27.991337
2012-08-01 18:54:24.0000001,8.979932
2012-08-01 18:54:24.0000002,6.130613
2012-08-01 18:54:24.0000003,6.432056
2013-07-13 18:28:20.0000005,7.83986
2013-07-13 18:28:20.0000001,5.6851735
2013-07-13 18:28:20.0000002,9.397085
2013-07-13 18:28:20.0000004,8.003326
2014-03-06 04:23:32.0000001,9.089007
2014-10-07 19:04:08.0000002,9.937322
2014-10-07 19:04:08.0000005,9.795626
2014-10-07 19:04:08.0000006,13.371166
2014-10-07 19:04:08.0000004,5.751874
2013-08-21 09:32:24.0000002,12.221708
2013-08-21 09:32:24.0000004,13.0314245
2013-08-21 09:32:24.0000003,8.446032
2015-01-26 07:13:44.0000006,8.787689
2015-01-26 07:13:44.0000002,8.906288
2015-01-26 07:13:44.0000004,7.915085
2015-01-26 07:13:44.0000003,11.655557
2009-03-16 09:55:24.0000003,6.3984795
2009-03-16 09:55:24.0000005,5.0576477
2009-03-16 09:55:24.0000004,9.970719
2009-03-16 09:55:24.0000006,6.499184
2009-03-16 09:55:24.0000002,4.831121
2011-03-06 21:01:00.000000150,5.5849404
2011-03-06 21:01:00.00000026,4.3858223
2011-03-06 21:01:00.000000148,5.7782865
2011-03-06 21:01:00.00000088,5.0735345
2011-03-06 21:01:00.00000098,4.814899
2011-03-06 21:01:00.00000054,11.986351
2011-03-06 21:01:00.000000101,9.83257
2011-03-06 21:01:00.000000175,7.1549015
2011-03-06 21:01:00.00000029,8.90607
2011-03-06 21:01:00.000000106,4.086285
2011-03-06 21:01:00.00000099,5.536912
2011-03-06 21:01:00.000000158,8.731365
2011-03-06 21:01:00.000000130,6.0917196
2011-03-06 21:01:00.00000027,4.4349594
2011-03-06 21:01:00.00000032,19.876875
2011-03-06 21:01:00.000000111,13.225282
2011-03-06 21:01:00.00000024,13.063411
2011-03-06 21:01:00.000000118,9.496829
2011-03-06 21:01:00.00000016,7.565485
2011-03-06 21:01:00.00000066,9.63231
2011-03-06 21:01:00.000000133,12.714618
2011-03-06 21:01:00.00000070,4.6874685
2011-03-06 21:01:00.000000104,5.5961876
2011-03-06 21:01:00.00000076,8.027824
2011-03-06 21:01:00.000000141,6.697563
2011-03-06 21:01:00.000000145,5.335061
2011-03-06 21:01:00.000000143,6.1991696
2011-03-06 21:01:00.00000092,5.631095
2011-03-06 21:01:00.00000080,5.32896
2011-03-06 21:01:00.00000015,25.53459
2011-03-06 21:01:00.000000153,17.529783
2011-03-06 21:01:00.00000093,10.752403
2011-03-06 21:01:00.000000162,25.751162
2011-03-06 21:01:00.00000062,7.7448096
2011-03-06 21:01:00.000000129,14.531039
2011-03-06 21:01:00.000000107,18.254538
2011-03-06 21:01:00.00000045,4.7744455
2011-03-06 21:01:00.000000115,11.55512
2011-03-06 21:01:00.0000002,4.012154
2011-03-06 21:01:00.00000044,7.9861493
2011-03-06 21:01:00.000000167,6.3690248
2011-03-06 21:01:00.000000169,4.170751
2011-03-06 21:01:00.00000067,44.26365
2011-03-06 21:01:00.0000007,6.1444774
2011-03-06 21:01:00.000000135,46.876167
2011-03-06 21:01:00.000000128,11.523111
2011-03-06 21:01:00.0000004,6.6534977
2011-03-06 21:01:00.00000010,7.9847417
2011-03-06 21:01:00.000000151,11.307403
2011-03-06 21:01:00.00000055,9.217127
2011-03-06 21:01:00.00000095,7.0145526
2011-03-06 21:01:00.000000102,9.05329
2011-03-06 21:01:00.00000034,7.3617873
2011-03-06 21:01:00.000000108,4.311424
2011-03-06 21:01:00.00000012,4.2061486
2011-03-06 21:01:00.00000085,4.265604
2011-03-06 21:01:00.0000001,10.859368
2011-03-06 21:01:00.00000035,4.3387885
2011-03-06 21:01:00.00000097,11.825557
2011-03-06 21:01:00.000000105,6.739152
2011-03-06 21:01:00.00000020,10.1914835
2011-03-06 21:01:00.000000114,4.7460856
2011-03-06 21:01:00.00000038,4.0672145
2011-03-06 21:01:00.0000006,9.401093
2011-03-06 21:01:00.00000086,7.596646
2011-03-06 21:01:00.00000049,5.913286
2011-03-06 21:01:00.000000147,6.327168
2011-03-06 21:01:00.00000040,4.2501674
2011-03-06 21:01:00.00000064,6.0257893
2011-03-06 21:01:00.00000061,11.76859
2011-03-06 21:01:00.0000005,6.494636
2011-03-06 21:01:00.0000009,5.7521267
2011-03-06 21:01:00.00000042,4.5150394
2011-03-06 21:01:00.00000022,27.129786
2011-03-06 21:01:00.00000021,16.404768
2011-03-06 21:01:00.00000094,5.145569
2011-03-06 21:01:00.000000156,7.512444
2011-03-06 21:01:00.00000072,5.5895963
2011-03-06 21:01:00.00000031,13.157516
2011-03-06 21:01:00.00000089,6.3033214
2011-03-06 21:01:00.00000023,10.295995
2011-03-06 21:01:00.00000046,4.260915
2011-03-06 21:01:00.00000087,5.6306477
2011-03-06 21:01:00.00000053,12.935384
2011-03-06 21:01:00.0000008,3.9061196
2011-03-06 21:01:00.000000157,4.7524247
2011-03-06 21:01:00.00000077,12.343364
2011-03-06 21:01:00.00000073,10.310008
2011-03-06 21:01:00.00000047,4.622249
2011-03-06 21:01:00.000000172,6.049855
2011-03-06 21:01:00.00000084,8.915495
2011-03-06 21:01:00.000000122,13.960686
2011-03-06 21:01:00.000000154,16.591772
2011-03-06 21:01:00.000000136,9.82693
2011-03-06 21:01:00.00000075,3.828311
2011-03-06 21:01:00.00000014,5.526237
2009-09-04 20:52:28.0000002,5.9827924
2009-09-04 20:52:28.0000003,5.1322
2009-09-04 20:52:28.0000004,5.883949
2009-09-04 20:52:28.0000001,4.136889
2013-09-25 05:52:12.0000002,12.176819
2013-09-25 05:52:12.0000001,34.772266
2010-04-16 10:32:24.0000002,7.417644
2010-04-16 10:32:24.0000001,32.606045
2011-10-12 07:24:40.0000001,9.146846
2011-10-12 07:24:40.0000003,8.046096
2011-10-12 07:24:40.0000002,24.62628
2010-06-13 13:34:56.0000001,7.459518
2011-11-20 02:39:04.0000002,18.230293
2011-11-20 02:39:04.0000001,5.2270093
2010-12-13 06:42:16.0000002,4.15212
2010-12-13 06:42:16.0000001,9.803998
2009-11-24 08:58:48.0000003,8.368789
2009-11-24 08:58:48.0000001,4.0848985
2009-11-24 08:58:48.0000006,5.981787
2009-11-24 08:58:48.0000002,8.829784
2009-11-24 08:58:48.0000005,8.282326
2009-11-24 08:58:48.0000007,9.403762
2014-09-22 07:14:16.0000002,15.486668
2011-05-30 09:32:56.0000001,7.8498936
2012-09-21 05:41:36.0000001,8.080215
2010-11-22 19:30:04.0000002,8.592146
2010-11-22 19:30:04.0000001,10.710425
2010-10-05 02:09:00.0000005,5.9145813
2010-10-05 02:09:00.0000006,20.29395
2010-10-05 02:09:00.0000007,11.133977
2010-10-05 02:09:00.00000018,21.281973
2010-10-05 02:09:00.00000011,20.056143
2010-10-05 02:09:00.00000023,10.897268
2010-10-05 02:09:00.00000012,9.435105
2010-10-05 02:09:00.00000022,4.584265
2010-10-05 02:09:00.00000013,17.943508
2010-10-05 02:09:00.0000003,21.341646
2010-10-05 02:09:00.00000010,4.111802
2010-10-05 02:09:00.0000001,7.4787273
2010-10-05 02:09:00.00000021,5.4858212
2010-10-05 02:09:00.0000008,12.429158
2010-10-05 02:09:00.00000027,6.130207
2010-10-05 02:09:00.0000002,18.342793
2010-10-05 02:09:00.00000015,5.5923085
2014-08-23 16:30:24.0000002,8.711177
2014-08-23 16:30:24.0000001,6.685478
2012-03-15 08:17:36.0000001,8.541089
2012-03-15 08:17:36.0000002,5.1808696
2012-03-15 08:17:36.0000005,19.15561
2012-03-15 08:17:36.0000004,18.043188
2012-03-15 08:17:36.0000003,5.2631645
2013-10-04 02:53:20.0000001,6.133334
2013-10-04 02:53:20.0000002,12.425776
2009-03-28 15:09:20.0000001,8.63832
2009-03-28 15:09:20.0000003,16.678888
2009-03-28 15:09:20.0000002,17.481218
2012-01-25 22:43:44.0000003,10.354061
2012-01-25 22:43:44.0000004,8.722082
2012-01-25 22:43:44.0000002,4.249928
2012-01-25 22:43:44.0000001,15.507299
2011-07-21 07:51:32.0000002,5.9952974
2011-07-21 07:51:32.0000003,10.659476
2011-07-21 07:51:32.0000001,5.7772336
2010-12-01 22:04:52.0000001,7.8439116
2013-06-23 02:54:32.0000003,7.7848363
2013-06-23 02:54:32.0000002,6.2149663
2014-03-24 22:36:24.0000004,9.417573
2014-03-24 22:36:24.0000002,8.752092
2014-03-24 22:36:24.0000001,5.202758
2014-03-24 22:36:24.0000003,7.989404
2013-09-13 01:54:20.0000001,7.1074986
2013-10-14 18:30:36.0000003,15.956852
2013-10-14 18:30:36.0000002,7.9848347
2013-10-14 18:30:36.0000004,14.474455
2013-10-14 18:30:36.0000001,4.718093
2013-11-18 15:07:28.0000006,9.44999
2013-11-18 15:07:28.0000004,56.940056
2013-11-18 15:07:28.0000001,5.889361
2013-11-18 15:07:28.0000005,6.4913244
2013-11-18 15:07:28.0000002,7.3893805
2011-02-20 23:35:12.0000001,6.8774505
2011-02-20 23:35:12.0000004,9.589264
2011-02-20 23:35:12.0000005,20.822424
2011-02-20 23:35:12.0000003,12.442837
2011-02-20 23:35:12.0000002,13.603912
2010-02-06 19:59:16.0000001,11.138661
2012-03-10 02:36:04.0000003,8.245873
2012-03-10 02:36:04.0000002,11.663204
2012-03-10 02:36:04.0000001,6.3882203
2014-04-13 17:35:52.0000002,7.1814837
2010-04-04 21:59:56.0000002,7.4669785
2010-04-04 21:59:56.0000001,12.785484
2010-04-04 21:59:56.0000003,9.649829
2010-04-04 21:59:56.0000004,5.769583
2013-03-23 04:51:12.0000001,15.644459
2010-06-29 00:22:24.0000002,46.77747
2010-06-29 00:22:24.0000001,4.463377
2011-10-17 12:37:56.0000002,5.5959406
2011-10-17 12:37:56.0000001,6.6352205
2012-01-30 19:07:52.0000003,10.553832
2012-01-30 19:07:52.0000002,6.9780445
2012-01-30 19:07:52.0000004,9.465743
2012-01-30 19:07:52.0000001,5.6771574
2012-01-30 19:07:52.0000005,9.481358
2011-05-30 01:44:40.0000001,8.271597
2011-05-30 01:44:40.0000002,5.927845
2011-02-08 01:04:08.0000001,8.471634
2012-05-23 16:25:16.0000002,6.620997
2011-09-20 18:02:28.0000001,10.015397
2009-10-08 10:04:36.0000001,42.1181
2009-10-08 10:04:36.0000003,10.8052635
2009-10-08 10:04:36.0000002,26.398321
2010-07-02 22:03:04.0000002,12.183654
2010-07-02 22:03:04.0000001,7.8186455
2012-05-03 14:11:36.0000002,6.2839346
2012-05-03 14:11:36.0000005,10.464704
2012-05-03 14:11:36.0000004,30.678658
2012-05-03 14:11:36.0000003,15.081813
2012-05-03 14:11:36.0000001,6.2187686
2013-04-04 16:31:56.0000001,15.650973
2013-04-04 16:31:56.0000002,8.128684
2009-12-02 15:59:56.0000001,31.774723
2009-12-02 15:59:56.0000002,6.8000007
2010-01-03 02:03:40.0000002,7.1508574
2010-01-03 02:03:40.0000003,5.423122
2011-08-21 10:54:24.0000003,7.2346787
2011-08-21 10:54:24.0000002,65.10879
2011-08-21 10:54:24.0000001,13.858011
2011-01-30 14:38:24.0000003,6.1975923
2011-01-30 14:38:24.0000002,14.038922
2011-04-16 21:23:16.0000004,16.620838
2011-04-16 21:23:16.0000002,9.901171
2011-04-16 21:23:16.0000006,4.463882
2013-10-05 19:51:04.0000006,7.7191753
2013-10-05 19:51:04.0000005,13.930538
2013-10-05 19:51:04.0000003,17.557537
2013-10-05 19:51:04.0000002,15.332705
2014-10-31 08:17:44.0000002,8.808763
2014-10-31 08:17:44.0000004,9.267866
2014-10-31 08:17:44.0000005,8.898807
2014-10-31 08:17:44.0000001,9.404885
2014-10-31 08:17:44.0000003,21.337221
2009-05-31 21:24:56.0000001,12.925237
2014-06-04 01:50:40.0000001,14.086612
2009-07-14 17:59:12.0000001,6.172196
2009-07-14 17:59:12.0000003,5.356216
2012-12-05 16:33:52.0000002,15.927928
2012-12-05 16:33:52.0000001,40.228912
2009-12-18 12:37:04.0000005,7.782148
2009-12-18 12:37:04.0000001,9.4857435
2009-12-18 12:37:04.0000006,12.381882
2009-12-18 12:37:04.0000004,9.47191
2009-12-18 12:37:04.0000007,10.627721
2009-12-18 12:37:04.0000002,10.011638
2012-11-21 15:12:48.0000001,6.654862
2011-05-03 07:01:40.0000001,12.0476055
2011-05-03 07:01:40.0000002,4.682018
2011-05-03 07:01:40.0000003,5.2420926
2010-09-21 06:27:32.0000002,19.38287
2010-09-21 06:27:32.0000001,8.937156
2011-10-07 22:08:20.0000003,4.6906805
2011-10-07 22:08:20.0000006,9.109802
2009-02-08 08:48:20.0000001,3.9532785
2013-09-24 21:16:40.0000006,9.06347
2013-09-24 21:16:40.0000003,10.192881
2013-09-24 21:16:40.0000001,11.090866
2013-09-24 21:16:40.0000007,12.689886
2013-09-24 21:16:40.0000002,13.752129
2013-09-24 21:16:40.0000004,10.576568
2012-03-14 19:10:48.0000005,13.268699
2012-03-14 19:10:48.0000008,5.30109
2012-03-14 19:10:48.0000002,9.611684
2012-03-14 19:10:48.0000004,6.3589954
2012-03-14 19:10:48.0000001,6.4767146
2012-03-14 19:10:48.0000009,7.991821
2012-03-14 19:10:48.0000006,12.693042
2009-11-12 11:01:20.0000001,7.041653
2009-11-12 11:01:20.0000002,4.525974
2009-06-21 04:28:48.0000002,14.554202
2009-06-21 04:28:48.0000003,11.805914
2014-01-25 12:36:52.0000002,8.74897
2014-01-25 12:36:52.0000001,8.711273
2012-12-27 13:23:48.0000001,11.172014
2011-06-28 16:09:44.0000001,6.06188
2010-12-01 08:35:20.0000001,10.037853
2012-11-19 12:40:40.0000005,6.308672
2012-11-19 12:40:40.0000001,5.9642334
2012-11-19 12:40:40.0000002,8.387052
2012-11-19 12:40:40.0000003,12.599906
2012-11-19 12:40:40.0000004,47.45184
2009-07-13 17:58:04.0000001,10.208134
2009-07-13 17:58:04.0000003,6.5047936
2009-07-13 17:58:04.0000002,8.203627
2011-06-25 11:42:36.0000003,4.539794
2011-06-25 11:42:36.0000002,24.83062
2012-01-26 07:33:00.000000128,11.679425
2012-01-26 07:33:00.00000032,8.277195
2012-01-26 07:33:00.000000163,6.1092253
2012-01-26 07:33:00.000000155,6.932309
2012-01-26 07:33:00.000000153,8.105872
2012-01-26 07:33:00.00000049,5.4402943
2012-01-26 07:33:00.00000095,4.460964
2012-01-26 07:33:00.000000158,15.843835
2012-01-26 07:33:00.00000050,7.0019226
2012-01-26 07:33:00.00000015,7.0438914
2012-01-26 07:33:00.00000062,8.466894
2012-01-26 07:33:00.00000037,15.157929
2012-01-26 07:33:00.00000069,11.966447
2012-01-26 07:33:00.000000142,4.5925207
2012-01-26 07:33:00.000000150,5.068473
2012-01-26 07:33:00.000000147,7.621803
2012-01-26 07:33:00.000000125,6.8543997
2012-01-26 07:33:00.000000124,29.278395
2012-01-26 07:33:00.000000129,5.9497814
2012-01-26 07:33:00.00000033,9.812364
2012-01-26 07:33:00.0000004,31.865553
2012-01-26 07:33:00.00000029,9.803973
2012-01-26 07:33:00.000000113,5.600362
2012-01-26 07:33:00.00000017,9.591693
2012-01-26 07:33:00.00000067,9.889251
2012-01-26 07:33:00.000000141,29.874762
2012-01-26 07:33:00.00000036,12.017837
2012-01-26 07:33:00.000000162,19.096598
2012-01-26 07:33:00.000000118,9.440381
2012-01-26 07:33:00.000000154,24.692314
2012-01-26 07:33:00.000000143,9.483116
2012-01-26 07:33:00.00000083,7.726766
2012-01-26 07:33:00.000000191,7.6674137
2012-01-26 07:33:00.000000140,10.715179
2012-01-26 07:33:00.00000086,4.562401
2012-01-26 07:33:00.0000002,8.582394
2012-01-26 07:33:00.000000170,6.284989
2012-01-26 07:33:00.00000010,7.002243
2012-01-26 07:33:00.00000053,6.8684077
2012-01-26 07:33:00.000000102,11.279156
2012-01-26 07:33:00.00000055,5.69208
2012-01-26 07:33:00.0000007,8.622267
2012-01-26 07:33:00.00000013,5.7458563
2012-01-26 07:33:00.000000165,31.72561
2012-01-26 07:33:00.00000026,4.180114
2012-01-26 07:33:00.000000137,5.5346127
2012-01-26 07:33:00.00000048,9.609342
2012-01-26 07:33:00.00000059,9.93141
2012-01-26 07:33:00.000000132,8.078582
2012-01-26 07:33:00.00000096,12.2891035
2012-01-26 07:33:00.000000190,3.8708372
2012-01-26 07:33:00.000000156,7.7710705
2012-01-26 07:33:00.00000075,8.189535
2012-01-26 07:33:00.00000084,6.1860094
2012-01-26 07:33:00.0000006,4.9225683
2012-01-26 07:33:00.00000021,6.492772
2012-01-26 07:33:00.0000001,12.07828
2012-01-26 07:33:00.0000005,5.0663676
2012-01-26 07:33:00.00000034,5.491213
2012-01-26 07:33:00.000000117,4.2773275
2012-01-26 07:33:00.000000106,10.322462
2012-01-26 07:33:00.00000077,7.7544007
2012-01-26 07:33:00.00000045,5.1738157
2012-01-26 07:33:00.000000116,10.842702
2012-01-26 07:33:00.0000009,11.51332
2012-01-26 07:33:00.000000146,4.583704
2012-01-26 07:33:00.00000027,20.883282
2012-01-26 07:33:00.000000127,7.504604
2012-01-26 07:33:00.000000172,4.8299837
2012-01-26 07:33:00.00000074,4.3744926
2012-01-26 07:33:00.00000014,19.03752
2012-01-26 07:33:00.000000108,8.707229
2012-01-26 07:33:00.000000109,15.21789
2012-01-26 07:33:00.000000152,6.2505383
2012-01-26 07:33:00.00000047,5.8902845
2012-01-26 07:33:00.000000192,9.721932
2012-01-26 07:33:00.00000054,5.5831738
2012-01-26 07:33:00.000000185,5.2265706
2012-01-26 07:33:00.000000187,8.889386
2012-01-26 07:33:00.00000060,10.160966
2012-01-26 07:33:00.000000130,7.2972207
2012-01-26 07:33:00.00000046,9.814147
2012-01-26 07:33:00.000000182,6.7869296
2012-01-26 07:33:00.000000177,12.093744
2012-01-26 07:33:00.000000135,27.312336
2012-01-26 07:33:00.00000063,4.6090965
2012-01-26 07:33:00.00000079,6.674183
2012-01-26 07:33:00.000000169,8.013083
2012-01-26 07:33:00.00000094,8.70321
2012-01-26 07:33:00.000000176,11.214641
2012-01-26 07:33:00.00000061,4.61681
2012-01-26 07:33:00.000000188,4.4413147
2012-01-26 07:33:00.000000174,12.207588
2012-01-26 07:33:00.000000126,6.7885466
2012-01-26 07:33:00.000000139,32.09873
2012-01-26 07:33:00.000000184,5.29064
2012-01-26 07:33:00.000000107,4.2363935
2012-01-26 07:33:00.00000038,5.0387774
2012-01-26 07:33:00.000000134,4.039124
2012-01-26 07:33:00.00000058,20.710733
2012-01-26 07:33:00.00000078,4.330453
2012-01-26 07:33:00.00000019,4.569566
2012-01-26 07:33:00.000000111,8.177693
2012-01-26 07:33:00.000000178,20.279308
2012-01-26 07:33:00.0000003,9.664225
2012-01-26 07:33:00.00000052,14.961768
2012-01-26 07:33:00.00000040,10.509414
2012-01-26 07:33:00.000000148,10.231317
2012-01-26 07:33:00.00000066,11.854959
2012-01-26 07:33:00.00000041,5.3683524
2012-01-26 07:33:00.00000070,8.922536
2012-01-26 07:33:00.000000157,30.212849
2012-01-26 07:33:00.000000179,7.891187
2012-01-26 07:33:00.000000112,17.102943
2012-01-26 07:33:00.00000073,6.796077
2012-01-26 07:33:00.000000138,18.026884
2012-01-26 07:33:00.00000092,10.828389
2012-01-26 07:33:00.000000164,17.05551
2012-01-26 07:33:00.000000123,7.120964
2012-01-26 07:33:00.00000043,4.936699
2012-01-26 07:33:00.00000093,5.588106
2012-01-26 07:33:00.00000016,14.820317
2012-01-26 07:33:00.000000144,7.540719
2012-01-26 07:33:00.00000042,6.5950246
2012-01-26 07:33:00.00000011,9.059537
2012-01-26 07:33:00.00000035,10.206305
2012-01-26 07:33:00.00000098,7.245534
2012-01-26 07:33:00.000000149,18.16777
2012-01-26 07:33:00.000000110,4.6458173
2012-01-26 07:33:00.000000159,10.351583
2015-03-20 23:34:40.0000007,7.7116857
2015-03-20 23:34:40.0000002,25.544474
2015-03-20 23:34:40.0000006,4.8125176
2013-12-14 03:20:48.0000001,30.821386
2013-12-14 03:20:48.0000002,4.4704847
2014-04-14 07:03:52.0000001,8.233909
2014-04-14 07:03:52.0000002,12.220237
2015-05-21 07:08:08.0000002,7.924054
2011-08-30 16:48:24.0000003,7.5300803
2011-08-30 16:48:24.0000002,10.600507
2011-08-30 16:48:24.0000001,7.3317966
2010-12-09 07:29:00.000000189,4.754476
2010-12-09 07:29:00.00000027,18.121948
2010-12-09 07:29:00.000000184,10.378981
2010-12-09 07:29:00.00000030,4.609049
2010-12-09 07:29:00.00000011,4.5805244
2010-12-09 07:29:00.00000065,8.531822
2010-12-09 07:29:00.00000063,7.807923
2010-12-09 07:29:00.000000133,15.452654
2010-12-09 07:29:00.00000054,7.1723022
2010-12-09 07:29:00.00000021,11.650878
2010-12-09 07:29:00.000000162,5.802732
2010-12-09 07:29:00.000000144,8.648607
2010-12-09 07:29:00.000000116,9.436463
2010-12-09 07:29:00.000000142,5.0182834
2010-12-09 07:29:00.000000113,10.82425
2010-12-09 07:29:00.000000105,12.35498
2010-12-09 07:29:00.00000047,5.3802843
2010-12-09 07:29:00.0000008,6.7004557
2010-12-09 07:29:00.00000099,4.2976046
2010-12-09 07:29:00.00000048,5.7322946
2010-12-09 07:29:00.00000076,11.695093
2010-12-09 07:29:00.000000174,15.927521
2010-12-09 07:29:00.000000130,20.305471
2010-12-09 07:29:00.000000177,8.047185
2010-12-09 07:29:00.00000088,7.071396
2010-12-09 07:29:00.00000091,6.426767
2010-12-09 07:29:00.00000072,4.57634
2010-12-09 07:29:00.00000014,9.194529
2010-12-09 07:29:00.000000157,6.5871615
2010-12-09 07:29:00.000000109,12.367294
2010-12-09 07:29:00.00000016,6.820672
2010-12-09 07:29:00.00000023,6.2118244
2010-12-09 07:29:00.000000118,6.772356
2010-12-09 07:29:00.00000017,6.3299527
2010-12-09 07:29:00.00000032,10.132515
2010-12-09 07:29:00.000000188,9.323598
2010-12-09 07:29:00.00000040,6.0480404
2010-12-09 07:29:00.00000037,9.121565
2010-12-09 07:29:00.000000128,7.896585
2010-12-09 07:29:00.00000057,6.4545636
2010-12-09 07:29:00.000000125,8.97272
2010-12-09 07:29:00.000000159,7.2937727
2010-12-09 07:29:00.00000018,5.7889123
2010-12-09 07:29:00.000000107,6.019257
2010-12-09 07:29:00.00000051,17.224295
2010-12-09 07:29:00.00000042,7.9546523
2010-12-09 07:29:00.00000059,6.8500576
2010-12-09 07:29:00.00000075,5.320913
2010-12-09 07:29:00.00000035,7.932007
2010-12-09 07:29:00.00000029,6.5434947
2010-12-09 07:29:00.00000045,7.942098
2010-12-09 07:29:00.00000055,5.537687
2010-12-09 07:29:00.000000140,8.617148
2010-12-09 07:29:00.00000060,9.056873
2010-12-09 07:29:00.000000185,12.154404
2010-12-09 07:29:00.000000120,5.2109394
2010-12-09 07:29:00.000000104,6.380438
2010-12-09 07:29:00.000000191,5.1793017
2010-12-09 07:29:00.000000106,5.2281923
2010-12-09 07:29:00.00000039,5.7229533
2010-12-09 07:29:00.000000132,4.18561
2010-12-09 07:29:00.00000019,7.0853124
2010-12-09 07:29:00.000000166,4.387206
2010-12-09 07:29:00.000000111,7.1033163
2010-12-09 07:29:00.00000013,5.604545
2010-12-09 07:29:00.000000138,5.938764
2010-12-09 07:29:00.00000085,30.761885
2010-12-09 07:29:00.000000169,6.0056357
2010-12-09 07:29:00.000000153,11.820574
2010-12-09 07:29:00.00000033,48.06189
2010-12-09 07:29:00.000000173,9.057405
2010-12-09 07:29:00.00000077,5.4740467
2010-12-09 07:29:00.000000190,4.289408
2010-12-09 07:29:00.000000137,5.2164097
2010-12-09 07:29:00.0000009,7.7114587
2010-12-09 07:29:00.000000155,8.445027
2010-12-09 07:29:00.0000004,17.51019
2010-12-09 07:29:00.000000119,5.7944818
2010-12-09 07:29:00.000000100,7.268824
2010-12-09 07:29:00.00000024,5.4591284
2010-12-09 07:29:00.00000096,12.652967
2010-12-09 07:29:00.000000170,8.109185
2010-12-09 07:29:00.000000131,6.566141
2010-12-09 07:29:00.00000022,12.037882
2010-12-09 07:29:00.00000053,6.8450713
2010-12-09 07:29:00.000000165,62.999043
2010-12-09 07:29:00.000000114,8.506174
2010-12-09 07:29:00.00000074,8.758357
2010-12-09 07:29:00.00000070,7.2066407
2010-12-09 07:29:00.000000167,4.373376
2010-12-09 07:29:00.000000110,6.037198
2010-12-09 07:29:00.00000020,11.832643
2010-12-09 07:29:00.000000147,7.3639255
2010-12-09 07:29:00.000000178,27.75355
2010-12-09 07:29:00.000000146,6.867296
2010-12-09 07:29:00.000000103,7.5295353
2010-12-09 07:29:00.000000149,10.291
2010-12-09 07:29:00.000000182,9.952294
2010-12-09 07:29:00.000000124,7.73066
2010-12-09 07:29:00.000000154,10.927614
2010-12-09 07:29:00.000000117,8.047208
2010-12-09 07:29:00.00000034,9.649409
2010-12-09 07:29:00.00000084,10.168604
2010-12-09 07:29:00.00000064,6.568848
2010-12-09 07:29:00.000000126,15.403749
2010-12-09 07:29:00.00000082,7.5967364
2010-12-09 07:29:00.00000092,10.834533
2010-12-09 07:29:00.00000087,5.2955847
2010-12-09 07:29:00.00000095,20.575819
2010-12-09 07:29:00.000000101,8.908559
2010-12-09 07:29:00.000000122,6.4526644
2010-12-09 07:29:00.000000160,6.8311725
2010-12-09 07:29:00.000000175,8.323135
2010-12-09 07:29:00.00000043,7.881121
2010-12-09 07:29:00.00000061,11.63946
2010-12-09 07:29:00.000000179,4.9197426
2010-12-09 07:29:00.00000049,7.8303266
2010-12-09 07:29:00.000000172,44.328434
2010-12-09 07:29:00.000000192,7.3916335
2010-12-09 07:29:00.000000194,5.9260535
2010-12-09 07:29:00.00000052,9.68288
2010-12-09 07:29:00.00000058,5.5840335
2010-12-09 07:29:00.00000010,6.8804607
2010-12-09 07:29:00.000000108,5.805671
2010-12-09 07:29:00.000000129,8.863604
2010-12-09 07:29:00.000000163,7.6552434
2010-12-09 07:29:00.000000161,8.871661
2010-12-09 07:29:00.000000187,6.123758
2010-12-09 07:29:00.000000158,6.722357
2010-12-09 07:29:00.000000121,9.941987
2010-12-09 07:29:00.000000176,5.370002
2011-09-25 13:01:20.0000005,8.105549
2011-09-25 13:01:20.0000001,7.5171394
2011-09-25 13:01:20.0000004,8.902552
2011-09-25 13:01:20.0000006,13.405184
2011-09-25 13:01:20.0000003,5.2755055
2012-09-08 04:35:16.0000001,23.051271
2012-05-08 03:50:00.00000011,21.465433
2012-05-08 03:50:00.0000002,5.052477
2012-05-08 03:50:00.0000008,18.41568
2012-05-08 03:50:00.0000007,7.844048
2012-05-08 03:50:00.00000015,15.710305
2012-05-08 03:50:00.00000016,7.3272986
2012-05-08 03:50:00.0000003,6.150274
2012-05-08 03:50:00.00000014,4.7677546
2012-05-08 03:50:00.0000004,14.942826
2010-10-06 21:23:24.0000003,5.784157
2010-10-06 21:23:24.0000001,7.016348
2010-10-06 21:23:24.0000005,10.921473
2010-10-06 21:23:24.0000002,5.093294
2010-10-06 21:23:24.0000004,6.250741
2014-05-17 02:47:12.0000002,12.997825
2009-07-31 07:30:56.0000002,4.215419
2009-07-31 07:30:56.0000001,6.510085
2012-03-06 07:33:04.0000002,8.810037
2009-01-29 22:15:48.0000001,10.633917
2013-03-17 12:44:04.0000001,6.542635
2014-06-18 09:23:32.0000001,18.633018
2011-09-21 13:15:36.0000004,7.654973
2011-09-21 13:15:36.0000003,7.6401725
2011-09-21 13:15:36.0000001,8.221418
2011-09-21 13:15:36.0000002,49.608715
2015-03-12 19:43:24.0000001,20.5923
2015-03-12 19:43:24.0000002,40.442493
2015-03-12 19:43:24.0000007,8.891044
2015-03-12 19:43:24.0000004,15.121418
2014-01-18 17:43:28.0000005,7.803366
2014-01-18 17:43:28.0000003,6.0859823
2014-01-18 17:43:28.0000002,15.705236
2014-01-18 17:43:28.0000004,13.31127
2011-04-05 01:15:44.0000001,9.641316
2011-04-05 01:15:44.0000002,10.645908
2011-09-04 01:36:36.0000002,15.362642
2010-08-09 08:53:56.0000004,9.702937
2010-08-09 08:53:56.0000006,8.19537
2010-08-09 08:53:56.0000002,11.493888
2010-08-09 08:53:56.0000003,16.270906
2010-08-09 08:53:56.0000005,9.22908
2010-03-27 07:05:08.0000001,4.590711
2011-11-16 12:52:52.0000002,7.37428
2011-11-16 12:52:52.0000003,5.7838964
2011-11-16 12:52:52.0000001,48.409576
2009-10-29 10:48:40.0000002,8.797967
2009-10-29 10:48:40.0000001,11.006532
2015-02-01 00:48:44.0000009,18.604956
2015-02-01 00:48:44.0000004,10.669672
2015-02-01 00:48:44.0000008,8.819115
2015-02-01 00:48:44.0000006,8.726857
2015-02-01 00:48:44.0000007,13.485231
2014-04-03 02:31:08.0000001,7.294749
2010-07-04 03:28:44.0000001,16.891563
2009-03-31 23:01:36.0000002,7.7951236
2009-03-31 23:01:36.0000001,23.408491
2009-03-31 23:01:36.0000003,12.680804
2012-02-02 00:49:56.0000002,5.836647
2012-02-02 00:49:56.0000001,18.415789
2012-02-02 00:49:56.0000003,17.119745
2012-02-02 00:49:56.0000004,12.878289
2014-01-26 15:28:52.0000003,7.552159
2012-02-14 15:32:40.0000002,5.171416
2012-02-14 15:32:40.0000004,6.171269
2012-02-14 15:32:40.0000001,8.632678
2012-02-14 15:32:40.0000003,8.039756
2011-12-06 11:07:40.0000001,16.968561
2011-12-06 11:07:40.0000005,6.4620986
2011-07-12 19:41:48.0000002,14.282242
2011-07-12 19:41:48.0000003,10.510428
2011-07-12 19:41:48.0000004,7.4305177
2010-09-16 14:27:16.0000001,8.464649
2010-09-16 14:27:16.0000003,11.070251
2010-09-16 14:27:16.0000004,10.73863
2010-09-16 14:27:16.0000005,11.610408
2014-06-11 01:13:40.0000001,11.873009
2013-05-18 15:28:40.0000003,9.488523
2013-05-18 15:28:40.0000002,9.2428055
2015-02-14 20:20:56.0000001,9.354972
2015-02-14 20:20:56.0000002,8.256535
2015-02-14 20:20:56.0000004,5.500989
2009-01-22 12:27:20.0000003,6.469988
2011-04-23 21:22:20.0000001,4.5374193
2013-09-01 17:57:04.0000002,4.966873
2013-09-01 17:57:04.0000003,7.427874
2013-04-22 13:19:16.0000001,20.101198
2013-04-22 13:19:16.0000002,11.1139145
2013-04-22 13:19:16.0000003,6.575716
2015-02-21 18:39:16.0000002,5.5052314
2009-04-23 00:05:40.0000001,27.811687
2009-04-23 00:05:40.0000003,7.5604544
2012-05-28 05:48:40.0000001,30.035624
2010-01-03 20:04:52.0000001,17.374514
2013-03-09 21:40:52.0000003,12.954226
2013-03-09 21:40:52.0000002,8.146652
2011-04-21 08:22:32.0000001,4.3361855
2011-02-20 09:22:16.0000002,29.086626
2011-02-20 09:22:16.0000001,8.149098
2010-07-22 09:37:12.0000003,8.141789
2010-07-22 09:37:12.0000004,6.770532
2010-07-22 09:37:12.0000001,10.065193
2011-01-24 20:47:04.0000002,9.319432
2013-07-22 15:05:16.0000004,11.445922
2013-07-22 15:05:16.0000001,4.393655
2013-07-22 15:05:16.0000002,23.081388
2013-07-22 15:05:16.0000003,5.7018256
2013-01-23 16:22:04.0000003,12.676386
2013-01-23 16:22:04.0000002,8.991559
2013-01-23 16:22:04.0000001,9.1430855
2013-01-06 12:46:36.0000001,5.275525
2013-01-06 12:46:36.0000002,6.20041
2012-02-13 04:52:32.0000001,47.86489
2013-02-07 08:34:24.0000001,9.5799265
2013-02-07 08:34:24.0000003,10.907396
2013-02-07 08:34:24.0000004,8.191572
2013-02-07 08:34:24.0000002,14.0004015
2015-02-21 17:23:28.0000005,15.285028
2015-02-21 17:23:28.0000003,8.019906
2015-02-21 17:23:28.0000002,9.598823
2015-02-21 17:23:28.0000001,9.273658
2015-02-21 17:23:28.0000006,4.4744325
2013-06-19 13:36:52.0000004,8.775566
2013-06-19 13:36:52.0000001,8.986763
2013-06-19 13:36:52.0000002,9.978904
2013-06-19 13:36:52.0000005,41.201946
2013-06-19 13:36:52.0000003,21.74559
2015-06-26 16:04:04.0000002,5.4799485
2015-06-26 16:04:04.0000001,4.875495
2010-06-05 07:08:36.0000001,6.3230104
2011-10-28 13:48:16.0000002,9.792077
2011-10-28 13:48:16.0000001,7.2576337
2011-10-28 13:48:16.0000003,6.017071
2012-09-29 02:53:20.0000001,10.964183
2011-08-06 12:59:12.0000001,14.227572
2012-11-19 22:15:32.0000002,27.68005
2013-11-29 20:09:12.0000002,9.621389
2012-05-31 17:54:48.0000003,11.311688
2012-05-31 17:54:48.0000002,11.117133
2012-05-31 17:54:48.0000001,4.9270444
2012-05-31 17:54:48.0000004,7.387291
2012-04-20 08:03:52.0000001,11.697792
2012-04-20 08:03:52.0000002,8.768709
2012-04-20 08:03:52.0000003,8.455671
2009-01-26 18:26:48.0000001,7.522434
2009-01-26 18:26:48.0000003,5.766947
2009-01-26 18:26:48.0000004,10.854827
2009-01-26 18:26:48.0000002,8.201473
2011-10-20 00:50:48.0000003,14.169653
2011-10-20 00:50:48.0000002,5.063928
2011-10-20 00:50:48.0000001,5.1115046
2011-06-03 11:45:16.0000002,10.726734
2011-06-03 11:45:16.0000004,9.125393
2011-06-03 11:45:16.0000005,5.5627437
2011-06-03 11:45:16.0000001,4.0475235
2011-06-03 11:45:16.0000003,5.550546
2011-10-25 20:34:20.0000001,7.677389
2012-07-05 18:30:36.0000005,11.069052
2012-07-05 18:30:36.0000006,7.606108
2012-07-05 18:30:36.0000003,4.6593165
2012-07-05 18:30:36.0000001,10.172981
2012-07-05 18:30:36.0000007,8.022893
2012-07-05 18:30:36.0000002,6.430862
2015-04-07 14:31:12.0000002,9.097037
2015-04-07 14:31:12.0000003,6.2189894
2013-08-28 00:27:36.0000002,11.003728
2013-08-28 00:27:36.0000001,7.156714
2012-11-20 21:54:00.00000037,7.147072
2012-11-20 21:54:00.00000081,12.27215
2012-11-20 21:54:00.000000210,8.541353
2012-11-20 21:54:00.00000050,5.383909
2012-11-20 21:54:00.000000175,52.892467
2012-11-20 21:54:00.000000208,6.283485
2012-11-20 21:54:00.000000198,6.141793
2012-11-20 21:54:00.000000185,7.980586
2012-11-20 21:54:00.00000028,10.889853
2012-11-20 21:54:00.000000134,7.483996
2012-11-20 21:54:00.00000091,5.351473
2012-11-20 21:54:00.00000033,4.6124315
2012-11-20 21:54:00.00000082,7.118645
2012-11-20 21:54:00.000000142,26.90592
2012-11-20 21:54:00.000000180,28.860111
2012-11-20 21:54:00.00000093,16.42732
2012-11-20 21:54:00.000000159,5.2855315
2012-11-20 21:54:00.000000165,7.513632
2012-11-20 21:54:00.000000235,7.006479
2012-11-20 21:54:00.00000089,5.3884983
2012-11-20 21:54:00.000000168,18.100075
2012-11-20 21:54:00.000000224,6.141005
2012-11-20 21:54:00.000000158,6.6730366
2012-11-20 21:54:00.000000212,54.472202
2012-11-20 21:54:00.000000147,33.84036
2012-11-20 21:54:00.000000140,13.466751
2012-11-20 21:54:00.00000018,17.310678
2012-11-20 21:54:00.000000124,5.765358
2012-11-20 21:54:00.000000181,6.663186
2012-11-20 21:54:00.000000187,12.296349
2012-11-20 21:54:00.00000058,19.82751
2012-11-20 21:54:00.000000151,19.996271
2012-11-20 21:54:00.000000126,7.1953225
2012-11-20 21:54:00.00000099,13.058301
2012-11-20 21:54:00.000000120,8.564307
2012-11-20 21:54:00.0000009,5.045911
2012-11-20 21:54:00.000000206,7.544463
2012-11-20 21:54:00.00000079,6.1416473
2012-11-20 21:54:00.000000237,14.352732
2012-11-20 21:54:00.000000143,14.446854
2012-11-20 21:54:00.000000111,6.7728724
2012-11-20 21:54:00.000000106,10.204611
2012-11-20 21:54:00.000000245,5.568355
2012-11-20 21:54:00.00000032,12.103079
2012-11-20 21:54:00.00000075,8.076521
2012-11-20 21:54:00.000000244,27.048338
2012-11-20 21:54:00.00000094,4.5182114
2012-11-20 21:54:00.000000118,30.380476
2012-11-20 21:54:00.000000188,9.176258
2012-11-20 21:54:00.00000051,17.686617
2012-11-20 21:54:00.000000109,11.985121
2012-11-20 21:54:00.0000003,7.4150357
2012-11-20 21:54:00.000000114,27.879045
2012-11-20 21:54:00.00000013,5.584862
2012-11-20 21:54:00.000000192,6.7062664
2012-11-20 21:54:00.000000228,4.715395
2012-11-20 21:54:00.000000236,10.254318
2012-11-20 21:54:00.000000178,13.609655
2012-11-20 21:54:00.00000027,12.319422
2012-11-20 21:54:00.000000176,5.467593
2012-11-20 21:54:00.0000008,7.30419
2012-11-20 21:54:00.00000061,17.905813
2012-11-20 21:54:00.00000011,14.462016
2012-11-20 21:54:00.00000096,7.5790257
2012-11-20 21:54:00.000000231,8.1463585
2012-11-20 21:54:00.000000190,13.473284
2012-11-20 21:54:00.000000166,46.431454
2012-11-20 21:54:00.00000022,5.506878
2012-11-20 21:54:00.000000234,15.159144
2012-11-20 21:54:00.00000035,7.7071033
2012-11-20 21:54:00.00000041,15.235709
2012-11-20 21:54:00.000000113,9.030652
2012-11-20 21:54:00.00000045,12.452717
2012-11-20 21:54:00.000000157,13.427053
2012-11-20 21:54:00.000000163,17.391273
2012-11-20 21:54:00.000000193,13.628787
2012-11-20 21:54:00.00000063,6.742762
2012-11-20 21:54:00.000000183,6.379286
2012-11-20 21:54:00.000000182,16.536903
2012-11-20 21:54:00.000000117,9.791389
2012-11-20 21:54:00.000000156,16.815132
2012-11-20 21:54:00.000000220,8.186883
2012-11-20 21:54:00.000000227,7.5354676
2012-11-20 21:54:00.000000194,13.516743
2012-11-20 21:54:00.000000201,8.471232
2012-11-20 21:54:00.000000115,44.097664
2012-11-20 21:54:00.000000217,10.1936
2012-11-20 21:54:00.00000017,13.385237
2012-11-20 21:54:00.000000139,5.68023
2012-11-20 21:54:00.00000038,11.297304
2012-11-20 21:54:00.000000107,5.646517
2012-11-20 21:54:00.000000218,16.926767
2012-11-20 21:54:00.000000214,20.92049
2012-11-20 21:54:00.000000213,12.233987
2012-11-20 21:54:00.000000215,30.755875
2012-11-20 21:54:00.000000112,9.136274
2012-11-20 21:54:00.00000067,17.87379
2012-11-20 21:54:00.00000044,14.3174925
2012-11-20 21:54:00.00000029,8.65149
2012-11-20 21:54:00.000000119,14.312138
2012-11-20 21:54:00.000000203,6.8477845
2012-11-20 21:54:00.000000239,6.148892
2012-11-20 21:54:00.000000125,15.164988
2012-11-20 21:54:00.00000064,8.831219
2012-11-20 21:54:00.000000153,7.568744
2012-11-20 21:54:00.00000054,8.083344
2012-11-20 21:54:00.000000177,12.007018
2012-11-20 21:54:00.000000243,12.019529
2012-11-20 21:54:00.000000128,5.3870792
2012-11-20 21:54:00.00000095,8.377097
2012-11-20 21:54:00.00000088,10.484429
2012-11-20 21:54:00.000000200,6.445553
2012-11-20 21:54:00.00000053,5.218539
2012-11-20 21:54:00.000000199,5.7994776
2012-11-20 21:54:00.000000191,13.5027485
2012-11-20 21:54:00.00000057,7.7089276
2012-11-20 21:54:00.000000145,9.8936
2012-11-20 21:54:00.00000072,9.895817
2012-11-20 21:54:00.0000001,6.7966194
2012-11-20 21:54:00.000000241,6.5758114
2012-11-20 21:54:00.000000230,9.763366
2012-11-20 21:54:00.000000146,28.45062
2012-11-20 21:54:00.000000155,9.127432
2012-11-20 21:54:00.00000046,8.720405
2012-11-20 21:54:00.000000242,26.45671
2012-11-20 21:54:00.00000060,9.296275
2012-11-20 21:54:00.000000116,8.385399
2012-11-20 21:54:00.00000059,11.61759
2012-11-20 21:54:00.000000232,6.4457664
2012-11-20 21:54:00.000000162,9.196771
2012-11-20 21:54:00.00000070,9.5973
2012-11-20 21:54:00.00000052,29.630445
2012-11-20 21:54:00.000000129,27.18541
2012-11-20 21:54:00.000000136,14.547415
2012-11-20 21:54:00.000000226,10.737356
2012-11-20 21:54:00.000000240,14.511456
2012-11-20 21:54:00.000000141,8.483725
2012-11-20 21:54:00.000000204,14.906185
2012-11-20 21:54:00.000000137,5.3077064
2011-02-22 14:18:40.0000001,9.335907
2014-06-23 00:16:00.00000066,30.823387
2014-06-23 00:16:00.00000039,8.02867
2014-06-23 00:16:00.00000076,8.290461
2014-06-23 00:16:00.00000030,36.981205
2014-06-23 00:16:00.00000070,14.589042
2014-06-23 00:16:00.00000065,8.773142
2014-06-23 00:16:00.00000056,24.095802
2014-06-23 00:16:00.00000038,6.4591193
2014-06-23 00:16:00.00000071,23.001165
2014-06-23 00:16:00.00000013,9.758978
2014-06-23 00:16:00.00000073,9.638081
2014-06-23 00:16:00.0000001,15.602856
2014-06-23 00:16:00.00000026,12.795935
2014-06-23 00:16:00.00000090,10.277599
2014-06-23 00:16:00.00000092,22.927185
2014-06-23 00:16:00.00000044,9.667955
2014-06-23 00:16:00.00000064,10.105751
2014-06-23 00:16:00.00000068,29.152422
2014-06-23 00:16:00.00000033,9.151714
2014-06-23 00:16:00.00000089,37.857758
2014-06-23 00:16:00.0000004,7.2631173
2014-06-23 00:16:00.00000062,16.451729
2014-06-23 00:16:00.00000019,8.713433
2014-06-23 00:16:00.00000041,10.327766
2014-06-23 00:16:00.00000024,16.355547
2014-06-23 00:16:00.00000074,19.714998
2014-06-23 00:16:00.00000018,14.988524
2014-06-23 00:16:00.00000043,4.723365
2014-06-23 00:16:00.00000022,6.613457
2014-06-23 00:16:00.00000088,10.518962
2014-06-23 00:16:00.00000057,4.712387
2014-06-23 00:16:00.00000087,7.71421
2014-06-23 00:16:00.00000016,23.731222
2014-06-23 00:16:00.00000078,9.123162
2014-06-23 00:16:00.00000040,9.307635
2014-06-23 00:16:00.00000077,7.270689
2014-06-23 00:16:00.00000015,12.8792
2014-06-23 00:16:00.00000047,6.8274126
2014-06-23 00:16:00.0000005,4.583366
2014-06-23 00:16:00.00000034,55.366096
2014-06-23 00:16:00.00000028,8.454379
2014-06-23 00:16:00.00000081,19.212624
2014-06-23 00:16:00.00000067,11.740546
2014-06-23 00:16:00.00000085,6.5801554
2014-06-23 00:16:00.00000082,8.276036
2014-06-23 00:16:00.00000063,21.72039
2014-06-23 00:16:00.00000079,7.103606
2014-06-23 00:16:00.00000061,7.282672
2014-06-23 00:16:00.00000037,16.975481
2014-06-23 00:16:00.00000036,5.5168242
2014-06-23 00:16:00.00000049,17.251995
2014-06-23 00:16:00.00000025,44.923977
2014-06-23 00:16:00.0000009,8.220906
2014-06-23 00:16:00.00000069,15.249408
2011-11-24 02:36:48.0000003,10.687898
2011-11-24 02:36:48.0000002,5.06447
2011-11-24 02:36:48.0000001,12.450842
2013-06-05 01:34:56.0000001,11.631291
2013-03-18 12:51:12.0000001,11.306878
2013-03-18 12:51:12.0000003,4.4562817
2013-03-18 12:51:12.0000002,16.079433
2014-12-14 09:04:36.0000001,8.223248
2014-12-14 09:04:36.0000003,6.868614
2014-12-14 09:04:36.0000002,7.134894
2012-05-31 13:14:12.0000004,8.755885
2012-05-31 13:14:12.0000001,14.86022
2012-05-31 13:14:12.0000002,9.116723
2012-05-31 13:14:12.0000003,5.460993
2011-01-16 18:57:12.0000001,6.353747
2011-01-16 18:57:12.0000002,4.3809276
2009-04-25 10:52:56.0000004,9.46787
2009-04-25 10:52:56.0000002,11.983774
2009-04-25 10:52:56.0000005,7.852474
2009-04-20 11:11:40.0000001,5.677835
2012-07-20 06:53:32.0000001,3.4247181
2009-10-22 21:57:36.0000005,13.188089
2009-10-22 21:57:36.0000002,16.305008
2009-10-22 21:57:36.0000004,6.1618285
2009-10-22 21:57:36.0000003,4.8961873
2009-03-16 10:30:12.0000001,12.7276535
2009-07-14 12:12:36.0000004,7.0252533
2009-07-14 12:12:36.0000001,8.730179
2009-07-14 12:12:36.0000003,10.264954
2009-07-14 12:12:36.0000007,10.746106
2009-07-14 12:12:36.0000002,13.633767
2009-07-14 12:12:36.0000005,9.556579
2009-07-14 12:12:36.0000008,8.962751
2009-07-14 12:12:36.0000006,6.6625237
2014-11-12 09:06:32.0000004,7.263137
2014-11-12 09:06:32.0000001,6.8346696
2014-11-12 09:06:32.0000003,6.3768663
2014-11-12 09:06:32.0000005,22.597364
2014-11-12 09:06:32.0000002,8.103582
2011-04-10 11:57:12.0000002,8.862144
2011-04-10 11:57:12.0000003,8.50185
2011-04-10 11:57:12.0000004,5.2193193
2011-04-10 11:57:12.0000001,7.066211
2011-09-20 11:58:52.0000003,5.307314
2011-09-20 11:58:52.0000001,12.559393
2011-09-20 11:58:52.0000002,14.625747
2010-09-24 17:16:16.0000001,8.669337
2010-02-12 13:51:28.0000004,6.7423415
2010-02-12 13:51:28.0000005,9.010481
2010-02-12 13:51:28.0000001,6.76905
2010-02-12 13:51:28.0000003,6.8529744
2010-02-12 13:51:28.0000002,11.620354
2011-01-03 21:51:28.0000002,7.1252527
2011-01-03 21:51:28.0000001,3.7206385
2011-07-26 13:10:56.0000003,4.555884
2011-07-26 13:10:56.0000002,8.409109
2011-07-26 13:10:56.0000001,7.4736605
2011-08-18 13:00:16.0000003,10.37704
2011-08-18 13:00:16.0000002,7.142117
2013-06-20 19:49:52.0000004,7.6839952
2013-06-20 19:49:52.0000001,7.2960095
2013-06-20 19:49:52.0000005,4.89584
2013-06-20 19:49:52.0000002,26.171658
2013-06-20 19:49:52.0000003,10.705678
2013-09-25 22:00:00.00000079,11.830857
2013-09-25 22:00:00.00000025,11.272857
2013-09-25 22:00:00.000000225,8.658311
2013-09-25 22:00:00.000000204,12.724164
2013-09-25 22:00:00.00000053,28.346268
2013-09-25 22:00:00.000000111,13.590313
2013-09-25 22:00:00.00000014,7.4495897
2013-09-25 22:00:00.000000172,55.919346
2013-09-25 22:00:00.000000154,4.862538
2013-09-25 22:00:00.000000133,4.276641
2013-09-25 22:00:00.000000160,9.346049
2013-09-25 22:00:00.000000119,6.033656
2013-09-25 22:00:00.000000223,5.1600914
2013-09-25 22:00:00.0000008,8.089453
2013-09-25 22:00:00.000000103,9.220531
2013-09-25 22:00:00.000000178,7.0093455
2013-09-25 22:00:00.00000023,6.094071
2013-09-25 22:00:00.00000022,6.3356876
2013-09-25 22:00:00.00000076,6.0974293
2013-09-25 22:00:00.00000020,7.7249
2013-09-25 22:00:00.000000142,13.426537
2013-09-25 22:00:00.00000059,7.6669106
2013-09-25 22:00:00.000000110,6.243245
2013-09-25 22:00:00.000000205,10.548816
2013-09-25 22:00:00.000000182,10.173899
2013-09-25 22:00:00.00000081,9.0176935
2013-09-25 22:00:00.000000230,23.712915
2013-09-25 22:00:00.000000164,12.173905
2013-09-25 22:00:00.00000090,11.225011
2013-09-25 22:00:00.000000106,9.094502
2013-09-25 22:00:00.00000078,7.743984
2013-09-25 22:00:00.0000001,47.80263
2013-09-25 22:00:00.000000126,11.726359
2013-09-25 22:00:00.000000156,7.5342555
2013-09-25 22:00:00.000000137,11.313767
2013-09-25 22:00:00.00000039,8.305389
2013-09-25 22:00:00.00000017,19.276455
2013-09-25 22:00:00.00000054,11.096733
2013-09-25 22:00:00.000000135,17.854944
2013-09-25 22:00:00.000000112,21.38502
2013-09-25 22:00:00.000000148,7.2351136
2013-09-25 22:00:00.000000143,34.34865
2013-09-25 22:00:00.00000043,6.232191
2013-09-25 22:00:00.000000203,5.9511123
2013-09-25 22:00:00.00000040,8.514221
2013-09-25 22:00:00.00000035,10.145831
2013-09-25 22:00:00.000000117,16.979832
2013-09-25 22:00:00.000000244,7.3338485
2013-09-25 22:00:00.0000002,18.536568
2013-09-25 22:00:00.000000246,59.169838
2013-09-25 22:00:00.00000091,19.745264
2013-09-25 22:00:00.000000235,7.230317
2013-09-25 22:00:00.000000237,31.814718
2013-09-25 22:00:00.000000185,7.149438
2013-09-25 22:00:00.000000233,8.578184
2013-09-25 22:00:00.00000075,8.060856
2013-09-25 22:00:00.00000026,12.364063
2013-09-25 22:00:00.00000061,9.146995
2013-09-25 22:00:00.000000179,14.406053
2013-09-25 22:00:00.000000120,8.868043
2013-09-25 22:00:00.000000165,21.530006
2013-09-25 22:00:00.000000224,14.386228
2013-09-25 22:00:00.000000192,22.790476
2013-09-25 22:00:00.00000084,12.887663
2013-09-25 22:00:00.000000169,5.944022
2013-09-25 22:00:00.000000175,27.46178
2013-09-25 22:00:00.000000132,6.7425585
2013-09-25 22:00:00.00000048,17.702267
2013-09-25 22:00:00.000000229,8.10893
2013-09-25 22:00:00.00000036,18.398804
2013-09-25 22:00:00.000000177,8.758365
2013-09-25 22:00:00.000000217,7.833983
2013-09-25 22:00:00.000000183,11.994984
2013-09-25 22:00:00.000000107,14.430943
2013-09-25 22:00:00.00000058,12.68421
2013-09-25 22:00:00.00000073,7.1213527
2013-09-25 22:00:00.000000245,6.943419
2013-09-25 22:00:00.000000157,15.646955
2013-09-25 22:00:00.000000227,26.84288
2013-09-25 22:00:00.00000064,15.015274
2013-09-25 22:00:00.00000024,52.72889
2013-09-25 22:00:00.000000221,8.26513
2013-09-25 22:00:00.000000139,32.086433
2013-09-25 22:00:00.00000028,7.065585
2013-09-25 22:00:00.00000057,7.062841
2013-09-25 22:00:00.000000222,10.572704
2013-09-25 22:00:00.000000215,21.747591
2013-09-25 22:00:00.00000094,18.04342
2013-09-25 22:00:00.000000214,9.913274
2013-09-25 22:00:00.000000101,6.7430067
2013-09-25 22:00:00.00000055,7.728125
2013-09-25 22:00:00.00000049,22.11525
2013-09-25 22:00:00.000000216,16.744135
2013-09-25 22:00:00.000000123,9.227784
2013-09-25 22:00:00.000000136,6.647044
2013-09-25 22:00:00.000000211,17.14949
2013-09-25 22:00:00.000000145,6.317494
2013-09-25 22:00:00.000000250,39.066074
2013-09-25 22:00:00.000000188,10.250859
2013-09-25 22:00:00.000000202,5.9669776
2013-09-25 22:00:00.000000242,11.58267
2013-09-25 22:00:00.000000140,9.1335
2013-09-25 22:00:00.000000171,9.445567
2013-09-25 22:00:00.00000099,5.4661
2013-09-25 22:00:00.000000187,8.992839
2013-09-25 22:00:00.000000161,9.853536
2013-09-25 22:00:00.000000189,9.072239
2013-09-25 22:00:00.0000003,10.251212
2013-09-25 22:00:00.000000249,7.159658
2013-09-25 22:00:00.000000195,6.178464
2013-09-25 22:00:00.00000072,11.255054
2013-09-25 22:00:00.00000012,10.596479
2013-09-25 22:00:00.000000149,9.07018
2013-09-25 22:00:00.000000197,10.95561
2013-09-25 22:00:00.00000038,56.66729
2013-09-25 22:00:00.0000009,19.700136
2013-09-25 22:00:00.00000089,16.331589
2013-09-25 22:00:00.000000199,28.713287
2013-09-25 22:00:00.000000219,6.029826
2013-09-25 22:00:00.000000159,11.702654
2013-09-25 22:00:00.000000173,10.896978
2013-09-25 22:00:00.000000209,18.479816
2013-09-25 22:00:00.000000196,8.570031
2013-09-25 22:00:00.00000093,6.4703183
2013-09-25 22:00:00.000000155,19.667767
2013-09-25 22:00:00.000000121,8.983316
2013-09-25 22:00:00.000000134,12.741873
2013-09-25 22:00:00.000000228,7.8188233
2013-09-25 22:00:00.00000092,12.787393
2013-09-25 22:00:00.00000030,5.545144
2013-09-25 22:00:00.00000062,12.01389
2013-09-25 22:00:00.0000005,9.18301
2013-09-25 22:00:00.00000097,35.32508
2013-09-25 22:00:00.00000019,16.911417
2013-09-25 22:00:00.000000180,8.137385
2013-09-25 22:00:00.000000200,16.033161
2013-09-25 22:00:00.000000186,10.569662
2013-09-25 22:00:00.000000176,6.802836
2013-09-25 22:00:00.00000082,8.130951
2013-09-25 22:00:00.00000098,8.4698
2013-09-25 22:00:00.00000085,9.589214
2013-09-25 22:00:00.0000004,5.9555593
2013-09-25 22:00:00.00000032,20.112253
2013-09-25 22:00:00.00000070,8.529988
2013-09-25 22:00:00.00000074,11.629458
2013-09-25 22:00:00.000000118,10.701896
2013-09-25 22:00:00.0000007,7.742033
2013-09-25 22:00:00.00000050,12.333246
2013-09-25 22:00:00.00000044,5.5152774
2013-09-25 22:00:00.00000095,6.655575
2009-01-15 02:42:48.0000001,4.8758883
2011-07-06 18:07:44.0000001,9.531759
2011-07-06 18:07:44.0000003,5.4949565
2011-07-06 18:07:44.0000005,6.2797623
2011-09-08 01:28:24.0000001,30.602728
2014-07-11 12:36:08.0000002,6.581858
2010-11-04 05:01:44.0000001,3.7292368
2009-10-04 10:04:12.0000001,6.4948125
2009-10-04 10:04:12.0000003,4.667517
2009-10-04 10:04:12.0000002,4.31169
2009-10-04 10:04:12.0000004,3.5390136
2013-02-28 12:52:44.0000001,8.173171
2013-02-28 12:52:44.0000003,8.924677
2013-02-28 12:52:44.0000004,9.313025
2013-02-28 12:52:44.0000002,4.697666
2013-08-03 07:11:53.0000001,34.814907
2015-01-26 23:13:33.0000001,11.165628
2012-10-31 11:09:53.0000001,11.594992
2012-10-31 11:09:53.0000002,19.36676
2011-12-23 23:30:09.0000001,13.996199
2015-01-29 11:01:21.0000001,5.8067784
2015-01-29 11:01:21.0000002,8.905792
2014-01-31 11:11:05.0000001,20.650133
2014-01-31 11:11:05.0000003,10.155442
2014-01-31 11:11:05.0000004,9.975086
2014-01-31 11:11:05.0000006,8.229828
2014-01-31 11:11:05.0000005,7.575476
2015-02-20 11:08:29.0000006,5.5794606
2015-02-20 11:08:29.0000002,16.785362
2015-02-20 11:08:29.0000004,10.768684
2015-02-20 11:08:29.0000003,9.710594
2015-02-20 11:08:29.0000005,5.8563986
2014-08-31 04:03:29.0000001,7.3773313
2014-08-01 18:38:09.0000001,8.628555
2014-08-01 18:38:09.0000002,7.9411173
2009-05-16 14:53:41.0000007,6.1471915
2009-05-16 14:53:41.0000006,6.257699
2009-12-17 06:28:05.0000001,7.7588205
2009-12-17 06:28:05.0000002,3.5063977
2009-12-17 06:28:05.0000003,7.3168306
2010-02-23 17:25:09.0000001,5.91675
2010-02-23 17:25:09.0000002,4.7137647
2012-07-30 16:54:49.0000003,6.8674593
2012-07-30 16:54:49.0000001,10.686651
2012-07-30 16:54:49.0000005,7.0771694
2012-07-30 16:54:49.0000004,6.17668
2012-07-30 16:54:49.0000002,10.238556
2013-08-26 11:47:37.0000003,19.429607
2013-08-26 11:47:37.0000002,6.5936413
2013-08-26 11:47:37.0000004,36.5743
2013-03-06 23:49:53.0000006,6.570532
2013-03-06 23:49:53.0000005,7.2317867
2013-03-06 23:49:53.0000003,7.5440903
2013-03-06 23:49:53.0000002,4.852873
2013-03-06 23:49:53.0000001,14.718482
2013-03-06 23:49:53.0000004,9.746354
2010-10-30 13:31:13.0000005,7.170334
2010-10-30 13:31:13.0000003,5.002965
2010-10-30 13:31:13.0000004,3.8806539
2010-10-30 13:31:13.0000002,6.4425073
2012-03-25 16:56:01.0000001,5.012999
2012-03-25 16:56:01.0000002,7.6565905
2013-10-17 22:21:57.0000002,12.144347
2013-10-17 22:21:57.0000004,12.721427
2013-10-17 22:21:57.0000005,17.756668
2013-10-17 22:21:57.0000001,8.045208
2010-09-15 16:44:25.0000001,13.264954
2010-09-15 16:44:25.0000002,14.858833
2010-09-15 16:44:25.0000003,7.4377975
2014-05-09 00:30:41.0000003,12.326939
2014-05-09 00:30:41.0000001,46.471848
2014-05-09 00:30:41.0000002,16.918526
2010-12-11 17:32:33.0000001,5.815802
2010-06-14 05:10:09.0000001,9.319176
2012-03-05 13:24:37.0000003,8.699275
2012-03-05 13:24:37.0000001,6.3649597
2011-03-03 07:09:09.0000002,8.488159
2011-03-03 07:09:09.0000001,8.617479
2010-07-01 22:11:33.0000001,8.342548
2010-07-01 22:11:33.0000002,7.7338166
2010-07-01 22:11:33.0000004,5.3541484
2012-01-07 21:39:05.0000002,8.578553
2010-08-22 12:30:21.0000002,5.703254
2010-08-22 12:30:21.0000001,4.6203504
2012-05-26 00:31:25.0000002,22.077185
2011-12-16 09:20:01.0000001,12.994873
2012-01-26 20:09:45.0000003,14.870468
2012-01-26 20:09:45.0000004,10.072057
2012-01-26 20:09:45.0000002,6.716379
2012-01-26 20:09:45.0000001,7.5064435
2010-02-03 11:33:29.0000002,5.116167
2010-02-03 11:33:29.0000001,8.453555
2014-10-07 11:52:13.0000005,39.878986
2014-10-07 11:52:13.0000001,6.1191635
2014-10-07 11:52:13.0000004,16.194504
2014-10-07 11:52:13.0000002,7.312987
2014-10-07 11:52:13.0000007,7.931652
2014-10-07 11:52:13.0000003,9.205531
2013-05-06 23:46:25.0000001,9.014381
2015-06-13 19:17:09.0000006,9.035604
2015-06-13 19:17:09.0000004,10.286084
2015-06-13 19:17:09.0000002,18.846457
2015-06-13 19:17:09.0000003,15.107742
2015-06-13 19:17:09.0000001,5.731849
2011-06-29 00:15:21.0000001,5.411777
2011-06-29 00:15:21.0000002,4.7947555
2011-06-29 00:15:21.0000003,10.585922
2009-11-28 13:50:17.0000003,7.855377
2009-11-28 13:50:17.0000001,4.104641
2010-05-02 12:05:45.0000001,7.9933343
2009-10-12 14:18:01.0000001,6.1228323
2015-01-13 12:07:53.0000002,6.739631
2015-01-13 12:07:53.0000007,11.473262
2015-01-13 12:07:53.0000001,15.383588
2015-01-13 12:07:53.0000004,4.43994
2015-01-13 12:07:53.0000006,9.327694
2015-03-04 21:42:57.0000002,7.346129
2015-03-04 21:42:57.0000009,5.1289587
2015-03-04 21:42:57.0000005,7.187904
2015-03-04 21:42:57.0000003,13.019178
2015-03-04 21:42:57.00000010,8.597165
2015-03-04 21:42:57.0000004,19.54269
2015-03-04 21:42:57.0000008,5.727283
2015-03-04 21:42:57.0000001,11.843176
2015-03-04 21:42:57.0000007,5.192927
2012-01-31 09:15:49.0000005,7.611056
2012-01-31 09:15:49.0000002,8.936188
2012-01-31 09:15:49.0000006,11.660471
2012-01-31 09:15:49.0000003,4.774155
2012-01-31 09:15:49.0000004,6.103348
2011-03-22 12:59:49.0000003,13.600984
2011-03-22 12:59:49.0000005,5.1543984
2011-03-22 12:59:49.0000004,6.640038
2014-10-05 17:21:45.0000001,5.6792183
2013-07-05 00:58:17.0000003,7.5184336
2013-07-05 00:58:17.0000002,18.006527
2010-09-28 21:50:05.0000001,5.055943
2010-09-28 21:50:05.0000003,21.270536
2010-09-28 21:50:05.0000002,6.986576
2010-09-28 21:50:05.0000004,11.637975
2010-09-28 21:50:05.0000005,5.227039
2012-05-25 09:21:17.0000001,5.014952
2012-05-25 09:21:17.0000002,6.1520514
2012-05-25 09:21:17.0000003,5.945423
2010-01-30 00:57:21.0000003,7.737575
2010-01-30 00:57:21.0000004,5.6244383
2009-10-16 16:14:41.0000004,5.343494
2009-10-16 16:14:41.0000001,5.6945877
2009-10-16 16:14:41.0000003,5.113537
2012-04-02 08:39:21.0000003,4.789104
2012-04-02 08:39:21.0000001,5.707694
2009-09-04 06:54:49.0000001,5.0252137
2012-08-29 09:53:33.0000002,9.63137
2012-08-29 09:53:33.0000001,9.616774
2011-03-13 05:34:57.0000001,10.651745
2010-10-22 00:49:05.0000001,6.3956585
2010-09-12 22:12:53.0000001,10.749029
2014-09-13 04:51:21.0000001,27.11209
2014-09-13 04:51:21.0000002,14.501821
2010-08-17 07:59:05.0000003,7.9512634
2010-08-17 07:59:05.0000001,4.071481
2010-08-17 07:59:05.0000002,9.405167
2011-03-06 23:14:17.0000001,10.155981
2014-06-19 08:41:17.0000001,6.4778795
2014-06-19 08:41:17.0000002,6.2368207
2014-06-19 08:41:17.0000006,16.721668
2014-06-19 08:41:17.0000004,11.305111
2014-06-19 08:41:17.0000003,7.051229
2014-06-19 08:41:17.0000005,5.8425913
2015-02-26 23:20:13.0000004,6.0146637
2015-02-26 23:20:13.0000002,8.281227
2015-02-26 23:20:13.0000009,19.61889
2015-02-26 23:20:13.0000007,5.4798994
2015-02-26 23:20:13.0000005,10.270024
2015-02-26 23:20:13.0000001,19.539997
2015-02-26 23:20:13.0000006,21.564508
2015-02-26 23:20:13.0000003,4.438173
2013-10-09 15:11:41.0000001,7.731359
2013-10-09 15:11:41.0000003,4.982377
2013-10-09 15:11:41.0000002,24.20507
2011-09-01 09:53:49.0000002,7.09778
2011-09-01 09:53:49.0000003,11.899746
2011-09-01 09:53:49.0000005,5.8170753
2011-09-01 09:53:49.0000001,11.9219675
2011-11-28 14:13:37.0000001,9.454853
2011-11-28 14:13:37.0000003,6.298357
2010-09-28 00:16:53.0000002,15.624949
2010-09-28 00:16:53.0000004,9.765997
2010-09-28 00:16:53.0000001,5.543658
2013-08-30 11:20:21.0000002,15.556339
2013-08-30 11:20:21.0000001,15.836641
2013-09-19 21:24:21.0000002,5.157193
2013-09-19 21:24:21.0000003,5.909393
2012-07-01 22:30:29.0000001,5.0120635
2013-01-19 08:04:21.0000001,8.312073
2011-07-02 00:38:01.0000003,6.308242
2011-07-02 00:38:01.0000002,8.953612
2014-02-08 17:24:57.0000001,15.881787
2010-01-13 01:56:57.0000001,5.406862
2014-01-05 12:00:13.0000005,8.736593
2014-01-05 12:00:13.0000003,11.925634
2014-01-05 12:00:13.0000002,7.2101593
2014-01-05 12:00:13.0000004,7.72153
2014-01-05 12:00:13.0000006,5.1060576
2014-01-05 12:00:13.0000001,28.732914
2011-02-04 09:12:53.0000003,10.311193
2011-02-04 09:12:53.0000001,10.137095
2011-02-04 09:12:53.0000005,6.227349
2011-02-04 09:12:53.0000002,6.313833
2012-03-08 12:33:25.0000005,6.1042805
2012-03-08 12:33:25.0000002,15.895278
2012-03-08 12:33:25.0000001,6.8304753
2012-03-08 12:33:25.0000004,14.312636
2009-07-31 18:15:57.0000002,4.82859
2009-07-10 20:17:05.0000001,4.843785
2009-07-10 20:17:05.0000002,4.9686584
2010-11-05 14:33:37.0000002,18.682707
2010-11-05 14:33:37.0000003,4.895785
2010-11-05 14:33:37.0000001,12.356857
2010-11-05 14:33:37.0000004,25.711409
2010-03-09 08:49:13.0000002,8.0444975
2010-03-09 08:49:13.0000001,6.458483
2010-03-09 08:49:13.0000003,4.948942
2010-08-21 21:56:25.0000001,6.0302553
2011-07-27 09:24:33.0000004,6.254461
2011-07-27 09:24:33.0000002,4.1657686
2011-07-27 09:24:33.0000005,11.843352
2011-07-27 09:24:33.0000001,8.45861
2011-07-27 09:24:33.0000003,5.1748652
2010-10-09 17:11:17.0000002,7.3122215
2014-01-16 23:24:37.0000001,14.17476
2009-09-25 15:13:57.0000005,32.996044
2009-09-25 15:13:57.0000007,5.852962
2009-09-25 15:13:57.0000006,5.814129
2009-09-25 15:13:57.0000004,8.916699
2009-12-13 20:44:37.0000001,8.24861
2009-12-13 20:44:37.0000004,9.353415
2009-12-13 20:44:37.0000002,7.4143424
2009-12-13 20:44:37.0000003,7.2813334
2010-05-26 21:31:05.0000004,8.190025
2010-05-26 21:31:05.0000003,12.245609
2010-05-26 21:31:05.0000005,4.393339
2010-05-26 21:31:05.0000001,8.939975
2010-05-26 21:31:05.0000002,6.143993
2010-05-03 08:36:41.0000003,5.919936
2010-05-03 08:36:41.0000005,5.3060904
2010-05-03 08:36:41.0000001,7.583245
2010-05-03 08:36:41.0000002,8.182713
2009-06-22 08:08:29.0000001,17.233646
2009-06-22 08:08:29.0000002,8.561156
2009-01-20 17:38:05.0000003,6.42373
2009-01-20 17:38:05.0000005,3.6537988
2009-01-20 17:38:05.0000004,7.20141
2009-01-20 17:38:05.0000001,4.8849115
2009-01-20 17:38:05.0000002,34.794865
2013-02-04 16:08:01.0000002,13.385516
2013-02-04 16:08:01.0000001,8.485166
2009-07-22 09:50:25.0000001,5.2663956
2009-07-22 09:50:25.0000002,6.8071666
2009-07-22 09:50:25.0000003,6.3662915
2013-07-17 06:50:17.0000001,16.251022
2011-01-24 20:18:49.0000002,6.247919
2011-01-24 20:18:49.0000004,7.1499214
2011-01-24 20:18:49.0000001,3.8756633
2012-04-25 17:29:21.0000002,17.879972
2012-04-25 17:29:21.0000004,4.947738
2012-04-25 17:29:21.0000001,10.901033
2012-04-25 17:29:21.0000003,13.152282
2010-01-23 14:32:17.0000001,7.954079
2010-01-23 14:32:17.0000002,5.578741
2012-03-07 01:22:57.0000001,7.056374
2012-03-07 01:22:57.0000002,11.190268
2012-06-02 01:16:05.0000002,4.297718
2012-06-02 01:16:05.0000005,38.324287
2011-02-18 20:57:57.0000003,5.8135138
2011-02-18 20:57:57.0000001,11.861548
2011-02-18 20:57:57.0000002,4.685722
2010-11-03 17:52:21.0000001,5.3019495
2011-10-20 13:46:33.0000004,10.94175
2011-10-20 13:46:33.0000001,44.241116
2013-11-29 15:09:45.0000002,7.948868
2013-11-29 15:09:45.0000001,11.93799
2015-06-24 07:28:01.0000001,7.645944
2015-06-24 07:28:01.0000003,79.269646
2015-06-24 07:28:01.0000004,5.7142196
2015-06-24 07:28:01.0000002,15.199134
2015-06-24 07:28:01.0000005,5.3810086
2010-03-27 11:29:05.0000001,5.432621
2010-03-27 11:29:05.0000003,5.663793
2010-03-27 11:29:05.0000002,3.916449
2014-06-09 11:18:25.0000005,5.7130733
2014-06-09 11:18:25.0000003,12.5335455
2014-06-09 11:18:25.0000001,9.012066
2014-06-09 11:18:25.0000004,6.070309
2014-06-09 11:18:25.0000002,8.109955
2012-08-08 09:47:53.0000002,4.957885
2012-08-08 09:47:53.0000003,4.9072285
2012-08-08 09:47:53.0000001,8.509802
2014-10-28 12:23:09.0000003,18.948368
2014-10-28 12:23:09.0000006,8.552643
2014-10-28 12:23:09.0000004,12.070784
2014-10-28 12:23:09.0000005,8.328033
2014-10-28 12:23:09.0000002,6.902894
2013-04-04 02:55:13.0000001,16.419588
2011-07-11 20:43:33.0000003,13.063407
2011-07-11 20:43:33.0000002,5.957609
2013-02-23 14:25:29.0000001,14.206949
2010-01-30 18:58:33.0000007,7.5153985
2010-01-30 18:58:33.0000002,11.797719
2010-01-30 18:58:33.0000003,4.830525
2010-01-30 18:58:33.0000004,13.682301
2010-01-30 18:58:33.0000005,6.2589436
2013-10-07 11:12:33.0000003,9.366626
2013-10-07 11:12:33.0000002,7.3904843
2013-10-07 11:12:33.0000001,8.007835
2012-10-08 12:29:21.0000001,7.8006845
2014-08-22 06:49:41.0000002,7.62019
2014-08-22 06:49:41.0000001,4.764312
2014-04-26 22:02:17.0000001,14.167909
2010-05-13 08:48:41.0000004,29.194715
2010-05-13 08:48:41.0000002,5.627308
2010-05-13 08:48:41.0000001,15.891005
2010-05-13 08:48:41.0000003,9.435659
2014-06-22 14:49:13.0000004,5.435504
2014-06-22 14:49:13.0000003,5.454541
2013-01-22 14:06:33.0000002,5.510708
2013-01-22 14:06:33.0000004,10.252488
2013-01-22 14:06:33.0000001,10.949665
2013-01-22 14:06:33.0000003,52.351868
2010-10-08 11:25:09.0000001,7.9819756
2010-10-08 11:25:09.0000002,5.9022374
2015-03-14 02:23:17.0000001,7.740022
2015-03-14 02:23:17.0000005,26.621452
2015-03-14 02:23:17.0000007,17.40871
2015-03-14 02:23:17.0000003,18.518806
2014-09-20 00:55:21.0000001,11.678904
2014-09-25 20:52:09.0000003,17.258572
2014-09-25 20:52:09.0000007,18.457287
2014-09-25 20:52:09.0000008,7.258743
2014-09-25 20:52:09.0000006,7.977437
2014-09-25 20:52:09.0000001,6.234847
2014-09-25 20:52:09.0000004,13.386067
2013-08-20 09:05:33.0000001,9.338023
2012-01-19 00:39:29.0000001,14.902944
2009-12-23 09:09:21.0000002,15.477019
2009-12-23 09:09:21.0000003,10.674878
2009-12-23 09:09:21.0000001,13.405535
2012-12-15 06:35:45.0000002,16.982357
2012-12-15 06:35:45.0000003,54.155537
2012-12-15 06:35:45.0000004,5.6249022
2013-09-30 07:03:29.0000001,9.91193
2014-06-10 11:21:37.0000001,7.4771395
2014-06-10 11:21:37.0000002,12.232136
2015-05-30 05:00:57.0000001,60.64078
2015-05-30 05:00:57.0000002,17.520134
2014-04-15 08:04:25.0000001,7.801812
2014-04-15 08:04:25.0000002,12.641699
2012-09-04 21:59:45.0000001,6.9142556
2012-06-23 19:15:29.0000001,7.0816035
2014-09-23 18:20:01.0000002,8.897619
2014-09-23 18:20:01.0000001,9.29125
2011-06-30 21:50:17.0000002,9.709467
2011-06-30 21:50:17.0000006,6.114436
2011-06-30 21:50:17.0000005,7.6345377
2011-06-30 21:50:17.0000004,9.281473
2011-06-30 21:50:17.0000001,5.067626
2011-06-30 21:50:17.0000003,6.924532
2013-04-09 08:59:41.0000001,5.8942385
2013-02-14 03:56:45.0000001,6.828053
2009-02-23 21:09:17.0000002,7.627183
2009-02-23 21:09:17.0000003,4.124123
2009-02-23 21:09:17.0000001,5.6519938
2013-04-05 20:47:57.0000001,14.084851
2013-04-05 20:47:57.0000003,9.887223
2013-04-05 20:47:57.0000002,17.356945
2013-03-11 06:58:05.0000001,8.996356
2012-01-05 05:51:01.0000002,6.3276386
2009-05-11 10:47:33.0000001,14.295399
2014-02-22 02:07:01.0000001,17.458872
2014-02-22 02:07:01.0000004,7.493926
2014-02-22 02:07:01.0000005,9.111085
2014-02-22 02:07:01.0000002,13.698916
2014-02-22 02:07:01.0000003,11.673412
2013-07-25 01:56:37.0000002,15.060152
2013-07-25 01:56:37.0000001,12.408236
2013-10-15 08:16:21.0000001,6.820187
2014-08-26 23:35:49.0000003,10.618281
2014-08-26 23:35:49.0000004,19.634016
2014-08-26 23:35:49.0000001,8.726202
2009-08-28 23:01:41.0000007,8.9872
2009-08-28 23:01:41.0000004,6.036686
2009-08-28 23:01:41.0000003,4.216575
2009-08-28 23:01:41.0000005,47.860207
2009-08-07 07:07:37.0000003,10.5678005
2009-08-07 07:07:37.0000002,12.31134
2009-08-07 07:07:37.0000001,9.232761
2013-11-11 13:49:53.0000004,56.113792
2013-11-11 13:49:53.0000003,11.643369
2013-11-11 13:49:53.0000006,18.14832
2013-11-11 13:49:53.0000005,6.2338276
2013-11-11 13:49:53.0000001,7.3328004
2013-11-11 13:49:53.0000002,9.910456
2012-08-11 19:58:29.0000002,7.7008834
2012-08-11 19:58:29.0000003,5.2390585
2012-08-11 19:58:29.0000004,7.827291
2012-08-11 19:58:29.0000001,10.810764
2011-06-29 06:25:41.0000001,29.168814
2014-10-19 15:14:45.0000001,22.580378
2014-12-16 13:40:25.0000001,9.643693
2014-12-16 13:40:25.0000002,9.337718
2010-06-11 13:37:21.0000004,6.4300013
2010-06-11 13:37:21.0000001,6.0847836
2010-06-11 13:37:21.0000002,8.205501
2012-12-09 22:30:13.0000003,14.321839
2012-12-09 22:30:13.0000001,11.966794
2010-06-21 20:21:45.0000001,17.49043
2011-05-11 19:56:09.0000002,12.079732
2013-06-17 06:37:49.0000001,3.9025283
2009-07-29 07:52:01.0000004,5.5942817
2009-07-29 07:52:01.0000002,15.445155
2009-07-29 07:52:01.0000003,5.149422
2009-07-29 07:52:01.0000001,4.3943815
2014-08-08 00:02:41.0000001,10.004352
2014-08-08 00:02:41.0000003,13.045549
2014-08-08 00:02:41.0000005,13.332184
2009-02-19 09:17:21.0000001,10.166256
2013-09-12 12:50:13.0000004,5.2401156
2013-09-12 12:50:13.0000002,14.6703205
2013-09-12 12:50:13.0000006,34.290627
2013-09-12 12:50:13.0000005,8.771556
2011-06-26 03:33:25.0000001,15.32458
2013-09-28 09:59:33.0000002,9.340257
2013-09-28 09:59:33.0000001,6.36474
2010-04-20 07:32:21.0000001,9.56671
2010-04-20 07:32:21.0000002,5.0673065
2011-04-16 06:38:33.0000001,5.61322
2011-09-18 18:33:13.0000001,6.6027718
2011-09-18 18:33:13.0000002,20.20122
2014-03-04 16:24:45.0000003,17.786068
2014-03-04 16:24:45.0000002,8.69525
2013-08-03 15:48:29.0000001,6.416407
2012-06-21 19:47:25.0000003,6.1322513
2012-06-21 19:47:25.0000001,7.961157
2012-06-21 19:47:25.0000002,7.291639
2014-03-10 12:25:21.0000003,5.299633
2014-03-10 12:25:21.0000002,8.830895
2014-03-10 12:25:21.0000001,15.149428
2014-11-10 10:52:41.0000002,22.00077
2014-11-10 10:52:41.0000003,15.9014015
2010-10-17 23:04:25.0000001,8.858215
2009-12-22 15:59:53.0000001,4.5184035
2009-12-22 15:59:53.0000002,4.272077
2009-12-22 15:59:53.0000004,11.341049
2014-05-08 21:23:41.0000002,4.4339614
2014-05-08 21:23:41.0000003,10.939658
2014-05-08 21:23:41.0000004,8.794126
2014-05-08 21:23:41.0000005,9.630279
2009-10-28 17:56:45.0000002,5.829598
2009-10-28 17:56:45.0000001,4.5076203
2014-07-10 07:03:29.0000002,11.842038
2014-07-10 07:03:29.0000001,6.6239276
2012-07-15 03:53:37.0000004,12.29565
2010-03-31 05:33:53.0000001,5.4764
2010-03-31 05:33:53.0000002,5.6804957
2010-07-06 20:52:53.0000003,7.330366
2010-07-06 20:52:53.0000001,6.583252
2010-07-06 20:52:53.0000002,5.6298413
2013-06-10 11:29:13.0000002,4.523754
2013-06-10 11:29:13.0000006,6.869567
2013-06-10 11:29:13.0000004,6.811312
2013-06-10 11:29:13.0000005,5.5822864
2013-06-10 11:29:13.0000003,11.495857
2015-04-25 01:06:17.0000008,8.079585
2015-04-25 01:06:17.0000004,6.338319
2015-04-25 01:06:17.0000001,5.2560377
2015-04-25 01:06:17.0000006,8.699113
2015-04-25 01:06:17.0000002,10.318688
2011-05-27 14:47:09.0000001,7.377208
2011-05-27 14:47:09.0000004,10.687952
2011-05-27 14:47:09.0000002,10.041289
2011-05-27 14:47:09.0000003,8.242886
2012-10-28 13:55:57.0000002,8.855385
2011-06-12 01:07:57.0000002,17.975927
2011-06-12 01:07:57.0000001,13.206109
2014-12-11 15:20:49.0000002,55.72059
2014-12-11 15:20:49.0000003,8.0672865
2011-06-19 04:08:49.0000001,6.2458076
2015-06-02 09:11:17.0000003,6.9939013
2015-06-02 09:11:17.0000006,5.674892
2015-06-02 09:11:17.0000001,10.476258
2015-06-02 09:11:17.0000004,6.0816803
2015-06-02 09:11:17.0000005,12.804077
2014-05-09 02:23:21.0000001,11.804197
2011-10-08 12:54:49.0000003,8.1359625
2011-10-08 12:54:49.0000001,12.3589945
2009-06-02 08:34:33.0000003,8.670257
2009-06-02 08:34:33.0000002,6.1321607
2010-12-09 17:21:29.0000001,5.7969937
2013-06-22 01:59:25.0000001,8.106192
2014-12-07 19:56:45.0000002,6.3358207
2014-12-07 19:56:45.0000003,9.240606
2013-12-04 17:40:13.0000006,9.226001
2013-12-04 17:40:13.0000004,12.067916
2013-12-04 17:40:13.0000002,11.214476
2013-12-04 17:40:13.0000005,4.6160784
2013-12-04 17:40:13.0000001,5.4398212
2013-12-04 17:40:13.0000007,11.377318
2013-12-04 17:40:13.0000003,38.992638
2014-07-20 17:05:09.0000001,19.095478
2010-12-15 08:39:33.0000003,5.3659134
2010-12-15 08:39:33.0000002,6.407314
2010-12-15 08:39:33.0000004,47.055252
2010-12-15 08:39:33.0000001,4.9610987
2011-02-07 08:56:09.0000001,8.461714
2012-05-26 11:54:53.0000003,7.373721
2012-04-24 17:57:05.0000002,4.8285747
2012-04-24 17:57:05.0000003,32.026333
2012-04-24 17:57:05.0000001,12.46732
2014-01-11 19:20:17.0000002,7.674573
2015-01-05 21:43:13.0000003,8.3151245
2015-01-05 21:43:13.0000002,9.263537
2013-04-23 13:19:17.0000002,11.79665
2013-04-23 13:19:17.0000003,7.81893
2011-07-19 22:20:41.0000003,18.725204
2012-03-18 02:27:41.0000002,37.113785
2012-03-18 02:27:41.0000003,11.260109
2009-01-19 19:48:17.0000003,10.164504
2011-06-21 22:19:45.0000002,5.1993766
2011-06-21 22:19:45.0000003,11.69995
2011-06-21 22:19:45.0000001,14.481026
2012-02-10 06:28:17.0000001,8.7155905
2013-01-13 00:20:53.0000002,10.676138
2013-01-13 00:20:53.0000003,10.848546
2015-03-28 09:52:37.0000002,4.000704
2015-03-28 09:52:37.0000001,7.2237935
2015-05-02 15:18:33.0000001,9.7172985
2015-05-02 15:18:33.0000005,5.8796973
2015-05-02 15:18:33.0000002,7.7238326
2015-05-02 15:18:33.0000006,7.4090815
2015-05-02 15:18:33.0000004,13.08922
2015-05-02 15:18:33.0000007,9.105335
2015-05-02 15:18:33.0000003,12.552248
2012-01-01 00:37:29.0000005,15.439114
2012-01-01 00:37:29.0000001,7.225106
2012-01-01 00:37:29.0000003,9.106073
2012-01-01 00:37:29.0000002,10.381482
2010-06-24 19:32:25.0000001,8.7380705
2010-06-24 19:32:25.0000002,4.6039367
2010-04-25 09:00:01.0000001,11.763406
2010-04-25 09:00:01.0000002,10.533264
2009-08-11 21:41:09.0000001,13.77967
2012-06-12 07:19:17.0000002,8.049232
2012-06-12 07:19:17.0000001,5.8745413
2011-12-30 11:16:05.0000002,11.428977
2011-12-30 11:16:05.0000001,7.584239
2011-12-30 11:16:05.0000003,7.949924
2011-12-30 11:16:05.0000004,7.837555
2013-11-28 13:17:13.0000001,9.514653
2010-06-14 20:51:37.0000001,17.673805
2010-06-14 20:51:37.0000002,10.120751
2012-06-10 00:46:17.0000004,14.159457
2012-06-10 00:46:17.0000002,12.095888
2013-02-10 19:51:53.0000001,8.950741
2013-02-10 19:51:53.0000002,14.93426
2010-02-20 04:04:13.0000001,8.208463
2010-02-20 04:04:13.0000002,6.9623823
2010-02-20 04:04:13.0000003,5.099701
2014-01-01 16:33:01.0000004,5.787951
2014-01-01 16:33:01.0000001,9.03801
2014-01-01 16:33:01.0000002,11.94753
2014-01-01 16:33:01.0000003,12.217107
2013-06-04 08:06:57.0000002,7.7342076
2013-06-04 08:06:57.0000005,6.414425
2013-06-04 08:06:57.0000003,12.85675
2013-06-04 08:06:57.0000004,5.58303
2013-06-04 08:06:57.0000001,4.147929
2012-07-13 08:45:21.0000001,30.591549
2012-07-13 08:45:21.0000003,6.706868
2012-07-13 08:45:21.0000004,6.015023
2012-07-13 08:45:21.0000002,11.448637
2014-06-09 13:01:21.0000002,8.901747
2014-06-09 13:01:21.0000001,7.7637615
2010-10-01 13:11:05.0000002,7.132546
2010-10-01 13:11:05.0000004,7.3462634
2010-10-01 13:11:05.0000003,29.01329
2010-02-27 22:55:09.0000002,6.5208645
2010-02-27 22:55:09.0000003,6.7309837
2012-11-23 05:37:53.0000001,14.515599
2009-10-05 15:41:37.0000001,5.773277
2009-12-01 02:33:57.0000001,8.77691
2013-04-30 14:43:33.0000003,19.786625
2013-04-30 14:43:33.0000002,18.082403
2013-04-30 14:43:33.0000001,13.679766
2015-05-17 04:17:33.0000001,10.201495
2015-05-17 04:17:33.0000002,9.745086
2015-05-17 04:17:33.0000003,9.728412
2015-05-17 04:17:33.0000004,8.63455
2014-07-26 23:31:41.0000001,7.667792
2009-11-07 16:37:49.0000001,4.5422597
2009-11-07 16:37:49.0000003,7.0961423
2009-11-07 16:37:49.0000002,45.060616
2009-11-07 16:37:49.0000005,4.970852
2012-11-07 12:46:29.0000003,8.14302
2012-11-07 12:46:29.0000001,12.3258095
2012-11-07 12:46:29.0000002,5.1498184
2011-01-07 09:25:57.0000002,4.5619583
2011-01-07 09:25:57.0000001,5.0099435
2012-07-18 16:28:21.0000002,5.337952
2009-12-17 10:33:45.0000001,10.644931
2009-12-17 10:33:45.0000002,10.556681
2009-12-17 10:33:45.0000003,5.409041
2009-12-17 10:33:45.0000004,5.5795903
2013-03-08 19:03:09.0000001,14.236476
2013-03-08 19:03:09.0000004,7.8015804
2011-03-11 23:36:13.0000001,7.599835
2011-03-11 23:36:13.0000002,6.596529
2011-03-11 23:36:13.0000004,5.5762005
2011-03-11 23:36:13.0000003,5.3004003
2009-12-10 22:45:01.0000002,4.9117837
2009-12-10 22:45:01.0000001,13.917565
2009-12-10 22:45:01.0000003,4.1353984
2009-12-10 22:45:01.0000005,16.720938
2012-07-13 11:00:05.0000003,32.373875
2012-07-13 11:00:05.0000002,15.106869
2012-07-13 11:00:05.0000006,49.1658
2012-07-13 11:00:05.0000001,9.269962
2012-07-21 17:57:17.0000001,8.286265
2009-04-23 02:42:05.0000002,6.6664443
2009-04-23 02:42:05.0000001,9.004573
2012-11-03 23:49:17.0000003,11.474007
2012-11-03 23:49:17.0000002,4.9067926
2012-11-03 23:49:17.0000004,5.6915927
2012-11-03 23:49:17.0000001,13.116431
2012-02-21 20:07:25.0000002,4.3362575
2012-02-21 20:07:25.0000001,4.053094
2012-03-26 05:24:13.0000001,18.177156
2010-02-01 20:28:45.0000001,5.2253723
2010-02-01 20:28:45.0000002,7.189616
2010-02-01 20:28:45.0000003,4.110256
2009-09-26 04:36:49.0000001,4.418137
2009-01-29 15:29:09.0000002,28.976528
2009-01-29 15:29:09.0000001,4.2153893
2009-12-29 02:06:33.0000002,13.2114935
2009-12-29 02:06:33.0000001,8.299933
2010-09-06 00:39:05.0000001,7.0544066
2012-09-08 21:13:49.0000004,7.489367
2012-09-08 21:13:49.0000001,9.220903
2012-09-08 21:13:49.0000002,7.488392
2012-09-08 21:13:49.0000003,7.094965
2010-11-04 16:19:25.0000001,10.06347
2009-12-08 07:36:17.0000001,12.106707
2009-12-08 07:36:17.0000002,11.532022
2012-08-30 20:32:49.0000001,9.574576
2013-06-08 16:55:13.0000002,6.6792626
2013-06-08 16:55:13.0000001,9.494085
2014-07-01 11:05:21.0000002,6.07576
2014-07-01 11:05:21.0000001,9.246813
2013-08-19 16:21:05.0000002,16.692562
2014-12-26 21:10:45.0000001,7.838237
2012-10-25 16:20:37.0000001,12.15891
2012-10-25 16:20:37.0000002,37.917557
2013-08-14 11:02:17.0000001,5.930477
2013-08-14 11:02:17.0000002,21.66881
2010-10-01 01:22:01.0000001,10.780137
2012-12-07 19:33:49.0000002,59.469536
2012-12-07 19:33:49.0000001,6.249135
2011-07-11 01:40:45.0000001,8.466444
2013-07-18 01:45:01.0000001,6.3261175
2013-07-18 01:45:01.0000002,5.4732347
2009-06-25 10:29:21.0000002,4.433386
2009-06-25 10:29:21.0000001,4.1684737
2012-07-31 20:04:53.0000005,5.8732004
2012-07-31 20:04:53.0000003,5.470043
2012-07-31 20:04:53.0000004,3.8949187
2012-07-31 20:04:53.0000001,7.752469
2010-11-15 22:25:13.0000001,6.0686264
2015-06-08 05:02:45.0000002,12.739008
2015-06-08 05:02:45.0000001,26.035564
2013-12-08 20:26:29.0000001,5.948736
2013-12-08 20:26:29.0000002,10.550326
2013-12-08 20:26:29.0000003,9.57785
2009-05-10 00:24:57.0000002,11.642182
2009-05-10 00:24:57.0000004,4.9887686
2009-05-10 00:24:57.0000003,8.487592
2009-05-10 00:24:57.0000005,5.4323945
2009-05-10 00:24:57.0000001,4.645184
2009-02-28 10:19:41.0000002,3.7937133
2009-02-28 10:19:41.0000001,6.8383336
2011-08-19 17:42:57.0000001,4.3314204
2011-08-19 17:42:57.0000002,8.532405
2014-06-05 22:56:05.0000007,11.485783
2014-06-05 22:56:05.0000002,23.229935
2014-06-05 22:56:05.0000001,54.261284
2014-06-05 22:56:05.0000006,4.637098
2014-06-05 22:56:05.0000005,5.8668976
2014-06-05 22:56:05.0000003,24.557968
2014-07-16 18:33:41.0000001,7.8419495
2014-07-16 18:33:41.0000002,9.063262
2014-07-16 18:33:41.0000003,14.723542
2009-07-14 22:41:09.0000002,4.729551
2009-07-14 22:41:09.0000004,4.52858
2009-07-14 22:41:09.0000001,38.050644
2013-11-21 14:19:21.0000002,7.528208
2015-01-02 11:55:57.0000005,7.187589
2015-01-02 11:55:57.0000002,9.829664
2015-01-02 11:55:57.0000004,24.064884
2015-01-02 11:55:57.0000001,7.8722415
2011-09-26 22:26:57.0000001,5.695691
2015-04-14 01:41:05.0000001,12.312389
2013-05-14 16:23:49.0000002,13.382155
2013-05-14 16:23:49.0000001,12.7581215
2013-11-23 22:19:37.0000002,15.126543
2013-11-23 22:19:37.0000001,9.412336
2014-07-14 16:18:37.0000001,5.2832103
2010-07-30 12:04:17.0000001,4.0171914
2010-07-30 12:04:17.0000002,7.858078
2011-07-27 21:48:49.0000002,7.2457757
2011-07-27 21:48:49.0000001,6.444004
2014-03-18 19:55:17.0000003,5.8876586
2014-03-18 19:55:17.0000002,14.039734
2014-03-18 19:55:17.0000004,8.317404
2014-07-28 21:44:21.0000001,11.91117
2009-05-23 07:56:37.0000001,6.9499254
2010-06-05 23:05:25.0000004,11.976246
2010-06-05 23:05:25.0000005,4.7259703
2010-06-05 23:05:25.0000003,9.8188305
2010-06-05 23:05:25.0000001,8.342345
2010-06-05 23:05:25.0000002,10.184323
2012-07-01 19:59:49.0000001,5.9408827
2015-06-07 17:23:09.0000004,9.20567
2015-06-07 17:23:09.0000003,7.246151
2015-06-07 17:23:09.0000002,6.3850365
2015-06-07 17:23:09.0000001,10.391779
2013-03-10 07:31:45.0000001,5.9999366
2011-03-24 17:44:01.0000001,9.969066
2011-03-24 17:44:01.0000003,7.7041597
2014-03-28 21:55:17.0000002,19.162777
2014-03-28 21:55:17.0000004,6.4492874
2014-03-28 21:55:17.0000005,7.470742
2014-03-28 21:55:17.0000006,7.2323837
2013-04-28 20:00:05.0000002,56.14059
2013-04-28 20:00:05.0000001,7.0606623
2013-04-28 20:00:05.0000004,12.527368
2013-04-28 20:00:05.0000003,4.758024
2012-04-27 18:37:09.0000003,10.156505
2012-04-27 18:37:09.0000001,10.901134
2012-04-27 18:37:09.0000004,10.376673
2014-04-05 18:11:33.0000001,11.640726
2013-11-07 22:25:25.0000002,15.919134
2010-06-19 03:06:33.0000002,5.4660654
2012-06-30 03:53:29.0000003,8.442464
2012-06-30 03:53:29.0000001,15.162177
2011-09-15 02:11:49.0000002,17.649359
2011-09-15 02:11:49.0000001,23.127771
2012-08-08 04:45:25.0000001,47.957447
2011-05-19 16:01:41.0000004,5.4411263
2011-05-19 16:01:41.0000002,5.6418896
2011-05-19 16:01:41.0000005,5.067315
2011-05-19 16:01:41.0000003,23.454788
2009-12-27 04:00:09.0000001,14.550066
2010-01-11 12:38:33.0000006,28.595615
2010-01-11 12:38:33.0000003,7.5894203
2010-01-11 12:38:33.0000005,5.4180536
2010-01-11 12:38:33.0000001,6.33356
2010-01-11 12:38:33.0000004,6.532865
2010-10-16 09:26:33.0000004,20.743452
2010-10-16 09:26:33.0000002,6.6557546
2014-07-25 18:06:37.0000002,8.750599
2014-07-25 18:06:37.0000004,9.455736
2014-07-25 18:06:37.0000005,14.673523
2014-07-25 18:06:37.0000003,7.9109416
2014-07-25 18:06:37.0000001,9.856742
2013-03-18 15:54:21.0000001,11.6941805
2013-03-18 15:54:21.0000002,5.3142853
2010-05-13 06:34:57.0000002,6.809299
2010-05-13 06:34:57.0000001,7.357263
2009-05-16 08:13:05.0000001,25.036108
2014-05-13 21:07:29.0000003,7.7629213
2014-05-13 21:07:29.0000002,9.564173
2010-04-23 16:10:29.0000001,5.7017994
2010-04-23 16:10:29.0000003,7.383169
2010-04-23 16:10:29.0000002,5.772665
2015-05-25 22:13:09.0000002,95.227165
2015-05-25 22:13:09.0000001,16.471361
2013-11-16 18:33:25.0000003,6.712412
2013-11-16 18:33:25.0000004,16.566496
2013-11-16 18:33:25.0000002,13.69258
2013-11-16 18:33:25.0000001,10.704217
2012-04-16 17:48:09.0000001,6.864346
2012-04-16 17:48:09.0000002,6.379163
2012-04-16 17:48:09.0000003,9.337898
2014-12-29 12:55:53.0000002,9.8818035
2014-12-29 12:55:53.0000001,27.280556
2014-12-29 12:55:53.0000003,14.030343
2009-08-02 14:01:33.0000002,5.689684
2009-08-02 14:01:33.0000003,32.890728
2009-08-02 14:01:33.0000001,4.822218
2015-01-12 15:36:37.0000003,23.485685
2015-01-12 15:36:37.0000004,43.424324
2015-01-12 15:36:37.0000005,12.659635
2015-01-12 15:36:37.0000009,18.518318
2015-01-12 15:36:37.0000006,8.124428
2015-01-12 15:36:37.0000001,17.351576
2015-01-12 15:36:37.0000007,12.895744
2014-09-04 19:52:09.0000002,7.302843
2014-09-04 19:52:09.0000001,6.201082
2014-09-04 19:52:09.0000003,5.0338087
2014-09-04 19:52:09.0000004,20.14426
2009-06-01 17:42:01.0000001,12.279576
2009-06-01 17:42:01.0000002,9.403008
2009-06-01 17:42:01.0000003,5.097147
2010-09-21 01:35:09.0000001,10.300077
2010-09-21 01:35:09.0000002,5.9229436
2013-05-26 15:18:37.0000004,24.009933
2013-05-26 15:18:37.0000002,9.822545
2009-09-20 23:07:01.0000002,8.336924
2009-08-12 23:00:37.0000001,17.3939
2012-07-18 09:44:53.0000005,8.61775
2012-07-18 09:44:53.0000001,6.353198
2012-07-18 09:44:53.0000004,4.652327
2012-07-18 09:44:53.0000002,5.8028708
2009-09-25 21:43:49.0000005,8.874109
2009-09-25 21:43:49.0000007,13.287676
2009-09-25 21:43:49.0000003,6.802106
2009-09-25 21:43:49.0000006,4.29735
2009-09-25 21:43:49.0000008,11.17671
2009-09-25 21:43:49.0000001,6.9799733
2009-03-22 20:58:33.0000002,10.962533
2009-03-22 20:58:33.0000001,8.982606
2011-12-09 21:19:25.0000002,9.047144
2011-12-09 21:19:25.0000005,10.877556
2011-12-09 21:19:25.0000006,5.158276
2013-07-05 20:44:49.0000002,4.321163
2013-12-20 15:58:29.0000005,14.561353
2013-12-20 15:58:29.0000002,11.451298
2013-12-20 15:58:29.0000003,39.985416
2013-12-20 15:58:29.0000004,14.049422
2014-10-06 14:37:25.0000004,13.132978
2014-10-06 14:37:25.0000003,19.480843
2014-10-06 14:37:25.0000002,10.34505
2014-10-06 14:37:25.0000001,7.823221
2015-01-18 23:09:25.0000003,26.513754
2015-01-18 23:09:25.0000002,8.984474
2014-05-01 14:11:21.0000002,14.042144
2014-05-01 14:11:21.0000004,8.780354
2014-05-01 14:11:21.0000005,9.045465
2014-05-01 14:11:21.0000006,7.1036067
2014-05-01 14:11:21.0000001,10.445385
2014-05-01 14:11:21.0000003,21.169888
2012-05-22 14:54:45.0000002,6.831706
2012-05-22 14:54:45.0000001,6.792673
2009-06-17 14:41:57.0000001,10.665707
2009-09-16 10:27:37.0000001,8.440767
2009-09-16 10:27:37.0000002,10.315957
2014-02-06 13:26:49.0000001,11.1043005
2015-04-16 02:42:33.0000001,10.980744
2011-06-06 07:28:25.0000002,26.018019
2011-06-06 07:28:25.0000003,5.293905
2011-06-06 07:28:25.0000001,4.6757164
2011-06-06 07:28:25.0000005,14.645488
2011-06-06 07:28:25.0000004,5.1089315
2013-02-27 19:25:13.0000003,19.103258
2013-02-27 19:25:13.0000007,12.824
2013-02-27 19:25:13.0000006,13.342739
2013-02-27 19:25:13.0000004,5.6391144
2013-02-27 19:25:13.0000002,5.842973
2013-02-27 19:25:13.0000005,8.80341
2014-10-03 01:06:05.0000001,7.656429
2014-10-03 01:06:05.0000002,5.7135553
2010-06-26 00:14:53.0000001,7.4829607
2009-09-15 08:28:53.0000001,7.527312
2009-09-15 08:28:53.0000002,12.760232
2009-09-15 08:28:53.0000004,6.9513626
2009-09-15 08:28:53.0000005,5.9259353
2011-08-09 05:27:05.0000001,8.896852
2010-10-20 08:49:45.0000001,7.5374813
2010-10-20 08:49:45.0000002,5.9010825
2012-02-08 11:14:49.0000002,5.9362464
2012-02-08 11:14:49.0000001,7.5451527
2012-02-08 11:14:49.0000004,8.429714
2013-08-07 02:16:45.0000001,32.93853
2012-10-26 00:32:13.0000001,17.42157
2012-07-18 22:34:53.0000001,5.359672
2011-05-17 22:09:17.0000001,13.32363
2009-04-04 00:20:37.0000001,16.771944
2009-04-04 00:20:37.0000003,7.354984
2009-04-04 00:20:37.0000002,12.860365
2009-09-04 18:43:33.0000003,8.217133
2009-09-04 18:43:33.0000004,11.101716
2010-09-19 17:13:29.0000001,12.124832
2010-09-19 17:13:29.0000007,11.207284
2010-09-19 17:13:29.0000005,9.155538
2010-09-19 17:13:29.0000004,5.5005646
2010-09-19 17:13:29.0000003,12.8401985
2010-09-19 17:13:29.0000002,8.895589
2013-03-19 18:08:29.0000003,10.48168
2013-03-19 18:08:29.0000004,12.284466
2011-11-22 00:15:25.0000002,5.6656075
2011-11-22 00:15:25.0000001,9.613274
2011-04-23 11:01:49.0000005,4.177704
2011-04-23 11:01:49.0000004,5.909465
2011-04-23 11:01:49.0000003,3.8276415
2012-10-19 06:56:29.0000001,7.095724
2012-10-19 06:56:29.0000002,4.5603247
2009-12-16 14:45:21.0000002,5.9342456
2009-12-16 14:45:21.0000003,7.317072
2009-12-16 14:45:21.0000001,9.508515
2012-08-13 21:49:53.0000002,5.571425
2012-08-13 21:49:53.0000003,3.314836
2012-08-13 21:49:53.0000001,4.1213083
2010-11-08 10:01:37.0000001,5.7550015
2010-11-08 10:01:37.0000002,7.933274
2010-11-08 10:01:37.0000006,5.575694
2010-11-08 10:01:37.0000007,11.028274
2010-11-08 10:01:37.0000005,30.599592
2010-11-08 10:01:37.0000004,4.4389787
2010-12-05 16:35:49.0000001,5.478764
2010-12-05 16:35:49.0000002,9.034395
2014-10-15 12:10:49.0000001,11.073663
2009-04-01 19:28:09.0000004,13.855773
2009-04-01 19:28:09.0000002,8.556754
2009-04-01 19:28:09.0000003,5.9883223
2009-04-01 19:28:09.0000007,18.358551
2009-04-01 19:28:09.0000005,6.642694
2009-04-01 19:28:09.0000006,9.724427
2011-11-26 02:04:29.0000002,10.076658
2011-11-26 02:04:29.0000001,11.447594
2009-01-11 07:56:01.0000003,5.6917353
2009-01-11 07:56:01.0000002,3.6324506
2012-05-30 09:19:13.0000001,6.2434793
2014-06-10 01:06:25.0000001,17.947767
2014-06-10 01:06:25.0000003,18.49301
2014-06-10 01:06:25.0000002,46.818268
2014-10-28 22:42:33.0000002,18.556059
2014-10-28 22:42:33.0000001,22.450825
2009-03-20 12:14:53.0000004,9.102699
2009-03-20 12:14:53.0000007,5.7451987
2009-03-20 12:14:53.0000002,8.949012
2009-03-20 12:14:53.0000005,11.716966
2009-03-20 12:14:53.0000001,5.0716615
2009-03-20 12:14:53.0000006,6.5748773
2009-03-20 12:14:53.0000003,18.549435
2010-06-20 12:42:37.0000003,7.537563
2010-06-20 12:42:37.0000001,13.470483
2014-08-05 16:09:05.0000001,7.028918
2014-11-06 01:40:49.0000003,4.8884935
2014-11-06 01:40:49.0000002,13.356935
2014-11-06 01:40:49.0000001,8.055188
2014-07-19 21:05:37.0000005,4.54484
2014-07-19 21:05:37.0000001,10.789394
2014-07-19 21:05:37.0000004,12.295877
2014-07-19 21:05:37.0000003,8.233059
2015-02-19 11:39:21.0000005,7.728492
2015-02-19 11:39:21.0000002,10.778491
2015-02-19 11:39:21.0000003,7.9040275
2012-10-02 14:17:13.0000003,7.844506
2012-10-02 14:17:13.0000002,10.435771
2012-04-17 09:47:57.0000001,6.710421
2012-04-17 09:47:57.0000003,13.661676
2012-04-17 09:47:57.0000002,28.779089
2011-04-16 00:01:17.0000002,14.607795
2011-04-16 00:01:17.0000001,4.5494723
2010-06-18 08:54:37.0000003,10.725869
2010-06-18 08:54:37.0000002,16.807362
2010-06-18 08:54:37.0000001,10.413459
2012-10-20 00:36:37.0000005,8.159169
2012-10-20 00:36:37.0000003,37.80048
2012-10-20 00:36:37.0000004,5.314278
2014-06-19 22:37:09.0000001,7.9710503
2014-06-19 22:37:09.0000003,10.487206
2014-06-19 22:37:09.0000005,15.846709
2011-05-11 13:24:37.0000004,8.544635
2011-05-11 13:24:37.0000001,8.859808
2011-05-11 13:24:37.0000003,5.219738
2014-04-09 08:42:05.0000002,11.113231
2014-04-09 08:42:05.0000001,7.991449
2014-10-13 00:42:05.0000001,16.266834
2013-12-08 10:41:05.0000003,6.3237305
2013-12-08 10:41:05.0000008,15.152899
2013-12-08 10:41:05.0000006,11.394455
2013-12-08 10:41:05.0000004,6.743251
2013-12-08 10:41:05.0000001,12.222028
2013-12-08 10:41:05.0000005,8.933999
2013-02-14 02:02:13.0000001,5.2976117
2009-07-04 13:00:57.0000001,10.158363
2009-07-04 13:00:57.0000003,8.74708
2013-03-20 03:01:29.0000001,4.410517
2010-08-25 12:03:21.0000002,10.56893
2010-08-25 12:03:21.0000001,6.0043526
2013-09-08 03:47:57.0000001,18.114134
2013-09-08 03:47:57.0000003,8.771149
2012-12-19 16:29:33.0000002,10.5499115
2012-12-19 16:29:33.0000001,6.1134343
2009-05-15 21:19:13.0000001,11.037796
2009-05-15 21:19:13.0000002,7.116824
2012-06-06 17:33:05.0000001,9.898507
2012-06-06 17:33:05.0000002,5.878785
2012-06-06 17:33:05.0000003,11.808204
2012-06-06 17:33:05.0000004,8.303699
2011-09-20 00:07:17.0000001,10.024657
2010-01-29 08:32:53.0000007,5.149017
2010-01-29 08:32:53.0000004,10.138518
2010-01-29 08:32:53.0000001,5.3267713
2010-01-29 08:32:53.0000003,9.497078
2010-01-29 08:32:53.0000005,6.496264
2010-01-29 08:32:53.0000006,6.162393
2015-05-15 01:51:49.0000002,13.3326845
2015-05-15 01:51:49.0000001,12.557774
2015-05-15 01:51:49.0000005,8.829404
2015-05-15 01:51:49.0000004,4.16207
2011-07-26 05:14:29.0000001,47.706985
2011-09-09 03:00:05.0000002,17.785471
2011-09-09 03:00:05.0000001,3.9148686
2012-11-12 10:06:17.0000004,6.8368096
2012-11-12 10:06:17.0000005,10.527618
2012-11-12 10:06:17.0000002,7.3836617
2012-11-12 10:06:17.0000001,11.075822
2012-01-05 22:37:13.0000001,10.777244
2012-01-05 22:37:13.0000002,16.95474
2012-12-07 02:02:01.0000002,19.582472
2012-12-07 02:02:01.0000001,13.608845
2011-08-18 08:36:13.0000001,4.930169
2011-08-18 08:36:13.0000004,6.635136
2011-08-18 08:36:13.0000003,10.890663
2011-08-18 08:36:13.0000006,7.6260004
2011-08-18 08:36:13.0000002,14.598204
2014-05-16 15:30:05.0000002,7.9304485
2014-05-16 15:30:05.0000001,9.065041
2014-03-15 07:19:25.0000001,12.96566
2009-12-21 17:23:09.0000001,5.666319
2013-12-01 22:23:57.0000002,6.5569615
2013-12-01 22:23:57.0000001,16.848862
2014-01-03 15:48:49.0000003,9.8243685
2014-01-03 15:48:49.0000002,7.799107
2013-01-19 20:19:45.0000003,16.585756
2013-01-19 20:19:45.0000001,8.75217
2013-01-19 20:19:45.0000004,5.9378533
2012-08-31 03:00:21.0000001,5.2440968
2012-07-21 16:32:41.0000001,5.7136497
2012-07-21 16:32:41.0000002,4.697498
2012-12-20 23:43:09.0000002,18.781008
2012-12-20 23:43:09.0000006,7.507703
2012-12-20 23:43:09.0000005,13.810946
2012-12-20 23:43:09.0000003,6.253961
2009-06-13 18:40:13.0000002,12.434984
2009-06-13 18:40:13.0000003,11.101827
2014-11-16 09:12:45.0000001,15.784051
2013-03-25 15:17:33.0000001,4.3416424
2009-09-28 05:36:49.0000001,7.5457625
2013-07-08 17:31:29.0000001,5.903086
2013-07-08 17:31:29.0000002,19.03761
2010-11-27 12:54:09.0000005,5.466762
2010-11-27 12:54:09.0000004,6.749952
2010-11-27 12:54:09.0000001,4.5358367
2010-11-27 12:54:09.0000003,3.787129
2010-11-27 12:54:09.0000002,16.286455
2011-02-15 02:43:33.0000002,10.861956
2011-02-15 02:43:33.0000001,15.721052
2012-10-25 06:12:37.0000001,7.5184126
2014-05-01 06:39:54.0000001,5.294815
2015-03-17 21:44:26.0000001,13.323575
2015-03-17 21:44:26.0000006,9.154227
2015-03-17 21:44:26.0000005,18.254377
2015-03-17 21:44:26.0000003,12.105212
2015-03-17 21:44:26.0000004,12.8027935
2011-05-02 13:26:54.0000003,5.4906063
2011-05-02 13:26:54.0000001,4.1123924
2011-05-02 13:26:54.0000002,10.73989
2009-01-06 07:36:34.0000003,8.091524
2009-01-06 07:36:34.0000002,5.9934225
2009-01-06 07:36:34.0000004,10.541357
2010-06-23 10:29:22.0000005,4.391407
2010-06-23 10:29:22.0000001,14.717833
2010-06-23 10:29:22.0000004,5.1410766
2010-06-23 10:29:22.0000003,11.968094
2010-06-23 10:29:22.0000002,10.563313
2013-01-22 08:20:26.0000001,4.8514395
2013-01-22 08:20:26.0000002,6.290322
2009-11-25 11:14:26.0000001,5.216508
2009-11-25 11:14:26.0000002,9.005012
2012-12-04 06:52:02.0000001,12.973532
2012-12-04 06:52:02.0000002,13.054248
2012-12-04 06:52:02.0000003,9.330018
2014-05-27 10:31:46.0000001,8.897639
2014-05-27 10:31:46.0000003,20.668612
2014-05-27 10:31:46.0000002,18.77465
2009-09-20 22:15:46.0000001,8.294531
2011-06-30 08:40:22.0000001,5.1751246
2011-06-30 08:40:22.0000002,8.617884
2010-05-10 09:14:30.0000003,7.881142
2010-05-10 09:14:30.0000001,5.375845
2010-05-10 09:14:30.0000002,6.0833254
2010-05-10 09:14:30.0000004,5.165357
2010-11-25 16:10:30.0000001,15.7089815
2014-11-18 16:06:14.0000001,8.539059
2013-01-20 20:41:26.0000003,13.745215
2013-01-20 20:41:26.0000001,16.789223
2015-06-07 00:38:14.0000003,7.9135547
2009-01-03 00:51:02.0000004,8.3419
2009-01-03 00:51:02.0000003,5.3951726
2010-09-28 11:54:02.0000004,6.0145445
2010-09-28 11:54:02.0000005,8.826807
2010-09-28 11:54:02.0000003,5.836496
2010-09-28 11:54:02.0000001,6.6938143
2010-09-28 11:54:02.0000002,20.291138
2013-11-07 17:01:14.0000001,40.63418
2013-11-07 17:01:14.0000006,6.3658996
2013-11-07 17:01:14.0000002,8.194763
2013-11-07 17:01:14.0000003,5.0557113
2013-11-07 17:01:14.0000005,6.5504627
2013-11-07 17:01:14.0000004,10.141439
2009-11-29 08:05:46.0000001,6.155578
2012-10-21 17:43:26.0000003,7.0334125
2012-10-21 17:43:26.0000002,10.44439
2012-10-21 17:43:26.0000006,5.841417
2012-10-21 17:43:26.0000001,7.741534
2012-10-21 17:43:26.0000004,18.480389
2012-10-21 17:43:26.0000005,9.009321
2013-07-31 06:52:46.0000001,5.4036856
2013-02-04 12:10:10.0000002,6.2982063
2013-02-04 12:10:10.0000001,7.0535626
2013-10-18 09:06:14.0000001,7.27552
2009-04-26 17:29:42.0000004,5.218055
2009-04-26 17:29:42.0000002,7.010033
2009-04-26 17:29:42.0000005,10.005931
2009-04-26 17:29:42.0000003,7.454474
2009-04-26 17:29:42.0000006,6.84239
2015-04-12 21:56:22.0000004,19.37683
2015-04-12 21:56:22.0000002,9.861904
2015-04-12 21:56:22.0000001,54.612267
2015-02-25 22:00:38.0000003,27.695902
2015-02-25 22:00:38.0000006,11.516593
2015-02-25 22:00:38.0000001,16.939888
2015-02-25 22:00:38.0000004,12.073253
2015-02-25 22:00:38.0000005,22.754488
2013-12-30 00:48:42.0000003,4.920538
2013-12-30 00:48:42.0000002,16.689426
2013-12-30 00:48:42.0000001,10.5569315
2012-11-20 21:15:22.0000004,9.945364
2012-11-20 21:15:22.0000001,6.149839
2012-11-20 21:15:22.0000003,18.609907
2012-11-20 21:15:22.0000006,9.148763
2012-11-20 21:15:22.0000005,13.594649
2012-11-20 21:15:22.0000002,22.725111
2012-11-20 21:15:22.0000007,9.372462
2010-03-21 16:52:58.0000002,30.17234
2010-03-21 16:52:58.0000001,11.246123
2010-03-21 16:52:58.0000004,13.90666
2010-10-06 23:31:54.0000002,6.110721
2013-07-09 21:59:42.0000002,39.808838
2012-06-23 09:43:42.0000006,15.646351
2012-06-23 09:43:42.0000001,3.8509786
2012-06-23 09:43:42.0000003,9.2683935
2012-06-23 09:43:42.0000005,5.4691596
2009-01-21 20:04:30.0000004,8.330931
2009-01-21 20:04:30.0000008,7.1580806
2009-01-21 20:04:30.0000009,5.7006087
2009-01-21 20:04:30.0000003,8.353437
2009-01-21 20:04:30.0000001,6.1222215
2009-01-21 20:04:30.0000005,6.999967
2009-01-21 20:04:30.0000002,6.666992
2009-01-21 20:04:30.0000007,4.513293
2013-12-18 14:26:58.0000003,26.910877
2013-12-18 14:26:58.0000001,10.559242
2014-04-26 18:02:26.0000002,11.787881
2014-04-26 18:02:26.0000001,10.370104
2010-11-21 00:32:50.0000003,5.707888
2010-11-21 00:32:50.0000002,11.756398
2010-11-21 00:32:50.0000001,5.4059343
2013-02-07 21:29:22.0000003,8.991597
2013-02-07 21:29:22.0000002,9.278123
2013-02-07 21:29:22.0000004,12.608511
2013-02-07 21:29:22.0000001,12.117786
2010-11-15 18:15:14.0000002,8.25321
2010-11-15 18:15:14.0000001,7.944337
2010-11-15 18:15:14.0000003,6.026025
2010-11-15 18:15:14.0000004,6.872326
2013-10-26 10:46:46.0000005,8.751362
2013-10-26 10:46:46.0000002,11.867432
2013-10-26 10:46:46.0000004,10.716661
2013-10-26 10:46:46.0000001,5.6566634
2013-07-18 10:24:58.0000001,6.372555
2010-05-14 04:15:54.0000001,6.2810125
2013-09-14 18:51:46.0000002,12.513052
2009-05-27 23:09:54.0000001,9.858554
2013-05-23 23:54:42.0000002,9.228234
2013-05-23 23:54:42.0000006,6.5838666
2013-05-23 23:54:42.0000001,14.076077
2013-05-23 23:54:42.0000005,14.890586
2013-05-23 23:54:42.0000003,10.744923
2015-05-23 01:00:22.0000001,5.538182
2009-11-23 19:06:14.0000004,9.637759
2009-11-23 19:06:14.0000003,6.412833
2009-11-23 19:06:14.0000002,4.534451
2009-11-23 19:06:14.0000006,54.841167
2011-06-22 00:06:34.0000001,6.402277
2014-07-02 02:27:22.0000001,4.2705526
2012-11-18 14:55:42.0000002,6.5853977
2012-11-18 14:55:42.0000003,7.7904177
2012-11-18 14:55:42.0000004,6.5491934
2009-01-12 17:54:26.0000001,4.7407637
2012-10-10 06:59:02.0000002,8.175827
2012-10-10 06:59:02.0000003,7.4006815
2012-10-10 06:59:02.0000001,5.9610434
2010-01-24 14:09:58.0000001,5.9223156
2010-09-01 08:23:54.0000001,13.492569
2011-12-10 23:39:06.0000002,21.364197
2011-05-22 03:09:50.0000002,20.353182
2011-05-22 03:09:50.0000005,4.9657283
2011-05-22 03:09:50.0000001,6.0402117
2011-05-22 03:09:50.0000004,20.890835
2011-05-22 03:09:50.0000003,17.950832
2013-06-29 14:26:06.0000004,18.567501
2013-06-29 14:26:06.0000003,7.352055
2013-06-29 14:26:06.0000002,7.014484
2013-06-29 14:26:06.0000001,14.222823
2011-01-25 10:31:26.0000001,12.259082
2011-01-25 10:31:26.0000002,7.9130564
2013-02-11 01:03:30.0000001,23.657598
2009-12-17 15:54:46.0000005,10.275683
2009-12-17 15:54:46.0000003,5.2177777
2009-12-17 15:54:46.0000001,9.56488
2009-12-17 15:54:46.0000004,6.030623
2012-03-17 05:33:02.0000001,9.982433
2009-10-24 19:48:30.0000001,5.351408
2009-10-24 19:48:30.0000002,7.2213845
2009-10-24 19:48:30.0000003,12.091462
2013-03-23 00:10:26.0000004,33.38556
2013-03-23 00:10:26.0000002,5.4435925
2013-03-23 00:10:26.0000001,48.602325
2013-03-23 00:10:26.0000003,17.577005
2010-06-16 18:41:54.0000001,7.3949614
2010-06-16 18:41:54.0000002,7.9744754
2011-01-15 04:13:38.0000002,3.787796
2014-07-27 11:25:18.0000001,4.8654685
2014-07-27 11:25:18.0000002,5.6580634
2011-11-02 08:21:50.0000002,6.1906505
2015-05-16 04:37:50.0000001,11.380625
2015-05-16 04:37:50.0000002,11.533324
2009-03-15 03:31:14.0000002,9.403428
2009-03-15 03:31:14.0000001,6.2482944
2014-09-08 19:07:46.0000002,13.570087
2009-08-28 11:58:58.0000001,4.3987837
2010-04-24 23:31:50.0000001,5.411831
2010-04-24 23:31:50.0000003,10.284622
2013-06-13 14:50:50.0000002,13.730453
2013-06-13 14:50:50.0000001,9.534657
2010-07-07 06:22:38.0000002,16.106604
2010-07-07 06:22:38.0000001,7.857556
2009-03-24 00:11:26.0000001,8.068689
2009-03-24 00:11:26.0000002,8.889254
2013-10-23 14:27:10.0000001,6.105229
2011-03-03 21:31:42.0000007,12.098952
2011-03-03 21:31:42.0000001,6.330739
2011-03-03 21:31:42.0000008,8.963387
2011-03-03 21:31:42.0000006,6.853657
2011-03-03 21:31:42.0000005,6.495356
2011-09-05 10:47:26.0000002,15.563705
2011-09-05 10:47:26.0000003,14.907531
2011-09-05 10:47:26.0000004,10.272488
2012-08-04 23:34:58.0000001,10.783879
2012-08-04 23:34:58.0000004,4.842994
2012-08-04 23:34:58.0000002,6.352994
2015-01-29 13:15:50.0000003,10.9304695
2015-01-29 13:15:50.0000004,6.9914165
2015-01-29 13:15:50.0000007,9.782398
2015-01-29 13:15:50.0000006,11.67294
2015-01-29 13:15:50.0000008,4.943574
2015-01-29 13:15:50.0000005,7.2694187
2015-01-29 13:15:50.0000002,7.116069
2015-01-29 13:15:50.0000009,7.721687
2012-09-16 12:48:06.0000004,6.9267054
2012-09-16 12:48:06.0000001,12.580856
2012-09-16 12:48:06.0000003,14.9684515
2015-04-10 11:56:54.0000008,6.9262023
2015-04-10 11:56:54.0000001,14.030806
2015-04-10 11:56:54.0000002,27.917194
2015-04-10 11:56:54.0000007,56.870823
2015-04-10 11:56:54.0000003,7.8026156
2015-05-05 12:32:14.0000007,10.575529
2015-05-05 12:32:14.0000006,10.930805
2015-05-05 12:32:14.0000003,10.225055
2015-05-05 12:32:14.0000004,5.0422373
2015-05-05 12:32:14.0000002,9.700952
2015-05-05 12:32:14.0000005,11.142987
2015-05-05 12:32:14.0000001,16.511744
2013-10-15 23:31:26.0000001,7.228561
2014-08-24 01:17:38.0000001,5.182077
2013-04-04 07:01:06.0000003,12.280229
2013-04-04 07:01:06.0000001,4.721095
2013-04-04 07:01:06.0000002,8.430352
2013-06-21 18:06:14.0000001,8.7449255
2013-06-21 18:06:14.0000005,11.308581
2013-06-21 18:06:14.0000004,6.370923
2013-06-21 18:06:14.0000003,12.377006
2013-06-21 18:06:14.0000006,8.352642
2009-08-03 21:09:42.0000001,6.11101
2009-08-03 21:09:42.0000003,5.7518387
2009-08-03 21:09:42.0000002,8.046098
2009-08-03 21:09:42.0000004,5.310783
2013-10-13 19:52:54.0000003,5.5587053
2013-10-13 19:52:54.0000001,5.681578
2014-11-14 11:09:46.0000001,7.4676976
2014-11-14 11:09:46.0000002,30.922194
2015-06-25 01:01:46.0000003,5.20054
2015-06-25 01:01:46.0000001,8.835553
2009-05-19 15:44:30.0000003,9.091311
2014-01-26 08:48:30.0000001,16.559834
2014-01-26 08:48:30.0000002,4.3937707
2012-01-19 02:06:02.0000001,4.041981
2014-12-25 21:32:58.0000001,10.615266
2012-08-09 07:49:02.0000001,10.636981
2012-08-09 07:49:02.0000003,15.488623
2012-08-09 07:49:02.0000002,7.08196
2014-08-10 05:03:50.0000001,31.65616
2010-01-11 15:18:14.0000002,5.5266657
2010-01-11 15:18:14.0000003,4.874606
2010-01-11 15:18:14.0000004,9.141283
2010-01-11 15:18:14.0000001,7.395337
2009-11-10 15:56:38.0000006,6.116656
2009-11-10 15:56:38.0000002,7.899261
2009-11-10 15:56:38.0000004,10.01212
2009-11-10 15:56:38.0000003,49.122555
2009-11-10 15:56:38.0000005,4.5631084
2009-11-10 15:56:38.0000001,10.351406
2012-10-18 09:17:42.0000002,8.518547
2012-10-18 09:17:42.0000001,8.924431
2010-12-06 13:19:58.0000003,6.1326747
2010-12-06 13:19:58.0000002,8.713074
2010-12-06 13:19:58.0000001,8.927937
2011-07-30 15:27:58.0000003,7.0541353
2011-07-30 15:27:58.0000002,6.713577
2011-07-20 04:21:54.0000001,5.381135
2011-07-20 04:21:54.0000002,7.435596
2009-03-10 19:51:34.0000003,5.489776
2009-03-10 19:51:34.0000004,10.480407
2009-03-10 19:51:34.0000005,5.1758246
2009-03-10 19:51:34.0000002,11.034244
2009-03-10 19:51:34.0000001,6.1927314
2011-11-15 22:33:42.0000001,8.407597
2011-11-15 22:33:42.0000002,13.6824
2010-09-24 22:40:06.0000005,6.843999
2010-09-24 22:40:06.0000003,24.788218
2010-09-24 22:40:06.0000006,5.7191505
2010-09-24 22:40:06.0000002,7.6061625
2010-09-24 22:40:06.0000001,6.8578014
2010-02-06 17:37:10.0000007,4.5643616
2010-02-06 17:37:10.0000004,5.58636
2010-02-06 17:37:10.0000006,6.8291025
2010-02-06 17:37:10.0000003,4.977085
2012-05-11 02:43:18.0000002,7.7115717
2012-05-11 02:43:18.0000001,4.185586
2011-09-25 21:18:06.0000001,8.576856
2011-09-25 21:18:06.0000002,11.090287
2013-12-18 03:16:02.0000001,14.607764
2012-01-26 01:32:42.0000001,7.9588814
2012-01-26 01:32:42.0000002,4.359122
2011-10-02 03:06:34.0000001,6.5252705
2012-03-31 12:52:46.0000002,7.0853877
2012-03-31 12:52:46.0000001,17.924166
2014-06-15 00:51:42.0000001,15.708179
2009-04-21 17:27:58.0000001,8.767982
2009-04-21 17:27:58.0000002,6.811511
2012-08-13 15:02:26.0000002,5.5351763
2012-08-13 15:02:26.0000003,7.1234536
2014-10-27 11:56:50.0000001,7.3126116
2014-10-27 11:56:50.0000002,18.435423
2014-10-27 11:56:50.0000003,10.922362
2009-09-29 18:03:18.0000001,12.354869
2011-10-30 16:52:26.0000001,5.174824
2011-10-30 16:52:26.0000002,5.641368
2014-11-24 23:39:26.0000002,18.578588
2014-11-24 23:39:26.0000001,29.400085
2011-08-16 14:41:50.0000001,8.40617
2011-08-16 14:41:50.0000003,5.9692025
2011-08-16 14:41:50.0000002,8.382513
2013-01-14 18:42:54.0000002,21.455166
2013-01-14 18:42:54.0000006,6.6704397
2013-01-14 18:42:54.0000001,5.220609
2013-01-14 18:42:54.0000007,4.509768
2013-01-14 18:42:54.0000008,10.181384
2009-04-18 23:09:34.0000002,11.740573
2009-11-11 21:20:18.0000001,5.2066474
2009-11-11 21:20:18.0000003,17.572294
2012-07-24 01:12:50.0000004,16.981455
2012-07-24 01:12:50.0000003,5.6072435
2012-07-24 01:12:50.0000001,13.497238
2012-07-24 01:12:50.0000002,6.4510355
2012-07-24 01:12:50.0000005,10.906157
2009-04-18 02:44:34.0000003,7.867397
2009-04-18 02:44:34.0000002,13.0506735
2014-07-18 06:32:22.0000001,7.1041665
2014-01-10 12:28:38.0000001,11.027268
2011-08-08 15:27:22.0000001,4.0627794
2014-07-30 14:42:34.0000001,8.734038
2014-07-30 14:42:34.0000003,27.667606
2014-07-30 14:42:34.0000002,16.089964
2014-08-26 16:39:54.0000002,14.2742195
2014-10-11 00:26:38.0000002,15.119725
2014-10-11 00:26:38.0000003,12.978865
2014-10-11 00:26:38.0000001,10.808088
2014-10-11 00:26:38.0000005,12.429136
2014-10-11 00:26:38.0000007,5.672615
2014-10-11 00:26:38.0000006,21.122608
2009-08-15 14:25:02.0000001,10.0605
2009-09-22 06:43:46.0000001,5.8145323
2014-05-14 00:00:34.0000001,8.984834
2014-05-14 00:00:34.0000002,10.748101
2014-10-14 01:57:26.0000001,4.1464415
2009-05-31 20:56:38.0000002,39.21559
2009-05-31 20:56:38.0000003,7.5874662
2009-05-31 20:56:38.0000001,4.894045
2009-07-11 12:59:58.0000001,8.690998
2010-06-02 15:33:06.0000001,5.048673
2010-06-02 15:33:06.0000002,5.4755535
2010-06-02 15:33:06.0000003,4.799055
2010-01-30 02:13:06.0000002,4.149798
2010-01-30 02:13:06.0000001,4.475717
2010-01-30 02:13:06.0000003,9.418679
2014-01-05 17:47:02.0000003,7.852362
2014-01-05 17:47:02.0000002,11.2142
2009-03-21 09:59:50.0000003,46.09736
2009-03-21 09:59:50.0000002,10.483285
2009-03-21 09:59:50.0000001,4.901179
2009-08-26 23:55:38.0000002,8.9975395
2009-06-09 15:10:50.0000002,48.933422
2009-06-09 15:10:50.0000001,4.579235
2011-09-18 06:14:54.0000001,7.795174
2009-03-27 16:05:22.0000004,32.74626
2009-03-27 16:05:22.0000005,5.2356997
2009-03-27 16:05:22.0000001,9.831761
2009-03-27 16:05:22.0000006,7.046927
2009-03-27 16:05:22.0000003,10.497064
2009-03-27 16:05:22.0000002,6.727404
2015-05-29 10:02:42.0000005,9.097372
2015-05-29 10:02:42.0000003,7.853459
2015-05-29 10:02:42.0000004,8.495191
2012-09-07 23:20:34.0000004,16.817038
2012-09-07 23:20:34.0000003,14.0871105
2012-09-07 23:20:34.0000001,6.168305
2014-03-07 10:36:50.0000002,8.857083
2014-03-07 10:36:50.0000001,9.916666
2013-03-17 23:47:50.0000002,17.392967
2013-03-17 23:47:50.0000001,6.552147
2015-06-30 20:03:50.0000005,10.1032295
2015-06-30 20:03:50.0000001,111.89844
2015-06-30 20:03:50.0000003,10.25486
2015-06-30 20:03:50.0000004,6.5850706
2015-05-11 02:21:26.0000002,4.8022146
2015-05-11 02:21:26.0000001,13.502262
2015-01-10 14:32:14.0000001,8.998005
2014-12-05 14:14:14.0000001,10.165242
2014-12-05 14:14:14.0000002,12.564079
2012-04-23 12:23:18.0000001,7.263065
2012-04-23 12:23:18.0000003,4.4151397
2012-04-23 12:23:18.0000002,33.72241
2012-09-01 13:33:14.0000003,7.5635347
2012-09-01 13:33:14.0000002,11.758109
2012-09-01 13:33:14.0000001,13.6248045
2011-04-17 14:55:58.0000001,3.7487237
2010-05-31 20:43:42.0000002,7.9343944
2013-11-22 23:44:34.0000002,12.9383335
2013-11-22 23:44:34.0000001,7.7719507
2013-05-17 05:30:10.0000002,12.677836
2013-05-17 05:30:10.0000001,7.3131733
2009-07-28 11:13:10.0000001,11.089247
2014-05-18 14:43:26.0000001,10.091979
2014-05-18 14:43:26.0000002,6.968391
2014-05-18 14:43:26.0000003,7.0267315
2011-10-08 18:18:26.0000005,9.946464
2011-10-08 18:18:26.0000001,4.61533
2011-10-08 18:18:26.0000004,13.111569
2013-09-27 04:39:14.0000001,10.461448
2011-02-08 01:44:18.0000001,10.69811
2015-01-12 06:21:38.0000001,7.3378205
2015-01-12 06:21:38.0000002,18.889202
2010-03-23 13:23:34.0000004,5.268832
2010-03-23 13:23:34.0000002,14.373527
2010-03-23 13:23:34.0000001,5.10935
2009-04-02 06:19:02.0000001,8.805338
2012-01-12 18:05:10.0000003,9.526742
2012-01-12 18:05:10.0000001,25.224775
2014-11-21 02:04:42.0000002,11.367475
2014-11-21 02:04:42.0000003,13.883688
2014-11-21 02:04:42.0000001,24.77309
2010-10-09 03:54:42.0000001,5.5318494
2012-04-03 12:26:14.0000002,5.2519016
2012-04-03 12:26:14.0000001,33.447113
2012-04-03 12:26:14.0000003,10.694301
2010-12-21 08:46:02.0000005,11.073722
2010-12-21 08:46:02.0000004,8.564171
2010-12-21 08:46:02.0000003,9.940025
2010-06-19 22:52:30.0000002,5.973879
2010-06-19 22:52:30.0000001,10.430441
2013-01-03 01:43:10.0000001,23.952948
2013-11-24 03:44:46.0000004,11.431106
2013-11-24 03:44:46.0000002,16.678854
2013-11-24 03:44:46.0000005,14.815855
2011-04-16 12:57:18.0000001,6.571533
2012-10-11 22:24:18.0000001,11.161267
2010-12-13 23:24:02.0000002,9.466074
2010-12-13 23:24:02.0000001,9.284156
2011-09-14 23:42:46.0000001,10.762171
2011-05-17 23:42:46.0000001,4.988999
2011-05-17 23:42:46.0000004,47.82044
2011-05-17 23:42:46.0000002,10.747717
2011-05-17 23:42:46.0000005,4.223293
2011-05-17 23:42:46.0000007,8.186433
2013-06-30 03:37:26.0000002,5.5292788
2013-06-30 03:37:26.0000005,20.042278
2013-06-30 03:37:26.0000001,4.5496664
2013-06-30 03:37:26.0000004,17.147959
2011-05-26 21:36:54.0000001,4.9852366
2009-11-09 06:00:22.0000001,4.2551813
2014-01-09 17:27:18.0000002,35.96741
2014-01-09 17:27:18.0000001,5.5339656
2014-01-09 17:27:18.0000005,9.716427
2014-01-09 17:27:18.0000006,5.5069437
2014-01-09 17:27:18.0000007,7.8569484
2012-07-01 00:24:58.0000003,7.4065046
2012-07-01 00:24:58.0000001,8.313774
2012-07-01 00:24:58.0000002,11.329477
2010-06-02 14:55:22.0000003,7.3117924
2010-06-02 14:55:22.0000002,4.832605
2010-06-02 14:55:22.0000004,6.4452534
2010-06-02 14:55:22.0000006,7.433107
2010-06-02 14:55:22.0000001,14.716667
2010-06-02 14:55:22.0000005,8.407892
2013-03-07 08:50:34.0000001,20.682756
2013-03-07 08:50:34.0000005,7.067481
2013-03-07 08:50:34.0000002,13.94008
2013-03-07 08:50:34.0000006,13.102315
2013-03-07 08:50:34.0000003,13.651089
2013-03-07 08:50:34.0000004,13.402804
2013-10-28 00:33:30.0000001,8.38471
2013-11-23 16:33:30.0000003,12.480368
2013-11-23 16:33:30.0000001,7.565429
2014-11-06 07:56:46.0000002,7.2405806
2014-11-06 07:56:46.0000001,7.796702
2013-04-05 12:38:22.0000001,18.08291
2014-11-06 02:02:10.0000001,5.978892
2012-10-09 07:47:46.0000002,9.119199
2012-10-09 07:47:46.0000001,11.630216
2012-10-09 07:47:46.0000003,10.580018
2012-10-09 07:47:46.0000004,9.801137
2012-10-09 07:47:46.0000005,5.669314
2013-11-21 22:21:58.0000001,17.654636
2014-12-20 01:57:26.0000001,9.565061
2014-12-20 01:57:26.0000004,5.971245
2014-12-20 01:57:26.0000003,11.327334
2014-12-20 01:57:26.0000002,6.0177674
2010-01-09 13:24:22.0000003,6.046352
2011-11-02 02:18:18.0000001,18.939579
2009-03-11 21:46:54.0000003,8.223107
2009-03-11 21:46:54.0000005,16.423883
2009-03-11 21:46:54.0000001,8.288414
2009-03-11 21:46:54.0000004,26.045776
2014-12-07 03:45:18.0000001,7.606758
2014-12-07 03:45:18.0000002,15.192693
2014-12-07 03:45:18.0000004,19.594536
2014-12-07 03:45:18.0000003,8.283736
2014-11-29 19:23:58.0000001,11.210347
2010-03-04 09:49:38.0000002,18.142303
2010-03-04 09:49:38.0000001,8.773093
2010-03-04 09:49:38.0000003,3.8816302
2009-10-10 06:52:06.0000001,5.016171
2009-10-10 06:52:06.0000002,10.179734
2012-08-22 20:54:46.0000003,7.382813
2012-08-22 20:54:46.0000001,8.701608
2012-08-22 20:54:46.0000002,6.275925
2015-05-01 07:49:14.0000001,4.8216743
2009-02-21 20:49:34.0000001,9.052666
2012-08-10 14:04:14.0000005,7.7689605
2012-08-10 14:04:14.0000006,21.12342
2012-08-10 14:04:14.0000004,6.2217803
2012-08-10 14:04:14.0000003,4.992995
2012-08-10 14:04:14.0000007,5.0644727
2012-08-10 14:04:14.0000002,9.194601
2013-05-10 21:08:18.0000002,20.59049
2013-05-10 21:08:18.0000003,7.941278
2013-05-10 21:08:18.0000005,5.6622
2013-05-10 21:08:18.0000004,12.493631
2013-05-10 21:08:18.0000001,4.968291
2009-09-25 12:59:18.0000001,7.9937005
2014-08-02 21:05:42.0000002,13.866691
2014-08-02 21:05:42.0000001,5.76871
2013-10-29 20:16:10.0000002,5.834948
2013-10-29 20:16:10.0000001,16.494425
2009-11-11 22:49:46.0000003,9.104912
2009-11-11 22:49:46.0000002,7.7396803
2009-11-11 22:49:46.0000001,5.316166
2009-10-17 03:52:42.0000002,7.3898726
2009-10-17 03:52:42.0000007,5.560788
2009-10-17 03:52:42.0000006,6.4974804
2009-10-17 03:52:42.0000003,14.675888
2009-10-17 03:52:42.0000001,5.430998
2009-10-17 03:52:42.0000004,5.7163987
2014-02-27 09:36:26.0000007,11.14147
2014-02-27 09:36:26.0000008,8.776335
2014-02-27 09:36:26.0000002,5.704572
2014-02-27 09:36:26.0000005,5.7347713
2014-02-27 09:36:26.0000003,6.075801
2014-02-27 09:36:26.0000006,10.858497
2014-02-27 09:36:26.0000004,14.911885
2014-02-27 09:36:26.0000009,4.6820316
2012-12-26 17:12:30.0000003,9.662336
2012-12-26 17:12:30.0000005,21.797792
2012-12-26 17:12:30.0000001,8.207751
2012-12-26 17:12:30.0000004,10.42953
2014-03-11 20:24:02.0000003,8.333643
2014-03-11 20:24:02.0000002,7.4143157
2014-03-11 20:24:02.0000004,7.393911
2011-01-29 09:28:38.0000002,6.650279
2011-01-29 09:28:38.0000001,7.5430703
2011-01-29 09:28:38.0000003,7.6671786
2011-01-29 09:28:38.0000005,6.1361814
2011-01-29 09:28:38.0000004,7.1180716
2015-05-07 15:33:26.0000003,6.04463
2015-05-07 15:33:26.0000007,6.3582892
2015-05-07 15:33:26.0000001,10.289177
2015-05-07 15:33:26.0000002,13.098318
2015-05-07 15:33:26.0000006,6.768941
2010-10-25 13:31:22.0000003,4.9220576
2010-10-25 13:31:22.0000002,15.360248
2010-10-25 13:31:22.0000001,4.7978363
2010-10-25 13:31:22.0000004,10.248917
2012-09-10 21:07:54.0000005,20.19885
2012-09-10 21:07:54.0000004,12.340582
2012-09-10 21:07:54.0000003,5.0433593
2012-09-10 21:07:54.0000007,10.448786
2012-09-10 21:07:54.0000002,10.920009
2012-09-10 21:07:54.0000006,9.172606
2012-09-10 21:07:54.0000001,7.480062
2012-04-15 21:54:22.0000001,7.7440634
2012-04-20 00:06:10.0000007,6.19338
2012-04-20 00:06:10.0000001,6.9934382
2012-04-20 00:06:10.0000002,8.015352
2012-04-20 00:06:10.0000006,7.0926576
2012-04-20 00:06:10.0000005,4.741616
2012-04-20 00:06:10.0000008,13.46388
2012-06-12 23:10:42.0000001,11.567334
2012-06-12 23:10:42.0000003,11.12998
2012-06-12 23:10:42.0000002,35.207104
2009-04-30 22:25:26.0000004,12.456989
2009-04-30 22:25:26.0000003,10.865729
2009-04-30 22:25:26.0000002,6.8251677
2009-04-30 22:25:26.0000001,6.337346
2011-02-20 06:18:34.0000001,27.294083
2011-02-20 06:18:34.0000002,5.84419
2013-04-21 19:50:54.0000003,42.021828
2011-06-11 21:33:18.0000001,11.487021
2013-02-06 18:21:18.0000006,8.873509
2013-02-06 18:21:18.0000002,8.870788
2013-02-06 18:21:18.0000003,13.181945
2013-02-06 18:21:18.0000004,7.0817533
2014-05-01 21:05:34.0000002,5.929838
2014-05-01 21:05:34.0000003,16.513449
2013-07-21 11:41:26.0000001,16.497297
2013-07-21 11:41:26.0000002,5.1234217
2011-04-22 19:23:54.0000001,11.182101
2011-04-22 19:23:54.0000003,6.6545844
2011-04-22 19:23:54.0000002,47.417027
2012-09-04 05:46:50.0000001,5.583376
2012-09-04 05:46:50.0000002,26.662016
2009-03-24 11:57:34.0000005,12.744518
2009-03-24 11:57:34.0000004,5.7070384
2009-03-24 11:57:34.0000003,4.3029165
2009-03-24 11:57:34.0000002,3.9302177
2009-03-24 11:57:34.0000001,5.3301334
2011-07-05 22:05:34.0000001,7.530225
2011-09-17 15:41:06.0000001,7.502499
2011-09-17 15:41:06.0000003,5.549913
2011-12-25 04:37:10.0000001,6.4156113
2015-03-05 13:21:58.0000002,11.076721
2015-03-05 13:21:58.0000003,7.792592
2014-09-01 09:16:10.0000001,8.673246
2015-06-21 17:16:10.0000007,7.8648353
2015-06-21 17:16:10.0000002,13.792995
2015-06-21 17:16:10.0000006,13.868754
2015-06-21 17:16:10.0000003,12.431324
2015-06-21 17:16:10.0000004,9.865224
2010-06-02 22:04:10.0000003,7.605947
2010-06-02 22:04:10.0000004,14.310669
2010-06-02 22:04:10.0000005,7.0473986
2010-06-02 22:04:10.0000006,5.3826537
2014-03-01 09:37:02.0000001,5.792627
2014-03-01 09:37:02.0000002,6.0898356
2014-03-01 09:37:02.0000003,54.469788
2011-07-18 12:12:18.0000001,6.2032843
2011-07-18 12:12:18.0000003,5.402056
2011-07-18 12:12:18.0000002,7.49767
2015-02-27 19:36:02.0000009,13.443442
2015-02-27 19:36:02.00000010,4.758651
2015-02-27 19:36:02.00000012,15.397977
2015-02-27 19:36:02.0000004,6.2308564
2015-02-27 19:36:02.00000011,8.863354
2015-02-27 19:36:02.0000003,9.312762
2015-02-27 19:36:02.0000001,29.448242
2015-02-27 19:36:02.0000002,7.062081
2015-02-27 19:36:02.0000007,24.627325
2012-04-16 21:10:10.0000001,8.812914
2015-06-14 08:26:26.0000001,5.5111775
2014-01-15 22:45:42.0000003,7.0614305
2014-01-15 22:45:42.0000001,54.398117
2014-01-15 22:45:42.0000002,13.416797
2013-04-06 19:16:10.0000001,4.0413246
2013-04-06 19:16:10.0000003,8.570773
2013-04-06 19:16:10.0000004,8.63487
2013-04-06 19:16:10.0000005,13.231456
2014-03-08 16:08:26.0000002,12.897418
2014-03-08 16:08:26.0000004,5.090486
2013-12-06 23:40:42.0000001,9.929665
2013-12-06 23:40:42.0000006,41.413773
2013-12-06 23:40:42.0000002,38.09324
2013-12-06 23:40:42.0000003,14.418821
2013-08-19 17:09:50.0000001,4.7688856
2013-08-19 17:09:50.0000002,11.024649
2013-08-19 17:09:50.0000004,6.3355722
2013-08-19 17:09:50.0000003,11.514178
2009-11-02 21:38:38.0000001,10.028844
2009-06-03 09:11:30.0000004,8.778231
2009-06-03 09:11:30.0000003,14.054603
2009-06-03 09:11:30.0000002,7.9097576
2009-06-03 09:11:30.0000005,5.390918
2015-03-12 13:01:54.0000002,9.941961
2015-03-12 13:01:54.0000005,13.935468
2015-03-12 13:01:54.0000004,9.661821
2015-03-12 13:01:54.0000001,6.2803097
2013-02-05 06:13:58.0000003,13.08687
2013-02-05 06:13:58.0000002,54.82285
2013-02-05 06:13:58.0000001,18.120537
2014-05-19 06:39:34.0000001,5.8488193
2014-10-04 21:48:22.0000003,7.4833612
2014-10-04 21:48:22.0000002,8.845371
2014-10-04 21:48:22.0000004,30.066113
2012-01-22 04:13:34.0000005,10.7565155
2012-01-22 04:13:34.0000006,5.734785
2012-01-22 04:13:34.0000004,8.112922
2012-01-22 04:13:34.0000002,11.946612
2010-07-27 06:13:02.0000001,18.892027
2013-06-21 11:19:18.0000002,5.3869085
2013-06-21 11:19:18.0000001,10.717394
2010-12-23 05:52:26.0000001,28.142248
2010-12-23 05:52:26.0000002,47.067997
2010-12-17 10:33:34.0000004,8.422495
2010-12-17 10:33:34.0000002,5.262519
2012-06-04 11:34:58.0000003,9.897582
2012-06-04 11:34:58.0000004,6.3594246
2012-06-04 11:34:58.0000001,15.776638
2009-07-05 16:31:30.0000001,4.2303452
2009-07-05 16:31:30.0000002,6.886402
2009-07-05 16:31:30.0000003,23.973404
2012-12-08 20:08:38.0000004,5.202539
2012-12-08 20:08:38.0000003,10.435307
2012-12-08 20:08:38.0000005,12.324127
2010-06-23 08:34:50.0000003,9.763323
2010-06-23 08:34:50.0000002,5.1410465
2010-06-23 08:34:50.0000001,7.0971475
2012-03-07 10:57:46.0000001,8.295229
2012-03-07 10:57:46.0000004,14.7246895
2012-03-07 10:57:46.0000005,6.0186176
2012-03-07 10:57:46.0000002,7.0871916
2012-03-07 10:57:46.0000003,8.245268
2010-02-24 07:06:54.0000001,6.974612
2013-12-29 01:20:50.0000003,16.428877
2013-12-29 01:20:50.0000001,8.376893
2014-03-28 22:34:26.0000001,25.972744
2014-03-28 22:34:26.0000004,5.219846
2014-03-28 22:34:26.0000003,9.965843
2010-12-04 21:08:38.0000002,10.295585
2010-12-04 21:08:38.0000001,18.091148
2010-12-04 21:08:38.0000006,7.640394
2010-12-04 21:08:38.0000003,6.564844
2010-03-07 17:09:42.0000002,21.197277
2010-03-07 17:09:42.0000003,5.9488745
2010-03-07 17:09:42.0000001,11.161383
2010-03-07 17:09:42.0000004,12.619413
2013-09-07 19:43:18.0000004,13.531256
2013-09-07 19:43:18.0000005,18.503193
2013-09-07 19:43:18.0000006,11.156876
2013-09-07 19:43:18.0000008,8.964038
2013-09-07 19:43:18.0000001,7.4872756
2013-12-20 15:31:06.0000001,9.154558
2013-12-20 15:31:06.0000002,9.78194
2010-09-06 04:31:54.0000001,21.182592
2013-11-01 05:26:54.0000001,55.50509
2010-03-07 00:47:26.0000004,15.854769
2012-03-20 01:55:42.0000001,18.968937
2011-10-02 05:06:46.0000001,13.998674
2010-10-31 18:45:58.0000003,5.30475
2010-10-31 18:45:58.0000002,17.676378
2010-10-31 18:45:58.0000001,7.564121
2010-10-31 18:45:58.0000005,5.069471
2015-02-03 09:00:58.0000002,10.116569
2012-08-08 08:58:50.0000001,7.50627
2012-08-08 08:58:50.0000004,5.417685
2012-08-08 08:58:50.0000005,7.230679
2012-08-08 08:58:50.0000003,8.348515
2011-04-08 15:01:02.0000001,9.323804
2011-04-08 15:01:02.0000003,6.577941
2009-01-14 03:42:38.0000001,8.814072
2015-01-10 09:38:54.0000007,12.31067
2015-01-10 09:38:54.0000003,7.69566
2015-01-10 09:38:54.0000004,14.711971
2010-12-04 09:25:10.0000001,11.394898
2010-12-04 09:25:10.0000002,8.196742
2009-05-12 17:08:06.0000001,14.969137
2013-11-07 02:07:22.0000001,18.077005
2014-10-03 00:50:06.0000004,17.592999
2014-10-03 00:50:06.0000001,6.870903
2014-10-03 00:50:06.0000002,13.377077
2010-06-18 19:19:26.0000001,29.224186
2010-06-18 19:19:26.0000002,4.528208
2010-06-18 19:19:26.0000003,5.800519
2010-05-10 03:55:14.0000001,8.717204
2013-06-21 00:00:34.0000001,20.687151
2013-06-21 00:00:34.0000002,22.381004
2013-06-21 00:00:34.0000003,13.006961
2009-03-11 16:02:14.0000006,7.021773
2009-03-11 16:02:14.0000004,6.5390887
2009-03-11 16:02:14.0000002,10.454534
2009-03-11 16:02:14.0000001,4.217083
2009-03-11 16:02:14.0000005,7.6527667
2009-03-11 16:02:14.0000003,6.1061378
2013-07-05 17:38:14.0000001,9.499834
2013-08-26 01:11:14.0000002,11.818199
2013-08-26 01:11:14.0000001,9.588799
2012-07-30 01:49:10.0000001,3.7001052
2012-07-30 01:49:10.0000002,18.072132
2011-05-13 03:57:10.0000001,6.060858
2012-02-29 12:03:34.0000004,11.497748
2012-02-29 12:03:34.0000002,5.0549045
2012-02-29 12:03:34.0000001,8.518199
2013-12-17 17:59:22.0000001,5.911221
2012-09-18 09:58:54.0000003,10.338203
2012-09-18 09:58:54.0000002,36.365433
2012-09-18 09:58:54.0000001,12.280269
2013-07-23 18:56:30.0000002,7.350344
2013-07-23 18:56:30.0000001,7.077996
2014-05-15 01:39:14.0000001,29.41106
2013-09-16 14:16:34.0000003,7.171257
2013-09-16 14:16:34.0000001,39.660942
2014-01-04 17:27:38.0000001,26.166185
2014-01-04 17:27:38.0000002,9.583419
2014-01-04 17:27:38.0000003,9.463181
2011-03-10 18:16:14.0000003,7.296468
2011-03-10 18:16:14.0000004,5.6356997
2011-03-10 18:16:14.0000001,4.8882465
2013-04-05 06:42:26.0000002,7.5779066
2013-04-05 06:42:26.0000001,12.768369
2009-03-11 12:01:30.0000001,14.452081
2009-03-11 12:01:30.0000002,5.7623177
2009-03-11 12:01:30.0000004,6.8301806
2015-01-20 05:31:06.0000001,57.342102
2009-08-03 17:06:06.0000001,5.501848
2014-01-05 08:51:10.0000001,6.1549993
2010-03-13 01:23:10.0000002,20.951633
2010-03-13 01:23:10.0000003,5.241006
2012-05-30 02:28:50.0000001,10.441084
2012-07-26 12:40:38.0000002,6.6603904
2012-07-26 12:40:38.0000001,31.636692
2012-07-26 12:40:38.0000003,9.165236
2010-09-22 16:28:54.0000003,6.7232203
2010-09-22 16:28:54.0000001,8.190389
2010-09-22 16:28:54.0000002,28.852232
2014-05-26 22:57:10.0000002,6.4555144
2014-05-26 22:57:10.0000003,15.031407
2014-05-26 22:57:10.0000005,6.6454763
2014-05-26 22:57:10.0000004,10.638939
2012-02-11 07:03:34.0000001,4.3582067
2010-06-27 05:03:38.0000001,5.941955
2014-09-29 11:51:06.0000001,20.789116
2014-09-29 11:51:06.0000002,6.4919114
2010-09-04 18:31:42.0000002,11.423256
2010-09-04 18:31:42.0000001,19.57712
2015-04-14 19:20:46.0000001,10.813107
2015-04-14 19:20:46.0000005,6.0208
2015-04-14 19:20:46.00000010,5.227824
2015-04-14 19:20:46.0000007,4.9835114
2015-04-14 19:20:46.0000004,6.675513
2015-04-14 19:20:46.0000003,12.055104
2015-04-14 19:20:46.0000006,7.7064066
2015-04-14 19:20:46.0000002,8.270108
2015-04-14 19:20:46.0000009,11.149558
2009-07-20 08:53:34.0000002,4.914088
2009-07-20 08:53:34.0000001,7.4921703
2013-04-03 16:09:02.0000002,4.4077067
2013-04-03 16:09:02.0000001,70.6288
2009-11-20 23:19:58.0000001,7.180938
2009-11-20 23:19:58.0000002,9.830926
2012-08-04 09:01:54.0000002,10.057461
2012-08-04 09:01:54.0000001,4.432274
2011-09-22 20:05:22.0000007,9.020879
2011-09-22 20:05:22.0000001,10.297819
2011-09-22 20:05:22.0000005,11.427239
2011-09-22 20:05:22.0000006,5.117474
2014-08-09 01:27:30.0000002,7.236412
2011-02-15 05:44:42.0000002,12.704009
2011-02-15 05:44:42.0000001,48.34048
2014-10-31 12:04:26.0000002,35.57158
2014-10-31 12:04:26.0000001,6.5398307
2015-02-09 07:16:26.0000006,4.8876085
2015-02-09 07:16:26.0000004,6.299131
2015-02-09 07:16:26.0000007,5.6184263
2015-02-09 07:16:26.0000001,5.1174555
2015-02-09 07:16:26.0000002,10.575021
2015-02-09 07:16:26.0000008,6.052231
2015-02-09 07:16:26.0000003,9.011175
2011-09-08 17:26:34.0000001,8.260405
2011-09-08 17:26:34.0000003,11.56938
2011-09-08 17:26:34.0000002,11.1390915
2011-09-08 17:26:34.0000004,7.1551604
2013-04-10 21:03:42.0000004,6.1095953
2013-04-10 21:03:42.0000005,9.768442
2013-04-10 21:03:42.0000003,5.826918
2013-04-10 21:03:42.0000002,11.893407
2013-04-10 21:03:42.0000001,5.8040085
2011-12-29 19:29:50.0000003,6.4978766
2011-12-29 19:29:50.0000004,13.793013
2011-12-29 19:29:50.0000001,9.244058
2013-09-26 15:50:06.0000003,5.0493274
2013-09-26 15:50:06.0000005,15.726281
2013-09-26 15:50:06.0000002,6.862641
2013-09-26 15:50:06.0000001,12.328569
2013-09-26 15:50:06.0000004,7.5674553
2012-10-01 07:18:06.0000001,5.5861325
2012-10-01 07:18:06.0000002,6.918558
2013-03-14 21:43:46.0000001,14.661599
2012-10-05 23:47:02.0000001,9.835192
2009-02-08 00:04:06.0000004,12.140802
2009-02-08 00:04:06.0000002,28.169376
2012-02-04 22:47:18.0000001,5.337194
2012-02-04 22:47:18.0000003,6.582699
2012-05-06 03:01:10.0000003,5.8124814
2012-05-06 03:01:10.0000002,11.5118885
2014-07-08 08:56:58.0000001,8.225876
2010-01-09 08:29:14.0000003,4.2876635
2010-01-09 08:29:14.0000002,7.5782704
2010-01-09 08:29:14.0000001,14.48104
2010-01-09 08:29:14.0000004,5.033854
2010-12-06 03:36:58.0000001,4.230242
2011-10-19 05:25:18.0000002,28.201157
2011-10-19 05:25:18.0000001,6.907375
2014-06-14 08:13:22.0000002,18.286583
2014-06-14 08:13:22.0000003,18.8722
2014-06-14 08:13:22.0000001,13.73755
2011-02-19 10:14:58.0000002,6.134352
2014-12-25 03:10:26.0000001,11.106077
2009-06-16 14:32:38.0000003,5.8333573
2009-06-16 14:32:38.0000001,7.945506
2009-06-16 14:32:38.0000005,9.520334
2009-06-16 14:32:38.0000006,7.961109
2009-06-16 14:32:38.0000002,7.5924497
2009-06-16 14:32:38.0000004,16.88318
2010-08-16 17:14:18.0000001,45.891518
2013-04-29 09:18:06.0000004,7.108853
2013-04-29 09:18:06.0000002,29.275406
2013-04-29 09:18:06.0000005,10.244765
2013-04-29 09:18:06.0000001,22.60287
2013-04-29 09:18:06.0000003,11.066171
2013-06-23 14:52:34.0000002,29.243553
2013-06-23 14:52:34.0000001,5.1890516
2013-03-28 05:22:58.0000001,7.132977
2015-06-08 20:18:30.0000006,9.660944
2015-06-08 20:18:30.0000003,6.2641883
2015-06-08 20:18:30.0000002,16.67649
2015-06-08 20:18:30.0000001,9.580361
2015-06-08 20:18:30.0000004,10.537955
2015-06-08 20:18:30.0000005,11.507739
2011-09-08 13:39:06.0000001,7.1289077
2012-03-03 02:30:54.0000001,7.109671
2012-03-03 02:30:54.0000002,8.044815
2012-03-03 02:30:54.0000004,9.648438
2010-03-27 20:11:10.0000003,5.387672
2010-03-27 20:11:10.0000001,7.8399315
2010-03-27 20:11:10.0000002,10.733018
2009-08-11 22:40:02.0000002,7.580505
2009-08-11 22:40:02.0000003,31.551918
2009-08-11 22:40:02.0000004,3.7452054
2009-08-11 22:40:02.0000005,13.49672
2009-08-11 22:40:02.0000001,4.8938317
2012-12-27 21:01:54.0000001,7.0541387
2012-12-27 21:01:54.0000003,6.1069994
2012-12-27 21:01:54.0000006,9.55046
2012-12-27 21:01:54.0000007,17.538757
2012-12-27 21:01:54.0000008,10.214763
2015-04-16 18:45:22.0000003,7.2046967
2015-04-16 18:45:22.0000002,6.050777
2015-04-16 18:45:22.0000001,10.627983
2015-04-16 18:45:22.0000005,18.263721
2014-05-17 10:51:46.0000001,7.4921317
2014-05-17 10:51:46.0000004,7.1253095
2014-05-17 10:51:46.0000002,29.738773
2009-05-04 11:23:18.0000001,7.6987796
2009-05-04 11:23:18.0000003,6.4420633
2009-05-04 11:23:18.0000002,8.932414
2013-07-22 14:30:06.0000002,6.22437
2013-07-22 14:30:06.0000001,16.048954
2015-05-31 20:48:54.0000005,4.3450837
2015-05-31 20:48:54.0000004,11.452079
2015-05-31 20:48:54.0000001,4.574639
2010-07-16 06:44:06.0000001,5.786198
2010-07-16 06:44:06.0000003,12.470747
2010-07-16 06:44:06.0000004,16.011951
2010-07-16 06:44:06.0000002,15.524814
2013-01-06 12:39:54.0000003,7.7270007
2013-01-06 12:39:54.0000001,7.441245
2013-01-06 12:39:54.0000004,7.9915338
2013-01-06 12:39:54.0000002,6.6577163
2013-01-06 12:39:54.0000005,4.079498
2012-12-15 15:55:42.0000001,7.8732343
2012-12-15 15:55:42.0000002,10.051864
2010-05-06 11:35:26.0000001,6.280963
2010-05-06 11:35:26.0000003,17.68197
2014-01-06 10:16:02.0000001,18.042784
2014-01-06 10:16:02.0000002,6.4284325
2012-07-24 04:44:26.0000001,9.147361
2010-08-06 15:37:14.0000007,7.078946
2010-08-06 15:37:14.0000003,7.394227
2010-08-06 15:37:14.0000006,8.187417
2010-08-06 15:37:14.0000005,30.140442
2010-08-06 15:37:14.0000004,10.297794
2010-08-06 15:37:14.0000002,11.023039
2010-08-06 15:37:14.0000001,6.3879304
2010-11-10 23:21:50.0000002,6.857462
2010-11-10 23:21:50.0000003,7.500481
2013-03-31 00:09:58.0000002,8.851686
2013-03-31 00:09:58.0000003,11.249622
2010-02-01 00:05:42.0000001,10.060247
2010-02-01 00:05:42.0000002,14.541357
2009-06-18 18:47:22.0000003,12.189235
2009-06-18 18:47:22.0000001,8.791678
2009-06-18 18:47:22.0000002,9.849092
2015-01-03 08:47:26.0000001,10.843678
2015-01-03 08:47:26.0000002,11.366252
2014-06-20 02:16:34.0000001,7.3921247
2011-02-03 07:13:06.0000001,5.487305
2014-01-14 18:48:06.0000007,11.930349
2014-01-14 18:48:06.0000002,6.2474732
2014-01-14 18:48:06.0000003,5.664611
2014-01-14 18:48:06.0000004,7.6097784
2014-01-14 18:48:06.0000001,9.320332
2014-01-14 18:48:06.0000005,7.58007
2014-01-14 18:48:06.0000006,7.1900644
2013-10-18 05:08:54.0000001,34.656677
2011-07-20 08:05:02.0000003,8.091016
2011-07-20 08:05:02.0000002,5.092724
2011-07-20 08:05:02.0000004,8.846374
2009-05-03 16:02:54.0000005,8.0917845
2009-05-03 16:02:54.0000003,5.6336584
2009-05-03 16:02:54.0000002,6.5224843
2009-05-03 16:02:54.0000001,13.896546
2012-09-06 17:58:06.0000001,4.741963
2012-09-06 17:58:06.0000003,10.522106
2014-04-06 16:47:14.0000003,6.7858777
2014-09-06 03:52:50.0000002,11.627784
2013-07-27 09:59:18.0000001,7.4433208
2014-12-26 20:19:38.0000002,6.8008423
2014-01-01 13:06:34.0000001,6.336864
2011-12-25 15:35:54.0000003,6.8692265
2011-12-25 15:35:54.0000004,8.203965
2015-05-14 23:11:58.0000001,17.48459
2015-05-14 23:11:58.0000007,9.941133
2015-05-14 23:11:58.0000003,7.7819905
2015-05-14 23:11:58.0000005,8.097581
2015-05-14 23:11:58.0000008,9.878834
2015-05-14 23:11:58.0000002,13.350676
2015-05-14 23:11:58.0000006,6.4728065
2015-04-22 09:54:06.0000002,7.5952864
2015-04-22 09:54:06.0000003,6.480679
2009-03-22 07:02:02.0000001,7.9476705
2012-04-30 04:34:50.0000001,18.483736
2009-01-21 09:13:50.0000003,4.631424
2009-01-21 09:13:50.0000004,5.959523
2009-01-21 09:13:50.0000001,9.407349
2009-01-21 09:13:50.0000002,7.1406436
2010-06-11 18:07:10.0000002,5.0387964
2010-06-11 18:07:10.0000001,4.2066317
2010-06-11 18:07:10.0000004,12.809729
2010-06-11 18:07:10.0000003,12.828453
2012-09-01 19:04:18.0000002,9.337154
2014-06-18 06:22:42.0000001,6.6339607
2014-06-18 06:22:42.0000002,10.1367445
2009-12-09 08:34:30.0000001,6.7938404
2009-12-09 08:34:30.0000002,5.8874073
2009-12-09 08:34:30.0000003,48.047405
2009-12-09 08:34:30.0000004,47.778225
2013-06-06 02:54:50.0000002,11.69028
2013-06-06 02:54:50.0000003,7.1383142
2010-07-19 12:15:54.0000003,6.794195
2010-07-19 12:15:54.0000002,12.359488
2010-07-19 12:15:54.0000001,6.242757
2010-07-19 12:15:54.0000004,5.417644
2013-12-18 12:36:46.0000001,9.021895
2013-12-18 12:36:46.0000003,40.341625
2013-12-18 12:36:46.0000004,7.773795
2013-12-18 12:36:46.0000002,9.439273
2009-01-25 21:17:18.0000002,7.4111857
2009-01-25 21:17:18.0000003,6.317972
2012-10-03 09:18:22.0000002,8.063695
2012-10-03 09:18:22.0000003,10.399089
2012-10-03 09:18:22.0000004,7.2679167
2012-10-03 09:18:22.0000001,14.115957
2012-10-03 09:18:22.0000005,12.110511
2012-06-13 19:49:50.0000003,10.444845
2012-06-13 19:49:50.0000002,12.006427
2012-06-13 19:49:50.0000001,4.49833
2011-09-03 00:03:42.0000004,4.7016625
2011-09-03 00:03:42.0000009,13.879889
2011-09-03 00:03:42.0000001,6.424457
2011-09-03 00:03:42.0000003,6.242129
2011-09-03 00:03:42.0000006,8.507495
2011-09-03 00:03:42.0000002,6.9748406
2011-09-03 00:03:42.0000005,8.216522
2009-01-27 13:27:30.0000002,10.573617
2009-01-27 13:27:30.0000001,7.49968
2009-07-03 00:41:38.0000001,8.4555025
2009-07-03 00:41:38.0000002,4.783767
2010-05-29 11:51:30.0000001,5.5237985
2013-07-02 22:27:14.0000005,7.7786574
2013-07-02 22:27:14.0000003,11.965763
2015-05-09 11:33:58.0000004,6.1715326
2015-05-09 11:33:58.0000001,7.588058
2015-05-09 11:33:58.0000003,38.628277
2011-07-18 00:04:54.0000002,4.6294293
2011-04-03 03:46:18.0000002,9.791297
2009-11-03 13:04:46.0000003,6.2759967
2009-11-03 13:04:46.0000002,17.162928
2009-11-03 13:04:46.0000001,8.617195
2010-06-25 14:00:14.0000002,8.032101
2010-12-20 09:39:02.0000001,12.273755
2010-12-20 09:39:02.0000002,6.6494603
2014-05-20 14:43:10.0000001,9.33618
2014-05-20 14:43:10.0000002,5.8729053
2010-09-16 05:07:10.0000001,6.0561776
2011-08-01 17:44:30.0000006,9.229982
2011-08-01 17:44:30.0000005,5.816049
2011-08-01 17:44:30.0000001,8.895611
2011-08-01 17:44:30.0000002,8.477307
2011-08-01 17:44:30.0000004,4.856826
2011-03-01 07:23:14.0000003,5.805296
2011-03-01 07:23:14.0000001,5.593887
2011-06-24 13:23:18.0000004,12.831548
2011-06-24 13:23:18.0000001,14.36723
2011-06-24 13:23:18.0000002,16.431889
2011-06-24 13:23:18.0000003,10.522782
2013-11-19 02:41:10.0000001,9.113173
2012-01-01 18:02:46.0000003,4.2205276
2012-01-01 18:02:46.0000002,7.99834
2015-03-28 19:31:26.0000002,6.2822514
2015-03-28 19:31:26.0000006,7.355123
2015-03-28 19:31:26.0000001,8.611344
2015-03-28 19:31:26.0000005,12.947328
2010-07-13 11:53:15.0000004,7.476026
2010-07-13 11:53:15.0000001,10.78519
2010-07-13 11:53:15.0000007,14.483423
2010-07-13 11:53:15.0000002,8.867728
2013-02-07 13:47:59.0000004,8.894781
2013-02-07 13:47:59.0000001,4.362452
2013-02-07 13:47:59.0000003,8.869979
2013-08-08 14:38:43.0000001,4.3812675
2013-08-08 14:38:43.0000003,5.666635
2015-05-19 13:58:11.0000003,36.826702
2015-05-19 13:58:11.0000008,11.761333
2015-05-19 13:58:11.0000005,13.267254
2015-05-19 13:58:11.0000007,43.39162
2015-05-19 13:58:11.0000004,6.9533563
2015-05-19 13:58:11.0000002,14.100843
2012-07-31 22:21:11.0000001,7.1935883
2012-07-31 22:21:11.0000002,4.476202
2013-01-03 08:50:31.0000001,10.557295
2013-01-03 08:50:31.0000002,6.8593383
2013-01-03 08:50:31.0000007,7.3257356
2013-01-03 08:50:31.0000004,8.547393
2013-01-03 08:50:31.0000006,30.409323
2013-01-03 08:50:31.0000005,21.689999
2009-04-14 17:43:23.0000003,5.491556
2009-04-14 17:43:23.0000007,12.589632
2009-04-14 17:43:23.0000006,9.4966345
2009-04-14 17:43:23.0000008,6.0910044
2009-04-14 17:43:23.0000004,9.856759
2009-04-14 17:43:23.0000005,6.864324
2009-11-19 22:48:27.0000003,8.755934
2009-11-19 22:48:27.0000002,19.21006
2009-11-19 22:48:27.0000004,6.6935205
2013-02-15 00:37:15.0000003,14.726325
2013-02-15 00:37:15.0000002,13.49586
2013-02-15 00:37:15.0000001,9.892588
2012-03-25 04:50:39.0000002,10.590477
2012-03-24 23:33:59.0000001,5.8037257
2012-12-26 18:28:55.0000002,7.2270727
2012-12-26 18:28:55.0000005,17.170534
2012-12-26 18:28:55.0000001,10.623284
2012-12-26 18:28:55.0000003,5.2435336
2012-12-26 18:28:55.0000007,27.837639
2012-12-26 18:28:55.0000006,56.116566
2011-07-06 19:56:23.0000004,6.9910054
2011-07-06 19:56:23.0000002,5.510534
2011-07-06 19:56:23.0000006,13.77408
2011-07-06 19:56:23.0000007,10.254117
2011-07-06 19:56:23.0000003,8.398458
2014-12-15 10:41:15.0000001,5.056178
2014-12-15 10:41:15.0000002,24.19593
2014-12-15 10:41:15.0000003,12.652133
2011-08-14 21:39:31.0000001,8.295558
2011-08-14 21:39:31.0000002,7.7309976
2010-06-06 21:04:55.0000001,6.313
2013-09-27 19:02:51.0000001,13.250099
2013-09-27 19:02:51.0000003,35.779034
2013-09-27 19:02:51.0000004,8.521141
2013-09-27 19:02:51.0000002,9.669284
2013-05-28 18:24:27.0000003,13.117986
2013-05-28 18:24:27.0000001,6.4005013
2013-05-28 18:24:27.0000004,8.048157
2013-05-28 18:24:27.0000002,4.6690145
2015-06-15 14:34:03.0000002,5.754216
2010-07-04 16:44:11.0000001,6.762991
2010-07-04 16:44:11.0000002,6.8444967
2014-11-26 06:46:23.0000001,13.717199
2010-07-27 11:37:43.0000001,14.560802
2010-07-27 11:37:43.0000003,9.404645
2010-07-27 11:37:43.0000005,15.106449
2010-07-27 11:37:43.0000006,10.409238
2010-07-27 11:37:43.0000004,8.469172
2010-07-27 11:37:43.0000002,27.217566
2010-12-19 16:25:15.0000004,10.943553
2010-12-19 16:25:15.0000003,6.188577
2010-12-19 16:25:15.0000001,7.79536
2012-08-19 12:06:39.0000001,4.7179255
2011-02-26 12:32:15.0000001,4.0694532
2011-02-26 12:32:15.0000002,6.6897397
2015-06-18 20:56:55.0000003,9.9091
2015-06-18 20:56:55.0000005,28.590172
2015-06-18 20:56:55.0000007,41.369152
2015-06-18 20:56:55.0000006,4.9593244
2013-11-24 21:33:11.0000001,56.991795
2013-11-24 21:33:11.0000002,11.038374
2015-04-28 20:15:27.0000002,50.82209
2015-04-28 20:15:27.0000006,7.090673
2015-04-28 20:15:27.0000001,8.803303
2015-04-28 20:15:27.0000005,7.704804
2015-04-28 20:15:27.0000008,15.732599
2013-01-23 13:49:19.0000002,10.036552
2013-01-23 13:49:19.0000003,41.832405
2014-03-12 19:19:31.0000003,24.53227
2014-03-12 19:19:31.0000001,26.21704
2014-03-12 19:19:31.0000002,7.988304
2010-07-26 09:54:11.0000001,5.329132
2012-01-03 08:49:15.0000002,5.973997
2012-01-03 08:49:15.0000001,48.291496
2012-01-03 08:49:15.0000004,4.553926
2012-01-03 08:49:15.0000003,4.2325497
2012-11-05 14:49:19.0000002,17.796904
2012-11-05 14:49:19.0000001,5.3496323
2012-06-09 19:03:11.0000004,7.050295
2012-06-09 19:03:11.0000006,10.834345
2012-06-09 19:03:11.0000002,4.1464205
2012-06-09 19:03:11.0000003,10.205084
2012-06-09 19:03:11.0000001,9.3955555
2010-10-17 23:12:19.0000004,8.7823715
2010-10-17 23:12:19.0000005,6.3758464
2010-10-17 23:12:19.0000001,4.8526773
2010-10-17 23:12:19.0000002,10.283275
2010-10-17 23:12:19.0000003,4.542836
2014-06-07 12:21:11.0000001,37.441372
2014-06-07 12:21:11.0000004,7.725269
2011-09-08 22:37:43.0000004,5.8652987
2011-09-08 22:37:43.0000003,9.385674
2011-09-08 22:37:43.0000005,17.542885
2011-09-08 22:37:43.0000002,11.157828
2014-10-30 19:25:15.0000003,55.066372
2014-10-30 19:25:15.0000005,5.4016423
2014-10-30 19:25:15.0000001,4.9740534
2014-10-30 19:25:15.0000002,41.194904
2014-10-30 19:25:15.0000004,9.13134
2010-06-18 22:52:11.0000002,4.692466
2011-02-16 05:49:51.0000001,5.5064163
2011-09-13 13:31:51.0000004,6.5050993
2011-09-13 13:31:51.0000003,46.766407
2011-09-13 13:31:51.0000002,5.784846
2009-09-28 04:31:39.0000001,9.844937
2009-01-11 03:31:55.0000001,17.280628
2009-01-11 03:31:55.0000003,11.152557
2009-01-11 03:31:55.0000004,10.686662
2009-01-11 03:31:55.0000002,5.602173
2014-01-24 03:38:19.0000001,18.5337
2014-08-06 18:03:31.0000002,10.638911
2014-08-06 18:03:31.0000001,9.31035
2009-08-26 00:46:43.0000001,6.033473
2014-01-19 09:28:55.0000001,19.934498
2010-01-27 06:01:59.0000001,5.7418036
2011-11-30 23:09:47.0000003,11.891248
2011-11-30 23:09:47.0000002,10.231752
2011-11-30 23:09:47.0000001,6.4969683
2014-08-03 23:37:31.0000003,10.792638
2014-08-03 23:37:31.0000002,11.999326
2014-08-03 23:37:31.0000001,7.3758907
2014-10-06 09:24:11.0000002,19.733004
2014-10-06 09:24:11.0000004,37.520813
2014-10-06 09:24:11.0000003,9.053213
2014-10-06 09:24:11.0000001,10.296028
2009-08-28 12:38:19.0000001,11.03746
2009-08-28 12:38:19.0000004,17.399809
2009-08-28 12:38:19.0000003,27.157171
2009-08-28 12:38:19.0000002,7.717193
2012-03-15 18:23:55.0000001,5.873944
2012-03-15 18:23:55.0000004,11.347201
2012-03-15 18:23:55.0000005,7.7661824
2012-03-15 18:23:55.0000003,8.787268
2011-11-23 21:07:43.0000003,4.4261665
2011-11-23 21:07:43.0000002,15.056116
2012-11-23 07:58:23.0000001,8.407166
2010-11-17 19:10:23.0000007,24.41147
2010-11-17 19:10:23.0000006,7.3559213
2010-11-17 19:10:23.0000001,5.4525867
2010-11-17 19:10:23.0000002,27.386654
2010-11-17 19:10:23.0000008,10.387906
2010-11-17 19:10:23.0000004,5.0721903
2015-02-14 13:15:19.0000003,12.564106
2015-02-14 13:15:19.0000006,9.459913
2015-02-14 13:15:19.0000004,5.8416014
2015-02-14 13:15:19.0000008,8.008381
2015-02-14 13:15:19.0000001,18.989538
2013-01-12 22:40:39.0000003,4.562916
2013-01-12 22:40:39.0000004,11.221967
2013-01-12 22:40:39.0000001,12.525608
2013-01-12 22:40:39.0000005,7.3207836
2013-01-12 22:40:39.0000006,5.1511703
2011-04-12 12:06:07.0000002,7.257017
2011-04-12 12:06:07.0000001,32.23744
2010-11-04 20:14:39.0000005,5.029853
2010-11-04 20:14:39.0000002,5.6412077
2010-11-04 20:14:39.0000004,7.996029
2010-11-04 20:14:39.0000003,6.8193283
2010-11-04 20:14:39.0000001,6.755914
2011-04-25 19:14:55.0000003,11.219579
2011-04-25 19:14:55.0000001,5.0563807
2011-04-25 19:14:55.0000004,6.8501163
2011-04-25 19:14:55.0000002,6.205561
2011-04-25 19:14:55.0000005,6.9477215
2010-02-15 14:20:31.0000001,8.042818
2013-03-23 15:41:07.0000001,9.56565
2013-03-23 15:41:07.0000004,9.108798
2013-03-23 15:41:07.0000005,5.995491
2012-12-09 06:04:39.0000001,55.645042
2013-11-07 16:38:15.0000003,8.355192
2013-11-07 16:38:15.0000002,8.257441
2013-11-07 16:38:15.0000001,7.7701616
2011-08-08 11:18:15.0000004,9.596851
2011-08-08 11:18:15.0000003,8.1602545
2011-08-08 11:18:15.0000002,6.4644604
2009-05-08 22:14:51.0000004,4.729077
2009-05-08 22:14:51.0000001,12.596486
2009-05-08 22:14:51.0000003,11.006509
2012-11-15 18:22:19.0000002,14.827549
2012-11-15 18:22:19.0000007,6.892414
2012-11-15 18:22:19.0000003,5.0797276
2012-11-15 18:22:19.0000005,8.985678
2012-11-15 18:22:19.0000001,21.898886
2012-11-15 18:22:19.0000004,8.994949
2012-11-15 18:22:19.0000006,11.175378
2010-01-31 00:33:03.0000002,6.437446
2010-01-31 00:33:03.0000004,4.462673
2010-01-31 00:33:03.0000001,21.234388
2010-01-31 00:33:03.0000007,5.5425053
2010-01-31 00:33:03.0000003,10.636672
2012-04-20 07:30:43.0000003,5.4179583
2012-04-20 07:30:43.0000002,14.9345665
2012-04-20 07:30:43.0000004,7.220403
2012-04-20 07:30:43.0000001,10.029808
2009-09-29 09:38:15.0000002,6.4460254
2009-09-29 09:38:15.0000001,9.688088
2010-12-31 05:30:19.0000002,5.9421067
2010-12-31 05:30:19.0000001,11.751306
2009-01-18 18:22:07.0000001,20.155264
2009-01-28 11:27:19.0000002,4.7205844
2013-05-04 05:00:43.0000001,9.39091
2014-02-23 13:22:03.0000002,7.420344
2014-02-23 13:22:03.0000001,5.588326
2010-10-28 12:38:55.0000003,9.402227
2010-10-28 12:38:55.0000002,6.274448
2010-10-28 12:38:55.0000001,10.489974
2015-05-20 19:39:11.0000002,14.681544
2015-05-20 19:39:11.0000009,13.396309
2015-05-20 19:39:11.0000001,11.581834
2015-05-20 19:39:11.0000008,12.656739
2015-05-20 19:39:11.0000007,30.126186
2015-05-20 19:39:11.0000005,7.872645
2015-05-20 19:39:11.0000006,8.752145
2015-03-20 16:33:07.0000002,9.628801
2015-03-20 16:33:07.0000001,8.192668
2013-04-26 17:05:07.0000001,9.360308
2014-01-11 17:47:47.0000005,23.76821
2014-01-11 17:47:47.0000006,5.978723
2014-01-11 17:47:47.0000002,16.536936
2014-01-11 17:47:47.0000003,6.349687
2014-01-11 17:47:47.0000004,9.894937
2012-03-10 10:48:43.0000001,8.315444
2012-03-10 10:48:43.0000004,10.734347
2012-03-10 10:48:43.0000003,6.9372087
2012-03-10 10:48:43.0000005,4.0651126
2012-03-10 10:48:43.0000002,8.641107
2012-07-12 02:46:07.0000002,21.794199
2009-01-06 14:48:51.0000003,5.5247173
2009-01-06 14:48:51.0000002,5.8218265
2009-01-06 14:48:51.0000001,5.1729746
2015-04-15 03:30:27.0000001,4.950816
2015-04-26 21:44:23.0000001,36.132706
2015-04-26 21:44:23.0000003,12.188437
2014-11-24 05:03:51.0000001,16.17532
2014-03-05 23:16:07.0000002,60.412014
2015-01-04 00:28:11.0000005,7.984285
2015-01-04 00:28:11.0000001,10.017346
2015-01-04 00:28:11.0000002,5.2987056
2015-01-04 00:28:11.0000003,10.173613
2014-12-17 20:56:31.0000004,6.064052
2014-12-17 20:56:31.0000002,16.433828
2014-12-17 20:56:31.0000001,8.955919
2010-10-04 16:17:03.0000002,4.0929265
2010-10-04 16:17:03.0000003,4.1269855
2010-10-04 16:17:03.0000005,10.754099
2010-10-04 16:17:03.0000004,10.452539
2010-10-09 15:48:51.0000001,5.0317616
2010-10-09 15:48:51.0000005,10.710526
2010-10-09 15:48:51.0000002,5.313166
2013-10-10 11:09:23.0000006,6.308005
2013-10-10 11:09:23.0000004,9.496255
2013-10-10 11:09:23.0000002,6.4660926
2013-10-10 11:09:23.0000003,6.884805
2013-10-10 11:09:23.0000005,10.515387
2010-12-14 00:39:07.0000001,21.638449
2010-12-14 00:39:07.0000002,5.703703
2010-12-14 00:39:07.0000003,9.17146
2013-01-08 07:03:07.0000004,7.6683574
2013-01-08 07:03:07.0000003,11.97254
2013-01-08 07:03:07.0000002,6.763232
2012-10-28 17:21:19.0000004,6.401611
2012-10-28 17:21:19.0000002,5.686703
2010-03-10 10:37:39.0000003,7.3811545
2010-03-10 10:37:39.0000004,5.992659
2010-03-10 10:37:39.0000001,6.5933876
2010-03-10 10:37:39.0000002,12.745872
2012-04-27 22:32:19.0000001,4.87892
2012-04-27 22:32:19.0000003,5.3778796
2009-04-14 06:55:19.0000001,41.549656
2009-04-14 06:55:19.0000002,4.0306797
2013-07-22 14:22:51.0000001,23.049118
2012-02-11 21:23:07.0000002,4.8078194
2012-02-11 21:23:07.0000001,7.2185817
2012-02-11 21:23:07.0000004,3.647687
2012-02-11 21:23:07.0000003,5.4468694
2015-05-10 12:37:51.0000001,19.381048
2015-05-10 12:37:51.0000004,4.9725723
2015-05-10 12:37:51.0000006,7.6384635
2010-12-11 13:31:11.0000001,9.34935
2010-12-11 13:31:11.0000002,10.318792
2010-03-01 22:21:55.0000001,3.6294632
2010-03-01 22:21:55.0000004,9.402477
2014-11-03 22:00:07.0000001,8.019573
2009-08-26 16:50:19.0000001,4.0830054
2009-08-26 16:50:19.0000002,7.375443
2010-06-07 10:02:51.0000002,3.8777342
2010-06-07 10:02:51.0000001,5.9755697
2010-06-07 10:02:51.0000004,14.150472
2010-06-07 10:02:51.0000003,11.784237
2015-03-08 14:59:23.0000002,16.083635
2015-03-08 14:59:23.0000004,56.612675
2015-03-08 14:59:23.0000005,20.185904
2010-12-13 05:52:47.0000001,8.974174
2012-10-12 15:21:55.0000001,7.1163507
2011-05-17 07:53:55.0000002,5.1791396
2011-05-17 07:53:55.0000004,7.7880945
2011-05-17 07:53:55.0000001,8.229324
2012-12-26 20:55:27.0000002,12.513771
2012-12-26 20:55:27.0000005,10.768016
2012-12-26 20:55:27.0000004,12.731385
2009-02-22 14:59:11.0000001,11.333506
2011-12-17 16:19:47.0000003,13.022143
2011-12-17 16:19:47.0000001,10.851507
2014-12-02 23:54:11.0000002,10.0414295
2014-12-02 23:54:11.0000001,8.695147
2014-11-11 11:21:07.0000001,5.9301243
2014-07-11 12:35:19.0000003,12.067547
2014-07-11 12:35:19.0000001,9.292519
2014-07-11 12:35:19.0000002,16.623323
2010-01-25 15:04:11.0000001,5.359578
2010-01-25 15:04:11.0000002,8.890065
2014-01-26 13:51:39.0000002,11.148274
2014-01-26 13:51:39.0000003,6.938419
2011-11-18 04:49:19.0000002,5.423602
2011-11-18 04:49:19.0000003,46.70506
2011-11-18 04:49:19.0000001,4.263977
2014-11-30 15:46:23.0000001,8.517854
2014-11-30 15:46:23.0000004,8.262466
2014-11-30 15:46:23.0000006,33.596035
2014-11-30 15:46:23.0000005,5.312476
2011-08-20 15:50:39.0000002,28.722422
2010-06-22 14:25:19.0000005,14.284246
2010-06-22 14:25:19.0000003,6.7931895
2010-06-22 14:25:19.0000002,6.0953703
2010-06-22 14:25:19.0000006,4.6941648
2010-06-22 14:25:19.0000004,9.258538
2010-12-06 18:51:31.0000001,9.551236
2010-12-06 18:51:31.0000002,14.593583
2014-05-25 19:46:59.0000004,18.806894
2014-05-25 19:46:59.0000002,7.5363364
2014-05-25 19:46:59.0000001,8.056233
2009-11-20 14:03:03.0000003,7.7860966
2009-11-20 14:03:03.0000004,13.814587
2009-11-20 14:03:03.0000001,12.918544
2009-11-20 14:03:03.0000005,8.482068
2009-11-20 14:03:03.0000002,8.410503
2010-09-17 18:21:11.0000001,14.640092
2011-02-23 21:35:19.0000001,4.790391
2011-02-23 21:35:19.0000002,11.566786
2013-01-03 11:41:47.0000001,4.3600187
2014-04-04 05:47:11.0000001,14.96374
2014-08-18 19:09:19.0000001,9.840575
2014-08-18 19:09:19.0000002,15.2249975
2010-04-12 08:22:27.0000001,5.61054
2010-04-12 08:22:27.0000002,10.165269
2010-06-05 08:18:11.0000002,14.877793
2010-06-05 08:18:11.0000001,4.912672
2010-06-05 08:18:11.0000003,29.801233
2013-05-07 23:58:31.0000001,24.70476
2013-01-11 20:08:07.0000002,7.1686187
2013-02-17 23:55:55.0000001,12.973993
2013-02-17 23:55:55.0000002,22.754318
2013-02-17 23:55:55.0000003,12.962038
2010-11-26 06:04:59.0000001,4.647465
2013-10-09 17:27:39.0000002,9.166533
2013-02-27 13:28:43.0000003,8.226313
2013-02-27 13:28:43.0000001,4.4626036
2013-02-27 13:28:43.0000004,6.9243255
2013-02-27 13:28:43.0000002,5.664666
2009-08-28 07:10:39.0000001,8.037864
2009-08-28 07:10:39.0000002,8.820959
2009-08-28 07:10:39.0000004,5.2726736
2009-08-28 07:10:39.0000003,5.082322
2015-01-12 17:05:51.0000006,7.948996
2015-01-12 17:05:51.0000007,6.1611147
2015-01-12 17:05:51.0000002,5.9171753
2015-01-12 17:05:51.0000003,4.875089
2014-05-01 07:16:07.0000001,5.327205
2009-01-12 07:47:39.0000004,5.6476946
2009-01-12 07:47:39.0000002,7.129938
2009-01-12 07:47:39.0000003,6.337049
2014-02-09 21:05:31.0000001,19.637112
2014-02-09 21:05:31.0000002,12.642762
2012-05-14 03:52:59.0000001,6.6927404
2011-04-28 19:39:43.0000005,7.028264
2011-04-28 19:39:43.0000001,6.6100755
2011-04-28 19:39:43.0000002,3.7551684
2011-04-28 19:39:43.0000004,3.7367775
2010-02-15 10:14:23.0000002,10.371996
2010-02-15 10:14:23.0000003,20.71005
2010-02-15 10:14:23.0000004,9.997487
2010-08-18 05:24:15.0000002,8.928798
2010-08-18 05:24:15.0000001,8.847859
2010-05-31 06:46:59.0000001,38.16203
2014-11-17 00:03:47.0000002,13.379104
2012-11-16 00:09:43.0000001,8.48784
2012-03-09 06:03:23.0000001,10.156566
2013-10-18 13:05:19.0000002,8.163653
2013-10-18 13:05:19.0000001,21.9786
2013-10-18 13:05:19.0000003,6.31377
2010-01-16 04:52:31.0000001,28.941055
2013-08-18 00:32:15.0000002,16.411673
2013-08-18 00:32:15.0000001,6.8575234
2010-12-11 16:12:35.0000004,13.151907
2010-12-11 16:12:35.0000005,8.50598
2010-12-11 16:12:35.0000001,6.8558445
2010-12-11 16:12:35.0000002,8.535685
2013-05-23 12:09:23.0000001,12.792258
2013-05-23 12:09:23.0000003,6.2446413
2013-05-23 12:09:23.0000002,6.963218
2014-12-11 08:20:39.0000003,7.257271
2014-12-11 08:20:39.0000002,6.1846776
2011-01-28 19:41:11.0000002,4.930179
2011-01-28 19:41:11.0000001,11.190179
2011-03-24 04:46:51.0000001,26.738138
2013-04-07 00:24:27.0000001,6.0882897
2013-04-07 00:24:27.0000003,6.036848
2013-04-07 00:24:27.0000004,7.344713
2010-08-17 21:22:39.0000002,22.096848
2010-08-17 21:22:39.0000003,6.8182373
2010-08-17 21:22:39.0000001,6.6181793
2013-12-10 14:00:35.0000004,8.871745
2013-12-10 14:00:35.0000001,9.278795
2013-12-10 14:00:35.0000003,7.839672
2011-09-18 05:32:51.0000002,46.4866
2011-09-18 05:32:51.0000001,9.1233015
2011-09-18 05:32:51.0000003,12.138942
2011-09-10 20:44:59.0000002,7.8898544
2011-09-10 20:44:59.0000001,6.8537164
2011-04-28 09:50:03.0000002,32.212914
2011-04-28 09:50:03.0000003,7.605862
2011-04-28 09:50:03.0000004,8.840924
2010-02-26 18:34:51.0000002,6.7692
2013-12-05 23:29:15.0000001,14.365348
2013-12-05 23:29:15.0000004,4.781256
2013-12-05 23:29:15.0000003,29.525751
2013-12-05 23:29:15.0000005,56.88279
2010-01-13 08:28:59.0000003,8.836122
2010-01-13 08:28:59.0000001,9.099172
2010-01-13 08:28:59.0000004,12.136659
2010-01-13 08:28:59.0000005,7.388554
2010-07-16 07:07:27.0000001,7.5351715
2012-06-16 14:33:19.0000002,9.998885
2013-05-08 17:02:39.0000001,14.477424
2013-05-08 17:02:39.0000003,11.684504
2013-05-08 17:02:39.0000005,8.742759
2013-05-08 17:02:39.0000004,5.675553
2013-05-08 17:02:39.0000002,9.764533
2013-05-08 17:02:39.0000006,6.657603
2013-05-08 17:02:39.0000007,10.32449
2011-02-28 08:34:27.0000004,11.032441
2011-02-28 08:34:27.0000002,5.6980953
2011-02-28 08:34:27.0000006,12.522809
2011-02-28 08:34:27.0000007,5.0547194
2011-02-28 08:34:27.0000005,15.068987
2011-02-28 08:34:27.0000003,9.156464
2011-02-28 08:34:27.0000001,8.6918745
2012-12-13 19:05:27.0000001,5.8899145
2012-12-13 19:05:27.0000002,7.7232075
2012-12-13 19:05:27.0000003,9.886418
2009-03-25 01:20:55.0000001,7.306906
2011-01-18 12:43:35.0000001,10.503325
2010-07-13 07:38:03.0000007,9.902543
2010-07-13 07:38:03.0000004,9.419539
2010-07-13 07:38:03.0000002,7.991316
2010-07-13 07:38:03.0000006,12.17623
2010-07-13 07:38:03.0000005,7.540205
2010-07-13 07:38:03.0000001,6.317002
2009-01-26 15:16:43.0000001,30.217075
2009-01-26 15:16:43.0000002,3.9469364
2015-05-18 01:13:35.0000001,6.2384543
2012-11-09 18:17:35.0000001,13.35971
2012-11-09 18:17:35.0000006,9.164965
2012-11-09 18:17:35.0000005,8.378286
2012-11-09 18:17:35.0000003,9.452425
2010-07-05 19:21:35.0000005,4.1705914
2010-07-05 19:21:35.0000003,4.151775
2010-07-05 19:21:35.0000004,11.752285
2010-07-05 19:21:35.0000002,8.715568
2014-09-11 00:28:47.0000001,9.668442
2014-09-11 00:28:47.0000002,5.7789054
2010-03-22 16:20:15.0000001,30.152506
2010-03-22 16:20:15.0000002,7.229614
2009-06-21 00:54:23.0000003,12.194603
2009-06-21 00:54:23.0000001,13.552739
2013-05-02 14:48:31.0000001,12.873496
2011-09-12 09:15:15.0000003,6.900809
2011-09-12 09:15:15.0000004,8.310119
2011-09-12 09:15:15.0000002,6.7091684
2011-09-12 09:15:15.0000001,6.3111873
2009-02-27 07:09:23.0000001,8.864242
2011-08-22 10:42:15.0000003,9.3675585
2011-08-22 10:42:15.0000002,16.428947
2011-08-22 10:42:15.0000001,7.6024227
2011-11-29 22:19:51.0000001,12.876607
2011-11-29 22:19:51.0000002,10.8327465
2009-01-30 22:47:07.0000004,15.77778
2009-01-30 22:47:07.0000001,5.16689
2009-01-30 22:47:07.0000003,3.6285462
2012-04-18 20:03:35.0000004,7.0802813
2012-04-18 20:03:35.0000003,5.3033295
2012-04-18 20:03:35.0000001,10.496387
2012-04-18 20:03:35.0000002,5.9680305
2013-09-26 20:54:19.0000002,11.608013
2011-06-25 23:18:27.0000001,9.298609
2009-01-17 02:21:55.0000001,5.182633
2009-01-17 02:21:55.0000002,5.009789
2014-11-01 15:31:15.0000002,14.187464
2014-11-01 15:31:15.0000003,11.821462
2014-11-01 15:31:15.0000004,5.6872478
2011-06-08 11:31:51.0000003,5.3729496
2011-06-08 11:31:51.0000002,7.3004303
2011-06-08 11:31:51.0000001,8.850387
2013-07-12 23:17:31.0000004,6.8812456
2013-07-12 23:17:31.0000005,54.841373
2012-07-10 18:24:47.0000002,8.979477
2012-07-10 18:24:47.0000001,19.664082
2012-07-10 18:24:47.0000003,6.989176
2013-05-14 03:15:31.0000001,16.832172
2009-04-20 21:08:35.0000006,5.0838447
2009-04-20 21:08:35.0000003,4.9924436
2009-04-20 21:08:35.0000002,14.973596
2009-04-20 21:08:35.0000001,10.321086
2011-01-19 08:30:47.0000003,8.596844
2011-01-19 08:30:47.0000002,8.431288
2011-01-19 08:30:47.0000001,5.704099
2009-09-25 10:19:35.0000003,5.5624814
2009-09-25 10:19:35.0000001,10.076366
2009-09-25 10:19:35.0000002,5.89553
2012-02-17 15:11:23.0000001,5.24609
2009-12-23 20:14:19.0000003,9.362516
2009-12-23 20:14:19.0000001,5.2541075
2009-12-23 20:14:19.0000002,11.244222
2012-09-14 05:42:59.0000001,9.486915
2012-09-14 05:42:59.0000002,6.913444
2009-04-06 13:47:15.0000002,17.448057
2013-11-29 21:36:07.0000004,10.065264
2011-11-07 00:22:31.0000001,4.70569
2011-11-07 00:22:31.0000002,7.1683106
2009-09-04 08:02:51.0000001,10.715078
2015-02-16 17:32:27.0000004,10.604713
2015-02-16 17:32:27.0000002,10.316075
2015-02-16 17:32:27.0000003,7.701711
2015-02-16 17:32:27.0000001,7.2280245
2012-04-14 11:59:11.0000004,20.870636
2012-04-14 11:59:11.0000002,4.234661
2012-04-14 11:59:11.0000001,6.3934793
2011-12-11 11:05:51.0000001,6.3383517
2011-12-11 11:05:51.0000003,8.395773
2010-01-03 13:07:27.0000001,10.221422
2009-03-06 00:13:03.0000003,8.671089
2009-03-06 00:13:03.0000001,9.470529
2010-01-04 19:54:27.0000002,8.951306
2010-01-04 19:54:27.0000001,5.6768074
2010-01-04 19:54:27.0000003,3.8111918
2014-08-01 16:50:03.0000004,20.425932
2014-08-01 16:50:03.0000001,5.3529844
2014-08-01 16:50:03.0000003,14.269488
2014-08-01 16:50:03.0000002,14.103181
2010-11-25 16:22:19.0000001,5.283329
2010-09-04 10:06:23.0000001,16.204016
2009-04-28 13:35:27.0000002,10.469205
2009-04-28 13:35:27.0000001,4.9211774
2009-04-28 13:35:27.0000003,29.82674
2009-04-28 13:35:27.0000004,8.214394
2012-07-26 00:23:59.0000006,8.616511
2012-07-26 00:23:59.0000007,4.069513
2012-07-26 00:23:59.0000001,7.740306
2012-07-26 00:23:59.0000004,7.805508
2012-07-26 00:23:59.0000005,7.5864472
2012-07-26 00:23:59.0000002,11.207722
2012-07-26 00:23:59.0000003,6.061247
2014-04-29 15:15:43.0000002,10.076193
2014-04-29 15:15:43.0000001,8.335868
2014-04-29 15:15:43.0000003,6.063417
2010-04-23 00:00:03.0000002,13.913031
2010-04-23 00:00:03.0000003,5.4260964
2010-05-22 23:46:19.0000001,6.7906156
2010-05-22 23:46:19.0000002,18.049128
2010-05-22 23:46:19.0000003,10.734103
2014-06-14 12:32:11.0000005,9.944207
2014-06-14 12:32:11.0000002,13.672091
2014-06-14 12:32:11.0000004,11.465136
2014-06-14 12:32:11.0000006,11.537533
2014-06-14 12:32:11.0000003,38.06123
2012-06-09 22:57:15.0000002,6.280328
2012-06-09 22:57:15.0000005,7.0985203
2014-04-22 01:28:15.0000001,24.271988
2013-01-31 01:19:15.0000001,19.349043
2013-01-31 01:19:15.0000002,10.9205475
2014-12-19 21:54:27.0000003,7.7570724
2014-12-19 21:54:27.0000002,17.391768
2014-12-19 21:54:27.0000004,9.47778
2014-12-19 21:54:27.0000001,12.716885
2010-10-22 20:56:51.0000004,5.6478515
2010-10-22 20:56:51.0000001,17.122326
2011-10-04 11:48:35.0000004,6.4971795
2011-10-04 11:48:35.0000003,12.045607
2011-10-04 11:48:35.0000002,7.0350294
2010-12-31 13:32:39.0000001,8.77996
2010-04-10 11:05:27.0000002,6.754075
2010-04-10 11:05:27.0000001,6.5126367
2013-10-02 21:12:59.0000001,9.77058
2013-10-02 21:12:59.0000002,13.283825
2013-10-02 21:12:59.0000004,7.120123
2013-10-02 21:12:59.0000005,14.008259
2013-10-02 21:12:59.0000006,12.153591
2013-10-02 21:12:59.0000007,21.939524
2013-10-02 21:12:59.0000008,17.81137
2013-10-02 21:12:59.0000003,27.651283
2009-03-14 05:27:55.0000001,7.012933
2009-04-20 14:05:51.0000003,5.578255
2009-04-20 14:05:51.0000002,15.008114
2009-04-20 14:05:51.0000001,26.284052
2009-04-20 14:05:51.0000004,8.691206
2011-02-21 23:46:07.0000001,4.2588434
2010-08-21 20:25:07.0000001,5.8516173
2009-11-16 21:03:31.0000003,9.396764
2009-11-16 21:03:31.0000002,13.508581
2009-11-16 21:03:31.0000004,7.430349
2009-11-16 21:03:31.0000001,16.085768
2014-11-29 11:16:23.0000002,9.790694
2014-11-29 11:16:23.0000001,9.992842
2010-12-01 21:02:35.0000001,6.8815246
2010-12-01 21:02:35.0000002,7.5478334
2009-04-13 18:30:39.0000002,7.0798507
2009-04-13 18:30:39.0000001,7.477077
2010-06-02 19:45:19.0000002,10.618424
2010-06-02 19:45:19.0000001,8.584315
2010-06-02 19:45:19.0000004,9.064651
2012-04-16 14:29:35.0000001,4.2950997
2014-08-06 18:15:43.0000001,6.994758
2014-08-06 18:15:43.0000002,14.51469
2010-04-20 11:53:23.0000005,8.589641
2010-04-20 11:53:23.0000002,5.658147
2010-04-20 11:53:23.0000006,5.2481346
2010-04-20 11:53:23.0000003,13.893188
2010-04-20 11:53:23.0000004,10.843536
2009-05-21 20:50:31.0000005,8.547076
2009-05-21 20:50:31.0000006,10.86167
2009-05-21 20:50:31.0000002,15.765775
2009-05-21 20:50:31.0000001,14.421154
2014-08-16 21:59:59.0000002,10.160296
2014-08-16 21:59:59.0000001,16.19429
2010-09-13 07:05:39.0000001,4.8182144
2010-09-13 07:05:39.0000002,5.3073206
2010-01-28 12:25:11.0000001,6.3359556
2013-10-13 19:39:55.0000005,5.3967566
2013-10-13 19:39:55.0000004,6.5766196
2013-10-13 19:39:55.0000007,5.2554965
2013-10-13 19:39:55.0000001,10.263889
2013-10-13 19:39:55.0000003,9.316878
2013-10-13 19:39:55.0000006,5.72547
2013-10-13 19:39:55.0000002,9.858857
2013-09-20 13:38:55.0000003,7.611974
2013-09-20 13:38:55.0000002,14.127608
2013-09-20 13:38:55.0000006,8.868103
2013-09-20 13:38:55.0000001,10.910792
2014-11-11 12:10:59.0000003,8.118879
2014-11-11 12:10:59.0000002,13.195869
2012-09-09 23:40:03.0000001,18.230352
2013-02-18 11:13:23.0000004,21.402756
2013-02-18 11:13:23.0000001,5.7207794
2013-02-18 11:13:23.0000003,26.40113
2013-02-18 11:13:23.0000002,7.8867636
2011-06-05 12:38:43.0000002,5.847139
2011-06-05 12:38:43.0000003,6.5444574
2011-06-05 12:38:43.0000001,45.950825
2014-11-27 07:37:55.0000001,9.543218
2010-05-23 15:28:55.0000001,9.210429
2012-10-15 20:10:31.0000001,6.0012035
2012-10-15 20:10:31.0000004,13.935199
2012-10-15 20:10:31.0000002,17.016596
2012-10-15 20:10:31.0000003,6.072751
2012-06-27 06:52:39.0000001,7.2460556
2013-06-07 13:52:55.0000001,6.8023343
2013-06-07 13:52:55.0000002,9.223022
2013-06-07 13:52:55.0000006,29.160492
2013-06-07 13:52:55.0000003,11.076946
2013-06-07 13:52:55.0000004,8.74352
2009-06-04 19:34:15.0000003,11.0088005
2009-06-04 19:34:15.0000001,11.285177
2009-06-04 19:34:15.0000004,10.2639065
2009-06-04 19:34:15.0000002,8.698432
2013-09-29 22:12:07.0000002,16.18154
2013-09-29 22:12:07.0000003,8.388381
2013-12-04 08:37:11.0000003,7.815539
2013-12-04 08:37:11.0000002,13.551221
2013-12-04 08:37:11.0000001,13.8398
2010-05-02 12:39:55.0000002,8.750733
2009-07-13 01:18:55.0000002,4.3717036
2009-07-13 01:18:55.0000001,5.1540737
2015-05-20 00:59:15.0000004,4.9850345
2015-05-20 00:59:15.0000003,21.144192
2009-12-03 18:02:47.0000001,8.858917
2014-06-24 02:41:11.0000001,29.637411
2012-01-13 02:08:43.0000001,7.474855
2012-08-06 21:07:55.0000001,11.944352
2012-08-06 21:07:55.0000002,8.987183
2012-08-06 21:07:55.0000004,5.7177253
2012-08-06 21:07:55.0000005,8.283143
2012-08-06 21:07:55.0000003,6.522981
2009-07-13 07:32:31.0000001,6.4470725
2009-07-13 07:32:31.0000003,6.593362
2009-07-13 07:32:31.0000002,8.998384
2014-09-10 17:52:51.0000001,6.1694283
2014-09-10 17:52:51.0000003,9.534884
2014-09-10 17:52:51.0000002,16.495356
2014-09-10 17:52:51.0000005,11.010517
2014-09-10 17:52:51.0000004,11.135158
2009-09-28 19:21:59.0000004,3.8581085
2009-09-28 19:21:59.0000005,6.4323697
2009-09-28 19:21:59.0000002,6.402003
2009-09-28 19:21:59.0000008,7.827049
2009-09-28 19:21:59.0000001,5.131434
2015-05-23 12:59:39.0000004,11.479669
2015-05-23 12:59:39.0000002,13.493266
2015-05-23 12:59:39.0000001,7.2131376
2010-02-10 12:16:03.0000001,5.6736937
2010-02-10 12:16:03.0000002,11.678711
2014-01-11 23:10:59.0000004,13.196803
2014-01-11 23:10:59.0000003,17.354017
2014-01-11 23:10:59.0000005,14.861614
2014-01-11 23:10:59.0000001,13.122708
2014-01-11 23:10:59.0000002,25.151096
2010-04-24 20:15:07.0000002,12.032507
2013-08-07 00:31:07.0000001,52.71267
2012-10-21 19:47:23.0000001,5.984683
2012-10-21 19:47:23.0000003,8.867899
2012-10-21 19:47:23.0000004,11.627321
2013-05-24 07:22:51.0000002,5.9262676
2009-09-13 20:12:31.0000002,5.2902675
2009-09-13 20:12:31.0000001,5.596993
2010-10-31 08:51:59.0000002,5.1138086
2010-10-31 08:51:59.0000001,15.757408
2013-06-04 23:58:11.0000007,6.2724648
2013-06-04 23:58:11.0000001,18.537224
2013-06-04 23:58:11.0000003,10.098846
2013-06-04 23:58:11.0000005,6.211644
2013-06-04 23:58:11.0000002,24.964403
2013-06-04 23:58:11.0000004,9.424051
2013-06-04 23:58:11.0000008,32.848637
2010-03-22 22:11:31.0000001,12.967242
2010-03-22 22:11:31.0000002,6.6720147
2011-01-15 12:49:59.0000002,11.330363
2011-01-15 12:49:59.0000001,12.094981
2009-06-13 18:36:47.0000001,15.401971
2009-06-13 18:36:47.0000002,9.314318
2009-06-13 18:36:47.0000003,10.037435
2009-05-06 16:41:35.0000001,9.622023
2014-08-08 17:32:47.0000004,5.6234097
2014-08-08 17:32:47.0000001,38.925667
2014-08-08 17:32:47.0000002,15.625328
2014-04-02 11:55:15.0000001,9.223865
2014-04-02 11:55:15.0000002,6.4220037
2011-01-04 10:12:51.0000003,7.1612253
2011-01-04 10:12:51.0000004,5.370093
2011-01-04 10:12:51.0000001,4.6461787
2011-01-04 10:12:51.0000005,4.7314487
2010-09-22 09:42:31.0000002,9.7477455
2010-09-22 09:42:31.0000004,10.211498
2010-09-22 09:42:31.0000001,8.424739
2013-08-19 19:39:23.0000003,7.971134
2013-08-19 19:39:23.0000001,6.016311
2014-07-08 10:21:39.0000002,9.681669
2014-07-08 10:21:39.0000006,12.739227
2014-07-08 10:21:39.0000003,4.5103326
2014-07-08 10:21:39.0000005,11.801815
2014-07-08 10:21:39.0000004,11.325063
2014-07-08 10:21:39.0000001,4.718594
2015-03-11 16:36:39.0000003,12.032773
2015-03-11 16:36:39.0000001,7.6160903
2015-03-11 16:36:39.0000002,17.614756
2015-05-29 18:59:35.0000005,40.050632
2015-05-29 18:59:35.0000004,13.928326
2015-05-29 18:59:35.0000002,8.6308975
2015-05-29 18:59:35.0000001,8.074358
2011-10-26 17:48:43.0000001,5.354892
2011-10-26 17:48:43.0000008,6.5307045
2011-10-26 17:48:43.0000002,9.58812
2011-10-26 17:48:43.0000004,6.9339914
2011-10-26 17:48:43.0000003,5.322529
2011-10-26 17:48:43.0000007,4.8326
2014-06-24 09:49:55.0000004,12.277596
2014-06-24 09:49:55.0000007,5.4962363
2014-06-24 09:49:55.0000001,5.301189
2014-06-24 09:49:55.0000006,6.9516315
2014-06-24 09:49:55.0000002,11.585843
2014-06-24 09:49:55.0000003,8.007197
2014-06-24 09:49:55.0000005,4.973352
2009-03-14 20:59:19.0000001,12.34511
2009-01-29 18:38:03.0000002,6.982443
2009-01-29 18:38:03.0000001,29.274017
2010-07-23 00:03:59.0000001,13.367544
2013-01-11 12:28:03.0000004,8.413925
2013-01-11 12:28:03.0000003,6.8023567
2013-01-11 12:28:03.0000002,5.678044
2013-01-11 12:28:03.0000005,10.337228
2013-01-11 12:28:03.0000001,8.111511
2013-02-20 02:00:23.0000001,14.821945
2013-02-20 02:00:23.0000002,6.3527355
2013-02-20 02:00:23.0000003,9.8111515
2009-11-03 19:53:27.0000004,12.0823
2009-11-03 19:53:27.0000003,6.490178
2009-12-19 21:56:15.0000002,6.803454
2009-12-19 21:56:15.0000001,7.945971
2014-03-22 12:24:03.0000001,37.114563
2014-03-22 12:24:03.0000002,7.4919367
2009-12-21 21:20:43.0000003,7.9233513
2009-12-21 21:20:43.0000001,8.973481
2009-08-21 15:35:07.0000002,5.2069087
2009-08-21 15:35:07.0000004,46.225147
2009-08-21 15:35:07.0000003,5.6059003
2010-04-25 13:28:47.0000002,4.9093647
2010-04-25 13:28:47.0000003,23.363462
2010-11-02 18:49:59.0000001,11.814005
2010-11-02 18:49:59.0000003,5.2193913
2010-11-02 18:49:59.0000002,7.5816817
2011-04-02 00:27:03.0000006,8.610014
2011-04-02 00:27:03.0000002,6.205159
2011-04-02 00:27:03.0000004,5.316555
2011-04-02 00:27:03.0000003,7.240975
2011-04-02 00:27:03.0000005,8.070987
2011-04-02 00:27:03.0000001,5.944206
2013-12-29 12:31:55.0000001,8.692995
2013-12-29 12:31:55.0000002,11.427689
2013-12-29 12:31:55.0000003,8.2502775
2012-05-02 12:02:03.0000003,8.366425
2012-05-02 12:02:03.0000002,11.954714
2012-05-02 12:02:03.0000004,6.6656723
2012-05-02 12:02:03.0000005,8.533589
2012-05-02 12:02:03.0000001,5.439187
2009-07-21 10:36:43.0000001,4.2817245
2009-07-21 10:36:43.0000003,7.5077906
2009-07-21 10:36:43.0000002,7.6539993
2012-09-16 18:14:55.0000003,5.292728
2012-09-16 18:14:55.0000001,12.15361
2012-09-16 18:14:55.0000004,6.0207887
2010-04-21 06:28:47.0000002,6.7851233
2009-03-02 09:30:07.0000001,7.728692
2009-03-02 09:30:07.0000002,4.295045
2010-12-18 15:32:19.0000001,6.909604
2013-02-20 08:23:31.0000001,5.919988
2015-02-11 20:51:51.0000006,34.56324
2015-02-11 20:51:51.0000002,9.688824
2015-02-11 20:51:51.0000003,5.1435328
2015-02-11 20:51:51.0000005,5.754959
2015-02-11 20:51:51.0000007,10.146158
2015-02-11 20:51:51.0000004,7.789012
2013-12-07 01:41:59.0000001,10.77363
2013-12-07 01:41:59.0000003,13.819593
2014-03-04 12:06:35.0000002,8.0719
2014-03-04 12:06:35.0000004,8.960056
2014-03-04 12:06:35.0000003,13.140074
2014-03-04 12:06:35.0000001,6.865202
2013-05-21 06:52:59.0000001,14.216335
2013-05-21 06:52:59.0000004,6.3540134
2013-05-21 06:52:59.0000002,5.9824686
2009-09-09 08:09:19.0000002,7.4321184
2009-09-09 08:09:19.0000001,7.800146
2012-06-22 20:50:55.0000001,17.438591
2010-04-06 09:14:59.0000001,15.944294
2010-04-06 09:14:59.0000003,4.492419
2010-04-06 09:14:59.0000002,30.000895
2009-04-03 07:49:39.0000002,7.613227
2009-04-03 07:49:39.0000001,7.193371
2011-08-28 16:06:43.0000001,10.388521
2010-12-19 15:52:31.0000001,12.511258
2010-12-19 15:52:31.0000002,4.8873563
2010-12-19 15:52:31.0000004,4.9862485
2010-12-19 15:52:31.0000003,5.9801664
2014-07-12 00:15:59.0000004,6.2618737
2014-07-12 00:15:59.0000003,7.287553
2014-07-12 00:15:59.0000002,8.910707
2009-03-31 10:27:19.0000004,9.647763
2009-03-31 10:27:19.0000002,7.628899
2009-03-31 10:27:19.0000001,17.638758
2014-07-31 10:39:39.0000002,4.9395747
2012-06-02 07:16:31.0000001,5.2644114
2012-06-02 07:16:31.0000003,49.5618
2012-06-02 07:16:31.0000002,13.120561
2012-09-27 15:03:15.0000001,34.85801
2012-07-05 02:23:47.0000001,4.965064
2013-09-14 18:28:03.0000002,21.249922
2013-09-14 18:28:03.0000003,19.077557
2009-04-22 04:26:35.0000001,15.184791
2015-02-14 09:08:11.0000003,10.504132
2012-01-19 20:26:35.0000004,4.1584396
2012-01-19 20:26:35.0000005,12.941475
2012-01-19 20:26:35.0000001,6.2588844
2015-03-13 13:04:59.0000001,11.379697
2015-03-13 13:04:59.0000002,10.526507
2015-03-13 13:04:59.0000006,9.849397
2015-03-13 13:04:59.0000004,6.2612915
2015-03-13 13:04:59.0000007,15.3889265
2015-03-13 13:04:59.0000003,8.493113
2015-03-13 13:04:59.0000005,6.7896667
2013-07-25 13:47:39.0000002,10.022652
2013-07-25 13:47:39.0000001,10.130505
2014-03-07 11:45:35.0000001,9.380286
2014-03-07 11:45:35.0000002,25.632862
2013-10-31 06:09:15.0000001,18.43938
2014-09-11 06:41:15.0000001,5.607898
2014-09-11 06:41:15.0000002,4.7987695
2014-09-11 06:41:15.0000004,9.167228
2014-09-11 06:41:15.0000003,13.109925
2012-06-04 09:50:39.0000005,32.210407
2012-06-04 09:50:39.0000003,5.2871733
2012-06-04 09:50:39.0000001,11.559382
2012-06-04 09:50:39.0000004,9.365329
2012-06-04 09:50:39.0000002,8.195249
2010-06-07 07:37:55.0000002,6.1192794
2010-06-07 07:37:55.0000003,4.094296
2010-06-07 07:37:55.0000001,6.9039335
2010-06-07 07:37:55.0000004,4.0174274
2015-02-25 18:00:51.0000009,6.379581
2015-02-25 18:00:51.0000006,5.6359816
2015-02-25 18:00:51.0000002,26.693533
2015-02-25 18:00:51.0000003,6.9151025
2015-02-25 18:00:51.00000010,8.445002
2015-02-25 18:00:51.0000004,8.39939
2015-02-25 18:00:51.0000005,6.2354703
2015-02-08 08:44:03.0000001,13.225043
2010-12-11 15:16:35.0000001,5.635189
2010-12-11 15:16:35.0000002,5.0178185
2014-05-19 18:38:19.0000002,5.7725077
2014-05-19 18:38:19.0000001,8.942811
2009-07-19 08:38:51.0000001,5.950483
2013-08-20 12:05:47.0000001,9.549568
2013-08-20 12:05:47.0000003,8.773717
2013-08-20 12:05:47.0000004,8.873244
2013-08-20 12:05:47.0000002,11.346219
2014-03-11 19:48:15.0000007,10.198705
2014-03-11 19:48:15.0000001,10.628932
2014-03-11 19:48:15.0000005,6.9028916
2014-03-11 19:48:15.0000006,11.536345
2014-03-11 19:48:15.0000004,11.922588
2014-03-11 19:48:15.0000002,18.42572
2014-03-11 19:48:15.0000003,11.01354
2013-01-09 02:05:51.0000002,6.5032053
2009-08-08 11:41:51.0000001,4.112596
2009-08-08 11:41:51.0000004,10.450893
2009-08-08 11:41:51.0000002,5.5334363
2014-06-18 16:08:03.0000001,8.747775
2014-06-18 16:08:03.0000002,18.324762
2013-06-02 16:26:47.0000003,8.678111
2013-06-02 16:26:47.0000002,5.7880855
2009-07-29 10:02:47.0000002,7.3470726
2009-07-29 10:02:47.0000001,6.7434535
2013-02-16 14:26:51.0000002,7.4417205
2012-05-11 03:48:31.0000001,5.769535
2010-01-22 05:47:59.0000001,7.4851303
2012-11-12 11:57:03.0000002,55.660957
2012-01-04 00:06:39.0000001,6.443911
2010-12-28 20:17:27.0000002,4.687649
2010-12-28 20:17:27.0000001,5.820216
2010-12-28 20:17:27.0000004,5.0261855
2009-03-18 08:03:07.0000002,11.341195
2009-03-18 08:03:07.0000001,4.6433125
2011-10-07 12:38:19.0000004,14.621297
2011-10-07 12:38:19.0000003,4.435815
2011-10-07 12:38:19.0000002,19.143194
2011-10-07 12:38:19.0000005,10.534742
2009-12-12 22:01:31.0000005,11.508251
2009-12-12 22:01:31.0000002,8.824268
2009-12-12 22:01:31.0000004,5.2936964
2009-12-12 22:01:31.0000006,4.904727
2009-12-12 22:01:31.0000003,10.928527
2015-04-19 20:44:15.0000003,15.938742
2015-04-19 20:44:15.0000002,6.9233494
2015-04-19 20:44:15.0000004,9.202982
2012-03-23 01:36:31.0000002,5.898239
2012-03-23 01:36:31.0000001,3.9831095
2014-10-08 21:24:47.0000001,11.635186
2014-10-08 21:24:47.0000002,13.08607
2011-02-03 01:27:31.0000001,14.886065
2011-05-20 23:42:59.0000002,6.6462517
2014-01-04 10:54:59.0000001,16.731699
2014-01-04 10:54:59.0000003,9.483828
2009-11-23 05:45:11.0000001,28.00296
2013-01-22 16:25:11.0000003,9.928587
2013-01-22 16:25:11.0000002,40.276173
2013-01-22 16:25:11.0000001,10.969918
2015-05-12 08:31:07.0000007,36.239384
2015-05-12 08:31:07.0000008,5.89051
2015-05-12 08:31:07.0000001,10.748383
2015-05-12 08:31:07.0000009,9.568737
2015-05-12 08:31:07.0000005,8.134559
2015-05-12 08:31:07.0000006,7.58121
2015-05-12 08:31:07.0000002,35.45726
2015-05-12 08:31:07.0000004,9.724253
2013-09-26 06:58:55.0000001,6.6877575
2013-09-26 06:58:55.0000002,11.372473
2014-09-14 23:26:11.0000003,12.828094
2014-09-14 23:26:11.0000002,12.03544
2009-08-26 08:06:15.0000002,12.400165
2009-08-26 08:06:15.0000003,36.12816
2009-08-26 08:06:15.0000001,6.989856
2014-10-13 06:14:51.0000001,7.291262
2013-02-02 16:07:55.0000002,11.552564
2013-02-02 16:07:55.0000001,6.305014
2013-02-02 16:07:55.0000003,7.594975
2014-04-05 01:52:27.0000005,5.3747873
2014-04-05 01:52:27.0000001,23.778246
2010-02-23 20:29:51.0000002,6.5669293
2010-02-23 20:29:51.0000003,6.6342735
2011-01-25 00:01:03.0000002,6.941429
2011-01-25 00:01:03.0000001,10.375974
2013-11-01 13:07:47.0000002,9.708756
2013-11-01 13:07:47.0000001,8.485047
2013-11-01 13:07:47.0000005,9.956351
2013-11-01 13:07:47.0000004,10.66288
2015-03-07 15:25:59.0000004,6.0937624
2015-03-07 15:25:59.0000002,21.700731
2015-03-07 15:25:59.0000001,11.096176
2013-10-06 21:05:11.0000002,26.818523
2013-10-06 21:05:11.0000001,11.44428
2009-04-16 15:57:31.0000002,7.7421703
2012-02-21 20:45:03.0000002,7.0388184
2012-02-21 20:45:03.0000001,8.715449
2010-01-10 12:55:43.0000002,7.6433525
2015-01-31 01:05:19.0000004,20.0944
2015-01-31 01:05:19.0000007,25.106142
2015-01-31 01:05:19.0000006,8.131418
2015-01-31 01:05:19.0000001,9.971763
2015-01-31 01:05:19.0000003,5.4447336
2015-01-31 01:05:19.0000002,15.609552
2011-10-23 17:43:43.0000001,5.7261605
2015-03-16 21:12:19.0000003,24.154001
2015-03-16 21:12:19.0000004,8.034201
2015-03-16 21:12:19.0000005,12.671497
2015-03-16 21:12:19.0000008,16.32976
2015-03-16 21:12:19.0000001,13.285442
2012-09-29 20:16:51.0000001,8.309006
2012-09-29 20:16:51.0000002,28.17263
2012-09-29 20:16:51.0000003,7.199912
2012-09-29 20:16:51.0000005,12.039857
2009-08-03 16:28:07.0000001,4.172955
2009-08-03 16:28:07.0000003,5.680207
2009-08-03 16:28:07.0000004,6.875802
2009-08-03 16:28:07.0000002,15.498173
2009-07-30 15:49:15.0000003,8.77237
2009-07-30 15:49:15.0000001,7.6255484
2009-07-30 15:49:15.0000005,7.209894
2015-01-18 14:06:23.0000005,17.119509
2015-01-18 14:06:23.0000002,22.302849
2015-03-02 14:08:03.0000002,4.7717924
2015-03-02 14:08:03.0000001,9.16659
2009-09-07 19:35:39.0000003,7.3330736
2009-09-07 19:35:39.0000002,8.508589
2014-07-01 15:15:23.0000004,9.449103
2014-07-01 15:15:23.0000002,17.553457
2014-07-01 15:15:23.0000005,16.728846
2014-07-01 15:15:23.0000006,5.347009
2014-07-01 15:15:23.0000001,32.518566
2013-04-18 02:55:07.0000001,20.044144
2010-02-10 16:57:19.0000001,8.8038645
2013-02-15 18:45:39.0000001,11.0479965
2011-06-22 01:50:11.0000001,17.000616
2014-05-06 23:54:59.0000002,15.074067
2014-05-06 23:54:59.0000004,4.93415
2014-05-06 23:54:59.0000003,4.164476
2014-05-06 23:54:59.0000001,13.142244
2012-04-23 21:05:31.0000003,22.981136
2012-04-23 21:05:31.0000004,10.22768
2012-04-23 21:05:31.0000002,10.102584
2012-04-23 21:05:31.0000006,4.513932
2012-04-23 21:05:31.0000001,34.98655
2012-04-23 21:05:31.0000005,6.103877
2009-03-20 07:29:39.0000003,5.492202
2009-03-20 07:29:39.0000001,12.683985
2009-03-20 07:29:39.0000002,7.148509
2014-06-25 15:08:19.0000001,7.2886925
2014-06-25 15:08:19.0000002,7.0567007
2011-06-09 14:51:15.0000003,8.417536
2011-06-09 14:51:15.0000004,7.4709225
2011-06-09 14:51:15.0000001,8.005633
2011-06-09 14:51:15.0000002,9.6600275
2015-01-27 13:08:24.0000001,6.4207582
2011-07-24 14:52:56.0000001,9.669123
2011-10-08 11:53:44.0000001,15.368534
2012-12-01 21:12:12.0000004,5.1124244
2013-11-22 15:43:12.0000001,4.690278
2012-07-15 16:45:04.0000005,5.3239594
2012-07-15 16:45:04.0000001,6.4371758
2014-06-14 13:39:00.00000014,12.084744
2014-06-14 13:39:00.000000113,9.902474
2014-06-14 13:39:00.0000006,7.6989517
2014-06-14 13:39:00.000000139,9.810243
2014-06-14 13:39:00.0000004,6.2023773
2014-06-14 13:39:00.000000171,10.712487
2014-06-14 13:39:00.00000011,14.436007
2014-06-14 13:39:00.00000064,5.739971
2014-06-14 13:39:00.00000090,7.768192
2014-06-14 13:39:00.00000041,6.4610567
2014-06-14 13:39:00.00000081,4.695553
2014-06-14 13:39:00.000000164,9.98436
2014-06-14 13:39:00.00000080,15.933504
2014-06-14 13:39:00.00000026,31.352943
2014-06-14 13:39:00.00000058,9.502815
2014-06-14 13:39:00.000000150,14.49207
2014-06-14 13:39:00.00000030,6.9543724
2014-06-14 13:39:00.00000091,5.076821
2014-06-14 13:39:00.000000175,7.1439495
2014-06-14 13:39:00.000000101,19.513474
2014-06-14 13:39:00.00000085,8.756039
2014-06-14 13:39:00.000000105,7.9490943
2014-06-14 13:39:00.00000069,6.8328514
2014-06-14 13:39:00.000000149,87.53703
2010-08-22 21:14:08.0000004,4.924123
2011-06-24 20:34:48.0000003,8.778287
2011-06-24 20:34:48.0000004,5.861447
2011-03-28 20:38:36.0000001,9.077094
2009-10-21 02:11:24.0000001,13.180092
2011-05-21 13:16:20.0000002,9.807499
2015-01-31 20:54:04.0000003,7.5878015
2010-05-10 10:37:04.0000001,7.8454237
2010-03-20 21:35:20.0000001,11.17737
2010-03-20 21:35:20.0000002,8.9156065
2012-08-22 22:39:20.0000004,5.168661
2012-08-22 22:39:20.0000002,9.190962
2012-12-23 02:29:16.0000002,20.870354
2011-10-02 23:36:00.00000031,5.5691113
2011-10-02 23:36:00.00000070,8.026244
2011-10-02 23:36:00.00000068,13.448474
2011-10-02 23:36:00.00000034,15.4088335
2011-10-02 23:36:00.00000042,8.90287
2011-10-02 23:36:00.00000032,8.597859
2011-10-02 23:36:00.00000028,4.740945
2011-10-02 23:36:00.00000078,4.85706
2011-10-02 23:36:00.00000027,7.8068743
2011-10-02 23:36:00.00000018,5.066841
2011-10-02 23:36:00.00000061,9.321119
2011-10-02 23:36:00.00000045,4.9198494
2011-10-02 23:36:00.00000016,5.170296
2011-10-02 23:36:00.00000052,8.468445
2011-10-02 23:36:00.00000098,7.8991647
2011-10-02 23:36:00.00000048,8.978258
2013-03-21 12:47:28.0000004,8.034377
2013-03-21 12:47:28.0000007,5.25144
2010-09-05 22:31:32.0000001,9.162139
2013-07-12 23:33:24.0000003,15.475954
2015-06-08 20:02:56.0000002,15.043835
2011-10-11 22:13:48.0000001,10.926727
2011-10-11 22:13:48.0000004,4.673611
2013-09-14 16:53:20.0000004,10.137449
2013-09-14 16:53:20.0000003,20.195477
2014-02-06 09:09:56.0000002,10.231389
2009-06-10 16:55:00.00000028,6.805244
2009-06-10 16:55:00.00000020,10.928147
2009-06-10 16:55:00.0000001,6.0260525
2009-06-10 16:55:00.000000133,8.277557
2009-06-10 16:55:00.00000026,6.8580027
2009-06-10 16:55:00.000000142,17.442543
2009-06-10 16:55:00.00000038,8.157651
2009-06-10 16:55:00.00000042,10.306477
2009-06-10 16:55:00.000000112,6.5242147
2009-06-10 16:55:00.00000096,6.6595187
2009-06-10 16:55:00.00000050,8.583146
2009-06-10 16:55:00.00000092,10.388015
2009-06-10 16:55:00.000000167,7.1710696
2009-06-10 16:55:00.000000110,5.521001
2009-06-10 16:55:00.00000015,13.074277
2009-06-10 16:55:00.000000104,25.032751
2009-06-10 16:55:00.00000019,47.00021
2009-06-10 16:55:00.000000168,4.9308906
2009-06-10 16:55:00.00000059,8.978931
2009-06-10 16:55:00.000000136,8.710338
2009-06-10 16:55:00.00000087,31.669876
2009-06-10 16:55:00.000000134,5.549174
2009-06-10 16:55:00.00000032,7.4742413
2013-06-26 11:19:36.0000001,7.5313573
2009-05-02 20:11:32.0000002,4.1892715
2009-05-02 20:11:32.0000003,11.634913
2011-06-24 12:03:00.00000031,8.390248
2011-06-24 12:03:00.00000064,6.2808843
2011-06-24 12:03:00.000000153,14.667085
2011-06-24 12:03:00.00000014,7.2426376
2011-06-24 12:03:00.000000192,28.647564
2011-06-24 12:03:00.000000121,7.116777
2011-06-24 12:03:00.000000140,5.5996723
2011-06-24 12:03:00.000000155,4.8491883
2011-06-24 12:03:00.00000016,5.0668178
2011-06-24 12:03:00.00000084,5.637779
2011-06-24 12:03:00.00000080,4.4779215
2011-06-24 12:03:00.000000123,5.2475667
2011-06-24 12:03:00.000000125,6.7037444
2011-06-24 12:03:00.00000032,9.897151
2011-06-24 12:03:00.000000178,14.037024
2011-06-24 12:03:00.00000090,10.977678
2011-06-24 12:03:00.000000166,43.703472
2011-06-24 12:03:00.000000108,5.9477777
2011-06-24 12:03:00.00000098,10.029564
2011-06-24 12:03:00.000000104,28.858232
2011-06-24 12:03:00.00000027,12.793976
2011-06-24 12:03:00.000000151,12.157073
2011-06-24 12:03:00.00000099,13.072557
2011-06-24 12:03:00.00000077,23.46519
2011-06-24 12:03:00.00000019,9.164799
2011-06-24 12:03:00.00000091,7.941001
2011-06-24 12:03:00.000000132,11.33639
2011-06-24 12:03:00.000000161,7.492931
2011-06-24 12:03:00.00000024,5.9186873
2011-06-24 12:03:00.00000034,10.882622
2011-06-24 12:03:00.00000050,16.68657
2011-06-24 12:03:00.00000023,45.15283
2011-06-24 12:03:00.00000049,8.643429
2011-06-24 12:03:00.000000115,12.51659
2011-06-24 12:03:00.0000008,6.3518157
2014-06-15 07:06:00.00000021,17.966133
2014-06-15 07:06:00.00000032,8.204337
2014-06-15 07:06:00.00000029,5.6434383
2014-06-15 07:06:00.00000043,34.051914
2014-06-15 07:06:00.0000007,5.3614874
2014-06-15 07:06:00.00000038,14.373544
2014-06-15 07:06:00.00000020,6.7164607
2014-06-15 07:06:00.00000027,56.535538
2012-08-09 01:30:36.0000001,11.091765
2015-05-30 21:29:04.0000002,13.5260725
2015-05-30 21:29:04.0000005,10.211197
2009-10-26 12:01:36.0000004,29.128359
2013-02-02 15:45:08.0000004,8.012514
2010-12-14 23:27:36.0000003,5.0106263
2010-12-14 23:27:36.0000004,4.813625
2010-12-14 23:27:36.0000002,8.695402
2014-04-14 13:48:32.0000001,36.250927
2014-04-14 13:48:32.0000002,9.18166
2014-08-07 16:57:56.0000001,9.517677
2009-09-14 02:19:00.00000022,7.841759
2009-09-14 02:19:00.00000010,10.529963
2009-09-14 02:19:00.0000004,4.7095895
2009-09-14 02:19:00.00000011,4.094764
2009-09-14 02:19:00.00000023,12.200481
2009-09-14 02:19:00.00000041,4.586225
2009-09-14 02:19:00.00000013,10.395054
2014-03-17 16:07:56.0000001,8.784551
2011-06-12 11:31:48.0000003,5.7164073
2011-06-12 11:31:48.0000001,7.9293256
2011-06-12 11:31:48.0000002,13.652241
2015-06-24 14:19:52.0000003,12.842357
2010-08-21 22:21:32.0000003,7.504245
2012-01-26 11:17:36.0000001,5.551564
2015-02-27 14:15:52.0000001,12.3440695
2015-02-27 14:15:52.0000002,11.130496
2014-09-14 17:22:12.0000004,10.605296
2009-01-02 17:45:40.0000004,29.829605
2009-01-02 17:45:40.0000001,6.7790737
2009-01-02 17:45:40.0000002,8.189783
2009-01-02 17:45:40.0000003,5.8799195
2009-01-01 11:04:24.0000003,11.458398
2009-01-01 11:04:24.0000001,6.6584544
2014-04-28 19:46:36.0000001,5.6666346
2011-06-01 07:37:00.000000192,18.631365
2011-06-01 07:37:00.000000115,12.420556
2011-06-01 07:37:00.00000089,7.355387
2011-06-01 07:37:00.00000087,7.2534575
2011-06-01 07:37:00.000000173,4.765275
2011-06-01 07:37:00.000000166,8.284983
2011-06-01 07:37:00.00000081,5.365732
2011-06-01 07:37:00.00000041,4.895471
2011-06-01 07:37:00.000000102,4.569154
2011-06-01 07:37:00.000000215,15.795673
2011-06-01 07:37:00.0000006,24.088621
2011-06-01 07:37:00.000000161,5.985094
2011-06-01 07:37:00.000000123,4.70135
2011-06-01 07:37:00.000000117,8.827198
2011-06-01 07:37:00.0000004,17.528448
2011-06-01 07:37:00.000000133,8.178264
2011-06-01 07:37:00.000000160,6.35536
2011-06-01 07:37:00.000000136,15.51069
2011-06-01 07:37:00.000000214,8.929797
2011-06-01 07:37:00.00000047,11.368286
2011-06-01 07:37:00.0000001,6.045982
2011-06-01 07:37:00.00000096,5.040251
2011-06-01 07:37:00.000000150,18.92392
2011-06-01 07:37:00.00000072,15.07314
2011-06-01 07:37:00.00000064,6.7312527
2010-08-27 18:45:00.00000048,15.457688
2010-08-27 18:45:00.000000210,13.786821
2010-08-27 18:45:00.000000159,4.6464214
2010-08-27 18:45:00.00000083,10.099342
2010-08-27 18:45:00.000000145,4.80248
2010-08-27 18:45:00.00000096,7.608535
2010-08-27 18:45:00.00000036,5.332645
2010-08-27 18:45:00.00000088,8.702936
2010-08-27 18:45:00.000000116,10.76765
2010-08-27 18:45:00.000000193,7.375343
2010-08-27 18:45:00.000000121,4.9907894
2010-08-27 18:45:00.00000074,15.047476
2010-08-27 18:45:00.00000075,8.844062
2010-08-27 18:45:00.000000130,13.925953
2010-08-27 18:45:00.000000224,6.5746374
2010-08-27 18:45:00.00000072,5.216499
2010-08-27 18:45:00.000000128,9.353464
2010-08-27 18:45:00.000000163,10.289897
2010-08-27 18:45:00.000000171,8.50895
2010-08-27 18:45:00.000000157,10.940103
2010-08-27 18:45:00.000000147,6.7727823
2010-08-27 18:45:00.000000119,5.966916
2010-08-27 18:45:00.000000111,6.69691
2010-08-27 18:45:00.00000015,19.467632
2010-08-27 18:45:00.00000062,5.929435
2010-08-27 18:45:00.000000127,6.137183
2010-08-27 18:45:00.000000223,3.979535
2010-08-27 18:45:00.000000112,8.821519
2010-08-27 18:45:00.000000201,15.705589
2010-08-27 18:45:00.000000135,13.602697
2010-08-27 18:45:00.00000092,7.6484313
2010-08-27 18:45:00.00000056,4.755951
2010-08-27 18:45:00.000000105,10.199493
2010-08-27 18:45:00.000000222,5.476201
2010-08-27 18:45:00.00000023,8.199097
2011-02-12 00:43:24.0000002,6.2021704
2014-05-07 06:50:20.0000004,7.5158315
2010-08-14 02:13:00.000000131,10.300609
2010-08-14 02:13:00.00000097,7.562886
2010-08-14 02:13:00.00000086,4.4983115
2010-08-14 02:13:00.00000051,6.989675
2010-08-14 02:13:00.000000128,5.7154536
2010-08-14 02:13:00.00000074,7.701143
2010-08-14 02:13:00.000000169,4.959773
2010-08-14 02:13:00.000000127,8.746777
2010-08-14 02:13:00.00000036,5.905702
2010-08-14 02:13:00.00000068,25.041859
2010-08-14 02:13:00.00000042,20.659588
2010-08-14 02:13:00.000000115,20.138979
2010-08-14 02:13:00.00000029,5.6754313
2010-08-14 02:13:00.0000003,49.397232
2010-08-14 02:13:00.00000037,16.963297
2010-08-14 02:13:00.000000121,4.1280165
2010-08-14 02:13:00.00000031,5.018648
2010-08-14 02:13:00.00000094,13.36327
2010-08-14 02:13:00.000000136,13.361097
2010-08-14 02:13:00.00000018,7.7250605
2010-08-14 02:13:00.000000125,8.046254
2010-08-14 02:13:00.00000041,17.46395
2010-08-14 02:13:00.000000163,17.092037
2010-08-14 02:13:00.000000126,8.027845
2010-08-14 02:13:00.0000008,10.681947
2010-08-14 02:13:00.00000057,5.6939
2010-08-14 02:13:00.00000050,15.079736
2010-08-14 02:13:00.000000152,5.5919533
2014-03-25 23:47:00.00000083,6.0503416
2014-03-25 23:47:00.000000139,5.205859
2014-03-25 23:47:00.000000122,20.219667
2014-03-25 23:47:00.00000093,6.6126533
2014-03-25 23:47:00.00000039,10.212625
2014-03-25 23:47:00.000000119,7.292312
2014-03-25 23:47:00.00000067,13.61799
2014-03-25 23:47:00.00000034,9.258362
2014-03-25 23:47:00.00000040,13.667698
2014-03-25 23:47:00.000000137,11.437419
2014-03-25 23:47:00.00000076,23.45442
2014-03-25 23:47:00.00000057,9.480713
2014-03-25 23:47:00.000000104,8.917202
2014-03-25 23:47:00.00000069,4.7317867
2015-06-05 08:38:56.0000008,22.90265
2010-08-06 20:27:12.0000003,7.4156847
2012-08-03 12:33:08.0000001,5.655334
2010-09-29 16:43:00.00000088,10.952069
2010-09-29 16:43:00.00000034,12.079193
2010-09-29 16:43:00.00000069,12.556307
2010-09-29 16:43:00.000000172,9.4705515
2010-09-29 16:43:00.000000152,6.6500673
2010-09-29 16:43:00.00000084,8.270083
2010-09-29 16:43:00.000000136,7.1239285
2010-09-29 16:43:00.000000126,10.854479
2010-09-29 16:43:00.000000171,5.930646
2010-09-29 16:43:00.000000139,6.755103
2010-09-29 16:43:00.0000002,6.485435
2010-09-29 16:43:00.00000070,8.508207
2010-09-29 16:43:00.00000045,6.4492364
2010-09-29 16:43:00.0000009,9.836618
2010-09-29 16:43:00.00000057,12.490625
2010-09-29 16:43:00.000000118,7.347055
2010-09-29 16:43:00.00000042,11.524249
2010-09-29 16:43:00.000000130,8.608546
2010-09-29 16:43:00.00000039,8.007868
2010-09-29 16:43:00.00000032,8.218861
2014-10-27 14:58:00.000000101,10.423398
2014-10-27 14:58:00.00000023,10.988047
2014-10-27 14:58:00.0000006,11.6022835
2014-10-27 14:58:00.000000113,6.69004
2014-10-27 14:58:00.000000143,5.1606154
2014-10-27 14:58:00.00000090,5.9737883
2014-10-27 14:58:00.000000104,19.821344
2014-10-27 14:58:00.000000148,41.593067
2014-10-27 14:58:00.00000060,7.494116
2014-10-27 14:58:00.000000129,24.624096
2014-10-27 14:58:00.00000012,18.07102
2014-10-27 14:58:00.00000035,17.045149
2014-10-27 14:58:00.00000036,10.100489
2014-10-27 14:58:00.000000150,9.132285
2014-10-27 14:58:00.00000050,6.529747
2014-10-27 14:58:00.000000103,8.642022
2014-10-27 14:58:00.00000067,6.8252406
2014-10-27 14:58:00.00000066,6.2019854
2009-10-08 23:44:56.0000003,7.817294
2012-11-03 17:11:00.00000064,15.595687
2012-11-03 17:11:00.00000074,6.771316
2012-11-03 17:11:00.000000132,54.451984
2012-11-03 17:11:00.00000031,8.576038
2012-11-03 17:11:00.00000028,9.3079605
2012-11-03 17:11:00.000000102,8.957039
2012-11-03 17:11:00.00000067,9.161384
2012-11-03 17:11:00.000000162,8.639789
2012-11-03 17:11:00.00000054,13.997682
2012-11-03 17:11:00.00000046,6.7401643
2012-11-03 17:11:00.000000113,29.979982
2012-11-03 17:11:00.00000093,7.186571
2012-11-03 17:11:00.00000032,19.454092
2012-11-03 17:11:00.00000052,19.79588
2012-11-03 17:11:00.000000147,9.019819
2012-11-03 17:11:00.000000125,9.440339
2012-11-03 17:11:00.00000086,6.620235
2012-11-03 17:11:00.0000009,8.609245
2012-11-03 17:11:00.000000136,7.7219944
2012-11-03 17:11:00.00000077,9.034255
2012-11-03 17:11:00.00000099,17.554533
2012-11-03 17:11:00.00000096,9.976971
2012-11-03 17:11:00.000000161,8.069729
2012-11-03 17:11:00.000000124,11.013835
2012-11-03 17:11:00.00000016,22.169605
2012-11-03 17:11:00.00000058,5.27318
2012-11-03 17:11:00.00000083,10.051541
2012-11-03 17:11:00.00000082,8.283706
2012-11-03 17:11:00.00000075,31.895805
2012-11-03 17:11:00.00000061,13.142088
2012-11-03 17:11:00.00000012,8.5023775
2012-11-03 17:11:00.00000057,4.6767735
2012-11-03 17:11:00.00000037,6.1807837
2012-11-03 17:11:00.000000106,7.4063883
2009-05-07 13:58:32.0000002,28.867626
2011-05-28 17:29:44.0000001,59.997124
2011-05-28 17:29:44.0000004,30.6661
2011-12-25 21:26:32.0000002,5.931225
2009-05-06 01:49:12.0000002,15.103107
2009-05-06 01:49:12.0000004,5.3182406
2011-03-11 01:44:00.00000030,7.959591
2011-03-11 01:44:00.00000027,37.819878
2011-03-11 01:44:00.0000009,6.914504
2011-03-11 01:44:00.00000047,29.51498
2011-03-11 01:44:00.00000092,4.863951
2011-03-11 01:44:00.0000006,11.039099
2011-03-11 01:44:00.00000056,15.203714
2011-03-11 01:44:00.00000081,10.110899
2011-03-11 01:44:00.00000039,6.9771376
2011-03-11 01:44:00.00000077,19.085686
2011-03-11 01:44:00.00000059,13.140583
2011-03-11 01:44:00.00000028,6.3229346
2011-03-11 01:44:00.00000036,13.36942
2011-03-11 01:44:00.00000038,21.89521
2011-03-11 01:44:00.00000065,16.224297
2011-03-11 01:44:00.0000003,7.5810723
2013-01-27 00:09:12.0000003,7.933902
2012-01-07 11:21:56.0000003,3.9150558
2012-01-07 11:21:56.0000001,7.314258
2012-10-31 12:17:24.0000002,12.725593
2012-10-20 02:05:08.0000003,7.0548615
2014-10-11 15:11:24.0000003,5.266896
2009-08-17 12:27:08.0000002,10.018261
2014-04-09 09:23:12.0000004,13.409152
2009-11-25 19:32:52.0000004,5.280916
2014-05-30 00:09:16.0000007,6.4833074
2014-05-30 00:09:16.0000006,18.593998
2013-01-07 17:08:32.0000002,9.957064
2013-02-18 17:37:28.0000001,5.5355253
2011-10-04 09:37:00.00000038,13.298769
2011-10-04 09:37:00.00000095,10.132029
2011-10-04 09:37:00.00000015,8.747586
2011-10-04 09:37:00.00000022,29.348196
2011-10-04 09:37:00.00000052,11.305873
2011-10-04 09:37:00.000000141,11.186453
2011-10-04 09:37:00.000000179,14.20083
2011-10-04 09:37:00.000000148,7.3403735
2011-10-04 09:37:00.00000014,7.2331634
2011-10-04 09:37:00.00000085,5.730355
2011-10-04 09:37:00.000000162,12.954052
2011-10-04 09:37:00.00000034,30.20506
2011-10-04 09:37:00.00000037,15.064941
2011-10-04 09:37:00.000000111,13.204633
2011-10-04 09:37:00.00000061,4.3658137
2011-10-04 09:37:00.000000199,8.003517
2011-10-04 09:37:00.000000158,21.244368
2011-10-04 09:37:00.000000149,8.049153
2011-10-04 09:37:00.00000069,19.08608
2011-10-04 09:37:00.00000077,9.867031
2011-10-04 09:37:00.000000165,16.76291
2011-10-04 09:37:00.00000044,11.301934
2011-10-04 09:37:00.000000191,12.742954
2011-10-04 09:37:00.000000164,5.644153
2011-10-04 09:37:00.000000135,5.3598332
2011-10-04 09:37:00.000000190,13.361291
2011-10-04 09:37:00.000000163,16.167515
2011-10-04 09:37:00.00000054,24.916082
2011-10-04 09:37:00.000000177,10.080461
2011-10-04 09:37:00.00000064,6.048773
2011-10-04 09:37:00.0000003,10.926957
2011-10-04 09:37:00.000000196,26.089209
2011-10-04 09:37:00.000000155,6.4659805
2012-10-23 14:15:04.0000002,11.113522
2012-10-18 21:06:20.0000009,8.736532
2012-10-18 21:06:20.0000007,11.065819
2014-12-24 03:00:00.00000016,16.929998
2014-12-24 03:00:00.00000025,9.944261
2014-12-24 03:00:00.00000029,5.529156
2014-12-24 03:00:00.00000040,11.60155
2014-12-24 03:00:00.0000007,5.1149325
2014-12-24 03:00:00.00000019,6.8742537
2014-12-24 03:00:00.00000039,5.4770355
2010-10-07 10:54:20.0000003,47.792847
2011-02-21 20:11:08.0000006,9.176606
2009-10-04 22:54:56.0000002,12.05526
2015-04-11 20:31:32.00000011,7.5141296
2015-04-11 20:31:32.0000005,13.114197
2011-02-20 12:31:04.0000002,6.736678
2013-01-01 22:04:56.0000002,9.781938
2013-01-01 22:04:56.0000003,8.499613
2013-04-23 17:52:44.0000003,57.34441
2010-01-01 13:19:40.0000004,12.004372
2010-03-06 23:51:08.0000003,12.887162
2014-04-27 02:57:00.000000155,11.478542
2014-04-27 02:57:00.00000072,10.169894
2014-04-27 02:57:00.00000043,8.401083
2014-04-27 02:57:00.00000073,13.816167
2014-04-27 02:57:00.00000013,15.677798
2014-04-27 02:57:00.000000191,6.392802
2014-04-27 02:57:00.000000171,17.14769
2014-04-27 02:57:00.000000162,19.8667
2014-04-27 02:57:00.00000082,13.746111
2014-04-27 02:57:00.00000023,7.2203565
2014-04-27 02:57:00.000000137,7.584081
2014-04-27 02:57:00.00000057,16.704834
2014-04-27 02:57:00.000000174,6.969977
2014-04-27 02:57:00.00000012,5.023525
2014-04-27 02:57:00.000000158,4.952351
2014-04-27 02:57:00.000000138,35.05854
2014-04-27 02:57:00.000000172,10.955712
2014-04-27 02:57:00.000000195,11.646403
2014-04-27 02:57:00.000000131,7.0279274
2014-04-27 02:57:00.000000140,14.611763
2014-04-27 02:57:00.000000154,5.090494
2014-04-27 02:57:00.00000036,7.060571
2014-04-27 02:57:00.000000153,10.57908
2014-04-27 02:57:00.000000164,6.9998646
2014-04-27 02:57:00.00000031,7.498548
2014-04-27 02:57:00.000000116,26.65724
2014-04-27 02:57:00.000000187,9.424066
2011-01-18 10:26:40.0000001,13.240967
2011-12-13 22:00:00.000000185,11.441055
2011-12-13 22:00:00.000000117,29.942362
2011-12-13 22:00:00.00000037,13.175825
2011-12-13 22:00:00.000000171,7.389031
2011-12-13 22:00:00.000000194,12.870196
2011-12-13 22:00:00.000000237,5.329239
2011-12-13 22:00:00.000000160,7.2853622
2011-12-13 22:00:00.000000145,4.8348036
2011-12-13 22:00:00.00000035,10.015714
2011-12-13 22:00:00.00000081,4.6176834
2011-12-13 22:00:00.00000015,7.6196494
2011-12-13 22:00:00.000000118,8.571804
2011-12-13 22:00:00.000000140,8.994937
2011-12-13 22:00:00.00000092,20.566683
2011-12-13 22:00:00.00000047,6.483485
2011-12-13 22:00:00.000000119,6.966859
2011-12-13 22:00:00.00000077,4.9333563
2011-12-13 22:00:00.00000096,8.359343
2011-12-13 22:00:00.000000152,17.107258
2011-12-13 22:00:00.000000198,9.617051
2011-12-13 22:00:00.00000043,6.4808393
2011-12-13 22:00:00.000000115,4.916926
2011-12-13 22:00:00.000000236,4.462036
2011-12-13 22:00:00.000000200,5.558464
2011-12-13 22:00:00.0000001,19.85825
2011-12-13 22:00:00.000000251,6.5937924
2011-12-13 22:00:00.00000049,6.411607
2011-12-13 22:00:00.00000034,9.213107
2011-12-13 22:00:00.000000262,5.76934
2011-12-13 22:00:00.00000018,22.644056
2011-12-13 22:00:00.000000108,5.036315
2011-12-13 22:00:00.00000084,6.264299
2014-05-13 07:33:52.0000005,6.3753104
2011-06-30 09:37:08.0000001,9.122481
2009-01-28 16:36:28.0000004,10.452437
2010-07-21 22:06:12.0000004,13.518672
2013-05-24 13:37:32.0000003,13.068833
2013-05-24 13:37:32.0000002,6.212031
2014-03-05 21:07:12.0000002,4.723305
2014-03-05 21:07:12.0000005,5.4944353
2009-11-28 15:07:24.0000002,7.2992907
2010-07-31 15:47:28.0000002,11.829144
2013-11-22 15:36:36.0000001,12.480872
2011-06-26 18:48:08.0000003,8.88315
2011-10-17 18:49:20.0000001,12.567278
2011-10-17 18:49:20.0000004,7.1335726
2014-07-21 18:19:00.00000053,8.337308
2014-07-21 18:19:00.00000085,9.285171
2014-07-21 18:19:00.000000175,7.14829
2014-07-21 18:19:00.00000076,11.524695
2014-07-21 18:19:00.000000147,12.258924
2014-07-21 18:19:00.0000001,18.5827
2014-07-21 18:19:00.0000007,7.8738146
2014-07-21 18:19:00.000000234,10.883145
2014-07-21 18:19:00.000000188,8.628202
2014-07-21 18:19:00.00000024,10.13592
2014-07-21 18:19:00.000000158,5.4286585
2014-07-21 18:19:00.00000093,12.722791
2014-07-21 18:19:00.00000081,7.604783
2014-07-21 18:19:00.000000206,7.452223
2014-07-21 18:19:00.00000095,27.531536
2014-07-21 18:19:00.000000164,4.4399514
2014-07-21 18:19:00.00000062,6.8145857
2014-07-21 18:19:00.000000140,12.026598
2014-07-21 18:19:00.000000155,13.760538
2014-07-21 18:19:00.000000170,9.708695
2014-07-21 18:19:00.000000238,22.81047
2014-07-21 18:19:00.000000207,9.84306
2014-07-21 18:19:00.00000016,15.4817505
2014-07-21 18:19:00.000000237,14.145442
2014-07-21 18:19:00.00000045,6.417062
2014-07-21 18:19:00.000000110,5.7724233
2014-07-21 18:19:00.000000157,6.4170113
2014-07-21 18:19:00.000000236,11.686345
2014-07-21 18:19:00.000000151,7.8175163
2014-07-21 18:19:00.000000192,5.8689966
2014-07-21 18:19:00.00000086,6.2811537
2014-07-21 18:19:00.00000040,7.2185416
2014-07-21 18:19:00.000000209,5.0807414
2014-07-21 18:19:00.000000138,12.457599
2014-07-21 18:19:00.000000131,11.569543
2014-07-21 18:19:00.000000243,8.994365
2014-07-21 18:19:00.000000199,15.548419
2014-07-21 18:19:00.00000041,12.942893
2014-07-21 18:19:00.000000180,13.161659
2014-07-21 18:19:00.00000052,8.145183
2014-07-21 18:19:00.00000084,7.1911106
2011-06-13 09:55:04.0000006,8.879299
2011-06-13 09:55:04.0000002,27.432924
2014-12-27 22:31:56.0000001,10.756047
2014-12-27 22:31:56.0000003,27.068434
2010-09-20 16:48:00.00000050,9.351781
2010-09-20 16:48:00.00000055,8.361128
2010-09-20 16:48:00.000000154,9.335415
2010-09-20 16:48:00.000000106,14.19801
2010-09-20 16:48:00.000000163,17.624435
2010-09-20 16:48:00.000000121,42.827755
2010-09-20 16:48:00.000000111,46.50371
2010-09-20 16:48:00.000000124,9.604494
2010-09-20 16:48:00.000000143,4.807235
2010-09-20 16:48:00.000000131,8.485313
2010-09-20 16:48:00.000000137,27.538395
2010-09-20 16:48:00.000000142,7.899321
2010-09-20 16:48:00.00000036,7.44069
2010-09-20 16:48:00.0000007,13.854694
2010-09-20 16:48:00.000000112,11.165238
2010-09-20 16:48:00.000000104,9.841894
2010-09-20 16:48:00.00000056,15.477233
2010-09-20 16:48:00.000000114,8.078259
2010-09-20 16:48:00.000000152,4.671897
2010-09-20 16:48:00.00000072,24.211205
2010-09-20 16:48:00.0000004,10.801254
2010-09-20 16:48:00.00000058,16.985214
2010-09-20 16:48:00.00000081,8.79761
2010-09-20 16:48:00.000000116,6.705015
2010-09-20 16:48:00.00000040,12.235643
2010-09-20 16:48:00.00000019,12.603192
2010-09-20 16:48:00.000000134,9.570708
2010-09-20 16:48:00.00000084,46.72642
2010-09-20 16:48:00.00000016,9.574682
2010-09-20 16:48:00.000000103,5.934399
2012-08-20 14:47:36.0000001,7.3362627
2011-12-01 01:36:08.0000001,4.361892
2014-03-29 14:59:28.0000001,11.336866
2014-08-18 01:19:48.0000001,9.450947
2012-04-30 20:04:20.0000001,3.9470725
2013-07-13 18:28:20.0000003,55.777287
2014-10-07 19:04:08.0000003,5.85711
2014-10-07 19:04:08.0000001,7.2567015
2013-08-21 09:32:24.0000001,5.4605207
2015-01-26 07:13:44.0000001,35.44772
2011-03-06 21:01:00.0000003,11.468653
2011-03-06 21:01:00.000000155,4.620413
2011-03-06 21:01:00.000000164,6.5329356
2011-03-06 21:01:00.000000131,8.288024
2011-03-06 21:01:00.00000091,8.761823
2011-03-06 21:01:00.000000144,15.959923
2011-03-06 21:01:00.000000132,5.3372126
2011-03-06 21:01:00.000000134,4.930326
2011-03-06 21:01:00.000000110,3.7796957
2011-03-06 21:01:00.00000058,4.8546047
2011-03-06 21:01:00.00000081,31.304893
2011-03-06 21:01:00.00000048,16.676615
2011-03-06 21:01:00.00000079,7.3752513
2011-03-06 21:01:00.000000142,12.609624
2011-03-06 21:01:00.00000090,9.894603
2011-03-06 21:01:00.000000125,6.9298377
2011-03-06 21:01:00.000000119,3.874042
2011-03-06 21:01:00.000000117,15.312217
2011-03-06 21:01:00.00000065,8.396991
2011-03-06 21:01:00.000000163,5.019807
2011-03-06 21:01:00.000000159,7.716136
2011-03-06 21:01:00.000000112,4.9126887
2011-03-06 21:01:00.00000013,28.864786
2011-03-06 21:01:00.000000121,7.613009
2011-03-06 21:01:00.000000152,4.909683
2011-03-06 21:01:00.00000059,11.462388
2011-03-06 21:01:00.00000041,6.1683893
2011-03-06 21:01:00.000000174,8.1825695
2011-03-06 21:01:00.000000171,6.665732
2011-03-06 21:01:00.00000069,13.650291
2011-03-06 21:01:00.00000050,4.360161
2011-03-06 21:01:00.00000039,7.6963725
2011-03-06 21:01:00.00000082,8.389779
2011-03-06 21:01:00.000000165,6.0657096
2011-03-06 21:01:00.000000103,3.9724495
2011-03-06 21:01:00.00000063,5.090954
2011-03-06 21:01:00.000000100,15.641992
2011-03-06 21:01:00.000000124,9.736065
2011-03-06 21:01:00.000000126,5.807669
2011-03-06 21:01:00.00000068,7.459309
2011-03-06 21:01:00.00000030,6.0256157
2009-11-24 08:58:48.0000008,6.0475273
2009-11-24 08:58:48.0000004,8.91681
2011-05-30 09:32:56.0000002,5.782862
2010-01-02 12:20:32.0000001,7.3884287
2010-10-05 02:09:00.00000026,6.371669
2010-10-05 02:09:00.00000016,5.098561
2010-10-05 02:09:00.00000019,17.930916
2010-10-05 02:09:00.00000014,5.580683
2010-10-05 02:09:00.0000004,7.23032
2010-10-05 02:09:00.00000025,17.452621
2010-10-05 02:09:00.0000009,9.012666
2012-01-25 22:43:44.0000005,5.5098143
2010-12-01 22:04:52.0000002,7.600713
2013-06-23 02:54:32.0000001,19.639412
2013-11-18 15:07:28.0000003,9.993096
2013-08-06 23:56:32.0000002,6.6829653
2013-08-06 23:56:32.0000001,26.554432
2012-03-10 02:36:04.0000004,4.6366277
2014-04-13 17:35:52.0000001,11.02335
2013-09-14 16:03:12.0000001,12.505473
2013-09-14 16:03:12.0000002,7.3776464
2013-09-14 16:03:12.0000003,7.078049
2014-04-05 18:27:08.0000001,9.172659
2014-04-05 18:27:08.0000002,6.289423
2009-12-02 15:59:56.0000003,5.487811
2010-01-03 02:03:40.0000001,3.930924
2011-01-30 14:38:24.0000001,9.75321
2011-04-16 21:23:16.0000005,8.038496
2009-05-31 21:24:56.0000002,8.50796
2009-07-14 17:59:12.0000002,12.931314
2009-12-18 12:37:04.0000003,6.886171
2012-11-21 15:12:48.0000002,6.335417
2011-10-07 22:08:20.0000002,7.234505
2011-10-07 22:08:20.0000001,10.105168
2011-10-07 22:08:20.0000004,10.942216
2013-09-24 21:16:40.0000008,5.2055173
2013-09-24 21:16:40.0000005,5.4192476
2014-01-25 12:36:52.0000003,10.2296715
2012-01-26 07:33:00.000000101,5.702286
2012-01-26 07:33:00.00000057,14.485724
2012-01-26 07:33:00.000000175,5.8643913
2012-01-26 07:33:00.00000024,7.4255075
2012-01-26 07:33:00.00000097,5.2989364
2012-01-26 07:33:00.000000115,15.476784
2012-01-26 07:33:00.00000039,5.051076
2012-01-26 07:33:00.000000161,6.806487
2012-01-26 07:33:00.000000173,7.9067335
2012-01-26 07:33:00.000000183,9.768717
2012-01-26 07:33:00.00000020,11.466562
2012-01-26 07:33:00.00000022,8.941464
2012-01-26 07:33:00.000000136,8.057262
2012-01-26 07:33:00.0000008,14.812823
2012-01-26 07:33:00.000000100,9.389295
2012-01-26 07:33:00.00000023,8.766515
2012-01-26 07:33:00.00000056,7.265322
2012-01-26 07:33:00.00000018,7.951239
2012-01-26 07:33:00.00000076,20.456808
2012-01-26 07:33:00.00000080,7.4987087
2012-01-26 07:33:00.000000104,8.026454
2012-01-26 07:33:00.00000082,5.333446
2012-01-26 07:33:00.00000025,5.3174143
2012-01-26 07:33:00.000000181,18.30319
2012-01-26 07:33:00.000000105,5.690946
2015-03-20 23:34:40.0000001,9.412161
2015-03-20 23:34:40.0000008,9.029374
2015-03-20 23:34:40.0000003,19.103043
2013-12-14 03:20:48.0000003,10.366452
2010-12-09 07:29:00.000000164,10.954837
2010-12-09 07:29:00.000000141,12.778307
2010-12-09 07:29:00.00000073,10.552111
2010-12-09 07:29:00.00000062,5.914237
2010-12-09 07:29:00.000000139,7.116139
2010-12-09 07:29:00.00000079,6.090384
2010-12-09 07:29:00.000000145,7.923056
2010-12-09 07:29:00.0000006,5.1923223
2010-12-09 07:29:00.00000066,4.8964624
2010-12-09 07:29:00.000000171,8.815083
2010-12-09 07:29:00.000000136,8.002888
2010-12-09 07:29:00.00000026,19.78255
2010-12-09 07:29:00.00000044,5.320978
2010-12-09 07:29:00.00000083,8.069156
2010-12-09 07:29:00.00000028,7.0491834
2010-12-09 07:29:00.000000168,10.605665
2010-12-09 07:29:00.000000180,6.1575017
2010-12-09 07:29:00.00000094,6.332887
2010-12-09 07:29:00.00000080,48.722553
2010-12-09 07:29:00.000000181,11.570972
2010-12-09 07:29:00.00000086,9.161731
2011-09-25 13:01:20.0000002,5.4393816
2014-02-20 18:49:04.0000001,11.613366
2010-08-21 23:02:28.0000004,5.0984592
2010-08-21 23:02:28.0000001,13.303797
2010-08-21 23:02:28.0000002,6.4256763
2012-05-08 03:50:00.00000017,20.963436
2012-05-08 03:50:00.00000010,6.753592
2012-05-08 03:50:00.0000005,6.5217447
2009-07-31 07:30:56.0000003,16.45264
2012-03-06 07:33:04.0000001,11.012921
2015-03-12 19:43:24.0000006,36.646004
2014-01-18 17:43:28.0000001,9.981692
2011-09-04 01:36:36.0000001,7.333252
2010-08-09 08:53:56.0000001,6.5413265
2015-02-01 00:48:44.0000002,4.8053756
2014-01-26 15:28:52.0000001,10.1078
2014-01-26 15:28:52.0000002,13.572378
2011-12-06 11:07:40.0000004,11.41265
2011-07-12 19:41:48.0000001,8.842088
2010-09-16 14:27:16.0000002,8.008145
2015-02-14 20:20:56.0000003,5.702093
2009-01-22 12:27:20.0000002,15.740799
2011-04-23 21:22:20.0000003,9.032177
2011-04-23 21:22:20.0000004,14.202643
2015-02-21 18:39:16.0000003,5.686312
2015-02-21 18:39:16.0000004,8.09539
2009-04-23 00:05:40.0000002,7.8234944
2013-03-09 21:40:52.0000001,9.523207
2010-07-22 09:37:12.0000002,32.874176
2012-07-31 02:46:40.0000001,8.16492
2015-02-21 17:23:28.0000004,14.448421
2012-11-19 22:15:32.0000001,8.595017
2009-01-26 18:26:48.0000005,6.697694
2009-09-22 11:47:24.0000001,10.220796
2012-07-05 18:30:36.0000004,5.2969923
2012-11-20 21:54:00.000000225,6.5647564
2012-11-20 21:54:00.00000025,14.131306
2012-11-20 21:54:00.00000036,19.538012
2012-11-20 21:54:00.000000102,15.699933
2012-11-20 21:54:00.000000105,28.516768
2012-11-20 21:54:00.000000167,18.756672
2012-11-20 21:54:00.000000186,7.664471
2012-11-20 21:54:00.000000172,6.373647
2012-11-20 21:54:00.000000202,15.865331
2012-11-20 21:54:00.000000179,38.598663
2012-11-20 21:54:00.000000110,8.768837
2012-11-20 21:54:00.00000076,8.14371
2012-11-20 21:54:00.000000195,21.523792
2012-11-20 21:54:00.000000131,34.435783
2012-11-20 21:54:00.0000002,14.055448
2012-11-20 21:54:00.00000068,27.7898
2012-11-20 21:54:00.000000138,9.198377
2012-11-20 21:54:00.00000090,8.608269
2012-11-20 21:54:00.000000169,8.219099
2012-11-20 21:54:00.00000065,8.543828
2012-11-20 21:54:00.000000121,24.207943
2012-11-20 21:54:00.00000024,5.743709
2012-11-20 21:54:00.000000123,11.14719
2012-11-20 21:54:00.000000100,10.82596
2012-11-20 21:54:00.0000004,7.0165305
2012-11-20 21:54:00.00000098,5.4113398
2012-11-20 21:54:00.000000205,5.8683586
2012-11-20 21:54:00.000000103,29.170053
2012-11-20 21:54:00.00000092,15.796777
2012-11-20 21:54:00.00000040,7.3882656
2012-11-20 21:54:00.00000069,26.072111
2012-11-20 21:54:00.000000148,16.408281
2012-11-20 21:54:00.000000233,5.411949
2014-06-23 00:16:00.00000054,13.523702
2014-06-23 00:16:00.00000059,35.949432
2014-06-23 00:16:00.00000051,8.6845
2014-06-23 00:16:00.00000012,11.519303
2014-06-23 00:16:00.00000046,50.782463
2014-06-23 00:16:00.00000032,7.1405296
2014-06-23 00:16:00.00000017,16.936445
2014-06-23 00:16:00.0000006,6.1470714
2014-06-23 00:16:00.00000084,9.151944
2014-06-23 00:16:00.00000021,46.044838
2014-06-23 00:16:00.0000007,13.32
2014-06-23 00:16:00.00000045,8.117008
2014-06-23 00:16:00.00000083,27.948301
2014-06-23 00:16:00.00000048,30.722578
2014-06-23 00:16:00.00000058,8.117769
2014-06-23 00:16:00.00000075,7.896308
2014-06-23 00:16:00.00000027,9.471162
2014-06-23 00:16:00.00000031,9.305889
2009-04-25 10:52:56.0000001,10.67209
2009-04-25 10:52:56.0000003,5.041192
2009-04-20 11:11:40.0000002,9.002805
2009-10-22 21:57:36.0000001,16.760878
2013-11-28 11:00:04.0000001,10.4183655
2014-05-25 15:07:04.0000001,6.1227913
2011-08-18 13:00:16.0000001,5.6690564
2013-09-25 22:00:00.000000167,8.828748
2013-09-25 22:00:00.00000033,6.0401964
2013-09-25 22:00:00.000000122,12.784065
2013-09-25 22:00:00.000000236,9.927851
2013-09-25 22:00:00.000000193,14.995683
2013-09-25 22:00:00.000000239,6.4970036
2013-09-25 22:00:00.00000086,14.061415
2013-09-25 22:00:00.000000201,12.069338
2013-09-25 22:00:00.000000170,16.773045
2013-09-25 22:00:00.00000080,5.354191
2013-09-25 22:00:00.00000021,5.344253
2013-09-25 22:00:00.000000240,7.73904
2013-09-25 22:00:00.00000046,16.078007
2013-09-25 22:00:00.000000231,32.7855
2013-09-25 22:00:00.00000027,8.374042
2013-09-25 22:00:00.00000045,5.8072777
2013-09-25 22:00:00.000000108,7.7139153
2013-09-25 22:00:00.000000125,10.959458
2013-09-25 22:00:00.000000232,6.984087
2013-09-25 22:00:00.000000184,13.265954
2013-09-25 22:00:00.00000096,11.354464
2013-09-25 22:00:00.000000158,10.265668
2013-09-25 22:00:00.000000131,17.51593
2013-09-25 22:00:00.000000207,6.804813
2013-09-25 22:00:00.00000068,8.491666
2013-09-25 22:00:00.000000194,13.431218
2013-09-25 22:00:00.00000011,57.349754
2013-09-25 22:00:00.000000243,20.461723
2013-09-25 22:00:00.000000138,13.595946
2013-09-25 22:00:00.00000069,8.158999
2013-09-25 22:00:00.00000067,6.815304
2013-09-25 22:00:00.000000152,13.202088
2013-07-20 12:06:44.0000002,11.342548
2013-07-20 12:06:44.0000001,10.58755
2014-07-11 12:36:08.0000003,55.821896
2014-01-31 11:11:05.0000002,13.3097515
2014-08-31 04:03:29.0000002,9.539445
2014-08-31 04:03:29.0000003,27.522434
2014-08-01 18:38:09.0000004,21.664795
2014-08-01 18:38:09.0000003,23.718565
2009-05-16 14:53:41.0000005,13.548595
2009-05-16 14:53:41.0000001,25.278593
2009-05-16 14:53:41.0000004,24.911795
2013-08-26 11:47:37.0000001,8.7472725
2010-10-30 13:31:13.0000001,5.2096066
2014-05-09 00:30:41.0000004,11.721348
2012-03-05 13:24:37.0000002,5.9389133
2010-07-01 22:11:33.0000005,7.4348135
2010-07-01 22:11:33.0000006,28.860188
2012-01-07 21:39:05.0000001,47.654034
2012-05-26 00:31:25.0000001,5.1186814
2014-10-07 11:52:13.0000006,10.59717
2015-06-13 19:17:09.0000005,6.9866443
2009-11-28 13:50:17.0000004,5.933802
2009-11-28 13:50:17.0000002,5.8437815
2015-01-13 12:07:53.0000005,7.6233554
2015-01-13 12:07:53.0000003,8.064399
2012-01-31 09:15:49.0000001,7.736246
2011-03-22 12:59:49.0000002,28.7926
2011-03-22 12:59:49.0000006,7.5863104
2013-07-05 00:58:17.0000001,5.1732106
2010-01-30 00:57:21.0000002,17.735197
2009-10-16 16:14:41.0000002,7.0591936
2011-03-13 05:34:57.0000002,11.415808
2015-02-26 23:20:13.00000010,9.927778
2013-10-09 15:11:41.0000004,23.32962
2011-09-01 09:53:49.0000004,6.008944
2010-09-28 00:16:53.0000003,6.5589247
2010-07-25 04:03:17.0000003,16.995773
2010-07-25 04:03:17.0000002,4.3239074
2013-09-19 21:24:21.0000001,11.009278
2011-02-04 09:12:53.0000004,4.2898345
2012-03-08 12:33:25.0000003,14.293326
2009-07-31 18:15:57.0000001,9.657361
2009-07-10 20:17:05.0000003,4.0696263
2010-08-21 21:56:25.0000002,10.908075
2010-10-09 17:11:17.0000001,7.704598
2009-09-25 15:13:57.0000001,8.878157
2009-09-25 15:13:57.0000003,6.3779006
2009-09-25 15:13:57.0000002,12.065928
2010-05-03 08:36:41.0000004,7.580024
2011-01-24 20:18:49.0000003,5.6900735
2010-01-23 14:32:17.0000003,5.3354297
2012-06-02 01:16:05.0000004,18.500696
2011-10-20 13:46:33.0000003,9.829638
2014-10-28 12:23:09.0000001,17.387686
2011-07-11 20:43:33.0000004,12.486606
2011-07-11 20:43:33.0000005,25.09895
2011-07-11 20:43:33.0000001,5.817469
2013-02-23 14:25:29.0000002,14.09308
2010-01-30 18:58:33.0000008,9.378128
2010-01-30 18:58:33.0000006,8.066339
2010-01-30 18:58:33.0000001,7.0265837
2014-06-22 14:49:13.0000001,15.294326
2014-06-22 14:49:13.0000005,15.738345
2015-03-14 02:23:17.0000006,16.3434
2015-03-14 02:23:17.0000002,6.6070824
2015-03-14 02:23:17.0000004,15.352917
2012-03-12 01:08:09.0000001,8.024691
2014-09-25 20:52:09.0000002,6.5264935
2014-09-25 20:52:09.0000005,20.99062
2012-12-15 06:35:45.0000001,11.006077
2012-01-05 05:51:01.0000001,7.8034496
2013-10-15 08:16:21.0000002,24.760134
2014-08-26 23:35:49.0000002,5.3178644
2009-08-28 23:01:41.0000001,8.297811
2009-08-28 23:01:41.0000006,4.3879943
2014-12-16 13:40:25.0000003,12.019732
2012-12-09 22:30:13.0000006,7.1130548
2012-12-09 22:30:13.0000002,9.348573
2012-12-09 22:30:13.0000004,16.218224
2011-05-11 19:56:09.0000001,5.1878576
2014-08-08 00:02:41.0000004,12.48952
2014-08-08 00:02:41.0000002,66.07811
2013-09-12 12:50:13.0000007,11.4324665
2013-09-12 12:50:13.0000003,9.786776
2013-09-12 12:50:13.0000001,16.668415
2011-06-26 03:33:25.0000002,17.42887
2011-09-18 18:33:13.0000003,6.8363457
2014-03-04 16:24:45.0000001,91.11657
2014-11-10 10:52:41.0000001,37.373787
2009-12-22 15:59:53.0000003,11.945003
2014-05-08 21:23:41.0000001,10.275181
2012-07-15 03:53:37.0000001,14.213874
2012-07-15 03:53:37.0000002,10.258016
2012-07-15 03:53:37.0000003,8.529268
2013-06-10 11:29:13.0000001,11.856156
2015-04-25 01:06:17.0000007,14.317579
2015-04-25 01:06:17.0000003,13.234066
2012-10-28 13:55:57.0000001,8.412533
2011-06-12 01:07:57.0000003,7.6591415
2014-12-11 15:20:49.0000001,6.460396
2011-06-19 04:08:49.0000002,12.37797
2012-04-14 22:29:37.0000001,6.0587735
2015-06-02 09:11:17.0000007,10.547072
2011-10-08 12:54:49.0000002,6.68569
2009-06-02 08:34:33.0000001,11.726922
2011-10-01 15:04:57.0000001,28.585388
2013-06-22 01:59:25.0000002,12.062827
2010-12-15 08:39:33.0000005,5.2165475
2012-05-26 11:54:53.0000001,7.6821713
2012-05-26 11:54:53.0000002,9.041942
2014-01-11 19:20:17.0000001,5.6031847
2015-01-05 21:43:13.0000001,23.770638
2011-07-19 22:20:41.0000002,13.128892
2011-07-19 22:20:41.0000004,7.6092467
2011-07-19 22:20:41.0000001,15.961578
2012-03-18 02:27:41.0000001,5.785653
2009-01-19 19:48:17.0000001,4.4094305
2009-01-19 19:48:17.0000002,4.8173294
2013-01-13 00:20:53.0000001,10.295822
2013-11-28 13:17:13.0000002,23.99063
2012-06-10 00:46:17.0000006,5.4626594
2012-06-10 00:46:17.0000003,12.60075
2012-06-10 00:46:17.0000005,9.051296
2010-02-20 04:04:13.0000004,20.53171
2014-01-01 16:33:01.0000005,15.2368
2010-10-01 13:11:05.0000001,6.0660706
2012-04-14 14:20:33.0000001,10.915551
2015-05-17 04:17:33.0000005,4.4185658
2014-07-26 23:31:41.0000003,16.059233
2014-07-26 23:31:41.0000002,9.798553
2009-11-07 16:37:49.0000004,8.02507
2011-01-07 09:25:57.0000003,7.475869
2012-07-18 16:28:21.0000001,7.7119594
2013-03-08 19:03:09.0000003,10.253766
2009-12-10 22:45:01.0000004,12.333133
2012-07-13 11:00:05.0000004,8.695271
2013-04-28 10:36:37.0000001,6.8696613
2009-04-23 02:42:05.0000003,9.261524
2013-06-08 16:55:13.0000003,9.064308
2012-10-25 16:20:37.0000004,7.4665556
2012-10-25 16:20:37.0000003,34.447598
2012-07-31 20:04:53.0000006,7.7656775
2012-07-31 20:04:53.0000002,6.0323176
2009-07-14 22:41:09.0000003,6.8436885
2011-09-03 19:22:17.0000001,8.27034
2011-09-03 19:22:17.0000003,8.901526
2011-09-03 19:22:17.0000002,15.768277
2013-11-21 14:19:21.0000001,41.540592
2015-01-02 11:55:57.0000003,19.250782
2013-11-23 22:19:37.0000004,5.5860558
2013-11-23 22:19:37.0000003,8.368347
2013-11-23 22:19:37.0000005,10.425067
2011-04-04 19:54:33.0000001,5.436911
2014-07-14 16:18:37.0000002,7.218998
2014-03-18 19:55:17.0000001,7.2476883
2010-06-05 23:05:25.0000006,7.4174013
2014-09-09 22:48:37.0000001,8.853634
2014-09-09 22:48:37.0000002,5.1859426
2014-03-28 21:55:17.0000003,4.9013867
2014-03-28 21:55:17.0000001,6.99893
2009-09-24 22:41:17.0000001,9.377561
2012-04-27 18:37:09.0000002,8.658344
2014-04-05 18:11:33.0000002,14.73338
2013-11-07 22:25:25.0000003,7.7644877
2013-11-07 22:25:25.0000001,4.6447377
2012-06-30 03:53:29.0000002,4.5986743
2011-05-19 16:01:41.0000001,7.280065
2010-01-11 12:38:33.0000002,3.9647632
2010-10-16 09:26:33.0000001,9.306833
2010-10-16 09:26:33.0000003,6.381372
2014-07-25 18:06:37.0000007,7.377372
2014-05-13 21:07:29.0000004,10.470717
2014-05-13 21:07:29.0000001,31.343966
2013-11-16 18:33:25.0000005,11.868943
2009-08-02 14:01:33.0000004,7.289762
2015-01-12 15:36:37.0000008,11.471559
2013-05-26 15:18:37.0000005,22.64374
2013-05-26 15:18:37.0000001,52.46644
2013-05-26 15:18:37.0000003,14.2150135
2009-09-20 23:07:01.0000001,9.388519
2009-09-25 21:43:49.0000004,9.059078
2009-09-25 21:43:49.00000010,11.125236
2009-03-22 20:58:33.0000003,13.6357355
2011-12-09 21:19:25.0000001,6.9314275
2013-07-05 20:44:49.0000001,11.222598
2013-12-20 15:58:29.0000006,14.446117
2013-12-20 15:58:29.0000001,9.098111
2014-10-06 14:37:25.0000005,57.78835
2015-01-18 23:09:25.0000001,4.895067
2014-02-06 13:26:49.0000002,4.917101
2013-02-27 19:25:13.0000001,17.198545
2009-09-15 08:28:53.0000003,11.104018
2012-07-18 22:34:53.0000003,7.588514
2011-05-17 22:09:17.0000002,4.424621
2010-09-19 17:13:29.0000008,28.792835
2010-09-19 17:13:29.0000006,14.106339
2013-03-19 18:08:29.0000002,14.295394
2013-03-19 18:08:29.0000001,13.074396
2011-04-23 11:01:49.0000001,10.094613
2013-07-04 05:39:13.0000001,14.162417
2010-11-08 10:01:37.0000003,5.3392415
2009-04-01 19:28:09.0000001,5.7135954
2011-11-26 02:04:29.0000004,5.205508
2011-11-26 02:04:29.0000003,4.18918
2009-01-11 07:56:01.0000001,4.152761
2012-05-30 09:19:13.0000002,6.1670117
2014-10-28 22:42:33.0000003,11.475976
2014-07-19 21:05:37.0000002,13.087044
2012-10-02 14:17:13.0000001,5.5975184
2012-10-20 00:36:37.0000002,7.3224525
2014-06-19 22:37:09.0000006,7.882823
2014-06-19 22:37:09.0000004,9.121421
2011-05-11 13:24:37.0000002,9.858926
2014-10-13 00:42:05.0000002,9.57957
2013-12-08 10:41:05.0000007,9.249371
2009-07-04 13:00:57.0000002,10.6608
2015-06-30 04:09:45.0000001,38.024048
2013-09-08 03:47:57.0000002,8.933046
2009-05-15 21:19:13.0000004,30.409111
2010-01-29 08:32:53.0000002,9.3385935
2015-05-15 01:51:49.0000003,6.2363577
2012-11-12 10:06:17.0000003,7.5707293
2013-12-01 22:23:57.0000003,43.651615
2014-01-03 15:48:49.0000001,9.321041
2013-01-19 20:19:45.0000002,8.077772
2015-03-17 21:44:26.0000002,5.4930234
2009-01-06 07:36:34.0000005,6.3368554
2013-01-20 20:41:26.0000002,15.253207
2015-06-07 00:38:14.0000001,10.108498
2009-01-03 00:51:02.0000002,13.416681
2009-01-03 00:51:02.0000001,10.544993
2009-08-02 05:08:42.0000001,23.584259
2013-10-18 09:06:14.0000002,6.8785424
2009-04-26 17:29:42.0000001,4.7974653
2015-02-25 22:00:38.0000002,14.824242
2010-10-06 23:31:54.0000001,13.921259
2009-01-21 20:04:30.0000006,9.234609
2013-12-18 14:26:58.0000002,35.45954
2014-04-26 18:02:26.0000003,5.9937778
2014-10-05 13:58:18.0000002,7.5923405
2014-10-05 13:58:18.0000001,7.3524966
2013-05-23 23:54:42.0000004,7.694333
2009-11-23 19:06:14.0000005,11.88413
2010-09-01 08:23:54.0000002,6.346303
2011-12-10 23:39:06.0000001,13.559755
2009-12-17 15:54:46.0000002,10.038324
2010-06-16 18:41:54.0000003,8.703248
2011-11-02 08:21:50.0000003,7.95136
2011-11-02 08:21:50.0000001,8.970079
2009-03-15 03:31:14.0000003,5.989406
2014-09-08 19:07:46.0000001,7.669312
2010-04-24 23:31:50.0000004,6.8001537
2010-04-24 23:31:50.0000002,11.68169
2011-03-03 21:31:42.0000004,5.3818226
2011-03-03 21:31:42.0000002,13.273653
2011-09-05 10:47:26.0000001,7.5156527
2012-09-16 12:48:06.0000002,8.236997
2015-04-10 11:56:54.0000005,11.685782
2013-10-15 23:31:26.0000002,19.205336
2013-06-21 18:06:14.0000002,8.145548
2009-05-19 15:44:30.0000001,8.95762
2014-01-26 08:48:30.0000003,8.580023
2014-12-25 21:32:58.0000002,7.5618663
2011-07-30 15:27:58.0000001,8.241801
2010-09-24 22:40:06.0000007,5.6557446
2010-02-06 17:37:10.0000005,48.63281
2010-02-06 17:37:10.0000001,12.701563
2012-08-13 15:02:26.0000001,8.460829
2013-01-14 18:42:54.0000004,6.440832
2013-01-14 18:42:54.0000005,8.290884
2009-11-11 21:20:18.0000002,7.0059614
2009-04-18 02:44:34.0000004,32.81882
2009-04-18 02:44:34.0000001,7.377879
2014-01-10 12:28:38.0000002,6.032159
2014-10-11 00:26:38.0000004,21.914322
2010-01-30 02:13:06.0000004,4.417721
2009-08-26 23:55:38.0000001,7.5358343
2012-09-07 23:20:34.0000002,10.114299
2012-09-07 23:20:34.0000005,8.9910965
2015-01-10 14:32:14.0000002,14.235627
2010-05-31 20:43:42.0000001,5.31689
2010-05-31 20:43:42.0000003,5.4705615
2014-05-18 14:43:26.0000004,7.7952714
2011-10-08 18:18:26.0000002,5.8681564
2011-10-08 18:18:26.0000003,14.230838
2010-03-23 13:23:34.0000003,11.925959
2010-12-21 08:46:02.0000001,11.400294
2010-12-21 08:46:02.0000002,4.7062583
2010-06-19 22:52:30.0000003,8.124839
2013-01-03 01:43:10.0000002,10.741097
2013-11-24 03:44:46.0000001,14.791054
2011-04-16 12:57:18.0000002,4.72518
2012-10-11 22:24:18.0000002,10.50501
2011-05-17 23:42:46.0000006,6.848602
2011-05-17 23:42:46.0000003,4.5149503
2014-01-09 17:27:18.0000003,5.5315757
2014-01-09 17:27:18.0000004,9.119135
2010-01-09 13:24:22.0000002,44.305843
2010-01-09 13:24:22.0000001,7.451324
2009-03-11 21:46:54.0000006,6.913614
2012-08-22 20:54:46.0000004,9.613789
2012-08-22 20:54:46.0000005,27.89098
2009-02-21 20:49:34.0000002,10.979415
2012-08-10 14:04:14.0000001,8.64969
2009-10-17 03:52:42.0000005,9.252051
2014-02-27 09:36:26.0000001,12.355612
2014-03-11 20:24:02.0000005,12.278049
2014-03-11 20:24:02.0000001,6.7570434
2015-05-07 15:33:26.0000004,5.4610534
2012-09-10 21:07:54.0000008,7.345996
2012-04-20 00:06:10.0000003,4.763639
2012-04-20 00:06:10.0000004,15.384255
2012-06-12 23:10:42.0000004,10.533706
2013-04-21 19:50:54.0000002,6.9692616
2013-02-06 18:21:18.0000005,19.49898
2014-05-01 21:05:34.0000001,28.063675
2011-04-22 19:23:54.0000004,5.5804896
2011-09-17 15:41:06.0000002,7.3575606
2015-03-05 13:21:58.0000001,57.785194
2015-06-21 17:16:10.0000001,7.3327794
2010-06-02 22:04:10.0000002,26.533808
2010-06-02 22:04:10.0000001,8.39187
2015-02-27 19:36:02.0000008,14.300779
2015-02-27 19:36:02.0000005,8.635365
2013-04-06 19:16:10.0000002,7.661238
2014-03-08 16:08:26.0000006,17.625917
2014-03-08 16:08:26.0000005,5.075928
2013-12-06 23:40:42.0000004,6.62471
2013-12-06 23:40:42.0000005,15.051993
2014-09-13 19:05:02.0000001,6.5599756
2015-03-12 13:01:54.0000003,5.028372
2015-03-12 13:01:54.0000006,5.8562922
2014-10-04 21:48:22.0000001,11.738658
2012-01-22 04:13:34.0000001,22.90266
2012-01-22 04:13:34.0000003,9.101167
2010-12-17 10:33:34.0000003,15.667147
2010-12-17 10:33:34.0000001,28.298916
2012-06-04 11:34:58.0000002,8.88789
2012-12-08 20:08:38.0000001,15.380657
2012-12-08 20:08:38.0000002,9.069523
2013-12-29 01:20:50.0000002,19.49772
2014-03-28 22:34:26.0000002,10.149368
2013-09-07 19:43:18.0000002,16.883492
2013-09-07 19:43:18.0000007,7.207552
2010-03-07 00:47:26.0000002,11.984856
2010-03-07 00:47:26.0000003,7.0943565
2010-10-31 18:45:58.0000004,6.2714114
2015-02-03 09:00:58.0000003,36.13881
2012-08-08 08:58:50.0000002,5.783028
2011-04-08 15:01:02.0000002,6.1462264
2015-01-10 09:38:54.0000006,6.6315513
2015-01-10 09:38:54.0000002,14.499658
2015-01-10 09:38:54.0000005,11.676918
2015-01-10 09:38:54.0000001,9.697803
2014-10-03 00:50:06.0000003,7.9924
2010-06-18 19:19:26.0000004,13.258321
2013-06-21 00:00:34.0000004,8.534493
2012-02-29 12:03:34.0000003,6.9603987
2013-09-16 14:16:34.0000002,29.820002
2011-03-10 18:16:14.0000002,6.9000463
2011-05-19 02:06:46.0000001,7.334782
2014-08-08 15:26:18.0000001,9.148715
2009-03-11 12:01:30.0000003,5.714523
2012-07-26 12:40:38.0000004,9.238347
2014-05-26 22:57:10.0000001,10.379383
2010-09-04 18:31:42.0000004,11.991997
2011-09-22 20:05:22.0000002,6.0515237
2011-09-22 20:05:22.0000004,6.6055045
2014-08-09 01:27:30.0000001,14.206227
2014-10-31 12:04:26.0000003,10.737209
2013-04-10 21:03:42.0000006,12.245503
2011-12-29 19:29:50.0000002,7.809142
2013-03-14 21:43:46.0000002,4.6730165
2009-02-08 00:04:06.0000003,5.140439
2012-02-04 22:47:18.0000002,4.641303
2012-05-06 03:01:10.0000001,25.586737
2014-07-08 08:56:58.0000002,5.323495
2014-07-08 08:56:58.0000005,5.6404595
2014-07-08 08:56:58.0000004,15.181057
2014-07-08 08:56:58.0000003,9.791853
2011-02-19 10:14:58.0000001,7.565655
2010-08-16 17:14:18.0000002,7.2158985
2012-12-27 21:01:54.0000002,15.091198
2015-05-31 20:48:54.0000002,14.350029
2013-01-06 12:39:54.0000006,4.79242
2010-12-24 04:23:06.0000001,30.13891
2010-11-10 23:21:50.0000001,8.822982
2011-10-01 00:42:26.0000002,21.124506
2013-03-31 00:09:58.0000001,24.368774
2011-07-20 08:05:02.0000001,17.389322
2009-05-03 16:02:54.0000004,4.227724
2012-09-06 17:58:06.0000002,9.264148
2014-04-06 16:47:14.0000001,14.488017
2014-04-06 16:47:14.0000002,30.652037
2014-09-06 03:52:50.0000001,9.976633
2014-01-01 13:06:34.0000002,13.048675
2011-12-25 15:35:54.0000002,6.3128796
2011-12-25 15:35:54.0000005,4.78034
2011-12-25 15:35:54.0000001,5.6998763
2015-05-14 23:11:58.0000004,15.290549
2015-04-22 09:54:06.0000001,6.850306
2012-09-01 19:04:18.0000001,11.289628
2013-06-06 02:54:50.0000001,35.50034
2011-09-03 00:03:42.0000007,48.080574
2013-07-02 22:27:14.0000002,5.01529
2011-07-18 00:04:54.0000001,13.556153
2011-04-03 03:46:18.0000001,6.2327557
2010-06-25 14:00:14.0000001,9.021071
2014-09-10 16:40:02.0000001,7.516442
2011-03-01 07:23:14.0000002,5.552903
2011-06-24 13:23:18.0000005,11.725909
2012-01-01 18:02:46.0000001,18.778564
2015-03-28 19:31:26.0000004,9.567598
2010-07-13 11:53:15.0000006,10.576533
2010-07-13 11:53:15.0000005,6.9542665
2010-07-13 11:53:15.0000003,5.568986
2013-02-07 13:47:59.0000002,14.506213
2015-05-19 13:58:11.0000006,35.596756
2015-05-19 13:58:11.0000009,15.475182
2012-07-31 22:21:11.0000003,6.2584295
2013-01-03 08:50:31.0000003,8.663188
2010-03-18 00:05:43.0000001,20.283117
2009-04-14 17:43:23.0000001,49.216537
2009-04-14 17:43:23.0000002,7.8023434
2015-06-15 14:34:03.0000001,12.439398
2014-11-26 06:46:23.0000002,28.95187
2010-12-19 16:25:15.0000002,7.8262534
2015-06-18 20:56:55.0000004,5.1096783
2015-06-18 20:56:55.0000008,18.195791
2015-04-28 20:15:27.0000003,6.981614
2013-01-23 13:49:19.0000001,8.277738
2012-01-03 08:49:15.0000005,10.899592
2012-06-09 19:03:11.0000005,7.550699
2012-06-09 19:03:11.0000007,10.456226
2009-05-27 02:00:51.0000001,15.860483
2014-06-07 12:21:11.0000003,11.804312
2011-09-08 22:37:43.0000001,7.676453
2010-06-18 22:52:11.0000001,22.620142
2011-09-13 13:31:51.0000001,11.783064
2011-09-13 13:31:51.0000005,6.825165
2014-10-06 09:24:11.0000005,25.04566
2012-03-15 18:23:55.0000002,7.070537
2013-12-22 21:24:47.0000002,5.4865355
2011-11-23 21:07:43.0000001,6.767533
2010-11-17 19:10:23.0000003,6.553175
2010-11-17 19:10:23.0000005,10.141047
2015-02-14 13:15:19.0000007,8.042275
2013-01-12 22:40:39.0000008,7.8659964
2013-01-12 22:40:39.0000009,19.23461
2013-01-12 22:40:39.0000007,7.029184
2010-02-15 14:20:31.0000002,26.17773
2010-02-15 14:20:31.0000003,5.238066
2013-03-23 15:41:07.0000003,10.301249
2009-05-08 22:14:51.0000002,5.505321
2010-01-31 00:33:03.0000005,7.7803397
2009-01-18 18:22:07.0000002,8.415958
2009-01-28 11:27:19.0000001,6.5570507
2015-05-20 19:39:11.0000003,15.014352
2014-01-11 17:47:47.0000001,8.117418
2012-07-12 02:46:07.0000001,8.601035
2014-03-05 23:16:07.0000001,13.768865
2014-12-17 20:56:31.0000003,10.348237
2010-10-09 15:48:51.0000003,30.304234
2013-10-10 11:09:23.0000001,15.261605
2014-10-12 09:23:55.0000001,11.752518
2013-01-08 07:03:07.0000001,6.47178
2012-10-28 17:21:19.0000001,7.7813063
2012-10-28 17:21:19.0000003,11.113797
2014-12-26 20:46:23.0000001,12.322705
2015-05-10 12:37:51.0000003,12.672467
2010-12-11 13:31:11.0000003,6.118771
2010-03-01 22:21:55.0000003,6.641685
2010-03-01 22:21:55.0000002,15.799109
2015-03-08 14:59:23.0000001,19.981886
2015-03-08 14:59:23.0000003,36.14408
2009-06-08 11:06:23.0000001,63.50051
2014-01-26 13:51:39.0000001,8.346539
2014-11-30 15:46:23.0000003,5.216406
2011-08-20 15:50:39.0000001,10.649234
2010-06-22 14:25:19.0000008,48.61796
2010-06-22 14:25:19.0000001,6.165743
2014-05-25 19:46:59.0000003,28.968979
2014-04-04 05:47:11.0000002,13.364346
2013-01-11 20:08:07.0000003,9.831836
2013-01-11 20:08:07.0000001,4.840041
2013-10-09 17:27:39.0000001,56.635513
2015-01-12 17:05:51.0000004,8.455006
2009-01-12 07:47:39.0000001,32.050877
2011-04-28 19:39:43.0000003,12.93735
2014-11-17 00:03:47.0000003,8.147872
2014-11-17 00:03:47.0000001,10.870509
2013-08-18 00:32:15.0000003,7.0180774
2013-05-23 12:09:23.0000005,6.894701
2013-05-23 12:09:23.0000004,13.899925
2014-12-11 08:20:39.0000001,24.918814
2014-12-11 08:20:39.0000004,12.962213
2013-12-10 14:00:35.0000002,5.6737137
2011-09-10 20:44:59.0000003,7.430833
2011-04-28 09:50:03.0000001,6.7336283
2010-02-26 18:34:51.0000001,9.687411
2013-12-05 23:29:15.0000002,6.180663
2012-12-13 19:05:27.0000004,6.3129215
2012-11-09 18:17:35.0000002,13.740087
2010-07-05 19:21:35.0000001,9.935074
2011-11-29 22:19:51.0000003,6.967319
2009-01-30 22:47:07.0000002,14.246418
2009-01-30 22:47:07.0000005,5.4760513
2013-09-26 20:54:19.0000001,12.785756
2014-09-16 18:22:23.0000001,8.483352
2011-06-25 23:18:27.0000003,6.6814494
2011-06-25 23:18:27.0000002,11.77311
2009-01-17 02:21:55.0000003,5.0877542
2014-11-01 15:31:15.0000001,6.1809688
2013-07-12 23:17:31.0000003,6.9419913
2013-07-12 23:17:31.0000002,11.811434
2013-07-12 23:17:31.0000001,9.444757
2009-09-24 04:23:47.0000001,5.2058997
2009-04-20 21:08:35.0000005,7.3449774
2009-04-20 21:08:35.0000004,9.122371
2009-04-06 13:47:15.0000001,4.5340886
2013-11-29 21:36:07.0000002,20.428965
2013-11-29 21:36:07.0000001,8.881919
2012-04-14 11:59:11.0000003,10.226705
2009-03-06 00:13:03.0000002,11.868842
2010-04-23 00:00:03.0000001,24.302544
2010-05-22 23:46:19.0000004,8.455426
2012-06-09 22:57:15.0000004,7.281432
2010-10-27 02:29:39.0000001,6.2697816
2010-10-22 20:56:51.0000003,11.681852
2013-10-07 08:53:39.0000001,5.3325386
2011-10-04 11:48:35.0000001,9.415768
2010-12-31 13:32:39.0000002,7.1921754
2010-08-21 20:25:07.0000002,7.646462
2009-11-16 21:03:31.0000005,10.371273
2009-11-16 21:03:31.0000006,6.8856044
2010-12-01 21:02:35.0000003,12.49951
2010-04-20 11:53:23.0000001,6.63972
2013-09-20 13:38:55.0000005,6.4071326
2013-09-20 13:38:55.0000004,57.5329
2012-09-09 23:40:03.0000002,6.725842
2012-09-09 23:40:03.0000004,11.603743
2010-05-23 15:28:55.0000002,7.5577946
2012-10-15 20:10:31.0000005,15.697651
2013-06-07 13:52:55.0000005,8.921121
2009-06-04 19:34:15.0000005,8.95479
2013-09-29 22:12:07.0000001,26.002577
2010-05-02 12:39:55.0000003,6.0391994
2010-05-02 12:39:55.0000001,15.843529
2015-05-20 00:59:15.0000001,7.963684
2009-12-03 18:02:47.0000003,8.052231
2009-12-03 18:02:47.0000002,50.272293
2009-09-28 19:21:59.0000007,5.469615
2009-09-28 19:21:59.0000006,8.72602
2015-05-23 12:59:39.0000003,17.492786
2014-01-11 23:10:59.0000006,8.651137
2010-04-24 20:15:07.0000001,5.3067484
2013-05-24 07:22:51.0000001,8.652532
2009-08-06 02:50:03.0000001,14.772225
2014-08-08 17:32:47.0000003,8.845345
2010-09-22 09:42:31.0000003,9.725291
2013-08-19 19:39:23.0000002,15.770929
2015-03-11 16:36:39.0000004,30.251297
2015-05-29 18:59:35.0000006,15.097934
2011-10-26 17:48:43.0000005,9.736591
2009-11-03 19:53:27.0000002,6.574001
2009-11-03 19:53:27.0000001,6.502303
2009-12-19 21:56:15.0000004,5.2984457
2009-12-21 21:20:43.0000002,5.444439
2009-08-21 15:35:07.0000001,13.022522
2010-04-25 13:28:47.0000001,8.917589
2010-11-02 18:49:59.0000004,8.553088
2010-04-21 06:28:47.0000001,48.284477
2015-02-11 20:51:51.0000001,4.824742
2013-12-07 01:41:59.0000002,7.2819047
2013-05-21 06:52:59.0000003,30.123405
2014-07-12 00:15:59.0000001,10.807444
2010-06-13 19:39:51.0000002,10.20793
2009-03-31 10:27:19.0000003,10.19826
2013-09-14 18:28:03.0000001,6.712523
2015-02-14 09:08:11.0000002,8.842817
2012-01-19 20:26:35.0000002,5.4939837
2012-01-19 20:26:35.0000003,5.4957657
2012-01-19 20:26:35.0000006,15.930821
2015-02-25 18:00:51.0000001,6.757281
2015-02-25 18:00:51.0000007,8.415015
2009-08-08 11:41:51.0000003,6.3945117
2013-06-02 16:26:47.0000001,7.262948
2011-09-14 00:50:15.0000001,10.143738
2013-02-16 14:26:51.0000003,5.4977145
2012-11-12 11:57:03.0000001,7.7169876
2012-01-04 00:06:39.0000002,5.638168
2013-06-21 02:39:47.0000001,14.217884
2010-12-28 20:17:27.0000005,9.8921
2010-12-28 20:17:27.0000003,9.954672
2009-12-12 22:01:31.0000001,4.5688334
2011-05-20 23:42:59.0000001,7.0274515
2014-01-04 10:54:59.0000005,7.9439664
2014-01-04 10:54:59.0000002,10.421179
2012-02-11 04:52:35.0000001,4.0027294
2014-09-14 23:26:11.0000001,7.9409657
2014-04-05 01:52:27.0000002,26.512861
2010-02-23 20:29:51.0000004,7.9217043
2013-11-01 13:07:47.0000003,18.141462
2015-03-07 15:25:59.0000003,5.373866
2009-04-16 15:57:31.0000001,9.246127
2010-01-10 12:55:43.0000003,9.677664
2010-01-10 12:55:43.0000004,22.079144
2010-01-10 12:55:43.0000001,5.2370434
2015-03-16 21:12:19.0000002,6.927176
2015-03-16 21:12:19.0000006,18.502972
2012-09-29 20:16:51.0000004,6.05135
2009-07-30 15:49:15.0000002,15.609718
2009-07-30 15:49:15.0000004,8.765965
2013-11-18 16:18:39.0000001,57.282715
2015-01-18 14:06:23.0000001,10.679433
2015-01-18 14:06:23.0000004,5.8956437
2015-01-18 14:06:23.0000003,7.333344
2009-09-07 19:35:39.0000001,6.7401834
2014-06-14 13:39:00.000000155,5.2193265
2014-06-14 13:39:00.000000174,9.799455
2014-06-14 13:39:00.000000104,9.787288
2014-06-14 13:39:00.00000083,55.08399
2014-06-14 13:39:00.00000056,6.4721017
2014-06-14 13:39:00.000000102,12.051501
2014-06-14 13:39:00.00000065,22.246601
2014-06-14 13:39:00.000000137,12.173043
2014-06-14 13:39:00.0000002,56.521965
2014-06-14 13:39:00.00000028,6.214083
2014-06-14 13:39:00.000000194,6.302094
2013-06-27 00:20:40.0000002,5.3077087
2014-12-30 20:29:24.0000001,5.7994394
2011-03-24 15:57:04.0000002,4.368936
2012-06-09 16:53:44.0000001,8.987938
2011-10-02 23:36:00.0000001,17.279789
2011-10-02 23:36:00.00000050,24.628378
2011-10-02 23:36:00.00000069,8.11362
2011-10-02 23:36:00.00000093,10.100384
2011-10-02 23:36:00.00000010,10.667877
2011-10-02 23:36:00.00000017,10.597022
2011-10-02 23:36:00.00000072,11.426661
2011-10-02 23:36:00.00000025,8.93164
2011-10-02 23:36:00.00000019,5.2300076
2013-03-21 12:47:28.0000001,11.049764
2013-06-07 03:02:56.0000003,12.127682
2009-06-10 16:55:00.000000123,5.739465
2009-06-10 16:55:00.000000150,11.655156
2009-06-10 16:55:00.00000064,7.400302
2009-06-10 16:55:00.00000062,11.876007
2009-06-10 16:55:00.0000005,5.084473
2009-06-10 16:55:00.0000006,18.739832
2009-06-10 16:55:00.000000130,8.932724
2009-06-10 16:55:00.000000175,5.843963
2009-06-10 16:55:00.00000041,49.580616
2009-06-10 16:55:00.000000152,5.065803
2009-06-10 16:55:00.000000155,10.403566
2009-06-10 16:55:00.00000061,5.68351
2011-06-24 12:03:00.000000131,7.3407063
2011-06-24 12:03:00.000000184,10.171199
2011-06-24 12:03:00.00000081,9.164887
2011-06-24 12:03:00.0000007,6.7299633
2011-06-24 12:03:00.00000028,6.3968754
2011-06-24 12:03:00.000000198,7.0716286
2014-06-15 07:06:00.0000004,13.977527
2014-06-15 07:06:00.00000011,10.708548
2014-06-06 16:22:20.0000001,8.976573
2009-09-14 02:19:00.00000043,5.126637
2009-09-14 02:19:00.00000027,8.209988
2009-09-14 02:19:00.00000042,6.9804316
2009-09-14 02:19:00.00000034,16.212933
2009-09-14 02:19:00.00000033,7.804238
2010-08-21 22:21:32.0000001,9.7062645
2010-08-21 22:21:32.0000002,7.9464445
2012-05-06 23:37:24.0000003,11.297633
2013-12-21 17:20:32.0000002,58.725655
2014-04-28 19:46:36.0000002,7.9907093
2011-06-01 07:37:00.00000080,36.784122
2011-06-01 07:37:00.000000164,9.75214
2011-06-01 07:37:00.00000074,23.486683
2011-06-01 07:37:00.00000085,17.095167
2011-06-01 07:37:00.0000003,7.6630282
2011-06-01 07:37:00.000000159,20.407967
2011-06-01 07:37:00.00000052,21.84463
2011-06-01 07:37:00.000000218,16.59114
2011-06-01 07:37:00.00000062,6.0673876
2011-06-01 07:37:00.00000031,6.5512524
2010-08-27 18:45:00.000000170,11.548243
2010-08-27 18:45:00.00000044,17.426666
2010-08-27 18:45:00.000000146,6.790793
2010-08-27 18:45:00.00000035,7.8445964
2010-08-27 18:45:00.000000139,7.753396
2010-08-27 18:45:00.00000051,5.8566933
2010-08-27 18:45:00.000000186,5.451938
2010-08-27 18:45:00.000000102,7.772978
2010-08-27 18:45:00.000000164,11.94484
2010-08-27 18:45:00.000000199,12.83828
2010-08-27 18:45:00.000000174,7.7663536
2010-08-27 18:45:00.000000187,5.470512
2010-08-27 18:45:00.000000172,14.007173
2010-08-14 02:13:00.000000105,9.397821
2010-08-14 02:13:00.000000159,4.2256985
2010-08-14 02:13:00.00000040,6.7900047
2010-08-14 02:13:00.000000147,9.701383
2010-08-14 02:13:00.000000145,6.5998883
2010-08-14 02:13:00.00000061,7.131825
2010-08-14 02:13:00.000000150,14.24537
2010-08-14 02:13:00.00000024,6.540874
2010-08-14 02:13:00.000000167,7.5337663
2010-08-14 02:13:00.00000099,8.234889
2010-08-14 02:13:00.000000120,9.651835
2010-08-14 02:13:00.00000027,5.875512
2010-08-14 02:13:00.00000063,10.395111
2010-08-14 02:13:00.000000164,5.4886436
2010-08-14 02:13:00.000000143,15.931022
2010-08-14 02:13:00.000000156,22.437054
2010-08-14 02:13:00.000000123,14.52238
2014-03-25 23:47:00.00000013,5.426924
2014-03-25 23:47:00.000000116,9.715119
2014-03-25 23:47:00.000000141,5.8568
2014-03-25 23:47:00.000000107,8.29196
2014-03-25 23:47:00.00000068,6.17384
2014-03-25 23:47:00.00000098,18.447424
2014-03-25 23:47:00.000000138,13.4371395
2014-03-25 23:47:00.000000120,11.376256
2015-06-05 08:38:56.0000003,10.475592
2010-09-29 16:43:00.000000154,34.849075
2010-09-29 16:43:00.000000157,5.3551292
2010-09-29 16:43:00.00000099,9.037678
2010-09-29 16:43:00.00000023,7.388844
2010-09-29 16:43:00.000000148,15.64511
2014-10-27 14:58:00.00000028,8.523416
2014-10-27 14:58:00.00000069,10.0834255
2014-10-27 14:58:00.000000106,7.920664
2014-10-27 14:58:00.00000070,5.6994057
2014-10-27 14:58:00.000000121,13.665018
2014-10-27 14:58:00.00000022,13.401043
2014-10-27 14:58:00.00000057,14.572683
2009-10-08 23:44:56.0000002,5.83111
2012-11-03 17:11:00.00000080,11.878455
2012-11-03 17:11:00.00000030,6.7142196
2012-11-03 17:11:00.000000149,5.115823
2012-11-03 17:11:00.00000078,10.622047
2012-11-03 17:11:00.00000063,10.285581
2012-11-03 17:11:00.000000142,6.4411755
2012-11-03 17:11:00.000000101,9.090293
2011-05-28 17:29:44.0000003,7.1010203
2011-03-11 01:44:00.00000023,21.754456
2011-03-11 01:44:00.00000014,5.5229125
2011-03-11 01:44:00.00000067,7.4599185
2011-03-11 01:44:00.00000019,6.54949
2011-03-11 01:44:00.00000082,18.795168
2011-03-11 01:44:00.00000084,4.463082
2011-03-11 01:44:00.00000033,9.571957
2011-03-11 01:44:00.00000051,13.219266
2011-03-11 01:44:00.00000011,19.124012
2013-12-16 19:06:44.0000001,7.549378
2009-05-08 18:00:36.0000001,4.3181677
2013-01-27 00:09:12.0000008,11.518794
2013-09-15 02:37:52.0000002,11.824483
2009-04-05 09:48:20.0000001,4.6362453
2009-11-25 19:32:52.0000001,12.786281
2011-10-04 09:37:00.00000099,6.655878
2011-10-04 09:37:00.00000019,9.452331
2011-10-04 09:37:00.000000132,17.828907
2011-10-04 09:37:00.00000043,37.7968
2011-10-04 09:37:00.000000122,29.72336
2011-10-04 09:37:00.0000002,11.109517
2011-10-04 09:37:00.000000109,5.8176694
2014-04-29 08:15:56.0000003,7.340875
2014-12-24 03:00:00.00000035,4.803464
2009-10-04 22:54:56.0000001,22.775618
2015-04-11 20:31:32.0000008,9.657918
2015-04-11 20:31:32.00000013,13.647648
2011-02-06 17:08:24.0000003,6.886356
2014-04-27 02:57:00.00000010,15.806008
2014-04-27 02:57:00.00000053,8.793749
2014-04-27 02:57:00.000000128,5.546246
2014-04-27 02:57:00.0000008,9.135314
2014-04-27 02:57:00.00000067,11.129209
2014-04-27 02:57:00.0000009,5.37677
2014-04-27 02:57:00.000000159,14.806533
2014-04-27 02:57:00.000000127,10.920805
2014-04-27 02:57:00.000000112,9.624902
2011-12-13 22:00:00.000000147,14.078263
2011-12-13 22:00:00.000000164,5.6450787
2011-12-13 22:00:00.00000078,6.0675807
2011-12-13 22:00:00.000000103,9.176419
2011-12-13 22:00:00.000000226,6.507292
2011-12-13 22:00:00.000000215,9.406267
2011-12-13 22:00:00.00000013,9.207206
2011-12-13 22:00:00.000000258,6.6945243
2011-12-13 22:00:00.00000087,42.395428
2011-12-13 22:00:00.000000270,4.989466
2011-12-13 22:00:00.00000073,8.904771
2011-12-13 22:00:00.000000203,4.9207544
2011-12-13 22:00:00.000000184,4.217707
2011-12-13 22:00:00.00000019,6.1996574
2011-12-13 22:00:00.000000101,24.173042
2011-12-13 22:00:00.000000122,18.531609
2011-12-13 22:00:00.000000190,7.686492
2011-12-13 22:00:00.00000021,4.808888
2011-12-13 22:00:00.00000051,15.548433
2011-12-13 22:00:00.00000036,8.54317
2011-12-13 22:00:00.00000022,6.8942685
2009-04-12 16:00:56.0000002,12.192253
2014-03-05 21:07:12.0000001,5.3788915
2015-04-11 14:16:12.0000009,6.572347
2014-07-21 18:19:00.000000203,8.932873
2014-07-21 18:19:00.000000229,12.366389
2014-07-21 18:19:00.000000146,6.0286813
2014-07-21 18:19:00.000000108,9.290375
2014-07-21 18:19:00.000000171,6.386425
2014-07-21 18:19:00.00000090,14.986051
2014-07-21 18:19:00.00000020,7.3097725
2014-07-21 18:19:00.00000059,23.485252
2014-07-21 18:19:00.000000185,7.513081
2014-07-21 18:19:00.000000186,11.965245
2014-07-21 18:19:00.000000201,11.833716
2014-07-21 18:19:00.000000217,4.444325
2014-07-21 18:19:00.00000017,8.37886
2014-07-21 18:19:00.00000079,9.633296
2014-07-21 18:19:00.00000087,8.449951
2011-06-13 09:55:04.0000003,13.919188
2010-09-20 16:48:00.00000025,11.015482
2010-09-20 16:48:00.00000085,44.509583
2010-09-20 16:48:00.00000069,30.584963
2010-09-20 16:48:00.00000086,7.796171
2010-09-20 16:48:00.00000021,8.57811
2010-09-20 16:48:00.00000024,7.5067067
2010-09-20 16:48:00.000000100,9.880817
2010-09-20 16:48:00.0000008,16.49443
2010-09-20 16:48:00.00000074,12.446009
2012-08-20 14:47:36.0000002,9.76598
2014-12-01 00:12:44.0000002,31.615099
2009-03-16 09:55:24.0000001,5.977268
2011-03-06 21:01:00.00000017,6.729179
2011-03-06 21:01:00.000000161,6.6713696
2011-03-06 21:01:00.000000170,7.2848525
2011-03-06 21:01:00.00000078,9.571015
2011-03-06 21:01:00.000000160,8.823969
2013-02-26 01:38:20.0000001,6.809229
2014-09-22 07:14:16.0000001,6.18561
2010-10-05 02:09:00.00000017,6.829258
2010-10-05 02:09:00.00000024,14.911906
2010-10-05 02:09:00.00000020,5.0039077
2011-04-16 21:23:16.0000001,6.396672
2013-10-05 19:51:04.0000001,7.3038197
2011-10-07 22:08:20.0000005,8.308297
2012-03-14 19:10:48.0000003,4.481064
2009-06-21 04:28:48.0000001,14.995917
2011-06-25 11:42:36.0000001,9.761886
2012-01-26 07:33:00.000000145,7.2682805
2012-01-26 07:33:00.00000030,4.183393
2012-01-26 07:33:00.000000121,4.8627
2012-01-26 07:33:00.000000151,9.342358
2012-01-26 07:33:00.00000044,7.0260744
2015-03-20 23:34:40.0000009,18.053944
2015-03-20 23:34:40.0000005,6.8071055
2015-05-21 07:08:08.0000001,9.60332
2010-12-09 07:29:00.000000156,5.4183955
2010-12-09 07:29:00.0000002,7.7051315
2010-12-09 07:29:00.00000081,13.045115
2010-08-21 23:02:28.0000003,11.849371
2009-10-29 10:48:40.0000003,8.3005
2015-02-01 00:48:44.0000003,8.21651
2015-02-01 00:48:44.0000005,5.3178344
2011-12-06 11:07:40.0000002,6.829467
2011-12-06 11:07:40.0000003,14.657891
2013-05-18 15:28:40.0000001,9.424809
2013-09-01 17:57:04.0000001,7.8988566
2015-02-21 18:39:16.0000001,10.575549
2013-07-22 15:05:16.0000005,10.1593895
2010-12-25 13:54:12.0000002,7.2478886
2013-11-29 20:09:12.0000001,18.073168
2011-10-25 20:34:20.0000002,10.187072
2012-11-20 21:54:00.000000152,5.438543
2012-11-20 21:54:00.00000071,27.660595
2012-11-20 21:54:00.00000078,11.467413
2012-11-20 21:54:00.00000073,8.668258
2012-11-20 21:54:00.00000066,11.275638
2012-11-20 21:54:00.000000189,7.6061206
2012-11-20 21:54:00.00000016,13.739689
2012-11-20 21:54:00.0000007,10.447457
2012-11-20 21:54:00.000000161,14.800384
2012-11-20 21:54:00.000000174,9.454968
2012-11-20 21:54:00.00000084,9.752146
2012-11-20 21:54:00.000000173,7.6702313
2014-06-23 00:16:00.00000086,8.6256
2014-06-23 00:16:00.00000042,46.34817
2014-06-23 00:16:00.00000010,6.649536
2011-09-30 03:23:32.0000001,13.399946
2011-01-03 21:51:28.0000003,6.7774863
2013-09-25 22:00:00.00000018,8.487785
2013-09-25 22:00:00.00000071,10.45053
2013-09-25 22:00:00.000000114,10.603088
2013-09-25 22:00:00.000000191,8.9851265
2013-09-25 22:00:00.0000006,8.178817
2013-09-25 22:00:00.000000113,4.8606014
2013-09-25 22:00:00.000000212,5.041477
2013-09-25 22:00:00.00000066,6.101773
2011-07-06 18:07:44.0000004,5.5506263
2014-07-11 12:36:08.0000001,14.976325
2015-02-20 11:08:29.0000007,10.289619
2009-05-16 14:53:41.0000003,6.313322
2010-07-01 22:11:33.0000003,5.2167816
2014-10-07 11:52:13.0000008,7.211771
2015-02-26 23:20:13.0000008,15.253475
2011-11-28 14:13:37.0000002,7.8672113
2013-08-30 11:20:21.0000003,36.370193
2014-10-25 23:23:05.0000001,10.127201
2014-10-25 23:23:05.0000002,12.400168
2011-07-02 00:38:01.0000001,8.149567
2014-02-08 17:24:57.0000002,8.60064
2013-02-16 16:03:17.0000001,14.384474
2011-01-24 20:18:49.0000005,8.789266
2012-04-07 12:14:05.0000001,13.495965
2011-10-20 13:46:33.0000002,9.939074
2013-11-29 15:09:45.0000003,8.472257
2014-06-22 14:49:13.0000002,36.88892
2009-08-28 23:01:41.0000002,7.054343
2010-06-11 13:37:21.0000003,9.822764
2013-06-17 06:37:49.0000002,4.231298
2015-06-02 09:11:17.0000002,43.665783
2014-12-07 19:56:45.0000001,15.077935
2013-04-23 13:19:17.0000001,8.246535
2013-11-28 13:17:13.0000003,7.002564
2012-06-10 00:46:17.0000001,9.542582
2010-02-27 22:55:09.0000001,5.629777
2012-04-14 14:20:33.0000002,8.684221
2013-03-08 19:03:09.0000002,6.037313
2012-07-13 11:00:05.0000005,4.023545
2014-07-01 11:05:21.0000003,9.15675
2012-10-25 16:20:37.0000005,11.26098
2011-03-24 17:44:01.0000002,10.572343
2014-07-25 18:06:37.0000006,14.02565
2009-08-02 14:01:33.0000005,9.142599
2009-09-25 21:43:49.0000009,11.185569
2011-12-09 21:19:25.0000003,6.447673
2011-12-09 21:19:25.0000004,9.84784
2012-02-08 11:14:49.0000003,15.967596
2012-07-18 22:34:53.0000002,4.865607
2012-07-18 22:34:53.0000004,6.5344377
2009-09-04 18:43:33.0000002,5.163583
2011-04-23 11:01:49.0000002,30.276335
2014-10-28 22:42:33.0000004,5.0956926
2010-06-20 12:42:37.0000002,5.6737204
2015-02-19 11:39:21.0000004,42.038067
2013-12-08 10:41:05.0000002,5.596863
2009-05-15 21:19:13.0000003,5.5102587
2011-08-18 08:36:13.0000005,5.528034
2012-12-20 23:43:09.0000004,19.054197
2009-06-13 18:40:13.0000001,14.181704
2009-01-06 07:36:34.0000001,8.289692
2015-04-12 21:56:22.0000003,8.660995
2010-03-21 16:52:58.0000003,8.3501
2013-07-09 21:59:42.0000001,28.592972
2012-06-23 09:43:42.0000002,4.079874
2012-06-23 09:43:42.0000004,5.038075
2013-10-26 10:46:46.0000003,38.61015
2013-09-14 18:51:46.0000001,7.3413544
2009-11-23 19:06:14.0000001,7.3480563
2010-01-24 14:09:58.0000002,6.483035
2011-12-10 23:39:06.0000003,5.6091723
2011-01-15 04:13:38.0000001,6.0450373
2011-03-03 21:31:42.0000003,5.350664
2012-08-04 23:34:58.0000003,12.422377
2015-04-10 11:56:54.0000006,7.5572705
2015-05-05 12:32:14.0000008,16.818434
2013-10-13 19:52:54.0000002,48.676033
2015-06-25 01:01:46.0000004,12.194044
2009-05-19 15:44:30.0000002,29.918634
2010-02-06 17:37:10.0000002,6.1419516
2013-01-14 18:42:54.0000003,7.485479
2014-01-05 17:47:02.0000001,12.778176
2009-07-28 11:13:10.0000002,7.5173464
2012-01-12 18:05:10.0000002,23.61994
2010-12-21 08:46:02.0000006,5.7247114
2013-11-24 03:44:46.0000003,20.254734
2013-06-30 03:37:26.0000003,13.170662
2011-05-26 21:36:54.0000004,6.770679
2009-03-11 21:46:54.0000002,10.040179
2012-12-26 17:12:30.0000002,12.342887
2013-04-21 19:50:54.0000001,10.714734
2013-02-06 18:21:18.0000001,10.235467
2013-07-21 11:41:26.0000003,11.052823
2011-09-17 15:41:06.0000004,13.507745
2015-06-21 17:16:10.0000005,12.128877
2015-02-27 19:36:02.00000013,7.944688
2015-06-15 01:00:06.0000001,4.44851
2014-03-08 16:08:26.0000001,4.317702
2014-03-08 16:08:26.0000003,8.559027
2014-09-13 19:05:02.0000002,8.48488
2010-12-04 21:08:38.0000004,23.331972
2010-03-07 00:47:26.0000001,5.3072658
2009-12-30 16:54:50.0000001,21.41895
2009-03-11 16:02:14.0000007,11.861238
2010-03-13 01:23:10.0000001,5.307496
2012-05-30 02:28:50.0000002,7.9132276
2010-09-04 18:31:42.0000003,5.8835254
2009-11-20 23:19:58.0000003,8.673268
2011-09-22 20:05:22.0000003,11.053665
2009-02-08 00:04:06.0000001,23.205664
2014-05-17 10:51:46.0000003,13.294261
2010-05-06 11:35:26.0000002,11.075324
2011-10-01 00:42:26.0000001,6.825146
2014-12-26 20:19:38.0000001,7.0302176
2015-04-22 09:54:06.0000004,12.290048
2009-01-25 21:17:18.0000001,10.793258
2011-08-01 17:44:30.0000003,21.24529
2012-03-25 04:50:39.0000001,29.224003
2012-12-26 18:28:55.0000004,8.902317
2011-07-06 19:56:23.0000005,12.98348
2012-08-19 12:06:39.0000002,12.186832
2015-04-28 20:15:27.0000004,6.6185694
2015-04-28 20:15:27.0000007,7.938462
2014-06-07 12:21:11.0000002,36.016205
2013-12-22 21:24:47.0000001,9.3296175
2011-11-23 21:07:43.0000004,8.056359
2011-08-08 11:18:15.0000001,7.133874
2015-05-20 19:39:11.0000004,9.521567
2015-03-20 16:33:07.0000003,42.007984
2015-04-26 21:44:23.0000002,4.854551
2010-10-09 15:48:51.0000004,5.7606726
2012-04-27 22:32:19.0000002,7.2202425
2012-10-12 15:21:55.0000002,12.151266
2009-12-26 09:23:19.0000001,6.3782
2014-11-30 15:46:23.0000002,5.75423
2010-06-22 14:25:19.0000007,9.597294
2013-01-03 11:41:47.0000002,27.191175
2015-01-12 17:05:51.0000005,36.145332
2013-04-07 00:24:27.0000002,6.713994
2010-01-13 08:28:59.0000002,4.7660484
2012-06-16 14:33:19.0000001,7.3013773
2009-03-25 01:20:55.0000002,9.623215
2010-07-13 07:38:03.0000003,15.681796
2012-11-09 18:17:35.0000004,6.1082687
2009-06-21 00:54:23.0000002,7.7154007
2009-12-23 20:14:19.0000004,7.6674953
2013-11-29 21:36:07.0000003,5.7453465
2012-06-09 22:57:15.0000003,5.900839
2010-10-22 20:56:51.0000002,6.9155664
2011-02-21 23:46:07.0000002,15.476113
2012-07-30 18:18:19.0000001,29.493849
2010-06-02 19:45:19.0000003,7.5493846
2009-05-21 20:50:31.0000003,6.1926737
2014-11-11 12:10:59.0000001,14.546614
2012-09-09 23:40:03.0000003,10.987092
2011-04-28 01:29:51.0000001,5.9196897
2009-09-28 19:21:59.0000003,15.309196
2012-10-21 19:47:23.0000002,17.055138
2013-06-04 23:58:11.0000006,9.56417
2014-08-08 17:32:47.0000005,57.172237
2011-01-04 10:12:51.0000002,9.764212
2011-10-26 17:48:43.0000006,13.214911
2009-12-19 21:56:15.0000003,4.951907
2010-06-13 19:39:51.0000001,6.089536
2015-02-14 09:08:11.0000001,56.389843
2015-02-14 09:08:11.0000004,9.917777
2013-01-09 02:05:51.0000001,12.625954
2013-06-21 02:39:47.0000002,5.654719
2011-10-07 12:38:19.0000001,7.152989
2013-02-02 16:07:55.0000004,14.430188
2014-04-05 01:52:27.0000004,10.032437
2014-04-05 01:52:27.0000003,15.946881
2010-02-23 20:29:51.0000001,5.1434293
2014-07-01 15:15:23.0000003,6.680402
2012-12-01 21:12:12.0000001,53.677452
2014-06-14 13:39:00.00000071,6.789057
2013-11-09 18:52:40.0000001,10.757689
2013-11-09 18:52:40.0000003,12.969984
2014-12-30 20:29:24.0000002,8.36172
2010-05-10 10:37:04.0000004,12.1634655
2013-07-12 23:33:24.0000002,18.5597
2009-06-10 16:55:00.000000132,7.8902984
2009-06-10 16:55:00.000000163,11.169186
2009-06-10 16:55:00.00000084,14.799798
2009-03-22 04:31:40.0000001,14.898814
2011-06-24 12:03:00.0000009,10.059365
2011-06-24 12:03:00.000000174,33.87499
2011-06-24 12:03:00.000000158,10.807109
2014-06-15 07:06:00.00000044,55.206272
2015-05-30 21:29:04.0000006,9.006542
2009-09-14 02:19:00.00000037,13.591253
2011-10-02 22:31:44.0000001,18.690727
2011-07-20 16:34:48.0000002,9.891916
2011-06-01 07:37:00.00000012,13.644801
2011-06-01 07:37:00.000000111,10.4944725
2011-06-01 07:37:00.00000014,8.433796
2010-08-27 18:45:00.0000002,14.677987
2010-08-27 18:45:00.000000118,7.152254
2010-08-27 18:45:00.000000143,7.263207
2010-08-27 18:45:00.000000233,19.146435
2010-08-27 18:45:00.000000156,8.276861
2010-08-27 18:45:00.000000167,6.416319
2010-08-27 18:45:00.000000168,6.8392787
2010-08-27 18:45:00.000000149,7.0987544
2010-08-27 18:45:00.00000091,6.737241
2010-08-27 18:45:00.000000126,7.187309
2010-08-27 18:45:00.00000020,9.81914
2010-08-14 02:13:00.000000154,6.6465197
2010-08-14 02:13:00.00000098,6.0774293
2015-04-16 22:32:48.0000003,20.10031
2014-03-25 23:47:00.00000021,31.126902
2014-03-25 23:47:00.00000084,15.287721
2010-09-29 16:43:00.000000161,9.719037
2010-09-29 16:43:00.00000093,31.718552
2014-10-27 14:58:00.00000088,9.920464
2014-10-27 14:58:00.00000092,59.25775
2014-10-27 14:58:00.00000094,7.8454604
2012-11-03 17:11:00.00000013,8.345794
2012-11-03 17:11:00.0000001,5.4707584
2012-11-03 17:11:00.000000150,9.1691675
2011-05-28 17:29:44.0000002,5.8944006
2013-09-28 00:06:20.0000005,8.097331
2013-09-28 00:06:20.0000003,19.6568
2011-03-11 01:44:00.00000095,4.217079
2011-03-11 01:44:00.00000029,6.25185
2011-10-04 09:37:00.00000080,31.757984
2011-10-04 09:37:00.000000113,13.910188
2011-10-04 09:37:00.000000160,8.263992
2011-10-04 09:37:00.0000006,6.84521
2014-12-24 03:00:00.00000020,84.8548
2009-05-16 23:36:24.0000003,3.7814074
2014-04-27 02:57:00.00000064,28.929379
2014-04-27 02:57:00.00000083,13.776246
2014-04-27 02:57:00.00000069,17.688223
2014-04-27 02:57:00.0000007,10.114288
2011-12-13 22:00:00.000000102,15.239978
2011-12-13 22:00:00.000000214,22.976889
2011-12-13 22:00:00.000000128,9.671216
2011-12-13 22:00:00.000000249,8.090179
2011-12-13 22:00:00.00000052,14.989019
2011-12-13 22:00:00.000000168,5.5578904
2011-12-13 22:00:00.00000079,8.763345
2011-12-13 22:00:00.00000050,7.0612183
2015-04-11 14:16:12.0000005,6.4691296
2014-07-21 18:19:00.000000205,8.275282
2014-07-21 18:19:00.00000023,21.672432
2014-07-21 18:19:00.00000046,13.604709
2014-07-21 18:19:00.00000096,16.441124
2014-07-21 18:19:00.000000156,35.779926
2010-09-20 16:48:00.0000002,8.817041
2010-09-20 16:48:00.000000156,6.5268416
2010-09-20 16:48:00.00000041,9.267453
2010-09-20 16:48:00.00000083,6.212062
2010-09-20 16:48:00.000000122,13.171402
2011-03-06 21:01:00.00000036,7.3099694
2011-03-06 21:01:00.00000019,5.4605346
2011-03-06 21:01:00.000000123,10.247866
2011-03-06 21:01:00.000000166,8.357958
2011-03-06 21:01:00.000000140,14.486304
2011-03-06 21:01:00.00000060,7.0044336
2012-05-23 16:25:16.0000001,51.44067
2011-04-16 21:23:16.0000003,3.9929378
2013-10-05 19:51:04.0000004,6.972521
2012-03-14 19:10:48.0000007,7.261503
2012-01-26 07:33:00.00000064,15.507851
2012-01-26 07:33:00.000000131,4.983276
2012-01-26 07:33:00.00000071,5.1958704
2012-01-26 07:33:00.00000028,15.711992
2012-01-26 07:33:00.00000072,7.311928
2010-12-09 07:29:00.00000093,10.855215
2010-12-09 07:29:00.000000123,8.589405
2010-12-09 07:29:00.00000056,7.0172853
2014-05-17 02:47:12.0000001,7.090919
2009-01-22 12:27:20.0000001,13.167273
2011-04-23 21:22:20.0000002,4.7482147
2012-11-20 21:54:00.00000062,7.8594055
2012-11-20 21:54:00.000000207,10.579087
2012-11-20 21:54:00.00000014,5.9652715
2012-11-20 21:54:00.000000246,19.768686
2012-11-20 21:54:00.000000164,53.963467
2014-06-23 00:16:00.00000011,22.374664
2014-06-23 00:16:00.00000091,9.202285
2013-09-25 22:00:00.000000144,11.370085
2013-09-25 22:00:00.000000100,57.501465
2013-09-25 22:00:00.000000166,10.919057
2013-09-25 22:00:00.000000105,16.874624
2013-09-25 22:00:00.00000015,10.333823
2011-07-06 18:07:44.0000002,47.800163
2009-05-16 14:53:41.0000002,10.598438
2013-10-17 22:21:57.0000003,11.995918
2015-03-04 21:42:57.00000011,8.760982
2011-03-22 12:59:49.0000001,12.095446
2013-07-05 00:58:17.0000004,16.093561
2010-01-30 00:57:21.0000001,5.652745
2012-04-02 08:39:21.0000002,13.576083
2010-07-25 04:03:17.0000001,43.308098
2012-07-01 22:30:29.0000002,19.658493
2014-02-08 17:24:57.0000003,19.480465
2012-06-02 01:16:05.0000003,4.588363
2012-06-02 01:16:05.0000001,8.62585
2014-01-11 06:18:37.0000001,5.681665
2012-12-09 22:30:13.0000005,6.508824
2011-10-01 15:04:57.0000002,6.6166983
2012-01-01 00:37:29.0000004,8.098795
2012-04-14 14:20:33.0000003,11.532797
2010-02-01 20:28:45.0000004,8.429527
2013-08-19 16:21:05.0000001,17.627
2014-06-05 22:56:05.0000004,8.067336
2013-11-07 22:25:25.0000004,19.76163
2010-06-19 03:06:33.0000001,15.584158
2012-07-18 09:44:53.0000003,6.912656
2009-09-25 21:43:49.0000002,7.519065
2009-09-04 18:43:33.0000001,7.6881785
2012-10-20 00:36:37.0000001,8.972274
2014-06-19 22:37:09.0000002,29.07911
2012-12-20 23:43:09.0000001,20.072683
2015-05-23 01:00:22.0000002,9.589127
2012-11-18 14:55:42.0000001,8.118161
2010-01-24 14:09:58.0000003,5.2897
2014-07-27 11:25:18.0000003,19.77937
2009-03-15 03:31:14.0000004,4.1898828
2010-09-24 22:40:06.0000004,5.381309
2009-04-18 23:09:34.0000001,35.077038
2014-08-26 16:39:54.0000001,16.65795
2009-05-31 20:56:38.0000004,5.982278
2015-05-29 10:02:42.0000002,7.664613
2011-04-17 14:55:58.0000002,6.2684894
2011-05-26 21:36:54.0000003,7.251526
2011-05-26 21:36:54.0000002,9.739865
2013-11-23 16:33:30.0000002,10.776208
2009-06-03 09:11:30.0000001,8.872607
2010-12-04 21:08:38.0000005,7.764556
2013-09-07 19:43:18.0000003,10.44631
2011-03-10 18:16:14.0000005,6.085381
2011-05-19 02:06:46.0000002,6.0861883
2009-08-03 17:06:06.0000002,16.019567
2015-04-14 19:20:46.0000008,7.699268
2011-09-08 13:39:06.0000002,8.241714
2012-03-03 02:30:54.0000003,14.094912
2012-12-27 21:01:54.0000004,6.043648
2012-12-27 21:01:54.0000005,10.646407
2014-06-20 02:16:34.0000002,6.509782
2014-01-14 18:48:06.0000008,9.632217
2011-09-03 00:03:42.0000008,7.9263453
2013-07-02 22:27:14.0000004,18.304684
2013-07-02 22:27:14.0000001,12.145777
2015-05-09 11:33:58.0000002,9.9963665
2015-03-28 19:31:26.0000003,14.711138
2013-08-08 14:38:43.0000002,9.9463825
2009-11-19 22:48:27.0000001,38.864517
2011-07-06 19:56:23.0000001,14.244788
2015-06-18 20:56:55.0000002,5.4641695
2015-02-14 13:15:19.0000002,7.6903133
2013-01-12 22:40:39.0000002,8.765234
2013-03-23 15:41:07.0000002,38.745255
2010-01-31 00:33:03.0000006,7.4997544
2014-06-09 14:51:39.0000001,9.345612
2015-03-20 16:33:07.0000004,16.789234
2015-01-04 00:28:11.0000004,7.1145477
2010-10-04 16:17:03.0000001,10.348995
2011-05-17 07:53:55.0000003,5.905196
2012-12-26 20:55:27.0000001,5.5201173
2012-12-26 20:55:27.0000003,4.779256
2011-12-17 16:19:47.0000002,11.795898
2010-02-15 10:14:23.0000001,30.271008
2010-12-11 16:12:35.0000003,6.4112434
2011-12-11 11:05:51.0000002,11.007558
2014-06-14 12:32:11.0000001,10.5465355
2012-06-09 22:57:15.0000001,7.5386586
2009-05-21 20:50:31.0000004,4.8643255
2010-09-22 09:42:31.0000005,8.704219
2014-07-08 10:21:39.0000007,21.541174
2012-09-16 18:14:55.0000002,16.749878
2013-10-05 13:45:39.0000001,7.261248
2014-07-31 10:39:39.0000001,13.60869
2013-02-16 14:26:51.0000001,12.136713
2014-01-04 10:54:59.0000004,53.118603
2015-03-07 15:25:59.0000005,8.720057
2009-04-16 15:57:31.0000003,6.397621
2011-10-23 17:43:43.0000002,7.7238994
2014-06-14 13:39:00.000000189,11.133575
2014-06-14 13:39:00.000000153,10.032379
2014-06-14 13:39:00.00000088,5.1590137
2014-06-14 13:39:00.000000157,14.42111
2014-06-14 13:39:00.00000046,7.595795
2014-06-14 13:39:00.000000110,7.973674
2014-06-14 13:39:00.000000106,35.24323
2014-06-14 13:39:00.00000019,14.719524
2014-06-14 13:39:00.000000186,6.796594
2014-06-14 13:39:00.00000037,8.878856
2014-06-14 13:39:00.00000057,12.068488
2014-06-14 13:39:00.000000127,12.473693
2014-06-14 13:39:00.0000009,40.774002
2014-06-14 13:39:00.000000173,8.687271
2014-06-14 13:39:00.00000027,6.2089596
2014-06-14 13:39:00.000000100,7.8167286
2011-10-02 23:36:00.00000060,13.341216
2011-10-02 23:36:00.00000057,16.65725
2011-10-02 23:36:00.00000044,5.361934
2011-10-02 23:36:00.00000087,23.369364
2011-10-02 23:36:00.00000084,9.852147
2011-10-02 23:36:00.00000046,11.874942
2011-10-02 23:36:00.0000006,6.0809517
2011-10-02 23:36:00.00000033,32.8782
2011-10-02 23:36:00.00000064,18.351635
2011-10-02 23:36:00.00000094,9.21313
2011-10-02 23:36:00.00000049,4.9842625
2011-10-02 23:36:00.00000066,8.789997
2011-10-02 23:36:00.00000080,9.103404
2011-10-02 23:36:00.00000029,22.09743
2011-10-02 23:36:00.00000055,4.043651
2011-10-02 23:36:00.00000079,14.360511
2011-10-02 23:36:00.00000053,10.3669405
2009-06-10 16:55:00.00000014,7.288131
2009-06-10 16:55:00.00000052,7.9902797
2009-06-10 16:55:00.00000065,7.9829526
2009-06-10 16:55:00.000000169,12.525115
2009-06-10 16:55:00.000000172,7.662541
2009-06-10 16:55:00.000000105,5.9254975
2009-06-10 16:55:00.00000073,3.9587717
2009-06-10 16:55:00.000000157,10.481413
2009-06-10 16:55:00.000000156,5.552779
2009-06-10 16:55:00.000000116,7.743041
2009-06-10 16:55:00.00000022,5.264711
2009-06-10 16:55:00.00000013,7.331827
2009-06-10 16:55:00.000000126,4.598114
2009-06-10 16:55:00.00000023,7.42677
2009-06-10 16:55:00.00000086,6.099766
2009-06-10 16:55:00.00000040,11.917236
2009-06-10 16:55:00.00000058,8.188518
2009-06-10 16:55:00.000000170,4.807507
2009-06-10 16:55:00.00000027,10.931477
2009-06-10 16:55:00.00000011,12.904116
2009-06-10 16:55:00.000000129,6.6625957
2009-06-10 16:55:00.000000121,5.4192047
2009-06-10 16:55:00.00000080,7.8544927
2009-06-10 16:55:00.00000089,7.666832
2009-06-10 16:55:00.000000103,9.167257
2009-06-10 16:55:00.00000051,7.9815392
2009-06-10 16:55:00.00000063,29.007061
2009-06-10 16:55:00.000000106,4.7040615
2009-06-10 16:55:00.00000091,7.0151057
2009-06-10 16:55:00.00000095,14.692852
2009-06-10 16:55:00.000000137,8.0773
2009-06-10 16:55:00.000000113,4.6691227
2009-06-10 16:55:00.000000173,6.6275506
2009-06-10 16:55:00.00000077,5.4855895
2009-06-10 16:55:00.00000036,6.7272196
2011-06-24 12:03:00.000000148,5.243856
2011-06-24 12:03:00.00000070,5.6374025
2011-06-24 12:03:00.000000129,9.660532
2011-06-24 12:03:00.000000130,4.9974093
2011-06-24 12:03:00.000000160,9.67014
2011-06-24 12:03:00.000000167,29.12871
2011-06-24 12:03:00.00000059,7.9079313
2011-06-24 12:03:00.000000128,8.249019
2011-06-24 12:03:00.000000112,4.957732
2011-06-24 12:03:00.000000134,6.8643703
2011-06-24 12:03:00.00000021,13.552457
2011-06-24 12:03:00.00000039,11.629209
2011-06-24 12:03:00.00000083,14.447419
2011-06-24 12:03:00.00000029,5.8527355
2011-06-24 12:03:00.00000037,8.681681
2011-06-24 12:03:00.0000004,12.653212
2011-06-24 12:03:00.000000117,32.250275
2011-06-24 12:03:00.000000147,4.7004576
2011-06-24 12:03:00.00000043,7.275914
2011-06-24 12:03:00.000000172,11.237276
2011-06-24 12:03:00.00000011,7.602957
2011-06-24 12:03:00.00000036,4.155838
2011-06-24 12:03:00.00000015,5.3971004
2011-06-24 12:03:00.00000065,7.570018
2011-06-24 12:03:00.000000169,34.10379
2011-06-24 12:03:00.000000164,12.641901
2011-06-24 12:03:00.000000163,5.6148453
2011-06-24 12:03:00.00000096,8.136308
2011-06-24 12:03:00.00000030,12.574138
2014-06-15 07:06:00.00000018,8.175341
2014-06-15 07:06:00.00000034,20.115786
2014-06-15 07:06:00.00000022,55.712715
2014-06-15 07:06:00.00000012,5.52187
2014-06-15 07:06:00.0000005,9.459453
2014-06-15 07:06:00.00000023,4.9333153
2014-06-15 07:06:00.0000001,10.540989
2009-09-14 02:19:00.0000005,4.7927737
2009-09-14 02:19:00.00000032,4.6453037
2009-09-14 02:19:00.00000015,4.4669247
2009-09-14 02:19:00.00000029,6.2437057
2009-09-14 02:19:00.00000012,5.6647553
2009-09-14 02:19:00.00000019,12.023836
2011-06-01 07:37:00.000000193,4.7703176
2011-06-01 07:37:00.000000135,4.4222445
2011-06-01 07:37:00.000000124,8.460505
2011-06-01 07:37:00.00000071,7.12068
2011-06-01 07:37:00.000000191,16.454203
2011-06-01 07:37:00.00000073,5.4118853
2011-06-01 07:37:00.000000134,10.956287
2011-06-01 07:37:00.000000195,10.642008
2011-06-01 07:37:00.000000130,8.497338
2011-06-01 07:37:00.00000039,8.315905
2011-06-01 07:37:00.000000188,12.70811
2011-06-01 07:37:00.00000030,8.132974
2011-06-01 07:37:00.00000040,11.930964
2011-06-01 07:37:00.00000011,9.056777
2011-06-01 07:37:00.00000093,6.4162936
2011-06-01 07:37:00.000000121,49.4738
2011-06-01 07:37:00.000000224,6.3070145
2011-06-01 07:37:00.000000153,9.104582
2011-06-01 07:37:00.00000033,4.5889807
2011-06-01 07:37:00.000000213,8.458967
2011-06-01 07:37:00.00000076,5.6083746
2011-06-01 07:37:00.00000018,6.319617
2011-06-01 07:37:00.00000021,10.867683
2011-06-01 07:37:00.000000126,11.837743
2011-06-01 07:37:00.000000202,6.7900176
2011-06-01 07:37:00.00000035,7.7186823
2011-06-01 07:37:00.000000216,10.346063
2011-06-01 07:37:00.00000067,7.7850633
2011-06-01 07:37:00.00000013,8.846442
2011-06-01 07:37:00.00000024,8.476893
2011-06-01 07:37:00.000000148,3.986819
2011-06-01 07:37:00.000000200,5.029909
2011-06-01 07:37:00.00000042,9.414464
2011-06-01 07:37:00.00000066,11.26978
2011-06-01 07:37:00.00000056,11.225399
2011-06-01 07:37:00.00000063,14.2718725
2011-06-01 07:37:00.0000009,8.261062
2011-06-01 07:37:00.000000187,6.37072
2011-06-01 07:37:00.000000225,6.2373157
2010-08-27 18:45:00.0000009,38.452354
2010-08-27 18:45:00.000000120,6.724908
2010-08-27 18:45:00.00000019,8.083077
2010-08-27 18:45:00.0000001,7.902977
2010-08-27 18:45:00.00000080,5.0337367
2010-08-27 18:45:00.00000082,5.84716
2010-08-27 18:45:00.000000180,10.235724
2010-08-27 18:45:00.00000058,15.1327305
2010-08-27 18:45:00.000000178,27.634237
2010-08-27 18:45:00.000000117,7.674576
2010-08-27 18:45:00.00000079,11.224002
2010-08-27 18:45:00.000000200,5.437386
2010-08-27 18:45:00.000000108,6.4161468
2010-08-27 18:45:00.00000098,7.2768965
2010-08-27 18:45:00.00000059,47.58099
2010-08-27 18:45:00.000000138,16.70008
2010-08-27 18:45:00.000000232,8.220493
2010-08-27 18:45:00.00000032,24.68753
2010-08-27 18:45:00.00000047,7.9907823
2010-08-27 18:45:00.000000100,9.836741
2010-08-27 18:45:00.000000154,7.3141356
2010-08-27 18:45:00.000000211,7.283218
2010-08-27 18:45:00.000000114,7.0078125
2010-08-27 18:45:00.00000042,5.5195765
2010-08-27 18:45:00.000000104,18.259058
2010-08-27 18:45:00.000000162,9.090449
2010-08-27 18:45:00.00000095,5.2191596
2010-08-27 18:45:00.000000150,8.916841
2010-08-27 18:45:00.00000052,15.415199
2010-08-27 18:45:00.000000225,5.938542
2010-08-27 18:45:00.00000064,8.418777
2010-08-27 18:45:00.000000215,6.9829335
2010-08-27 18:45:00.000000206,5.796876
2010-08-27 18:45:00.000000122,6.693763
2010-08-27 18:45:00.000000221,9.872767
2010-08-27 18:45:00.00000027,6.092456
2010-08-27 18:45:00.000000115,6.179945
2010-08-27 18:45:00.000000218,8.203538
2010-08-27 18:45:00.000000212,12.490692
2010-08-27 18:45:00.000000229,7.450399
2010-08-27 18:45:00.000000213,10.44594
2010-08-27 18:45:00.00000099,37.706463
2010-08-27 18:45:00.000000176,15.691348
2010-08-27 18:45:00.000000132,17.96158
2010-08-27 18:45:00.0000007,7.646354
2010-08-27 18:45:00.000000151,32.37666
2010-08-27 18:45:00.000000137,13.476034
2010-08-27 18:45:00.00000021,36.438267
2010-08-27 18:45:00.000000185,5.2788153
2010-08-27 18:45:00.00000041,8.012633
2010-08-14 02:13:00.000000129,8.356065
2010-08-14 02:13:00.0000006,12.231234
2010-08-14 02:13:00.00000045,8.610146
2010-08-14 02:13:00.000000117,13.448143
2010-08-14 02:13:00.00000079,14.374263
2010-08-14 02:13:00.000000112,7.0611305
2010-08-14 02:13:00.00000088,19.540625
2010-08-14 02:13:00.0000005,7.794413
2010-08-14 02:13:00.00000016,10.479299
2010-08-14 02:13:00.0000002,7.0656767
2010-08-14 02:13:00.00000071,23.36507
2010-08-14 02:13:00.00000019,7.7462716
2010-08-14 02:13:00.000000113,4.9059215
2010-08-14 02:13:00.000000151,6.119965
2010-08-14 02:13:00.000000104,11.288543
2010-08-14 02:13:00.00000095,17.249006
2010-08-14 02:13:00.00000053,6.787063
2010-08-14 02:13:00.00000046,7.8272533
2010-08-14 02:13:00.00000011,15.904982
2010-08-14 02:13:00.000000124,18.125181
2010-08-14 02:13:00.000000153,18.25089
2010-08-14 02:13:00.00000081,33.875214
2010-08-14 02:13:00.00000062,9.833245
2010-08-14 02:13:00.000000103,13.933567
2010-08-14 02:13:00.000000144,6.627042
2010-08-14 02:13:00.00000082,7.3032665
2010-08-14 02:13:00.00000093,5.216741
2010-08-14 02:13:00.00000058,6.746855
2010-08-14 02:13:00.000000107,6.4793262
2010-08-14 02:13:00.000000157,7.0226035
2010-08-14 02:13:00.00000013,5.122431
2010-08-14 02:13:00.000000138,4.497687
2010-08-14 02:13:00.000000119,12.329963
2010-08-14 02:13:00.00000065,4.160752
2010-08-14 02:13:00.00000039,5.341182
2010-08-14 02:13:00.000000118,6.4334316
2010-08-14 02:13:00.00000048,13.5887575
2010-08-14 02:13:00.00000067,12.354598
2010-08-14 02:13:00.00000096,18.598267
2010-08-14 02:13:00.00000091,13.426651
2010-08-14 02:13:00.000000114,5.6084294
2010-08-14 02:13:00.00000023,37.645744
2010-08-14 02:13:00.000000106,6.23711
2014-03-25 23:47:00.000000102,6.688789
2014-03-25 23:47:00.00000026,21.300446
2014-03-25 23:47:00.00000042,15.500268
2014-03-25 23:47:00.00000051,4.7828465
2014-03-25 23:47:00.00000052,6.9055696
2014-03-25 23:47:00.00000031,13.271595
2014-03-25 23:47:00.00000096,10.714933
2014-03-25 23:47:00.000000134,4.588456
2014-03-25 23:47:00.00000019,18.386875
2014-03-25 23:47:00.00000020,8.668618
2014-03-25 23:47:00.000000115,27.60308
2014-03-25 23:47:00.00000035,4.119716
2014-03-25 23:47:00.000000132,20.232607
2014-03-25 23:47:00.00000085,35.41299
2014-03-25 23:47:00.00000064,56.39979
2014-03-25 23:47:00.00000011,8.227474
2014-03-25 23:47:00.000000124,8.918026
2014-03-25 23:47:00.000000112,7.6145716
2014-03-25 23:47:00.000000127,21.205862
2014-03-25 23:47:00.00000028,16.852266
2014-03-25 23:47:00.00000055,7.848375
2014-03-25 23:47:00.00000036,7.7261615
2014-03-25 23:47:00.000000135,34.643353
2014-03-25 23:47:00.000000108,10.5292635
2014-03-25 23:47:00.00000012,20.166431
2010-09-29 16:43:00.000000162,8.543987
2010-09-29 16:43:00.00000078,9.975962
2010-09-29 16:43:00.00000015,9.281531
2010-09-29 16:43:00.0000001,14.470489
2010-09-29 16:43:00.000000119,9.000085
2010-09-29 16:43:00.000000140,10.00971
2010-09-29 16:43:00.00000041,8.374806
2010-09-29 16:43:00.000000135,12.424555
2010-09-29 16:43:00.000000117,7.5590196
2010-09-29 16:43:00.00000059,13.706556
2010-09-29 16:43:00.00000014,7.3847246
2010-09-29 16:43:00.00000012,12.137338
2010-09-29 16:43:00.000000170,6.5208855
2010-09-29 16:43:00.00000013,10.341947
2010-09-29 16:43:00.000000145,8.785153
2010-09-29 16:43:00.000000174,14.114176
2010-09-29 16:43:00.000000164,8.109599
2010-09-29 16:43:00.00000037,13.714713
2010-09-29 16:43:00.000000159,5.4217663
2010-09-29 16:43:00.000000113,12.492117
2010-09-29 16:43:00.00000094,4.671304
2010-09-29 16:43:00.00000011,6.098462
2010-09-29 16:43:00.000000168,5.4715314
2010-09-29 16:43:00.000000114,47.70219
2010-09-29 16:43:00.00000019,6.3192496
2010-09-29 16:43:00.00000022,8.496198
2010-09-29 16:43:00.00000040,7.381942
2010-09-29 16:43:00.00000016,8.184691
2010-09-29 16:43:00.000000144,8.008211
2010-09-29 16:43:00.00000044,9.27721
2010-09-29 16:43:00.00000062,10.041561
2010-09-29 16:43:00.00000074,31.077059
2010-09-29 16:43:00.00000064,16.234087
2010-09-29 16:43:00.000000110,12.792446
2010-09-29 16:43:00.000000122,7.5125966
2010-09-29 16:43:00.000000142,4.6126375
2010-09-29 16:43:00.00000080,5.7329416
2014-10-27 14:58:00.000000149,57.148922
2014-10-27 14:58:00.000000125,12.899667
2014-10-27 14:58:00.000000130,9.107057
2014-10-27 14:58:00.000000146,6.8640714
2014-10-27 14:58:00.00000040,7.841712
2014-10-27 14:58:00.000000136,6.553698
2014-10-27 14:58:00.000000123,12.226676
2014-10-27 14:58:00.000000115,7.6733522
2014-10-27 14:58:00.00000046,6.023021
2014-10-27 14:58:00.0000009,56.13164
2014-10-27 14:58:00.00000059,55.333687
2014-10-27 14:58:00.000000111,7.4581656
2014-10-27 14:58:00.00000054,57.523052
2014-10-27 14:58:00.00000024,8.474441
2014-10-27 14:58:00.00000065,11.990127
2014-10-27 14:58:00.00000087,13.345843
2014-10-27 14:58:00.00000099,7.0678744
2014-10-27 14:58:00.000000144,5.614413
2014-10-27 14:58:00.00000081,4.6305747
2014-10-27 14:58:00.00000056,10.241409
2012-11-03 17:11:00.000000115,7.618468
2012-11-03 17:11:00.00000079,11.092217
2012-11-03 17:11:00.00000081,13.276001
2012-11-03 17:11:00.00000085,16.265099
2012-11-03 17:11:00.000000128,4.9627247
2012-11-03 17:11:00.000000160,8.514646
2012-11-03 17:11:00.000000118,7.1194334
2012-11-03 17:11:00.00000076,9.362826
2012-11-03 17:11:00.000000114,8.013698
2012-11-03 17:11:00.00000091,6.9028673
2012-11-03 17:11:00.00000060,10.363888
2012-11-03 17:11:00.000000155,10.526183
2012-11-03 17:11:00.000000117,11.788289
2012-11-03 17:11:00.000000105,5.445085
2012-11-03 17:11:00.0000007,23.477697
2012-11-03 17:11:00.00000055,7.3086348
2012-11-03 17:11:00.000000103,6.9373674
2012-11-03 17:11:00.00000053,8.853124
2011-03-11 01:44:00.00000064,9.077782
2011-03-11 01:44:00.00000016,4.7227535
2011-03-11 01:44:00.00000072,12.6801405
2011-03-11 01:44:00.00000057,4.6550684
2011-03-11 01:44:00.00000040,6.154637
2011-03-11 01:44:00.00000021,18.53685
2011-03-11 01:44:00.00000046,9.956796
2011-03-11 01:44:00.00000034,7.1034617
2011-03-11 01:44:00.00000083,55.21494
2011-03-11 01:44:00.00000032,8.614151
2011-03-11 01:44:00.00000075,7.405769
2011-03-11 01:44:00.00000085,7.4569526
2011-03-11 01:44:00.00000044,6.0032773
2011-03-11 01:44:00.0000005,8.648084
2011-03-11 01:44:00.00000074,13.63819
2011-03-11 01:44:00.00000041,9.508709
2011-03-11 01:44:00.00000042,8.716866
2011-03-11 01:44:00.00000035,10.842725
2011-03-11 01:44:00.00000052,4.1295433
2011-10-04 09:37:00.000000194,6.684021
2011-10-04 09:37:00.000000183,7.8348265
2011-10-04 09:37:00.000000157,31.644594
2011-10-04 09:37:00.000000176,6.894502
2011-10-04 09:37:00.000000170,9.843068
2011-10-04 09:37:00.00000036,8.704541
2011-10-04 09:37:00.00000017,4.5582395
2011-10-04 09:37:00.000000114,17.215315
2011-10-04 09:37:00.000000184,12.616942
2011-10-04 09:37:00.00000047,6.5587063
2011-10-04 09:37:00.00000055,7.6354065
2011-10-04 09:37:00.00000031,7.4131403
2011-10-04 09:37:00.00000049,47.58934
2011-10-04 09:37:00.0000005,4.8331785
2011-10-04 09:37:00.00000067,4.924595
2011-10-04 09:37:00.000000134,11.43794
2011-10-04 09:37:00.00000025,6.080144
2011-10-04 09:37:00.000000185,7.1997857
2011-10-04 09:37:00.000000180,7.8408203
2011-10-04 09:37:00.00000088,7.42264
2011-10-04 09:37:00.000000108,9.687194
2011-10-04 09:37:00.000000107,10.635823
2011-10-04 09:37:00.00000062,19.280806
2011-10-04 09:37:00.00000045,5.055023
2011-10-04 09:37:00.00000028,10.922166
2011-10-04 09:37:00.00000057,6.445197
2011-10-04 09:37:00.00000013,9.356375
2011-10-04 09:37:00.00000056,12.814279
2011-10-04 09:37:00.000000106,6.5980773
2011-10-04 09:37:00.000000136,8.220132
2014-12-24 03:00:00.0000005,21.338366
2014-12-24 03:00:00.00000017,19.722437
2014-12-24 03:00:00.00000036,17.756912
2014-12-24 03:00:00.00000033,4.4572573
2014-12-24 03:00:00.00000026,18.866446
2014-12-24 03:00:00.00000031,20.141676
2014-12-24 03:00:00.00000015,10.344832
2015-02-12 05:37:56.0000001,4.835267
2014-04-27 02:57:00.000000124,14.362935
2014-04-27 02:57:00.00000017,17.471552
2014-04-27 02:57:00.000000151,5.8822694
2014-04-27 02:57:00.000000168,4.338562
2014-04-27 02:57:00.00000039,5.178778
2014-04-27 02:57:00.00000097,14.376167
2014-04-27 02:57:00.00000033,5.1722903
2014-04-27 02:57:00.000000129,9.316646
2014-04-27 02:57:00.000000141,7.544337
2014-04-27 02:57:00.00000074,13.193375
2014-04-27 02:57:00.00000047,18.304995
2014-04-27 02:57:00.00000076,11.014622
2014-04-27 02:57:00.000000142,6.574153
2014-04-27 02:57:00.000000143,17.192251
2014-04-27 02:57:00.00000090,22.514738
2014-04-27 02:57:00.000000106,18.860338
2014-04-27 02:57:00.000000167,15.975428
2014-04-27 02:57:00.000000145,12.406975
2011-12-13 22:00:00.00000085,12.043856
2011-12-13 22:00:00.000000264,7.6042156
2011-12-13 22:00:00.000000138,10.519055
2011-12-13 22:00:00.000000135,6.608349
2011-12-13 22:00:00.000000197,5.0965805
2011-12-13 22:00:00.000000143,11.589185
2011-12-13 22:00:00.000000134,4.9004116
2011-12-13 22:00:00.00000033,10.751472
2011-12-13 22:00:00.00000058,7.0405607
2011-12-13 22:00:00.000000205,8.706406
2011-12-13 22:00:00.000000173,9.318965
2011-12-13 22:00:00.000000248,6.334402
2011-12-13 22:00:00.00000074,6.28327
2011-12-13 22:00:00.00000098,4.2181625
2011-12-13 22:00:00.00000095,10.299104
2011-12-13 22:00:00.000000229,18.480001
2011-12-13 22:00:00.000000186,11.694139
2011-12-13 22:00:00.0000005,27.619448
2011-12-13 22:00:00.000000246,16.736303
2011-12-13 22:00:00.000000180,7.344152
2011-12-13 22:00:00.00000044,7.3522334
2011-12-13 22:00:00.000000110,7.5192943
2011-12-13 22:00:00.000000231,6.499255
2011-12-13 22:00:00.000000144,10.071549
2011-12-13 22:00:00.00000070,27.663397
2011-12-13 22:00:00.000000116,7.26843
2011-12-13 22:00:00.000000156,5.5813684
2011-12-13 22:00:00.000000148,8.210747
2011-12-13 22:00:00.00000072,8.756708
2011-12-13 22:00:00.00000028,11.323272
2011-12-13 22:00:00.00000066,10.248394
2011-12-13 22:00:00.000000121,11.955917
2011-12-13 22:00:00.00000094,43.949287
2011-12-13 22:00:00.000000266,9.22142
2015-04-11 14:16:12.0000004,11.188747
2015-05-10 19:54:00.0000002,13.17313
2014-07-21 18:19:00.00000054,10.007074
2014-07-21 18:19:00.000000230,7.428224
2014-07-21 18:19:00.000000187,17.065685
2014-07-21 18:19:00.000000100,10.684297
2014-07-21 18:19:00.00000071,11.996782
2014-07-21 18:19:00.000000172,10.270996
2014-07-21 18:19:00.00000025,15.757101
2014-07-21 18:19:00.000000191,11.962927
2014-07-21 18:19:00.00000034,10.927101
2014-07-21 18:19:00.000000176,5.400395
2014-07-21 18:19:00.00000037,7.4197025
2014-07-21 18:19:00.000000160,6.7737665
2014-07-21 18:19:00.00000077,9.500195
2014-07-21 18:19:00.00000013,11.914824
2014-07-21 18:19:00.000000184,7.423214
2014-07-21 18:19:00.000000232,7.4706125
2014-07-21 18:19:00.000000116,8.516752
2014-07-21 18:19:00.00000048,8.698337
2014-07-21 18:19:00.00000067,10.708561
2014-07-21 18:19:00.00000099,5.2511554
2014-07-21 18:19:00.000000223,7.4499197
2014-07-21 18:19:00.000000162,15.361574
2014-07-21 18:19:00.00000068,10.935551
2014-07-21 18:19:00.000000144,9.222955
2014-07-21 18:19:00.00000035,26.338243
2014-07-21 18:19:00.00000029,7.183005
2014-07-21 18:19:00.00000032,6.0897613
2014-07-21 18:19:00.00000082,6.265542
2014-07-21 18:19:00.000000132,5.6454797
2014-07-21 18:19:00.000000152,6.8881955
2014-07-21 18:19:00.00000039,6.081124
2014-07-21 18:19:00.000000241,4.8369203
2014-07-21 18:19:00.00000088,7.276998
2010-09-20 16:48:00.000000159,29.854685
2010-09-20 16:48:00.0000006,10.045455
2010-09-20 16:48:00.000000166,8.086879
2010-09-20 16:48:00.000000110,8.072028
2010-09-20 16:48:00.000000139,25.601446
2010-09-20 16:48:00.00000015,7.165014
2010-09-20 16:48:00.00000068,13.5075035
2010-09-20 16:48:00.000000158,47.388824
2010-09-20 16:48:00.00000035,16.668549
2010-09-20 16:48:00.000000148,5.6760025
2010-09-20 16:48:00.00000023,15.144943
2010-09-20 16:48:00.00000027,9.127817
2010-09-20 16:48:00.00000092,21.57113
2010-09-20 16:48:00.000000151,29.469913
2010-09-20 16:48:00.00000071,9.609411
2010-09-20 16:48:00.000000132,8.083794
2010-09-20 16:48:00.00000099,15.992404
2010-09-20 16:48:00.0000001,5.234825
2010-09-20 16:48:00.0000005,17.247852
2011-03-06 21:01:00.00000037,4.678169
2011-03-06 21:01:00.00000028,14.255896
2011-03-06 21:01:00.00000025,6.88313
2011-03-06 21:01:00.000000139,5.54322
2011-03-06 21:01:00.00000083,7.8239546
2011-03-06 21:01:00.000000173,20.240057
2011-03-06 21:01:00.00000051,19.570745
2011-03-06 21:01:00.000000116,13.522262
2011-03-06 21:01:00.00000057,5.605837
2011-03-06 21:01:00.000000168,7.8408203
2011-03-06 21:01:00.000000138,15.622902
2011-03-06 21:01:00.00000043,8.173519
2011-03-06 21:01:00.000000127,4.344775
2011-03-06 21:01:00.00000096,13.835874
2011-03-06 21:01:00.00000074,4.6049085
2011-03-06 21:01:00.000000113,7.3425317
2011-03-06 21:01:00.000000120,23.87012
2011-03-06 21:01:00.00000018,9.6375065
2011-03-06 21:01:00.00000071,6.535194
2011-03-06 21:01:00.000000137,4.565083
2011-03-06 21:01:00.00000011,17.08859
2011-03-06 21:01:00.000000146,5.9764547
2011-03-06 21:01:00.000000149,4.241718
2011-03-06 21:01:00.00000056,4.357273
2011-03-06 21:01:00.00000052,12.198566
2011-03-06 21:01:00.000000109,4.612558
2012-01-26 07:33:00.000000167,7.1266136
2012-01-26 07:33:00.000000114,14.0917635
2012-01-26 07:33:00.00000031,8.865301
2012-01-26 07:33:00.000000133,20.545277
2012-01-26 07:33:00.000000180,5.532809
2012-01-26 07:33:00.000000120,9.509633
2012-01-26 07:33:00.000000168,7.940647
2012-01-26 07:33:00.000000122,5.9791284
2012-01-26 07:33:00.000000166,11.316872
2012-01-26 07:33:00.000000186,6.3013964
2012-01-26 07:33:00.00000068,7.817707
2012-01-26 07:33:00.00000085,20.995523
2012-01-26 07:33:00.000000103,4.229056
2012-01-26 07:33:00.00000081,22.23432
2012-01-26 07:33:00.00000099,10.545407
2012-01-26 07:33:00.00000051,8.989313
2012-01-26 07:33:00.000000160,4.585269
2012-01-26 07:33:00.00000091,5.918944
2012-01-26 07:33:00.00000089,8.783823
2012-01-26 07:33:00.000000189,6.9523177
2010-12-09 07:29:00.0000003,8.296089
2010-12-09 07:29:00.00000078,8.71934
2010-12-09 07:29:00.000000127,6.8309755
2010-12-09 07:29:00.00000050,7.321492
2010-12-09 07:29:00.000000135,5.540988
2010-12-09 07:29:00.000000196,11.928879
2010-12-09 07:29:00.000000183,8.016158
2010-12-09 07:29:00.000000152,9.343046
2010-12-09 07:29:00.00000098,30.428982
2010-12-09 07:29:00.00000090,9.105175
2010-12-09 07:29:00.00000025,12.340631
2010-12-09 07:29:00.000000150,7.591769
2010-12-09 07:29:00.00000041,5.643662
2010-12-09 07:29:00.000000143,8.001591
2010-12-09 07:29:00.000000148,5.866152
2010-12-09 07:29:00.000000151,6.305831
2010-12-09 07:29:00.0000007,5.0715084
2010-12-09 07:29:00.00000069,9.928117
2010-12-09 07:29:00.00000036,5.908967
2010-12-09 07:29:00.00000046,16.142502
2010-12-09 07:29:00.000000195,6.2720566
2010-12-09 07:29:00.000000115,17.179195
2010-12-09 07:29:00.000000134,6.2638197
2010-12-09 07:29:00.00000067,9.304216
2010-12-09 07:29:00.000000112,6.644482
2010-12-09 07:29:00.00000015,7.8589706
2010-12-09 07:29:00.00000031,8.933457
2010-12-09 07:29:00.000000193,7.847647
2010-12-09 07:29:00.00000012,9.351823
2010-12-09 07:29:00.0000005,48.028404
2010-12-09 07:29:00.00000038,9.191384
2010-12-09 07:29:00.00000097,5.157129
2010-12-09 07:29:00.000000102,4.765873
2010-12-09 07:29:00.00000089,7.5599527
2010-12-09 07:29:00.00000068,7.3499875
2010-12-09 07:29:00.00000071,9.995111
2010-12-09 07:29:00.000000186,7.638061
2012-05-08 03:50:00.0000009,20.435474
2012-05-08 03:50:00.0000001,5.616503
2012-05-08 03:50:00.00000012,14.018355
2012-05-08 03:50:00.0000006,18.314056
2015-03-12 19:43:24.0000005,5.360238
2015-02-01 00:48:44.0000001,31.547327
2015-02-21 18:39:16.0000005,6.8260665
2011-01-24 20:47:04.0000001,8.837042
2010-12-25 13:54:12.0000001,14.5926695
2015-04-07 14:31:12.0000001,8.128213
2012-11-20 21:54:00.00000086,15.807104
2012-11-20 21:54:00.000000150,6.7343006
2012-11-20 21:54:00.000000184,6.542161
2012-11-20 21:54:00.00000080,30.447388
2012-11-20 21:54:00.00000021,6.2130895
2012-11-20 21:54:00.00000019,8.411609
2012-11-20 21:54:00.00000087,4.87411
2012-11-20 21:54:00.00000077,13.001135
2012-11-20 21:54:00.000000216,8.900006
2012-11-20 21:54:00.00000010,6.8125706
2012-11-20 21:54:00.000000104,7.7062078
2012-11-20 21:54:00.00000048,6.4527617
2012-11-20 21:54:00.000000221,19.023525
2012-11-20 21:54:00.00000030,10.278369
2012-11-20 21:54:00.00000085,5.48968
2012-11-20 21:54:00.000000133,6.613826
2012-11-20 21:54:00.000000144,8.912949
2012-11-20 21:54:00.00000047,6.046374
2012-11-20 21:54:00.000000229,6.1701217
2012-11-20 21:54:00.00000015,6.7638984
2012-11-20 21:54:00.000000101,7.7605643
2012-11-20 21:54:00.000000238,7.2523723
2012-11-20 21:54:00.00000097,20.629725
2012-11-20 21:54:00.00000049,6.288863
2012-11-20 21:54:00.000000209,16.943401
2012-11-20 21:54:00.00000012,8.745844
2012-11-20 21:54:00.000000132,9.583407
2012-11-20 21:54:00.000000197,6.002282
2012-11-20 21:54:00.000000211,13.313403
2012-11-20 21:54:00.00000083,7.606955
2012-11-20 21:54:00.000000127,8.065335
2012-11-20 21:54:00.000000223,38.60262
2012-11-20 21:54:00.000000130,13.339342
2012-11-20 21:54:00.000000149,10.647104
2012-11-20 21:54:00.000000196,10.916164
2012-11-20 21:54:00.00000056,5.8425837
2012-11-20 21:54:00.00000026,11.949878
2012-11-20 21:54:00.00000055,8.243652
2012-11-20 21:54:00.000000135,31.722584
2014-06-23 00:16:00.00000023,12.906193
2014-06-23 00:16:00.00000014,8.432437
2014-06-23 00:16:00.00000080,7.7370133
2014-06-23 00:16:00.0000003,11.800856
2014-06-23 00:16:00.00000029,14.106546
2014-06-23 00:16:00.00000055,28.390015
2014-06-23 00:16:00.00000050,12.852622
2014-06-23 00:16:00.0000002,15.726518
2014-06-23 00:16:00.00000072,6.6532354
2014-06-23 00:16:00.00000020,11.09048
2013-09-25 22:00:00.00000052,9.673547
2013-09-25 22:00:00.000000129,7.074524
2013-09-25 22:00:00.000000226,51.7055
2013-09-25 22:00:00.00000029,13.375914
2013-09-25 22:00:00.000000141,6.8715253
2013-09-25 22:00:00.000000206,14.252248
2013-09-25 22:00:00.00000051,7.4451013
2013-09-25 22:00:00.000000238,9.568725
2013-09-25 22:00:00.000000251,12.395235
2013-09-25 22:00:00.00000031,6.6671767
2013-09-25 22:00:00.000000124,8.941589
2013-09-25 22:00:00.000000102,7.9388576
2013-09-25 22:00:00.000000198,22.383606
2013-09-25 22:00:00.000000208,5.3375072
2013-09-25 22:00:00.00000087,13.651439
2013-09-25 22:00:00.000000116,5.4887977
2013-09-25 22:00:00.00000034,13.795314
2013-09-25 22:00:00.000000104,10.914025
2013-09-25 22:00:00.00000088,7.6216745
2013-09-25 22:00:00.000000218,31.772978
2013-09-25 22:00:00.00000065,16.282465
2013-09-25 22:00:00.000000115,11.94126
2013-09-25 22:00:00.00000042,11.051364
2013-09-25 22:00:00.000000234,7.1560116
2013-09-25 22:00:00.000000247,5.097664
2013-09-25 22:00:00.000000147,13.357077
2013-09-25 22:00:00.000000248,7.7798176
2013-09-25 22:00:00.000000162,15.228436
2013-09-25 22:00:00.000000130,11.535889
2013-09-25 22:00:00.000000174,5.2204223
2015-03-04 21:42:57.0000006,6.115722
2015-04-25 01:06:17.0000005,16.362232
2015-02-19 11:39:21.0000001,23.648237
2015-01-29 13:15:50.0000001,5.7394686
2015-05-07 15:33:26.0000005,5.947704
2015-02-09 07:16:26.0000005,17.82833
2015-04-16 18:45:22.0000004,17.25134
2015-05-31 20:48:54.0000006,40.48947
2015-05-31 20:48:54.0000003,5.4157515
2015-06-18 20:56:55.0000001,21.701622
2015-02-14 13:15:19.0000005,5.8281813
2015-05-10 12:37:51.0000007,7.4226437
2015-05-10 12:37:51.0000005,11.951446
2015-05-20 00:59:15.0000002,13.61856
2015-05-29 18:59:35.0000003,11.085258
2015-02-25 18:00:51.0000008,8.601705
2015-02-08 08:44:03.0000002,6.421472
2015-05-12 08:31:07.0000003,8.790796
2015-03-16 21:12:19.0000007,9.217231
2014-06-14 13:39:00.000000117,6.1511216
2014-06-14 13:39:00.000000187,7.834764
2014-06-14 13:39:00.00000099,7.6314445
2014-06-14 13:39:00.000000112,24.267784
2014-06-14 13:39:00.00000039,12.628451
2014-06-14 13:39:00.00000078,56.506413
2014-06-14 13:39:00.00000084,7.4899683
2014-06-14 13:39:00.000000166,7.3087745
2014-06-14 13:39:00.00000089,4.891481
2014-06-14 13:39:00.00000047,9.490118
2014-06-14 13:39:00.0000001,19.027225
2015-01-31 20:54:04.0000002,10.382884
2011-10-02 23:36:00.0000002,6.907408
2011-10-02 23:36:00.00000051,10.611433
2011-06-24 12:03:00.000000182,7.315977
2011-06-24 12:03:00.000000103,8.373148
2011-06-24 12:03:00.0000003,6.304777
2011-06-01 07:37:00.00000050,6.6937413
2010-08-27 18:45:00.000000216,5.2258854
2010-08-14 02:13:00.000000135,8.768159
2014-03-25 23:47:00.00000022,6.140911
2014-03-25 23:47:00.000000128,17.602589
2014-03-25 23:47:00.000000105,7.4418817
2014-03-25 23:47:00.00000091,4.8201065
2014-03-25 23:47:00.00000054,8.631291
2014-03-25 23:47:00.000000129,7.279609
2014-03-25 23:47:00.00000063,36.66184
2014-03-25 23:47:00.00000060,5.6989098
2014-03-25 23:47:00.00000075,19.041317
2010-09-29 16:43:00.00000083,6.4569554
2014-10-27 14:58:00.000000145,41.545162
2014-10-27 14:58:00.0000007,13.7754545
2014-10-27 14:58:00.00000031,11.827494
2014-10-27 14:58:00.000000128,23.00058
2014-10-27 14:58:00.00000097,4.3985147
2014-10-27 14:58:00.00000078,34.3126
2014-10-27 14:58:00.000000135,8.587258
2012-11-03 17:11:00.00000044,6.7734923
2012-11-03 17:11:00.00000050,12.609027
2012-11-03 17:11:00.00000024,8.182
2012-11-03 17:11:00.00000072,11.778228
2012-11-03 17:11:00.000000159,9.183545
2012-11-03 17:11:00.000000126,5.647116
2012-11-03 17:11:00.00000090,10.073118
2011-03-11 01:44:00.00000062,29.685724
2015-02-22 09:48:32.0000004,20.980202
2011-10-04 09:37:00.000000102,9.434902
2011-10-04 09:37:00.00000023,8.728633
2014-12-24 03:00:00.0000003,5.3944464
2014-12-24 03:00:00.00000014,5.1449227
2014-12-24 03:00:00.0000002,12.719629
2014-12-24 03:00:00.00000027,17.231384
2015-04-11 20:31:32.0000004,7.3376846
2014-04-27 02:57:00.000000123,7.479471
2014-04-27 02:57:00.00000078,4.355263
2014-04-27 02:57:00.00000075,11.226163
2014-04-27 02:57:00.000000178,5.3029985
2014-04-27 02:57:00.0000004,9.571952
2014-04-27 02:57:00.000000166,12.081532
2014-04-27 02:57:00.00000091,13.895897
2014-04-27 02:57:00.000000173,8.55913
2014-04-27 02:57:00.00000066,23.136333
2014-04-27 02:57:00.000000183,5.4973054
2014-04-27 02:57:00.000000179,12.498967
2014-04-27 02:57:00.000000144,8.1001215
2014-04-27 02:57:00.00000025,19.576426
2014-04-27 02:57:00.00000052,7.2760377
2014-04-27 02:57:00.00000094,5.6823187
2014-04-27 02:57:00.000000189,21.305882
2011-12-13 22:00:00.00000040,11.195673
2011-12-13 22:00:00.000000228,6.1450377
2011-12-13 22:00:00.000000130,28.164984
2011-12-13 22:00:00.000000141,6.3641562
2011-12-13 22:00:00.000000149,6.2231016
2011-12-13 22:00:00.000000224,6.048041
2011-12-13 22:00:00.000000154,5.7489266
2011-12-13 22:00:00.000000131,8.351545
2011-12-13 22:00:00.0000002,6.1824
2011-12-13 22:00:00.000000221,8.636214
2011-12-13 22:00:00.00000056,5.5573554
2011-12-13 22:00:00.000000195,6.9664598
2011-12-13 22:00:00.000000191,6.3433867
2011-12-13 22:00:00.00000059,5.4432564
2015-02-26 15:55:48.0000001,22.630886
2014-07-21 18:19:00.000000197,6.645235
2014-07-21 18:19:00.000000153,5.249264
2014-07-21 18:19:00.000000159,7.089896
2014-07-21 18:19:00.000000212,36.79421
2014-07-21 18:19:00.00000091,6.6282735
2014-07-21 18:19:00.0000002,5.771744
2014-07-21 18:19:00.000000142,11.348487
2014-07-21 18:19:00.000000141,13.804804
2014-07-21 18:19:00.000000149,7.8844175
2014-07-21 18:19:00.00000065,9.379222
2014-07-21 18:19:00.00000033,6.5108037
2010-09-20 16:48:00.000000146,8.721248
2010-09-20 16:48:00.00000047,13.155767
2010-09-20 16:48:00.000000129,10.270726
2015-01-26 07:13:44.0000005,57.115692
2011-03-06 21:01:00.00000033,5.804425
2012-01-26 07:33:00.00000090,5.273281
2012-01-26 07:33:00.00000087,9.231519
2012-01-26 07:33:00.00000012,10.5888
2012-01-26 07:33:00.000000171,7.0640235
2012-01-26 07:33:00.00000065,35.336594
2012-01-26 07:33:00.00000088,8.076213
2012-01-26 07:33:00.000000119,21.13176
2015-03-20 23:34:40.0000004,32.54849
2010-12-09 07:29:00.0000001,9.086832
2012-05-08 03:50:00.00000013,5.5697865
2015-03-12 19:43:24.0000003,20.226784
2012-11-20 21:54:00.00000034,10.14353
2012-11-20 21:54:00.000000170,8.240962
2012-11-20 21:54:00.000000108,12.049786
2012-11-20 21:54:00.00000031,10.8825655
2012-11-20 21:54:00.000000171,12.843223
2012-11-20 21:54:00.00000023,8.202119
2012-11-20 21:54:00.00000074,6.1609254
2012-11-20 21:54:00.000000122,11.516256
2012-11-20 21:54:00.0000006,7.2460194
2012-11-20 21:54:00.000000160,9.996718
2012-11-20 21:54:00.00000042,29.249056
2012-11-20 21:54:00.00000039,10.713624
2012-11-20 21:54:00.00000043,10.325097
2012-11-20 21:54:00.000000219,5.4674544
2012-11-20 21:54:00.00000020,6.188304
2012-11-20 21:54:00.000000222,6.763452
2012-11-20 21:54:00.0000005,7.5175514
2012-11-20 21:54:00.000000154,9.763859
2014-06-23 00:16:00.00000060,17.647179
2014-06-23 00:16:00.0000008,8.70771
2014-06-23 00:16:00.00000035,23.606432
2014-06-23 00:16:00.00000052,11.973373
2014-06-23 00:16:00.00000053,7.3868585
2013-09-25 22:00:00.00000056,22.662653
2013-09-25 22:00:00.00000083,6.2107654
2013-09-25 22:00:00.000000128,6.0229597
2013-09-25 22:00:00.00000037,16.764877
2013-09-25 22:00:00.00000013,5.6177793
2013-09-25 22:00:00.000000168,7.3728814
2013-09-25 22:00:00.000000181,6.1978493
2013-09-25 22:00:00.00000016,13.550758
2013-09-25 22:00:00.00000063,17.447826
2013-09-25 22:00:00.00000047,7.6886725
2013-09-25 22:00:00.000000220,16.477863
2013-09-25 22:00:00.000000163,9.276577
2013-09-25 22:00:00.00000077,12.985315
2013-09-25 22:00:00.00000060,41.60971
2013-09-25 22:00:00.000000213,16.038008
2013-09-25 22:00:00.000000150,18.920258
2013-09-25 22:00:00.00000010,7.167852
2013-09-25 22:00:00.000000146,6.7491302
2013-09-25 22:00:00.00000041,9.989551
2013-09-25 22:00:00.000000109,10.141076
2013-09-25 22:00:00.000000210,16.06817
2013-09-25 22:00:00.000000151,9.278816
2013-09-25 22:00:00.000000190,13.826889
2013-09-25 22:00:00.000000153,11.015525
2013-09-25 22:00:00.000000241,28.316994
2013-09-25 22:00:00.000000127,10.222864
2015-02-20 11:08:29.0000001,17.771027
2015-01-12 15:36:37.0000002,4.5733724
2015-06-07 00:38:14.0000002,18.12911
2015-04-12 21:56:22.0000005,7.992721
2015-04-10 11:56:54.0000004,8.017896
2015-06-25 01:01:46.0000002,11.496176
2015-05-29 10:02:42.0000001,11.77879
2015-06-30 20:03:50.0000002,40.774708
2015-02-27 19:36:02.0000006,24.445278
2015-06-15 01:00:06.0000002,4.551237
2015-02-03 09:00:58.0000001,41.919167
2015-05-19 13:58:11.0000001,8.53917
2015-05-10 12:37:51.0000002,8.78779
2015-01-12 17:05:51.0000001,11.910854
2015-04-19 20:44:15.0000001,54.08885
2015-01-31 01:05:19.0000005,19.363203
2015-01-18 14:06:23.0000006,6.9119287
