key,fare_amount
2015-01-27 13:08:24.0000002,11.526736
2015-01-27 13:08:24.0000003,11.322597
2011-10-08 11:53:44.0000002,4.8053374
2012-12-01 21:12:12.0000002,8.527178
2012-12-01 21:12:12.0000003,15.846547
2012-12-01 21:12:12.0000005,10.762624
2011-10-06 12:10:20.0000001,5.5546064
2011-10-06 12:10:20.0000003,48.9312
2011-10-06 12:10:20.0000002,11.797103
2014-02-18 15:22:20.0000002,7.250793
2014-02-18 15:22:20.0000003,10.712147
2014-02-18 15:22:20.0000001,18.9738
2010-03-29 20:20:32.0000002,4.2659187
2010-03-29 20:20:32.0000001,6.1362762
2011-10-06 03:59:12.0000002,7.5278935
2011-10-06 03:59:12.0000001,10.139895
2012-07-15 16:45:04.0000006,3.7584584
2012-07-15 16:45:04.0000002,8.980406
2012-07-15 16:45:04.0000003,5.0247893
2012-07-15 16:45:04.0000004,4.267669
2014-10-29 02:09:56.0000001,6.246474
2014-06-14 13:39:00.00000010,8.273445
2014-06-14 13:39:00.00000060,7.6833673
2014-06-14 13:39:00.00000087,9.261386
2014-06-14 13:39:00.00000050,18.126451
2014-06-14 13:39:00.0000003,7.2965517
2014-06-14 13:39:00.000000158,38.580303
2014-06-14 13:39:00.00000015,23.728569
2014-06-14 13:39:00.00000073,6.2546473
2014-06-14 13:39:00.00000077,16.152847
2014-06-14 13:39:00.000000145,9.608851
2014-06-14 13:39:00.00000079,6.363826
2014-06-14 13:39:00.000000121,5.3414736
2014-06-14 13:39:00.00000021,11.738051
2014-06-14 13:39:00.0000005,9.40726
2014-06-14 13:39:00.000000165,7.096179
2014-06-14 13:39:00.000000184,6.3759837
2014-06-14 13:39:00.00000059,6.3902235
2014-06-14 13:39:00.00000070,8.212833
2014-06-14 13:39:00.00000068,4.375261
2014-06-14 13:39:00.000000133,20.612885
2014-06-14 13:39:00.000000128,10.524324
2014-06-14 13:39:00.000000136,19.269592
2014-06-14 13:39:00.00000017,11.361836
2014-06-14 13:39:00.000000111,5.9054427
2014-06-14 13:39:00.000000115,12.381889
2014-06-14 13:39:00.000000168,5.5648303
2014-06-14 13:39:00.00000031,6.850039
2014-06-14 13:39:00.000000116,6.3937182
2014-06-14 13:39:00.00000051,5.205193
2014-06-14 13:39:00.000000193,12.852775
2014-06-14 13:39:00.000000132,14.122031
2014-06-14 13:39:00.000000167,21.503674
2014-06-14 13:39:00.00000044,6.2437263
2014-06-14 13:39:00.000000138,7.4700055
2014-06-14 13:39:00.00000066,15.578419
2014-06-14 13:39:00.00000063,11.590389
2014-06-14 13:39:00.000000154,12.022464
2014-06-14 13:39:00.00000097,14.918267
2014-06-14 13:39:00.00000067,13.909615
2014-06-14 13:39:00.000000179,7.729088
2014-06-14 13:39:00.00000092,11.013645
2014-06-14 13:39:00.00000029,5.090571
2014-06-14 13:39:00.000000177,5.8406987
2014-06-14 13:39:00.000000192,7.5837927
2014-06-14 13:39:00.000000181,6.4999285
2014-06-14 13:39:00.000000120,11.545559
2014-06-14 13:39:00.0000008,5.466265
2014-06-14 13:39:00.000000103,4.627255
2014-06-14 13:39:00.00000049,18.456821
2014-06-14 13:39:00.000000108,7.929359
2014-06-14 13:39:00.00000072,6.048874
2014-06-14 13:39:00.000000182,12.95876
2014-06-14 13:39:00.00000061,6.8892117
2014-06-14 13:39:00.00000093,9.427335
2014-06-14 13:39:00.000000170,12.649437
2014-06-14 13:39:00.000000147,45.609364
2014-06-14 13:39:00.000000140,5.4772973
2014-06-14 13:39:00.000000159,4.9912343
2014-06-14 13:39:00.00000012,4.695817
2014-06-14 13:39:00.00000025,7.4000463
2014-06-14 13:39:00.000000156,5.642311
2014-06-14 13:39:00.000000152,8.324352
2014-06-14 13:39:00.000000129,10.201004
2014-06-14 13:39:00.000000119,19.266735
2014-06-14 13:39:00.000000118,5.655007
2014-06-14 13:39:00.00000076,5.08445
2014-06-14 13:39:00.000000135,7.3694873
2014-06-14 13:39:00.00000023,20.539547
2014-06-14 13:39:00.00000082,10.588704
2014-06-14 13:39:00.000000125,11.814575
2014-06-14 13:39:00.00000075,10.586959
2014-06-14 13:39:00.000000124,7.1858935
2014-06-14 13:39:00.000000172,7.170513
2014-06-14 13:39:00.00000024,15.767523
2014-06-14 13:39:00.000000169,15.296779
2014-06-14 13:39:00.00000052,11.899419
2014-06-14 13:39:00.000000161,13.757381
2014-06-14 13:39:00.00000038,8.572636
2014-06-14 13:39:00.00000035,11.737618
2014-06-14 13:39:00.00000053,12.692789
2014-06-14 13:39:00.000000183,7.2224174
2014-06-14 13:39:00.000000131,57.718655
2014-06-14 13:39:00.000000180,7.97844
2014-06-14 13:39:00.000000130,7.2196937
2014-06-14 13:39:00.00000032,4.689162
2014-06-14 13:39:00.000000148,11.510663
2014-06-14 13:39:00.0000007,10.386965
2014-06-14 13:39:00.00000095,11.573737
2014-06-14 13:39:00.000000144,37.91264
2014-06-14 13:39:00.000000141,34.414536
2014-06-14 13:39:00.000000162,21.41395
2014-06-14 13:39:00.00000018,12.799742
2014-06-14 13:39:00.00000054,9.241874
2014-06-14 13:39:00.00000040,6.825258
2014-06-14 13:39:00.00000096,6.7465796
2014-06-14 13:39:00.00000055,26.933788
2014-06-14 13:39:00.000000109,9.380923
2014-06-14 13:39:00.000000151,7.589906
2014-06-14 13:39:00.00000016,10.602582
2014-06-14 13:39:00.00000062,10.77097
2014-06-14 13:39:00.000000191,8.45577
2014-06-14 13:39:00.00000034,8.969054
2014-06-14 13:39:00.000000160,6.7457337
2014-06-14 13:39:00.00000013,6.520643
2014-06-14 13:39:00.000000188,5.817615
2014-06-14 13:39:00.00000086,8.8345785
2014-06-14 13:39:00.000000185,11.522775
2014-06-14 13:39:00.00000074,9.488487
2014-06-14 13:39:00.00000022,18.564346
2014-06-14 13:39:00.00000036,4.7486005
2014-06-14 13:39:00.000000126,4.134358
2014-06-14 13:39:00.000000190,6.41411
2014-06-14 13:39:00.00000042,6.7165847
2014-06-14 13:39:00.000000178,7.2267704
2014-06-14 13:39:00.000000163,5.589713
2014-06-14 13:39:00.00000020,13.595605
2014-06-14 13:39:00.00000098,6.476989
2014-06-14 13:39:00.000000114,23.704346
2014-06-14 13:39:00.00000045,9.815369
2014-06-14 13:39:00.00000094,4.9759846
2014-06-14 13:39:00.000000146,10.984491
2014-06-14 13:39:00.00000033,8.780286
2014-06-14 13:39:00.000000143,5.400213
2014-06-14 13:39:00.000000107,7.2259192
2014-06-14 13:39:00.00000048,9.817444
2014-06-14 13:39:00.00000043,12.613
2014-06-14 13:39:00.000000123,10.1766
2014-06-14 13:39:00.000000134,8.958427
2014-06-14 13:39:00.000000142,7.26158
2014-06-14 13:39:00.000000122,11.044137
2014-06-14 13:39:00.000000176,10.712263
2011-12-12 09:42:12.0000004,6.5239706
2011-12-12 09:42:12.0000002,4.280759
2011-12-12 09:42:12.0000001,10.945627
2011-12-12 09:42:12.0000003,6.936786
2011-12-12 09:42:12.0000005,7.7825007
2013-06-27 00:20:40.0000001,18.017776
2013-06-27 00:20:40.0000003,11.025159
2009-02-20 13:34:16.0000001,8.479444
2009-02-20 13:34:16.0000002,11.273318
2009-02-20 13:34:16.0000003,7.3426094
2010-08-22 21:14:08.0000001,28.53205
2010-08-22 21:14:08.0000005,14.319082
2010-08-22 21:14:08.0000003,4.4619
2010-08-22 21:14:08.0000002,6.9791408
2012-08-06 08:58:08.0000002,5.384115
2012-08-06 08:58:08.0000001,18.305124
2013-11-04 08:34:12.0000003,5.7021546
2013-11-04 08:34:12.0000001,10.694018
2013-11-04 08:34:12.0000002,10.813178
2011-06-24 20:34:48.0000002,7.534537
2011-06-24 20:34:48.0000001,17.811619
2011-03-28 20:38:36.0000003,5.721409
2011-03-28 20:38:36.0000004,4.7933807
2011-03-28 20:38:36.0000002,7.8218465
2011-08-14 20:36:28.0000004,5.944007
2011-08-14 20:36:28.0000001,6.307505
2011-08-14 20:36:28.0000003,20.192675
2011-08-14 20:36:28.0000002,6.262597
2015-02-21 15:52:44.0000004,19.755262
2015-02-21 15:52:44.0000003,10.122164
2015-02-21 15:52:44.0000002,17.593899
2015-02-21 15:52:44.0000001,10.532743
2013-01-29 11:29:52.0000001,10.018926
2014-09-12 19:03:48.0000001,10.497657
2013-11-09 18:52:40.0000004,9.871176
2013-11-09 18:52:40.0000002,12.785343
2013-04-25 16:10:04.0000001,55.433727
2013-04-25 16:10:04.0000002,8.807387
2013-09-07 14:37:52.0000001,8.078913
2013-09-07 14:37:52.0000002,11.084557
2013-09-07 14:37:52.0000003,5.53832
2011-05-21 13:16:20.0000004,5.4457717
2011-05-21 13:16:20.0000001,6.366096
2011-05-21 13:16:20.0000003,9.491175
2011-11-25 16:36:24.0000002,6.424907
2011-11-25 16:36:24.0000001,11.687815
2015-01-31 20:54:04.0000001,6.4882565
2010-11-01 23:31:28.0000002,6.730317
2010-11-01 23:31:28.0000001,8.284605
2010-11-01 23:31:28.0000003,9.080646
2011-03-24 15:57:04.0000003,4.474396
2011-03-24 15:57:04.0000001,7.507007
2010-05-10 10:37:04.0000005,6.2536807
2010-05-10 10:37:04.0000002,5.483482
2010-05-10 10:37:04.0000003,10.064449
2010-05-10 10:37:04.0000006,8.4697075
2012-06-09 16:53:44.0000002,8.607386
2012-08-22 22:39:20.0000003,18.052298
2012-08-22 22:39:20.0000001,4.7514973
2012-12-23 02:29:16.0000001,14.69794
2012-06-30 15:55:12.0000004,13.042865
2012-06-30 15:55:12.0000002,6.899245
2012-06-30 15:55:12.0000003,10.878492
2012-06-30 15:55:12.0000001,6.387176
2011-10-02 23:36:00.00000056,10.524209
2011-10-02 23:36:00.00000086,15.860784
2011-10-02 23:36:00.00000081,14.37635
2011-10-02 23:36:00.0000009,3.705579
2011-10-02 23:36:00.00000041,11.789055
2011-10-02 23:36:00.00000091,3.7643936
2011-10-02 23:36:00.0000008,10.957894
2011-10-02 23:36:00.00000015,26.799463
2011-10-02 23:36:00.00000014,8.741208
2011-10-02 23:36:00.00000047,6.683823
2011-10-02 23:36:00.00000076,7.138752
2011-10-02 23:36:00.00000011,6.1362085
2011-10-02 23:36:00.00000075,4.8260865
2011-10-02 23:36:00.00000035,6.582927
2011-10-02 23:36:00.00000099,6.263188
2011-10-02 23:36:00.00000062,8.652049
2011-10-02 23:36:00.00000085,8.442001
2011-10-02 23:36:00.00000043,17.765673
2011-10-02 23:36:00.00000071,10.757091
2011-10-02 23:36:00.00000023,5.671733
2011-10-02 23:36:00.00000092,5.3308764
2011-10-02 23:36:00.00000037,8.694853
2011-10-02 23:36:00.00000083,9.817906
2011-10-02 23:36:00.00000054,11.764895
2011-10-02 23:36:00.00000073,8.856678
2011-10-02 23:36:00.0000005,6.784597
2011-10-02 23:36:00.00000095,4.6064324
2011-10-02 23:36:00.00000088,6.8980403
2011-10-02 23:36:00.00000030,8.078665
2011-10-02 23:36:00.0000007,12.189944
2011-10-02 23:36:00.00000013,8.985714
2011-10-02 23:36:00.00000065,23.543518
2011-10-02 23:36:00.00000089,48.40791
2011-10-02 23:36:00.00000096,6.8379135
2011-10-02 23:36:00.00000039,8.797105
2011-10-02 23:36:00.00000038,25.214815
2011-10-02 23:36:00.00000067,16.831718
2011-10-02 23:36:00.00000077,11.012551
2011-10-02 23:36:00.00000020,16.853653
2011-10-02 23:36:00.00000063,15.599177
2011-10-02 23:36:00.00000012,8.201395
2011-10-02 23:36:00.00000058,16.18165
2011-10-02 23:36:00.00000026,9.835021
2011-10-02 23:36:00.00000074,18.777227
2011-10-02 23:36:00.00000059,11.14466
2011-10-02 23:36:00.00000090,14.332308
2011-10-02 23:36:00.0000004,29.400227
2011-10-02 23:36:00.0000003,14.413732
2011-10-02 23:36:00.00000021,15.725311
2011-10-02 23:36:00.00000097,7.7113347
2011-10-02 23:36:00.00000036,16.157154
2011-10-02 23:36:00.00000024,20.558859
2011-10-02 23:36:00.00000082,46.70818
2011-10-02 23:36:00.000000100,7.373142
2011-10-02 23:36:00.00000040,4.76138
2011-10-02 23:36:00.00000022,4.183281
2013-03-21 12:47:28.0000006,11.345396
2013-03-21 12:47:28.0000008,11.124197
2013-03-21 12:47:28.0000003,12.573047
2013-03-21 12:47:28.0000005,6.832854
2013-03-21 12:47:28.0000002,8.685608
2013-06-07 03:02:56.0000002,16.872974
2013-06-07 03:02:56.0000001,6.5224047
2010-09-05 22:31:32.0000002,32.31827
2013-07-12 23:33:24.0000001,10.17113
2009-12-03 02:32:08.0000001,19.752932
2009-10-15 03:50:36.0000001,5.098014
2011-09-25 22:36:32.0000002,20.17469
2011-09-25 22:36:32.0000001,11.342621
2015-06-08 20:02:56.0000001,10.472815
2014-07-16 08:03:32.0000002,11.763486
2014-07-16 08:03:32.0000001,14.111172
2011-12-15 13:14:32.0000002,8.823391
2011-12-15 13:14:32.0000001,5.377848
2011-10-11 22:13:48.0000002,12.738111
2011-10-11 22:13:48.0000005,9.16296
2011-10-11 22:13:48.0000003,7.0047135
2013-09-14 16:53:20.0000001,8.999682
2013-09-14 16:53:20.0000002,10.77326
2014-02-06 09:09:56.0000004,5.412128
2014-02-06 09:09:56.0000003,6.4408917
2014-02-06 09:09:56.0000001,5.385244
2009-06-10 16:55:00.00000081,30.26196
2009-06-10 16:55:00.00000029,5.769696
2009-06-10 16:55:00.000000109,8.186511
2009-06-10 16:55:00.00000098,49.43004
2009-06-10 16:55:00.00000054,9.918917
2009-06-10 16:55:00.00000021,31.945755
2009-06-10 16:55:00.00000012,7.686557
2009-06-10 16:55:00.00000033,5.2025456
2009-06-10 16:55:00.00000024,8.814458
2009-06-10 16:55:00.00000099,10.084317
2009-06-10 16:55:00.0000009,7.5905886
2009-06-10 16:55:00.000000158,6.506713
2009-06-10 16:55:00.000000141,4.8436995
2009-06-10 16:55:00.00000093,7.538546
2009-06-10 16:55:00.000000161,9.665456
2009-06-10 16:55:00.00000088,5.109579
2009-06-10 16:55:00.0000003,8.502203
2009-06-10 16:55:00.00000018,5.512811
2009-06-10 16:55:00.00000047,7.412527
2009-06-10 16:55:00.000000154,10.766307
2009-06-10 16:55:00.000000131,8.540411
2009-06-10 16:55:00.00000046,13.079751
2009-06-10 16:55:00.0000004,5.6074452
2009-06-10 16:55:00.000000107,7.409303
2009-06-10 16:55:00.000000114,6.7359915
2009-06-10 16:55:00.000000117,8.146866
2009-06-10 16:55:00.000000162,10.514001
2009-06-10 16:55:00.00000049,9.989326
2009-06-10 16:55:00.00000069,7.3481717
2009-06-10 16:55:00.000000111,8.422489
2009-06-10 16:55:00.00000083,4.0486693
2009-06-10 16:55:00.000000166,59.038647
2009-06-10 16:55:00.000000135,9.868022
2009-06-10 16:55:00.00000044,31.452291
2009-06-10 16:55:00.00000085,7.5186825
2009-06-10 16:55:00.000000115,6.4631114
2009-06-10 16:55:00.000000108,6.3867927
2009-06-10 16:55:00.00000034,5.9974346
2009-06-10 16:55:00.00000060,12.469
2009-06-10 16:55:00.000000120,5.1670985
2009-06-10 16:55:00.000000174,30.938057
2009-06-10 16:55:00.0000007,7.020206
2009-06-10 16:55:00.000000159,7.1442747
2009-06-10 16:55:00.000000171,20.264746
2009-06-10 16:55:00.000000145,12.203961
2009-06-10 16:55:00.00000074,7.978994
2009-06-10 16:55:00.000000138,11.335626
2009-06-10 16:55:00.00000048,5.332717
2009-06-10 16:55:00.000000101,5.3145065
2009-06-10 16:55:00.000000153,5.6013284
2009-06-10 16:55:00.0000002,7.8467665
2009-06-10 16:55:00.00000037,9.062197
2009-06-10 16:55:00.000000151,10.349772
2009-06-10 16:55:00.000000127,29.750853
2009-06-10 16:55:00.000000144,31.59439
2009-06-10 16:55:00.000000165,12.301778
2009-06-10 16:55:00.0000008,5.168807
2009-06-10 16:55:00.000000122,7.670355
2009-06-10 16:55:00.00000055,28.607452
2009-06-10 16:55:00.00000079,4.5793805
2009-06-10 16:55:00.00000016,15.81587
2009-06-10 16:55:00.000000160,17.137796
2009-06-10 16:55:00.000000139,5.3293986
2009-06-10 16:55:00.00000075,5.581346
2009-06-10 16:55:00.00000017,6.8435154
2009-06-10 16:55:00.00000070,5.248503
2009-06-10 16:55:00.000000118,10.9295435
2009-06-10 16:55:00.00000066,11.733358
2009-06-10 16:55:00.000000164,5.7861266
2009-06-10 16:55:00.000000100,10.287412
2009-06-10 16:55:00.00000082,8.803723
2009-06-10 16:55:00.00000090,12.835011
2009-06-10 16:55:00.000000125,12.526554
2009-06-10 16:55:00.000000149,6.7354608
2009-06-10 16:55:00.00000068,11.665163
2009-06-10 16:55:00.00000039,6.0066476
2009-06-10 16:55:00.000000124,4.8581333
2009-06-10 16:55:00.00000053,7.008433
2009-06-10 16:55:00.00000045,6.4943466
2009-06-10 16:55:00.000000102,5.6810784
2009-06-10 16:55:00.000000140,7.256048
2009-06-10 16:55:00.000000148,7.660888
2009-06-10 16:55:00.000000147,6.368019
2009-06-10 16:55:00.00000097,8.037952
2009-06-10 16:55:00.00000094,6.45753
2009-06-10 16:55:00.00000078,8.698658
2009-06-10 16:55:00.00000035,6.08008
2009-06-10 16:55:00.00000072,7.647067
2009-06-10 16:55:00.00000031,5.255118
2009-06-10 16:55:00.00000056,8.014516
2009-06-10 16:55:00.000000128,17.264435
2009-06-10 16:55:00.00000057,7.1512136
2009-06-10 16:55:00.00000030,7.567002
2009-06-10 16:55:00.00000043,10.15288
2009-06-10 16:55:00.000000146,7.2836766
2009-06-10 16:55:00.00000010,7.9318447
2009-06-10 16:55:00.00000067,11.669652
2009-06-10 16:55:00.000000119,5.409002
2009-06-10 16:55:00.00000076,16.59413
2009-06-10 16:55:00.00000025,6.6908245
2009-06-10 16:55:00.00000071,16.17853
2009-06-10 16:55:00.000000143,9.266102
2013-06-26 11:19:36.0000002,4.2247524
2014-09-05 10:02:48.0000004,4.927951
2014-09-05 10:02:48.0000002,9.211416
2014-09-05 10:02:48.0000001,39.770428
2014-09-05 10:02:48.0000003,9.980818
2012-09-19 12:31:40.0000001,10.007919
2012-09-19 12:31:40.0000002,6.7428317
2009-03-22 04:31:40.0000002,18.531097
2009-08-27 02:31:44.0000001,18.87748
2009-05-02 20:11:32.0000001,9.388251
2009-05-02 20:11:32.0000004,8.909109
2011-02-20 02:31:16.0000002,7.7573705
2011-02-20 02:31:16.0000001,18.613623
2011-06-24 12:03:00.00000010,6.1815414
2011-06-24 12:03:00.00000067,11.270452
2011-06-24 12:03:00.00000071,11.43241
2011-06-24 12:03:00.000000100,6.7975802
2011-06-24 12:03:00.000000145,7.259925
2011-06-24 12:03:00.000000152,10.08795
2011-06-24 12:03:00.00000026,13.608657
2011-06-24 12:03:00.000000199,5.963917
2011-06-24 12:03:00.000000195,5.202841
2011-06-24 12:03:00.000000119,5.9275985
2011-06-24 12:03:00.00000086,7.9323997
2011-06-24 12:03:00.00000012,7.3364296
2011-06-24 12:03:00.00000097,17.068827
2011-06-24 12:03:00.00000058,5.066468
2011-06-24 12:03:00.000000176,4.799452
2011-06-24 12:03:00.000000139,3.8460627
2011-06-24 12:03:00.00000048,7.1263742
2011-06-24 12:03:00.000000159,6.983561
2011-06-24 12:03:00.00000079,6.032357
2011-06-24 12:03:00.000000138,7.3317003
2011-06-24 12:03:00.000000135,11.05642
2011-06-24 12:03:00.000000173,6.006278
2011-06-24 12:03:00.000000162,12.453097
2011-06-24 12:03:00.00000018,9.980107
2011-06-24 12:03:00.000000136,6.5575347
2011-06-24 12:03:00.000000185,8.179241
2011-06-24 12:03:00.00000069,6.5205345
2011-06-24 12:03:00.000000105,7.205529
2011-06-24 12:03:00.000000180,7.0997624
2011-06-24 12:03:00.00000053,10.206858
2011-06-24 12:03:00.000000142,7.196475
2011-06-24 12:03:00.000000188,9.726787
2011-06-24 12:03:00.00000089,3.9370599
2011-06-24 12:03:00.000000109,7.7487864
2011-06-24 12:03:00.00000074,6.794235
2011-06-24 12:03:00.000000113,9.913379
2011-06-24 12:03:00.00000044,5.952442
2011-06-24 12:03:00.000000183,6.0939975
2011-06-24 12:03:00.00000047,8.4476
2011-06-24 12:03:00.0000006,10.707339
2011-06-24 12:03:00.0000005,8.701083
2011-06-24 12:03:00.000000200,10.764008
2011-06-24 12:03:00.000000127,8.456832
2011-06-24 12:03:00.000000120,11.700495
2011-06-24 12:03:00.000000133,5.82543
2011-06-24 12:03:00.00000073,6.1418586
2011-06-24 12:03:00.000000101,4.504928
2011-06-24 12:03:00.000000187,10.137532
2011-06-24 12:03:00.000000122,9.120157
2011-06-24 12:03:00.000000175,6.4624596
2011-06-24 12:03:00.000000154,10.014018
2011-06-24 12:03:00.000000197,7.748374
2011-06-24 12:03:00.00000017,7.9590282
2011-06-24 12:03:00.000000186,10.049862
2011-06-24 12:03:00.00000020,9.396741
2011-06-24 12:03:00.00000035,9.4079485
2011-06-24 12:03:00.000000193,8.243535
2011-06-24 12:03:00.000000201,8.246854
2011-06-24 12:03:00.00000054,28.028599
2011-06-24 12:03:00.00000075,7.867839
2011-06-24 12:03:00.000000114,7.6164317
2011-06-24 12:03:00.00000062,27.742603
2011-06-24 12:03:00.00000055,25.023336
2011-06-24 12:03:00.00000025,5.8623576
2011-06-24 12:03:00.00000022,5.3411937
2011-06-24 12:03:00.000000144,13.20166
2011-06-24 12:03:00.000000177,6.365275
2011-06-24 12:03:00.000000124,5.3730936
2011-06-24 12:03:00.00000094,4.2025657
2011-06-24 12:03:00.00000041,7.105311
2011-06-24 12:03:00.000000141,7.1137342
2011-06-24 12:03:00.00000092,8.4367285
2011-06-24 12:03:00.000000189,17.057035
2011-06-24 12:03:00.000000171,10.408159
2011-06-24 12:03:00.000000157,7.3123875
2011-06-24 12:03:00.000000179,7.8532066
2011-06-24 12:03:00.000000107,11.4429035
2011-06-24 12:03:00.00000095,15.485279
2011-06-24 12:03:00.00000076,13.136213
2011-06-24 12:03:00.000000156,7.16074
2011-06-24 12:03:00.000000111,30.807415
2011-06-24 12:03:00.000000116,8.173934
2011-06-24 12:03:00.00000033,12.659275
2011-06-24 12:03:00.00000082,4.882076
2011-06-24 12:03:00.00000078,5.670583
2011-06-24 12:03:00.00000051,8.382329
2011-06-24 12:03:00.000000143,11.4246235
2011-06-24 12:03:00.000000126,13.308591
2011-06-24 12:03:00.00000088,10.051906
2011-06-24 12:03:00.000000191,17.578363
2011-06-24 12:03:00.00000063,11.62815
2011-06-24 12:03:00.00000045,14.42009
2011-06-24 12:03:00.00000060,7.5257864
2011-06-24 12:03:00.00000040,32.611076
2011-06-24 12:03:00.00000057,9.318809
2011-06-24 12:03:00.00000013,5.926719
2011-06-24 12:03:00.00000068,29.937422
2011-06-24 12:03:00.000000165,4.2632504
2011-06-24 12:03:00.00000056,5.9303164
2011-06-24 12:03:00.000000150,7.618473
2011-06-24 12:03:00.00000052,5.890695
2011-06-24 12:03:00.00000085,48.738613
2011-06-24 12:03:00.000000190,8.20824
2011-06-24 12:03:00.00000072,6.8396153
2011-06-24 12:03:00.000000137,5.5232744
2011-06-24 12:03:00.000000102,5.908282
2011-06-24 12:03:00.000000106,8.313829
2011-06-24 12:03:00.000000118,4.82087
2011-06-24 12:03:00.00000046,14.158213
2011-06-24 12:03:00.000000110,11.396834
2011-06-24 12:03:00.000000181,6.3091984
2011-06-24 12:03:00.000000194,5.3206325
2011-06-24 12:03:00.00000061,10.251351
2011-06-24 12:03:00.0000001,11.524069
2011-06-24 12:03:00.00000087,8.869939
2011-06-24 12:03:00.00000066,5.670368
2011-06-24 12:03:00.000000146,6.674281
2011-06-24 12:03:00.000000149,49.215668
2011-06-24 12:03:00.00000038,11.462476
2011-06-24 12:03:00.000000196,8.77943
2011-06-24 12:03:00.00000093,8.864174
2011-06-24 12:03:00.000000170,5.8030148
2011-06-24 12:03:00.000000168,9.145815
2011-06-24 12:03:00.0000002,12.7209215
2011-06-24 12:03:00.00000042,12.480768
2014-06-15 07:06:00.0000006,4.5022087
2014-06-15 07:06:00.00000037,8.7946205
2014-06-15 07:06:00.00000025,6.171463
2014-06-15 07:06:00.0000008,10.483501
2014-06-15 07:06:00.00000036,43.27829
2014-06-15 07:06:00.00000042,24.077322
2014-06-15 07:06:00.00000033,4.9298797
2014-06-15 07:06:00.00000013,10.523903
2014-06-15 07:06:00.00000035,55.63368
2014-06-15 07:06:00.00000030,7.870121
2014-06-15 07:06:00.00000024,6.3868313
2014-06-15 07:06:00.00000031,8.957873
2014-06-15 07:06:00.0000009,14.867479
2014-06-15 07:06:00.00000039,54.872257
2014-06-15 07:06:00.00000010,5.9036007
2014-06-15 07:06:00.00000019,13.857062
2014-06-15 07:06:00.00000041,6.5068836
2014-06-15 07:06:00.00000028,18.155584
2014-06-15 07:06:00.00000014,53.343155
2014-06-15 07:06:00.0000003,13.860612
2014-06-15 07:06:00.00000017,55.191208
2014-06-15 07:06:00.00000015,16.970762
2014-06-15 07:06:00.00000026,6.064651
2014-06-15 07:06:00.0000002,15.16842
2014-06-15 07:06:00.00000040,4.801857
2014-06-15 07:06:00.00000016,5.170659
2014-06-06 16:22:20.0000003,5.948223
2014-06-06 16:22:20.0000002,9.171077
2015-05-30 21:29:04.0000004,14.274115
2015-05-30 21:29:04.0000007,17.95056
2015-05-30 21:29:04.0000003,11.603748
2015-05-30 21:29:04.0000001,7.730328
2009-10-26 12:01:36.0000001,9.875868
2009-10-26 12:01:36.0000002,8.358264
2009-10-26 12:01:36.0000005,6.8678207
2009-10-26 12:01:36.0000003,7.796573
2013-02-02 15:45:08.0000003,8.65275
2013-02-02 15:45:08.0000001,9.253586
2013-02-02 15:45:08.0000002,12.467929
2015-04-15 06:47:04.0000001,7.573362
2015-04-15 06:47:04.0000002,10.198728
2010-12-14 23:27:36.0000001,5.231049
2009-03-05 11:03:04.0000002,4.4272423
2009-03-05 11:03:04.0000001,12.23511
2013-07-18 12:23:40.0000003,5.087582
2013-07-18 12:23:40.0000002,6.0375504
2013-07-18 12:23:40.0000001,8.146501
2014-04-14 13:48:32.0000004,9.558475
2014-04-14 13:48:32.0000003,6.366808
2014-08-18 05:33:08.0000001,8.011926
2012-01-28 03:14:28.0000001,27.105953
2009-09-14 02:19:00.00000014,9.65991
2009-09-14 02:19:00.00000035,10.359148
2009-09-14 02:19:00.00000040,6.0977902
2009-09-14 02:19:00.00000031,4.7734985
2009-09-14 02:19:00.0000003,3.877758
2009-09-14 02:19:00.00000025,8.279642
2009-09-14 02:19:00.0000008,7.5926237
2009-09-14 02:19:00.00000024,9.782114
2009-09-14 02:19:00.00000021,8.253177
2009-09-14 02:19:00.00000036,9.225548
2009-09-14 02:19:00.0000009,36.682125
2009-09-14 02:19:00.0000001,8.755175
2009-09-14 02:19:00.00000018,4.4560103
2009-09-14 02:19:00.00000039,7.985847
2009-09-14 02:19:00.0000002,14.593983
2009-09-14 02:19:00.00000038,7.729487
2009-09-14 02:19:00.00000020,17.789576
2009-09-14 02:19:00.00000028,6.7757707
2009-09-14 02:19:00.00000026,17.085787
2009-09-14 02:19:00.00000017,8.003441
2009-09-14 02:19:00.00000030,7.0043864
2009-09-14 02:19:00.00000016,5.398008
2009-09-14 02:19:00.0000006,6.512206
2009-09-14 02:19:00.0000007,8.8352375
2011-08-14 14:17:28.0000003,7.116403
2011-08-14 14:17:28.0000001,4.966801
2011-08-14 14:17:28.0000004,6.50961
2011-08-14 14:17:28.0000002,7.691815
2011-08-14 14:17:28.0000005,12.794186
2014-03-17 16:07:56.0000002,55.10018
2010-11-03 21:09:56.0000002,5.0180683
2010-11-03 21:09:56.0000001,11.486831
2012-12-11 23:37:08.0000002,9.762383
2012-12-11 23:37:08.0000005,9.173308
2012-12-11 23:37:08.0000004,7.172072
2012-12-11 23:37:08.0000006,9.616287
2012-12-11 23:37:08.0000003,4.968362
2012-12-11 23:37:08.0000001,17.04188
2015-06-24 14:19:52.0000001,13.78952
2015-06-24 14:19:52.0000002,56.97433
2015-06-24 14:19:52.0000004,9.193876
2010-08-21 22:21:32.0000004,13.050961
2011-02-19 10:20:28.0000003,3.882904
2011-02-19 10:20:28.0000002,10.558228
2011-02-19 10:20:28.0000001,6.115597
2011-02-19 10:20:28.0000004,7.5098777
2011-10-02 22:31:44.0000004,10.30318
2011-10-02 22:31:44.0000002,20.286648
2011-10-02 22:31:44.0000003,17.298046
2012-01-26 11:17:36.0000002,5.2014065
2012-05-06 23:37:24.0000002,20.82267
2012-05-06 23:37:24.0000001,22.549301
2013-06-12 20:03:36.0000001,7.6978345
2013-06-12 20:03:36.0000002,51.985424
2015-02-27 14:15:52.0000003,81.886475
2013-12-21 17:20:32.0000001,10.717584
2009-06-29 08:09:40.0000002,10.097279
2009-06-29 08:09:40.0000001,12.5889845
2014-09-14 17:22:12.0000002,6.7530475
2014-09-14 17:22:12.0000001,10.3168125
2014-09-14 17:22:12.0000003,14.972675
2014-09-14 17:22:12.0000005,6.94313
2014-08-20 14:37:56.0000001,16.16923
2011-07-20 16:34:48.0000001,4.5791144
2011-07-20 16:34:48.0000003,6.382885
2009-10-05 10:11:32.0000001,7.7938657
2009-10-05 10:11:32.0000002,13.44102
2011-02-16 08:44:04.0000001,13.958508
2011-02-16 08:44:04.0000007,8.828228
2011-02-16 08:44:04.0000004,10.029142
2011-02-16 08:44:04.0000003,5.75379
2011-02-16 08:44:04.0000002,4.957833
2011-02-16 08:44:04.0000006,17.214146
2011-02-16 08:44:04.0000005,6.7338433
2009-01-01 11:04:24.0000002,5.2429633
2014-04-28 19:46:36.0000003,8.107395
2012-11-11 20:35:40.0000001,44.020145
2012-11-11 20:35:40.0000002,13.014012
2011-06-01 07:37:00.000000171,8.514776
2011-06-01 07:37:00.000000199,6.5964355
2011-06-01 07:37:00.00000032,5.81791
2011-06-01 07:37:00.000000175,9.102077
2011-06-01 07:37:00.00000095,5.288121
2011-06-01 07:37:00.000000106,5.570298
2011-06-01 07:37:00.00000090,9.480054
2011-06-01 07:37:00.000000169,16.73064
2011-06-01 07:37:00.0000007,5.015017
2011-06-01 07:37:00.000000151,13.126996
2011-06-01 07:37:00.000000101,4.8166337
2011-06-01 07:37:00.00000099,21.373203
2011-06-01 07:37:00.00000084,4.5495353
2011-06-01 07:37:00.00000083,4.719915
2011-06-01 07:37:00.00000043,6.4029436
2011-06-01 07:37:00.00000029,5.3591123
2011-06-01 07:37:00.000000132,17.270704
2011-06-01 07:37:00.000000208,6.854413
2011-06-01 07:37:00.000000221,5.3311195
2011-06-01 07:37:00.000000131,5.095746
2011-06-01 07:37:00.000000220,7.0148554
2011-06-01 07:37:00.000000207,7.7049394
2011-06-01 07:37:00.000000205,4.2443886
2011-06-01 07:37:00.000000180,6.145606
2011-06-01 07:37:00.000000103,10.32476
2011-06-01 07:37:00.00000098,24.693134
2011-06-01 07:37:00.000000189,6.2805037
2011-06-01 07:37:00.000000165,4.724617
2011-06-01 07:37:00.000000184,36.16391
2011-06-01 07:37:00.00000092,5.4756994
2011-06-01 07:37:00.00000020,9.504274
2011-06-01 07:37:00.000000105,6.4627705
2011-06-01 07:37:00.00000088,9.2596655
2011-06-01 07:37:00.000000122,6.922044
2011-06-01 07:37:00.000000219,12.063449
2011-06-01 07:37:00.000000222,6.9982295
2011-06-01 07:37:00.00000049,6.949424
2011-06-01 07:37:00.000000114,4.158764
2011-06-01 07:37:00.000000181,5.647342
2011-06-01 07:37:00.000000144,49.270737
2011-06-01 07:37:00.000000155,7.3100233
2011-06-01 07:37:00.000000118,5.71732
2011-06-01 07:37:00.000000142,5.4056535
2011-06-01 07:37:00.000000223,7.011211
2011-06-01 07:37:00.00000057,6.210808
2011-06-01 07:37:00.000000168,4.449275
2011-06-01 07:37:00.000000226,5.982927
2011-06-01 07:37:00.000000177,11.113839
2011-06-01 07:37:00.000000185,30.576166
2011-06-01 07:37:00.000000178,12.820076
2011-06-01 07:37:00.000000140,7.6344337
2011-06-01 07:37:00.000000141,10.343642
2011-06-01 07:37:00.00000045,8.316403
2011-06-01 07:37:00.00000086,6.854618
2011-06-01 07:37:00.000000145,6.2278185
2011-06-01 07:37:00.00000037,8.150916
2011-06-01 07:37:00.00000094,6.368522
2011-06-01 07:37:00.00000082,4.5756745
2011-06-01 07:37:00.000000179,8.471976
2011-06-01 07:37:00.000000197,5.6907773
2011-06-01 07:37:00.000000154,11.728922
2011-06-01 07:37:00.00000019,8.414717
2011-06-01 07:37:00.00000075,6.2313766
2011-06-01 07:37:00.000000110,13.433161
2011-06-01 07:37:00.00000078,5.7473364
2011-06-01 07:37:00.000000146,6.792119
2011-06-01 07:37:00.000000143,8.52653
2011-06-01 07:37:00.000000227,12.207398
2011-06-01 07:37:00.00000070,4.6806397
2011-06-01 07:37:00.000000176,6.550733
2011-06-01 07:37:00.000000217,8.115341
2011-06-01 07:37:00.00000026,6.138342
2011-06-01 07:37:00.000000209,7.412294
2011-06-01 07:37:00.000000183,7.2975206
2011-06-01 07:37:00.000000210,5.752053
2011-06-01 07:37:00.00000060,8.703864
2011-06-01 07:37:00.000000174,6.3816934
2011-06-01 07:37:00.000000203,9.651018
2011-06-01 07:37:00.000000139,6.2444425
2011-06-01 07:37:00.000000162,8.437932
2011-06-01 07:37:00.000000125,7.0664454
2011-06-01 07:37:00.000000198,9.360699
2011-06-01 07:37:00.00000055,11.62917
2011-06-01 07:37:00.00000016,6.3250074
2011-06-01 07:37:00.00000027,7.481263
2011-06-01 07:37:00.00000053,18.31565
2011-06-01 07:37:00.000000201,31.4647
2011-06-01 07:37:00.000000138,4.5799217
2011-06-01 07:37:00.00000077,4.5534544
2011-06-01 07:37:00.00000022,8.2871275
2011-06-01 07:37:00.000000182,9.473537
2011-06-01 07:37:00.000000163,7.123525
2011-06-01 07:37:00.000000204,9.179803
2011-06-01 07:37:00.000000137,8.038633
2011-06-01 07:37:00.000000152,7.0445805
2011-06-01 07:37:00.00000048,6.9572124
2011-06-01 07:37:00.00000025,8.517032
2011-06-01 07:37:00.000000100,14.220158
2011-06-01 07:37:00.00000015,4.566374
2011-06-01 07:37:00.00000097,15.949101
2011-06-01 07:37:00.000000127,8.15899
2011-06-01 07:37:00.000000170,5.8055625
2011-06-01 07:37:00.00000091,13.427252
2011-06-01 07:37:00.000000109,9.101734
2011-06-01 07:37:00.00000028,8.907154
2011-06-01 07:37:00.000000129,19.814213
2011-06-01 07:37:00.000000158,4.757829
2011-06-01 07:37:00.0000005,5.329148
2011-06-01 07:37:00.00000034,8.380047
2011-06-01 07:37:00.000000107,7.182012
2011-06-01 07:37:00.00000036,5.976493
2011-06-01 07:37:00.00000046,7.31389
2011-06-01 07:37:00.000000108,4.1773725
2011-06-01 07:37:00.0000008,7.7885084
2011-06-01 07:37:00.000000212,7.677439
2011-06-01 07:37:00.00000068,6.4104323
2011-06-01 07:37:00.00000065,4.955442
2011-06-01 07:37:00.000000116,4.47628
2011-06-01 07:37:00.000000196,6.772038
2011-06-01 07:37:00.000000172,8.324737
2011-06-01 07:37:00.00000059,12.784817
2011-06-01 07:37:00.000000167,4.526541
2011-06-01 07:37:00.00000058,5.143707
2011-06-01 07:37:00.00000061,4.215775
2011-06-01 07:37:00.000000156,15.587954
2011-06-01 07:37:00.000000128,7.8484516
2011-06-01 07:37:00.00000079,5.0593686
2011-06-01 07:37:00.000000206,8.873112
2011-06-01 07:37:00.00000069,6.0628066
2011-06-01 07:37:00.000000190,5.804443
2011-06-01 07:37:00.000000112,5.1725903
2011-06-01 07:37:00.000000104,5.0447903
2011-06-01 07:37:00.000000194,5.7944293
2011-06-01 07:37:00.0000002,4.823049
2011-06-01 07:37:00.00000044,5.654777
2011-06-01 07:37:00.00000010,8.3631115
2011-06-01 07:37:00.000000157,16.635916
2011-06-01 07:37:00.000000147,6.159884
2011-06-01 07:37:00.000000120,5.0350356
2011-06-01 07:37:00.000000149,9.922304
2011-06-01 07:37:00.000000119,8.438598
2011-06-01 07:37:00.00000023,5.164687
2011-06-01 07:37:00.00000017,9.380823
2011-06-01 07:37:00.00000038,17.09674
2011-06-01 07:37:00.000000113,9.154769
2011-06-01 07:37:00.000000211,7.78865
2011-06-01 07:37:00.00000051,6.9960647
2011-06-01 07:37:00.00000054,7.2508183
2011-06-01 07:37:00.000000186,9.548487
2009-02-16 03:13:40.0000001,6.709715
2010-08-27 18:45:00.000000234,5.1174097
2010-08-27 18:45:00.00000057,6.668404
2010-08-27 18:45:00.00000039,11.079048
2010-08-27 18:45:00.000000161,7.256397
2010-08-27 18:45:00.000000220,10.535464
2010-08-27 18:45:00.00000028,8.504569
2010-08-27 18:45:00.00000014,14.101925
2010-08-27 18:45:00.000000226,13.7537565
2010-08-27 18:45:00.000000175,5.8818564
2010-08-27 18:45:00.00000040,19.771421
2010-08-27 18:45:00.000000144,14.146048
2010-08-27 18:45:00.00000085,10.960019
2010-08-27 18:45:00.000000194,24.748213
2010-08-27 18:45:00.00000094,8.374903
2010-08-27 18:45:00.000000141,15.40208
2010-08-27 18:45:00.00000067,4.2331185
2010-08-27 18:45:00.000000231,5.910828
2010-08-27 18:45:00.000000214,8.682714
2010-08-27 18:45:00.00000037,15.320815
2010-08-27 18:45:00.000000165,5.3970733
2010-08-27 18:45:00.000000158,10.290436
2010-08-27 18:45:00.000000217,7.0885687
2010-08-27 18:45:00.00000090,13.6621
2010-08-27 18:45:00.000000142,9.10395
2010-08-27 18:45:00.0000004,7.6481924
2010-08-27 18:45:00.00000070,4.6949987
2010-08-27 18:45:00.000000202,8.1071
2010-08-27 18:45:00.000000177,7.3030205
2010-08-27 18:45:00.00000084,11.759838
2010-08-27 18:45:00.000000209,10.0303955
2010-08-27 18:45:00.000000184,30.37443
2010-08-27 18:45:00.000000173,8.557115
2010-08-27 18:45:00.00000029,6.5443964
2010-08-27 18:45:00.00000025,6.1144214
2010-08-27 18:45:00.00000012,5.183273
2010-08-27 18:45:00.00000010,4.938611
2010-08-27 18:45:00.000000136,8.3668165
2010-08-27 18:45:00.00000073,10.022102
2010-08-27 18:45:00.000000124,6.4475245
2010-08-27 18:45:00.000000125,6.0175548
2010-08-27 18:45:00.000000169,5.396772
2010-08-27 18:45:00.000000208,4.4465823
2010-08-27 18:45:00.000000152,5.8111634
2010-08-27 18:45:00.000000196,8.141883
2010-08-27 18:45:00.0000005,11.198141
2010-08-27 18:45:00.00000077,6.401231
2010-08-27 18:45:00.000000123,7.1776824
2010-08-27 18:45:00.00000046,10.056294
2010-08-27 18:45:00.00000033,6.971484
2010-08-27 18:45:00.000000166,13.772424
2010-08-27 18:45:00.000000190,5.9911723
2010-08-27 18:45:00.00000043,7.448331
2010-08-27 18:45:00.00000081,5.4655027
2010-08-27 18:45:00.00000034,9.249436
2010-08-27 18:45:00.00000089,16.980864
2010-08-27 18:45:00.000000189,5.6027355
2010-08-27 18:45:00.00000078,8.089082
2010-08-27 18:45:00.00000053,13.109619
2010-08-27 18:45:00.000000188,7.748232
2010-08-27 18:45:00.00000071,7.1012664
2010-08-27 18:45:00.00000097,16.454039
2010-08-27 18:45:00.00000031,6.232635
2010-08-27 18:45:00.000000101,13.046006
2010-08-27 18:45:00.000000140,6.0305367
2010-08-27 18:45:00.00000054,27.27145
2010-08-27 18:45:00.0000006,9.2141905
2010-08-27 18:45:00.00000011,8.227849
2010-08-27 18:45:00.00000055,7.011497
2010-08-27 18:45:00.000000160,9.568277
2010-08-27 18:45:00.00000024,10.956632
2010-08-27 18:45:00.000000106,6.0808973
2010-08-27 18:45:00.000000131,5.846292
2010-08-27 18:45:00.00000087,12.449526
2010-08-27 18:45:00.000000110,10.812129
2010-08-27 18:45:00.000000197,13.399805
2010-08-27 18:45:00.00000066,8.605765
2010-08-27 18:45:00.000000205,10.749575
2010-08-27 18:45:00.00000086,5.558075
2010-08-27 18:45:00.000000207,8.062781
2010-08-27 18:45:00.00000068,13.433438
2010-08-27 18:45:00.00000050,6.1902223
2010-08-27 18:45:00.00000045,10.372173
2010-08-27 18:45:00.00000093,4.52407
2010-08-27 18:45:00.00000061,11.950779
2010-08-27 18:45:00.00000022,6.1949368
2010-08-27 18:45:00.00000018,6.1885314
2010-08-27 18:45:00.000000192,8.932696
2010-08-27 18:45:00.000000148,5.270984
2010-08-27 18:45:00.000000195,4.888119
2010-08-27 18:45:00.000000155,3.7987463
2010-08-27 18:45:00.000000129,8.454898
2010-08-27 18:45:00.000000133,6.419128
2010-08-27 18:45:00.00000063,11.167546
2010-08-27 18:45:00.00000076,6.6632876
2010-08-27 18:45:00.000000204,12.20109
2010-08-27 18:45:00.000000179,4.3839355
2010-08-27 18:45:00.000000219,13.314241
2010-08-27 18:45:00.000000107,7.070687
2010-08-27 18:45:00.000000153,9.603586
2010-08-27 18:45:00.00000026,12.111929
2010-08-27 18:45:00.000000198,7.110785
2010-08-27 18:45:00.00000016,9.941208
2010-08-27 18:45:00.00000060,7.383864
2010-08-27 18:45:00.00000017,26.741043
2010-08-27 18:45:00.000000109,13.234341
2010-08-27 18:45:00.000000227,11.712118
2010-08-27 18:45:00.000000181,5.0764885
2010-08-27 18:45:00.000000191,7.5765934
2010-08-27 18:45:00.000000228,5.7935233
2010-08-27 18:45:00.00000069,11.910574
2010-08-27 18:45:00.000000113,10.570924
2010-08-27 18:45:00.00000049,7.9858966
2010-08-27 18:45:00.000000103,6.2314205
2010-08-27 18:45:00.0000003,5.234572
2010-08-27 18:45:00.0000008,8.486205
2010-08-27 18:45:00.000000134,4.9915447
2010-08-27 18:45:00.000000183,19.470499
2010-08-27 18:45:00.00000013,14.792477
2010-08-27 18:45:00.000000235,6.007325
2010-08-27 18:45:00.00000038,9.218639
2010-08-27 18:45:00.00000030,16.678478
2010-08-27 18:45:00.000000203,7.7579274
2010-08-27 18:45:00.000000182,9.993372
2010-08-27 18:45:00.000000230,8.378649
2010-08-27 18:45:00.00000065,7.2728004
2011-02-12 00:43:24.0000003,10.782128
2011-02-12 00:43:24.0000001,12.979526
2014-05-07 06:50:20.0000002,5.62561
2014-05-07 06:50:20.0000001,6.970628
2014-05-07 06:50:20.0000003,10.565261
2011-04-27 20:59:24.0000002,9.509943
2011-04-27 20:59:24.0000003,12.703971
2011-04-27 20:59:24.0000004,4.696539
2011-04-27 20:59:24.0000001,6.4181542
2011-04-27 20:59:24.0000005,6.429708
2010-08-14 02:13:00.00000069,7.4153705
2010-08-14 02:13:00.00000049,7.278189
2010-08-14 02:13:00.00000059,5.444124
2010-08-14 02:13:00.00000075,16.453112
2010-08-14 02:13:00.00000020,7.5140963
2010-08-14 02:13:00.000000102,14.158944
2010-08-14 02:13:00.00000060,5.394322
2010-08-14 02:13:00.00000033,16.016943
2010-08-14 02:13:00.000000166,11.7967825
2010-08-14 02:13:00.000000111,8.149689
2010-08-14 02:13:00.00000056,9.33351
2010-08-14 02:13:00.00000044,8.163146
2010-08-14 02:13:00.000000132,5.4821544
2010-08-14 02:13:00.00000073,4.6715465
2010-08-14 02:13:00.00000043,8.173745
2010-08-14 02:13:00.00000085,9.848534
2010-08-14 02:13:00.000000108,15.508114
2010-08-14 02:13:00.00000028,13.069591
2010-08-14 02:13:00.00000076,4.540074
2010-08-14 02:13:00.00000066,30.797377
2010-08-14 02:13:00.00000080,21.696093
2010-08-14 02:13:00.000000149,8.29271
2010-08-14 02:13:00.00000054,7.153413
2010-08-14 02:13:00.000000130,9.46708
2010-08-14 02:13:00.00000032,8.137835
2010-08-14 02:13:00.000000158,6.837572
2010-08-14 02:13:00.000000171,11.943045
2010-08-14 02:13:00.00000092,6.0743976
2010-08-14 02:13:00.000000155,6.7832947
2010-08-14 02:13:00.000000116,8.688015
2010-08-14 02:13:00.000000109,13.649699
2010-08-14 02:13:00.00000030,8.640071
2010-08-14 02:13:00.00000015,11.905738
2010-08-14 02:13:00.000000133,5.082345
2010-08-14 02:13:00.00000072,6.351089
2010-08-14 02:13:00.00000052,10.578631
2010-08-14 02:13:00.000000170,16.396307
2010-08-14 02:13:00.0000007,5.828695
2010-08-14 02:13:00.000000165,8.222195
2010-08-14 02:13:00.00000026,12.031464
2010-08-14 02:13:00.000000148,5.4187202
2010-08-14 02:13:00.00000034,11.981009
2010-08-14 02:13:00.00000022,17.613323
2010-08-14 02:13:00.000000100,4.407715
2010-08-14 02:13:00.000000160,5.400489
2010-08-14 02:13:00.0000009,17.963423
2010-08-14 02:13:00.00000038,10.0388155
2010-08-14 02:13:00.0000001,8.104234
2010-08-14 02:13:00.00000078,5.8640666
2010-08-14 02:13:00.000000134,8.222341
2010-08-14 02:13:00.00000077,20.908073
2010-08-14 02:13:00.000000168,7.4332204
2010-08-14 02:13:00.000000161,6.7574143
2010-08-14 02:13:00.000000122,6.5592675
2010-08-14 02:13:00.00000035,6.475712
2010-08-14 02:13:00.000000110,6.8398814
2010-08-14 02:13:00.000000146,11.543668
2010-08-14 02:13:00.00000010,11.506566
2010-08-14 02:13:00.000000141,4.0813556
2010-08-14 02:13:00.00000087,17.552113
2010-08-14 02:13:00.000000137,7.085828
2010-08-14 02:13:00.00000064,7.003734
2010-08-14 02:13:00.00000084,7.6504974
2010-08-14 02:13:00.000000139,10.412737
2010-08-14 02:13:00.00000089,29.035892
2010-08-14 02:13:00.000000140,42.355827
2010-08-14 02:13:00.00000012,8.119797
2010-08-14 02:13:00.00000025,4.9934025
2010-08-14 02:13:00.00000070,4.319182
2010-08-14 02:13:00.0000004,11.128284
2010-08-14 02:13:00.00000090,14.998869
2010-08-14 02:13:00.000000101,14.709706
2010-08-14 02:13:00.00000017,5.5128064
2010-08-14 02:13:00.00000055,6.0514297
2010-08-14 02:13:00.00000014,10.612667
2010-08-14 02:13:00.000000142,14.016913
2010-08-14 02:13:00.00000021,7.9758735
2010-08-14 02:13:00.00000047,13.683526
2010-08-14 02:13:00.00000083,5.3910704
2010-08-14 02:13:00.000000162,6.734732
2015-04-16 22:32:48.0000006,10.805643
2015-04-16 22:32:48.0000001,4.679209
2015-04-16 22:32:48.0000004,6.428575
2015-04-16 22:32:48.0000002,15.59754
2015-04-16 22:32:48.0000005,8.284879
2013-03-15 11:57:04.0000002,7.1933165
2013-03-15 11:57:04.0000001,8.101955
2014-11-16 08:47:12.0000002,14.5100155
2014-11-16 08:47:12.0000001,5.731222
2013-02-20 16:10:28.0000001,7.0361705
2011-07-03 00:36:04.0000001,6.060358
2014-03-25 23:47:00.00000074,7.236917
2014-03-25 23:47:00.00000088,9.306062
2014-03-25 23:47:00.000000100,6.435987
2014-03-25 23:47:00.00000094,4.2335324
2014-03-25 23:47:00.00000059,10.383476
2014-03-25 23:47:00.00000066,8.468508
2014-03-25 23:47:00.00000016,4.731727
2014-03-25 23:47:00.0000003,14.506933
2014-03-25 23:47:00.00000080,4.3954735
2014-03-25 23:47:00.00000048,50.28228
2014-03-25 23:47:00.00000058,9.795812
2014-03-25 23:47:00.00000070,35.48017
2014-03-25 23:47:00.00000046,11.819272
2014-03-25 23:47:00.00000053,5.6007414
2014-03-25 23:47:00.00000029,5.358223
2014-03-25 23:47:00.00000087,10.637841
2014-03-25 23:47:00.000000126,9.489057
2014-03-25 23:47:00.00000024,9.825509
2014-03-25 23:47:00.0000007,13.494893
2014-03-25 23:47:00.00000071,17.418602
2014-03-25 23:47:00.0000008,7.6994424
2014-03-25 23:47:00.00000049,59.829742
2014-03-25 23:47:00.00000090,23.974869
2014-03-25 23:47:00.00000089,24.304806
2014-03-25 23:47:00.000000117,4.7840004
2014-03-25 23:47:00.00000043,8.836901
2014-03-25 23:47:00.00000032,7.1435614
2014-03-25 23:47:00.00000081,6.5536737
2014-03-25 23:47:00.00000023,6.138499
2014-03-25 23:47:00.00000099,36.96087
2014-03-25 23:47:00.00000077,5.3762684
2014-03-25 23:47:00.00000065,5.889681
2014-03-25 23:47:00.000000111,18.66893
2014-03-25 23:47:00.000000118,25.104074
2014-03-25 23:47:00.00000038,10.993015
2014-03-25 23:47:00.000000110,5.6518297
2014-03-25 23:47:00.00000014,13.098804
2014-03-25 23:47:00.00000086,29.33435
2014-03-25 23:47:00.00000097,6.976026
2014-03-25 23:47:00.00000092,18.527094
2014-03-25 23:47:00.000000140,11.526721
2014-03-25 23:47:00.000000123,21.523073
2014-03-25 23:47:00.000000131,5.184782
2014-03-25 23:47:00.00000033,14.623956
2014-03-25 23:47:00.00000015,6.2990036
2014-03-25 23:47:00.000000125,21.753016
2014-03-25 23:47:00.00000061,21.551237
2014-03-25 23:47:00.00000027,12.896608
2014-03-25 23:47:00.000000101,28.738441
2014-03-25 23:47:00.000000136,9.085787
2014-03-25 23:47:00.000000133,4.895257
2014-03-25 23:47:00.0000006,25.740355
2014-03-25 23:47:00.00000047,11.152782
2014-03-25 23:47:00.00000056,9.524262
2014-03-25 23:47:00.0000001,3.9772737
2014-03-25 23:47:00.00000045,4.5793333
2014-03-25 23:47:00.00000073,7.3619065
2014-03-25 23:47:00.00000030,17.6106
2014-03-25 23:47:00.00000010,27.519224
2014-03-25 23:47:00.00000072,11.371011
2014-03-25 23:47:00.0000009,17.974905
2014-03-25 23:47:00.00000082,9.799142
2014-03-25 23:47:00.00000017,6.623424
2014-03-25 23:47:00.00000050,9.93623
2014-03-25 23:47:00.000000121,8.613751
2014-03-25 23:47:00.000000109,19.366697
2014-03-25 23:47:00.00000018,4.8183274
2014-03-25 23:47:00.00000078,6.9103384
2014-03-25 23:47:00.00000025,4.342158
2014-03-25 23:47:00.00000044,4.1711345
2014-03-25 23:47:00.0000005,4.516396
2014-03-25 23:47:00.00000062,6.0549536
2014-03-25 23:47:00.000000130,41.026775
2014-03-25 23:47:00.00000037,10.015852
2014-03-25 23:47:00.000000114,17.465508
2014-03-25 23:47:00.0000002,26.19023
2014-03-25 23:47:00.000000103,32.17957
2014-03-25 23:47:00.000000106,12.637076
2014-03-25 23:47:00.00000095,10.496616
2014-03-25 23:47:00.000000113,23.7565
2014-03-25 23:47:00.0000004,18.700743
2014-03-25 23:47:00.00000041,16.331684
2014-03-25 23:47:00.00000079,16.661814
2011-06-21 13:19:20.0000001,8.424614
2011-06-21 13:19:20.0000003,6.822146
2011-06-21 13:19:20.0000002,12.122291
2013-01-02 20:53:44.0000001,5.2797904
2013-01-02 20:53:44.0000002,5.3177533
2009-10-07 08:16:24.0000001,11.712413
2012-08-25 22:18:36.0000003,11.540112
2012-08-25 22:18:36.0000004,10.173327
2012-08-25 22:18:36.0000001,7.630038
2012-08-25 22:18:36.0000002,8.581853
2015-06-05 08:38:56.0000005,8.255947
2015-06-05 08:38:56.0000007,10.97648
2015-06-05 08:38:56.0000006,6.0957794
2015-06-05 08:38:56.0000004,29.530762
2015-06-05 08:38:56.0000001,39.18243
2015-06-05 08:38:56.0000002,18.123604
2013-02-26 11:10:24.0000002,9.669651
2013-02-26 11:10:24.0000001,38.85507
2014-04-29 00:02:40.0000001,9.108527
2014-04-29 00:02:40.0000002,15.106764
2014-04-29 00:02:40.0000003,13.7667675
2010-08-06 20:27:12.0000002,11.487252
2010-08-06 20:27:12.0000005,9.049709
2010-08-06 20:27:12.0000004,4.389689
2010-08-06 20:27:12.0000001,10.929038
2012-06-07 00:25:40.0000001,7.8055353
2012-06-07 00:25:40.0000002,17.34218
2011-09-24 07:42:32.0000001,6.1163664
2011-09-28 10:58:48.0000002,8.0812435
2011-09-28 10:58:48.0000001,6.235909
2011-09-28 10:58:48.0000005,6.7516747
2011-09-28 10:58:48.0000004,13.339963
2011-09-28 10:58:48.0000003,27.411194
2011-09-28 10:58:48.0000006,13.589212
2009-11-01 05:04:12.0000001,6.526247
2009-11-01 05:04:12.0000002,13.749573
2014-04-23 22:54:12.0000002,5.7587376
2014-04-23 22:54:12.0000001,24.080542
2014-04-23 22:54:12.0000004,30.994698
2014-04-23 22:54:12.0000003,11.798067
2014-04-23 22:54:12.0000005,5.3962407
2014-04-23 22:54:12.0000006,9.270884
2012-02-28 19:18:44.0000001,5.574317
2012-02-28 19:18:44.0000002,9.048017
2010-09-29 16:43:00.0000003,41.290234
2010-09-29 16:43:00.000000143,7.151828
2010-09-29 16:43:00.000000150,5.6149445
2010-09-29 16:43:00.00000077,7.558138
2010-09-29 16:43:00.000000153,15.179572
2010-09-29 16:43:00.00000048,6.2070684
2010-09-29 16:43:00.00000086,9.953954
2010-09-29 16:43:00.000000108,12.276884
2010-09-29 16:43:00.000000101,8.127259
2010-09-29 16:43:00.000000132,9.057228
2010-09-29 16:43:00.00000033,5.9792986
2010-09-29 16:43:00.00000055,6.8831935
2010-09-29 16:43:00.000000107,13.041726
2010-09-29 16:43:00.000000147,5.4490895
2010-09-29 16:43:00.00000098,8.214824
2010-09-29 16:43:00.00000053,9.259734
2010-09-29 16:43:00.00000052,10.505254
2010-09-29 16:43:00.00000085,8.297441
2010-09-29 16:43:00.000000115,7.3631525
2010-09-29 16:43:00.000000133,9.156598
2010-09-29 16:43:00.000000131,11.219717
2010-09-29 16:43:00.00000031,14.051598
2010-09-29 16:43:00.00000096,5.2856064
2010-09-29 16:43:00.000000120,8.34285
2010-09-29 16:43:00.000000175,11.809481
2010-09-29 16:43:00.00000072,10.108977
2010-09-29 16:43:00.00000038,9.074094
2010-09-29 16:43:00.00000043,10.576912
2010-09-29 16:43:00.0000007,44.04926
2010-09-29 16:43:00.000000111,10.143087
2010-09-29 16:43:00.00000067,8.703333
2010-09-29 16:43:00.00000065,10.120506
2010-09-29 16:43:00.00000046,5.6474924
2010-09-29 16:43:00.00000075,11.528991
2010-09-29 16:43:00.000000155,7.571329
2010-09-29 16:43:00.00000087,42.471664
2010-09-29 16:43:00.000000160,10.709569
2010-09-29 16:43:00.00000060,8.22411
2010-09-29 16:43:00.00000020,9.21162
2010-09-29 16:43:00.00000091,8.67297
2010-09-29 16:43:00.00000068,14.736876
2010-09-29 16:43:00.000000165,9.77557
2010-09-29 16:43:00.000000146,9.617358
2010-09-29 16:43:00.000000169,8.398018
2010-09-29 16:43:00.000000141,8.308318
2010-09-29 16:43:00.00000018,8.901344
2010-09-29 16:43:00.000000100,9.8757
2010-09-29 16:43:00.000000163,19.62728
2010-09-29 16:43:00.00000076,10.007573
2010-09-29 16:43:00.00000027,34.139442
2010-09-29 16:43:00.000000137,10.667395
2010-09-29 16:43:00.00000021,8.431707
2010-09-29 16:43:00.00000063,8.4245615
2010-09-29 16:43:00.00000058,9.646643
2010-09-29 16:43:00.00000090,15.950291
2010-09-29 16:43:00.00000066,10.616187
2010-09-29 16:43:00.000000156,7.638327
2010-09-29 16:43:00.000000104,7.4039993
2010-09-29 16:43:00.00000089,35.17221
2010-09-29 16:43:00.00000029,8.279331
2010-09-29 16:43:00.0000004,8.622705
2010-09-29 16:43:00.00000051,11.232458
2010-09-29 16:43:00.00000036,9.549041
2010-09-29 16:43:00.000000158,9.402202
2010-09-29 16:43:00.000000106,9.373686
2010-09-29 16:43:00.00000047,7.73325
2010-09-29 16:43:00.00000073,9.721804
2010-09-29 16:43:00.00000024,9.212883
2010-09-29 16:43:00.000000151,7.9843316
2010-09-29 16:43:00.000000134,5.1840467
2010-09-29 16:43:00.000000138,7.926058
2010-09-29 16:43:00.000000125,9.558409
2010-09-29 16:43:00.000000112,9.687384
2010-09-29 16:43:00.0000006,7.4571304
2010-09-29 16:43:00.00000025,16.577967
2010-09-29 16:43:00.0000008,8.957336
2010-09-29 16:43:00.00000049,31.069738
2010-09-29 16:43:00.000000173,9.434199
2010-09-29 16:43:00.00000050,8.705717
2010-09-29 16:43:00.00000035,7.198132
2010-09-29 16:43:00.00000097,29.909721
2010-09-29 16:43:00.00000054,8.865556
2010-09-29 16:43:00.000000166,6.8317723
2010-09-29 16:43:00.0000005,8.405246
2010-09-29 16:43:00.00000030,29.81121
2010-09-29 16:43:00.000000102,4.1661744
2010-09-29 16:43:00.00000056,9.004835
2010-09-29 16:43:00.000000103,8.730316
2010-09-29 16:43:00.00000092,33.71418
2010-09-29 16:43:00.00000079,7.899629
2010-09-29 16:43:00.000000149,6.901738
2010-09-29 16:43:00.000000123,5.170407
2010-09-29 16:43:00.000000128,6.7846193
2010-09-29 16:43:00.000000121,8.345245
2010-09-29 16:43:00.000000105,31.579983
2010-09-29 16:43:00.00000026,9.746648
2010-09-29 16:43:00.000000109,11.311614
2010-09-29 16:43:00.000000124,5.647586
2010-09-29 16:43:00.00000071,6.5627227
2010-09-29 16:43:00.00000061,19.79485
2010-09-29 16:43:00.000000129,10.153734
2010-09-29 16:43:00.00000095,7.5450597
2010-09-29 16:43:00.00000010,11.337509
2010-09-29 16:43:00.00000081,9.797046
2010-09-29 16:43:00.00000017,10.766488
2010-09-29 16:43:00.00000028,11.617761
2010-09-29 16:43:00.000000167,5.8847847
2010-09-29 16:43:00.00000082,13.70083
2010-09-29 16:43:00.000000116,10.374956
2010-09-29 16:43:00.000000127,36.821205
2014-10-27 14:58:00.00000095,7.914161
2014-10-27 14:58:00.000000118,13.252442
2014-10-27 14:58:00.00000098,10.469484
2014-10-27 14:58:00.000000108,14.086336
2014-10-27 14:58:00.00000074,5.315307
2014-10-27 14:58:00.00000079,15.905466
2014-10-27 14:58:00.000000137,7.961745
2014-10-27 14:58:00.0000001,13.257938
2014-10-27 14:58:00.00000018,6.805661
2014-10-27 14:58:00.000000142,6.7455897
2014-10-27 14:58:00.00000082,7.917689
2014-10-27 14:58:00.0000008,21.518864
2014-10-27 14:58:00.00000016,6.603428
2014-10-27 14:58:00.000000117,8.927276
2014-10-27 14:58:00.00000048,8.699607
2014-10-27 14:58:00.00000075,6.3242655
2014-10-27 14:58:00.000000112,22.459343
2014-10-27 14:58:00.00000029,5.129829
2014-10-27 14:58:00.00000058,8.801091
2014-10-27 14:58:00.00000053,13.489465
2014-10-27 14:58:00.00000052,5.5391994
2014-10-27 14:58:00.00000071,13.175135
2014-10-27 14:58:00.00000044,10.904051
2014-10-27 14:58:00.000000120,7.7666373
2014-10-27 14:58:00.00000034,11.693786
2014-10-27 14:58:00.000000105,6.6173997
2014-10-27 14:58:00.000000147,8.565486
2014-10-27 14:58:00.00000030,7.1904116
2014-10-27 14:58:00.000000100,7.43956
2014-10-27 14:58:00.00000086,7.7878685
2014-10-27 14:58:00.00000047,39.798218
2014-10-27 14:58:00.000000107,31.972712
2014-10-27 14:58:00.000000127,29.06938
2014-10-27 14:58:00.000000119,4.9299192
2014-10-27 14:58:00.00000013,35.957893
2014-10-27 14:58:00.00000076,37.54363
2014-10-27 14:58:00.00000085,6.836757
2014-10-27 14:58:00.00000038,10.904374
2014-10-27 14:58:00.0000004,7.8832226
2014-10-27 14:58:00.00000037,32.126335
2014-10-27 14:58:00.00000041,6.146771
2014-10-27 14:58:00.000000141,5.499433
2014-10-27 14:58:00.000000140,10.323258
2014-10-27 14:58:00.00000042,7.9222264
2014-10-27 14:58:00.000000109,7.716698
2014-10-27 14:58:00.00000077,12.450422
2014-10-27 14:58:00.00000026,19.582
2014-10-27 14:58:00.000000151,4.8314037
2014-10-27 14:58:00.00000061,9.347854
2014-10-27 14:58:00.000000114,17.244923
2014-10-27 14:58:00.00000021,18.500381
2014-10-27 14:58:00.00000063,6.397699
2014-10-27 14:58:00.00000072,57.994762
2014-10-27 14:58:00.000000131,8.69375
2014-10-27 14:58:00.0000005,40.72795
2014-10-27 14:58:00.000000110,6.0519753
2014-10-27 14:58:00.00000011,7.8181095
2014-10-27 14:58:00.00000064,6.5935516
2014-10-27 14:58:00.00000033,6.4135838
2014-10-27 14:58:00.00000091,6.6719065
2014-10-27 14:58:00.0000003,17.013105
2014-10-27 14:58:00.00000096,4.6325912
2014-10-27 14:58:00.00000051,9.14272
2014-10-27 14:58:00.00000020,8.27933
2014-10-27 14:58:00.000000138,57.593903
2014-10-27 14:58:00.0000002,21.347506
2014-10-27 14:58:00.00000039,11.446863
2014-10-27 14:58:00.00000073,9.936937
2014-10-27 14:58:00.000000116,8.773888
2014-10-27 14:58:00.00000049,8.491191
2014-10-27 14:58:00.00000025,17.199505
2014-10-27 14:58:00.000000133,4.5331435
2014-10-27 14:58:00.00000043,8.980963
2014-10-27 14:58:00.00000055,6.821959
2014-10-27 14:58:00.000000124,35.52436
2014-10-27 14:58:00.00000083,10.951848
2014-10-27 14:58:00.00000010,7.6463685
2014-10-27 14:58:00.000000126,5.7373247
2014-10-27 14:58:00.00000017,11.486125
2014-10-27 14:58:00.000000139,11.983372
2014-10-27 14:58:00.00000014,5.803698
2014-10-27 14:58:00.00000045,7.769701
2014-10-27 14:58:00.000000132,6.7673955
2014-10-27 14:58:00.00000080,40.21503
2014-10-27 14:58:00.00000019,7.0764313
2014-10-27 14:58:00.000000102,14.666939
2014-10-27 14:58:00.00000062,14.145091
2014-10-27 14:58:00.000000122,39.830116
2014-10-27 14:58:00.00000032,16.919243
2014-10-27 14:58:00.00000015,10.33772
2014-10-27 14:58:00.00000084,57.825222
2014-10-27 14:58:00.000000134,6.7265134
2014-10-27 14:58:00.00000093,11.795758
2014-10-27 14:58:00.00000068,6.8378634
2014-10-27 14:58:00.00000089,50.002785
2014-10-27 14:58:00.00000027,57.352257
2009-10-08 23:44:56.0000004,18.572678
2009-10-08 23:44:56.0000001,11.403374
2012-11-03 17:11:00.00000035,5.5299726
2012-11-03 17:11:00.000000107,9.212729
2012-11-03 17:11:00.00000069,11.275796
2012-11-03 17:11:00.000000116,13.3345785
2012-11-03 17:11:00.000000145,6.380279
2012-11-03 17:11:00.00000097,5.2897015
2012-11-03 17:11:00.000000119,5.1009617
2012-11-03 17:11:00.000000134,4.8947077
2012-11-03 17:11:00.000000137,8.328237
2012-11-03 17:11:00.00000010,18.42705
2012-11-03 17:11:00.000000157,5.295685
2012-11-03 17:11:00.000000121,21.351044
2012-11-03 17:11:00.00000073,55.39286
2012-11-03 17:11:00.00000062,9.303676
2012-11-03 17:11:00.000000130,7.2457514
2012-11-03 17:11:00.000000141,9.339593
2012-11-03 17:11:00.00000098,11.046844
2012-11-03 17:11:00.00000066,8.435311
2012-11-03 17:11:00.00000036,10.601631
2012-11-03 17:11:00.00000026,7.1283836
2012-11-03 17:11:00.000000110,7.146572
2012-11-03 17:11:00.00000021,6.781817
2012-11-03 17:11:00.00000040,6.514489
2012-11-03 17:11:00.00000087,12.613044
2012-11-03 17:11:00.00000039,9.155234
2012-11-03 17:11:00.00000033,11.395923
2012-11-03 17:11:00.0000006,6.5524516
2012-11-03 17:11:00.00000025,15.9882345
2012-11-03 17:11:00.000000129,11.398175
2012-11-03 17:11:00.000000153,12.275522
2012-11-03 17:11:00.000000138,14.8077965
2012-11-03 17:11:00.000000143,8.348572
2012-11-03 17:11:00.000000109,7.282488
2012-11-03 17:11:00.00000042,13.750037
2012-11-03 17:11:00.000000104,25.048586
2012-11-03 17:11:00.0000005,7.6726427
2012-11-03 17:11:00.00000056,55.973118
2012-11-03 17:11:00.00000045,4.811587
2012-11-03 17:11:00.00000034,12.225473
2012-11-03 17:11:00.000000120,9.622104
2012-11-03 17:11:00.000000127,10.81383
2012-11-03 17:11:00.00000022,4.678076
2012-11-03 17:11:00.0000003,16.949215
2012-11-03 17:11:00.00000084,8.880497
2012-11-03 17:11:00.00000089,11.31084
2012-11-03 17:11:00.00000041,11.962621
2012-11-03 17:11:00.000000108,12.385027
2012-11-03 17:11:00.000000158,7.2066703
2012-11-03 17:11:00.000000122,4.281443
2012-11-03 17:11:00.000000111,21.591463
2012-11-03 17:11:00.00000027,5.6602864
2012-11-03 17:11:00.0000008,10.5491495
2012-11-03 17:11:00.000000148,20.747688
2012-11-03 17:11:00.000000144,35.878452
2012-11-03 17:11:00.00000029,9.662467
2012-11-03 17:11:00.00000049,7.3418474
2012-11-03 17:11:00.00000011,5.4153366
2012-11-03 17:11:00.00000094,18.149035
2012-11-03 17:11:00.000000152,17.272152
2012-11-03 17:11:00.00000051,9.161222
2012-11-03 17:11:00.00000048,7.1884074
2012-11-03 17:11:00.00000043,9.56012
2012-11-03 17:11:00.00000059,8.921996
2012-11-03 17:11:00.00000019,7.46005
2012-11-03 17:11:00.000000135,9.500836
2012-11-03 17:11:00.00000017,11.900646
2012-11-03 17:11:00.000000146,8.422851
2012-11-03 17:11:00.00000068,11.917955
2012-11-03 17:11:00.00000092,11.921076
2012-11-03 17:11:00.0000002,22.589767
2012-11-03 17:11:00.000000133,5.7167325
2012-11-03 17:11:00.00000038,13.743961
2012-11-03 17:11:00.000000123,7.920687
2012-11-03 17:11:00.00000015,5.0333457
2012-11-03 17:11:00.000000131,5.4034853
2012-11-03 17:11:00.000000112,5.221104
2012-11-03 17:11:00.000000100,6.748301
2012-11-03 17:11:00.00000095,16.809477
2012-11-03 17:11:00.0000004,6.9240904
2012-11-03 17:11:00.00000047,15.886475
2012-11-03 17:11:00.00000020,36.673546
2012-11-03 17:11:00.000000156,18.483913
2012-11-03 17:11:00.00000014,4.81613
2012-11-03 17:11:00.000000139,9.819448
2012-11-03 17:11:00.000000154,7.3009157
2012-11-03 17:11:00.000000151,6.7104034
2012-11-03 17:11:00.00000070,9.4686
2012-11-03 17:11:00.00000023,11.27253
2012-11-03 17:11:00.00000065,9.154552
2012-11-03 17:11:00.00000018,8.470104
2012-11-03 17:11:00.00000088,5.407583
2012-11-03 17:11:00.000000140,14.050316
2012-11-03 17:11:00.00000071,8.395391
2009-05-07 13:58:32.0000003,7.6965795
2009-05-07 13:58:32.0000001,7.9275904
2011-12-25 21:26:32.0000001,4.182479
2015-01-12 19:01:00.0000001,13.13112
2015-01-12 19:01:00.0000003,4.85365
2015-01-12 19:01:00.0000004,13.209302
2015-01-12 19:01:00.0000002,6.2677293
2009-10-06 16:09:24.0000001,7.8707676
2009-10-06 16:09:24.0000003,7.717836
2009-10-06 16:09:24.0000002,6.590928
2009-05-06 01:49:12.0000003,24.394129
2009-05-06 01:49:12.0000005,5.904261
2009-05-06 01:49:12.0000001,11.843272
2009-05-06 01:49:12.0000006,6.141747
2014-10-07 11:20:56.0000002,40.22429
2014-10-07 11:20:56.0000001,12.845111
2014-10-07 11:20:56.0000003,8.129707
2009-02-10 15:30:04.0000002,9.185982
2009-02-10 15:30:04.0000001,10.704472
2013-09-28 00:06:20.0000004,16.453922
2013-09-28 00:06:20.0000001,17.559223
2013-09-28 00:06:20.0000009,16.480291
2013-09-28 00:06:20.0000008,11.548194
2013-09-28 00:06:20.0000007,5.8330398
2013-09-28 00:06:20.0000006,11.741282
2013-09-28 00:06:20.0000002,13.018113
2013-07-18 08:25:04.0000001,8.4559555
2013-07-18 08:25:04.0000002,5.6590934
2013-07-18 08:25:04.0000003,9.714004
2011-03-11 01:44:00.00000010,7.440197
2011-03-11 01:44:00.00000070,6.897406
2011-03-11 01:44:00.00000088,24.801046
2011-03-11 01:44:00.00000063,12.851442
2011-03-11 01:44:00.00000058,14.867135
2011-03-11 01:44:00.00000086,17.557838
2011-03-11 01:44:00.00000053,5.94855
2011-03-11 01:44:00.00000094,11.156365
2011-03-11 01:44:00.00000069,4.749296
2011-03-11 01:44:00.00000061,13.976614
2011-03-11 01:44:00.0000008,4.568081
2011-03-11 01:44:00.0000002,13.700271
2011-03-11 01:44:00.00000050,3.9702425
2011-03-11 01:44:00.00000068,8.779506
2011-03-11 01:44:00.00000018,8.387539
2011-03-11 01:44:00.00000079,12.846063
2011-03-11 01:44:00.00000037,4.4586706
2011-03-11 01:44:00.00000015,7.116397
2011-03-11 01:44:00.00000071,4.723828
2011-03-11 01:44:00.00000054,13.902352
2011-03-11 01:44:00.00000080,4.176597
2011-03-11 01:44:00.00000078,7.95764
2011-03-11 01:44:00.00000055,6.417437
2011-03-11 01:44:00.00000026,17.844267
2011-03-11 01:44:00.00000045,10.496434
2011-03-11 01:44:00.00000013,5.6411195
2011-03-11 01:44:00.0000007,24.662222
2011-03-11 01:44:00.00000024,4.397092
2011-03-11 01:44:00.00000093,4.074968
2011-03-11 01:44:00.00000089,7.7683644
2011-03-11 01:44:00.00000022,8.919256
2011-03-11 01:44:00.00000020,4.243273
2011-03-11 01:44:00.00000025,4.089948
2011-03-11 01:44:00.00000090,21.703148
2011-03-11 01:44:00.00000087,16.25347
2011-03-11 01:44:00.00000017,10.984185
2011-03-11 01:44:00.00000031,22.66529
2011-03-11 01:44:00.00000048,11.914261
2011-03-11 01:44:00.00000076,17.645584
2011-03-11 01:44:00.00000012,13.825959
2011-03-11 01:44:00.00000066,8.396344
2011-03-11 01:44:00.0000001,5.772446
2011-03-11 01:44:00.00000091,12.954314
2011-03-11 01:44:00.00000043,8.582697
2011-03-11 01:44:00.00000060,6.6463165
2011-03-11 01:44:00.00000049,11.02608
2011-03-11 01:44:00.00000073,6.553897
2011-03-11 01:44:00.0000004,12.139298
2013-12-16 19:06:44.0000002,6.609999
2013-12-18 03:49:24.0000001,8.180211
2013-08-05 19:04:36.0000002,8.796295
2013-08-05 19:04:36.0000001,7.5574875
2009-05-08 18:00:36.0000002,5.231726
2013-01-27 00:09:12.0000002,12.687731
2013-01-27 00:09:12.0000006,7.3343105
2013-01-27 00:09:12.0000009,8.936683
2013-01-27 00:09:12.0000001,5.8740335
2013-01-27 00:09:12.0000004,9.3647
2013-01-27 00:09:12.0000007,13.503754
2013-01-27 00:09:12.0000005,8.061765
2012-06-18 22:51:56.0000002,5.238133
2012-06-18 22:51:56.0000001,3.7537596
2011-06-20 09:55:24.0000004,11.408916
2011-06-20 09:55:24.0000003,5.8356395
2011-06-20 09:55:24.0000001,7.9754386
2011-06-20 09:55:24.0000002,4.75726
2011-06-20 09:55:24.0000005,7.964
2015-02-22 09:48:32.0000002,7.6753798
2015-02-22 09:48:32.0000001,17.122772
2015-02-22 09:48:32.0000003,21.999508
2010-08-25 23:40:32.0000001,11.539022
2012-01-07 11:21:56.0000002,13.498848
2012-10-31 12:17:24.0000003,9.674925
2012-10-31 12:17:24.0000001,6.115616
2012-10-20 02:05:08.0000001,14.305527
2012-10-20 02:05:08.0000002,5.9282036
2012-05-06 08:52:08.0000001,11.094439
2014-10-11 15:11:24.0000002,6.220357
2014-10-11 15:11:24.0000004,43.11698
2014-10-11 15:11:24.0000005,14.812548
2014-10-11 15:11:24.0000006,37.57686
2014-10-11 15:11:24.0000001,7.441045
2009-08-17 12:27:08.0000004,6.5591288
2009-08-17 12:27:08.0000001,19.246561
2009-08-17 12:27:08.0000003,6.669715
2011-10-28 07:45:04.0000001,16.35259
2011-10-28 07:45:04.0000003,6.7946153
2011-10-28 07:45:04.0000002,4.0005455
2014-04-09 09:23:12.0000003,8.4728365
2014-04-09 09:23:12.0000005,7.996632
2014-04-09 09:23:12.0000002,7.952839
2014-04-09 09:23:12.0000001,11.608927
2013-09-15 02:37:52.0000001,11.579237
2013-09-15 02:37:52.0000003,9.4962635
2009-11-25 19:32:52.0000005,12.75634
2009-11-25 19:32:52.0000002,10.472503
2009-11-25 19:32:52.0000003,16.360407
2014-05-30 00:09:16.0000002,11.69451
2014-05-30 00:09:16.0000005,11.074148
2014-05-30 00:09:16.0000003,5.6631055
2014-05-30 00:09:16.0000004,5.6009784
2014-05-30 00:09:16.0000001,11.270474
2013-10-24 14:18:20.0000001,5.398953
2013-10-24 14:18:20.0000002,6.4838386
2013-10-24 14:18:20.0000003,14.295632
2014-06-07 22:07:12.0000002,16.283222
2014-06-07 22:07:12.0000001,13.387765
2013-01-07 17:08:32.0000003,7.396329
2013-01-07 17:08:32.0000001,6.0994763
2010-08-11 00:12:08.0000001,5.4098225
2011-10-04 09:37:00.0000007,7.4124928
2011-10-04 09:37:00.00000092,6.7558255
2011-10-04 09:37:00.000000150,6.7435045
2011-10-04 09:37:00.00000010,5.197845
2011-10-04 09:37:00.00000065,32.12859
2011-10-04 09:37:00.000000151,6.9236884
2011-10-04 09:37:00.00000089,4.860732
2011-10-04 09:37:00.000000120,7.9390383
2011-10-04 09:37:00.0000009,5.3981476
2011-10-04 09:37:00.000000110,5.8989406
2011-10-04 09:37:00.00000098,15.218864
2011-10-04 09:37:00.00000011,4.2908025
2011-10-04 09:37:00.00000042,7.144303
2011-10-04 09:37:00.00000024,7.9082956
2011-10-04 09:37:00.000000188,16.314821
2011-10-04 09:37:00.00000071,10.857268
2011-10-04 09:37:00.000000168,10.7651005
2011-10-04 09:37:00.000000159,9.924547
2011-10-04 09:37:00.000000171,10.23243
2011-10-04 09:37:00.000000129,7.3327184
2011-10-04 09:37:00.000000186,5.071634
2011-10-04 09:37:00.000000123,13.754172
2011-10-04 09:37:00.00000020,4.7300563
2011-10-04 09:37:00.00000033,4.9000325
2011-10-04 09:37:00.00000058,12.472417
2011-10-04 09:37:00.00000068,10.059168
2011-10-04 09:37:00.000000131,5.2537794
2011-10-04 09:37:00.000000178,31.13625
2011-10-04 09:37:00.000000103,31.695606
2011-10-04 09:37:00.00000026,9.384482
2011-10-04 09:37:00.000000115,4.313463
2011-10-04 09:37:00.00000059,34.783436
2011-10-04 09:37:00.00000090,14.1422
2011-10-04 09:37:00.00000063,7.1179523
2011-10-04 09:37:00.000000169,4.083
2011-10-04 09:37:00.00000066,9.909752
2011-10-04 09:37:00.000000181,4.442137
2011-10-04 09:37:00.00000018,5.2999606
2011-10-04 09:37:00.000000112,5.681414
2011-10-04 09:37:00.00000094,10.026914
2011-10-04 09:37:00.0000001,5.8583803
2011-10-04 09:37:00.000000139,11.265098
2011-10-04 09:37:00.000000152,10.49077
2011-10-04 09:37:00.000000187,4.887258
2011-10-04 09:37:00.00000070,6.5398583
2011-10-04 09:37:00.00000050,5.457646
2011-10-04 09:37:00.0000004,6.922012
2011-10-04 09:37:00.000000153,12.447164
2011-10-04 09:37:00.00000076,27.583652
2011-10-04 09:37:00.00000079,32.251423
2011-10-04 09:37:00.000000146,6.680589
2011-10-04 09:37:00.000000192,9.334518
2011-10-04 09:37:00.000000172,10.855029
2011-10-04 09:37:00.000000154,7.507112
2011-10-04 09:37:00.000000124,9.265928
2011-10-04 09:37:00.000000142,5.948139
2011-10-04 09:37:00.000000167,9.337195
2011-10-04 09:37:00.00000048,10.78589
2011-10-04 09:37:00.00000074,13.142889
2011-10-04 09:37:00.000000193,8.421609
2011-10-04 09:37:00.000000166,7.1079254
2011-10-04 09:37:00.000000147,5.3791804
2011-10-04 09:37:00.000000189,7.1838794
2011-10-04 09:37:00.0000008,6.9061055
2011-10-04 09:37:00.000000125,7.015323
2011-10-04 09:37:00.00000051,5.2030053
2011-10-04 09:37:00.000000173,8.586319
2011-10-04 09:37:00.00000096,11.3665495
2011-10-04 09:37:00.000000174,6.1029944
2011-10-04 09:37:00.000000130,8.635051
2011-10-04 09:37:00.00000016,5.798869
2011-10-04 09:37:00.000000145,6.8655863
2011-10-04 09:37:00.000000140,8.2978325
2011-10-04 09:37:00.00000040,29.574163
2011-10-04 09:37:00.000000118,10.620814
2011-10-04 09:37:00.00000081,7.4181876
2011-10-04 09:37:00.000000175,12.078771
2011-10-04 09:37:00.00000072,10.514955
2011-10-04 09:37:00.000000143,6.0805893
2011-10-04 09:37:00.000000104,5.9803824
2011-10-04 09:37:00.00000053,7.136491
2011-10-04 09:37:00.00000084,4.285128
2011-10-04 09:37:00.00000030,9.600334
2011-10-04 09:37:00.000000100,6.3413134
2011-10-04 09:37:00.000000105,8.1649065
2011-10-04 09:37:00.00000041,4.935353
2011-10-04 09:37:00.00000091,12.465716
2011-10-04 09:37:00.00000078,6.847987
2011-10-04 09:37:00.000000197,7.0917134
2011-10-04 09:37:00.000000119,8.682866
2011-10-04 09:37:00.000000161,8.8238535
2011-10-04 09:37:00.00000039,6.3724937
2011-10-04 09:37:00.00000086,6.718396
2011-10-04 09:37:00.000000195,9.811992
2011-10-04 09:37:00.000000182,6.9769583
2011-10-04 09:37:00.000000133,7.0774326
2011-10-04 09:37:00.00000029,6.481886
2011-10-04 09:37:00.000000144,6.3230243
2011-10-04 09:37:00.000000128,6.4513974
2011-10-04 09:37:00.00000027,8.922641
2011-10-04 09:37:00.00000032,6.5417285
2011-10-04 09:37:00.00000073,10.053803
2011-10-04 09:37:00.00000083,9.875702
2011-10-04 09:37:00.00000021,6.8424582
2011-10-04 09:37:00.000000137,5.158787
2011-10-04 09:37:00.00000087,49.079685
2011-10-04 09:37:00.00000060,31.613295
2011-10-04 09:37:00.000000138,8.702992
2011-10-04 09:37:00.00000046,10.047435
2011-10-04 09:37:00.00000075,9.374251
2011-10-04 09:37:00.000000198,5.7962255
2011-10-04 09:37:00.000000121,9.774382
2011-10-04 09:37:00.000000116,5.173302
2011-10-04 09:37:00.000000117,6.997568
2011-10-04 09:37:00.00000097,13.711223
2011-10-04 09:37:00.00000012,4.5235877
2011-10-04 09:37:00.00000093,31.661001
2011-10-04 09:37:00.000000101,6.1553288
2011-10-04 09:37:00.00000082,19.83017
2011-10-04 09:37:00.000000126,7.552296
2011-10-04 09:37:00.00000035,10.33406
2011-10-04 09:37:00.000000127,15.014212
2011-10-04 09:37:00.000000156,4.8045115
2014-04-29 08:15:56.0000002,6.810417
2014-04-29 08:15:56.0000001,8.221768
2012-10-23 14:15:04.0000003,14.786216
2012-10-23 14:15:04.0000004,15.827492
2012-10-23 14:15:04.0000001,7.365621
2012-08-31 08:01:16.0000001,6.790456
2012-10-18 21:06:20.0000003,11.749937
2012-10-18 21:06:20.0000006,59.361927
2012-10-18 21:06:20.0000002,7.9793105
2012-10-18 21:06:20.0000005,9.242001
2012-10-18 21:06:20.0000004,9.187184
2012-10-18 21:06:20.0000008,10.470176
2012-10-18 21:06:20.00000010,8.377637
2012-10-18 21:06:20.0000001,32.82251
2014-02-26 04:36:28.0000001,14.108739
2010-02-20 00:43:28.0000002,7.7387156
2010-02-20 00:43:28.0000004,20.333586
2010-02-20 00:43:28.0000003,8.347544
2010-02-20 00:43:28.0000001,11.460651
2009-08-21 08:00:48.0000002,8.024015
2009-08-21 08:00:48.0000001,7.2472095
2009-08-21 08:00:48.0000003,7.684026
2014-12-24 03:00:00.00000034,6.927795
2014-12-24 03:00:00.00000013,28.486124
2014-12-24 03:00:00.0000001,15.693604
2014-12-24 03:00:00.00000032,7.7215056
2014-12-24 03:00:00.0000006,5.2043033
2014-12-24 03:00:00.00000037,5.7715096
2014-12-24 03:00:00.00000012,10.208271
2014-12-24 03:00:00.00000023,22.037594
2014-12-24 03:00:00.00000041,4.918676
2014-12-24 03:00:00.0000008,7.551398
2014-12-24 03:00:00.00000024,14.054724
2014-12-24 03:00:00.00000038,6.9944983
2014-12-24 03:00:00.0000009,7.2284884
2014-12-24 03:00:00.00000018,14.048612
2014-12-24 03:00:00.00000011,23.799297
2014-12-24 03:00:00.00000021,11.436736
2014-12-24 03:00:00.00000030,7.626919
2014-12-24 03:00:00.00000010,5.9470835
2014-12-24 03:00:00.0000004,8.9131565
2014-12-24 03:00:00.00000022,13.895929
2014-12-24 03:00:00.00000028,6.2786355
2012-08-19 12:46:40.0000003,13.6600895
2012-08-19 12:46:40.0000002,4.694497
2012-08-19 12:46:40.0000001,8.081664
2013-12-02 17:53:24.0000003,12.335003
2013-12-02 17:53:24.0000001,11.7855625
2013-12-02 17:53:24.0000002,11.47007
2011-11-07 18:53:08.0000002,8.9485235
2011-11-07 18:53:08.0000001,13.49877
2009-05-16 23:36:24.0000001,8.864034
2009-05-16 23:36:24.0000002,5.5449295
2011-01-10 10:56:56.0000003,7.02254
2011-01-10 10:56:56.0000002,30.006495
2011-01-10 10:56:56.0000001,5.6561303
2010-10-07 10:54:20.0000002,7.578622
2010-10-07 10:54:20.0000005,13.8760395
2010-10-07 10:54:20.0000001,5.935105
2010-10-07 10:54:20.0000004,7.790356
2011-02-21 20:11:08.0000001,8.225498
2011-02-21 20:11:08.0000005,6.769078
2011-02-21 20:11:08.0000002,10.537653
2011-02-21 20:11:08.0000003,7.1335096
2011-02-21 20:11:08.0000004,33.82499
2009-10-04 22:54:56.0000003,7.497356
2015-04-11 20:31:32.0000007,5.6010127
2015-04-11 20:31:32.00000012,5.6028147
2015-04-11 20:31:32.0000003,34.39068
2015-04-11 20:31:32.0000006,12.024296
2015-04-11 20:31:32.0000002,21.603395
2015-04-11 20:31:32.0000009,11.688619
2015-04-11 20:31:32.00000010,4.7185354
2015-04-11 20:31:32.0000001,7.5857625
2012-04-02 02:53:24.0000001,13.049689
2014-04-21 16:00:36.0000001,6.215653
2014-04-21 16:00:36.0000003,10.164122
2014-04-21 16:00:36.0000002,5.1442933
2012-03-22 21:11:36.0000006,12.300738
2012-03-22 21:11:36.0000008,6.9872704
2012-03-22 21:11:36.0000005,11.032864
2012-03-22 21:11:36.0000001,9.977849
2012-03-22 21:11:36.0000004,5.1268654
2012-03-22 21:11:36.0000007,4.8013377
2012-03-22 21:11:36.0000002,8.258456
2012-03-22 21:11:36.0000003,22.016315
2011-04-08 00:57:44.0000001,4.8948874
2011-02-20 12:31:04.0000001,9.166654
2011-02-20 12:31:04.0000003,3.599626
2011-02-06 17:08:24.0000004,16.349594
2011-02-06 17:08:24.0000002,7.290094
2011-02-06 17:08:24.0000001,8.79751
2013-01-01 22:04:56.0000001,8.770634
2013-04-23 17:52:44.0000001,16.622517
2013-04-23 17:52:44.0000002,5.752165
2013-07-02 21:47:24.0000003,5.195473
2013-07-02 21:47:24.0000002,15.699644
2013-07-02 21:47:24.0000001,19.16062
2010-01-01 13:19:40.0000002,17.04187
2010-01-01 13:19:40.0000005,9.279761
2010-01-01 13:19:40.0000001,9.296619
2010-01-01 13:19:40.0000003,58.03694
2013-04-26 20:41:16.0000001,8.266205
2010-03-06 23:51:08.0000002,13.674588
2010-03-06 23:51:08.0000001,7.862421
2014-04-17 16:58:28.0000001,10.172353
2014-04-17 16:58:28.0000002,12.596834
2014-01-06 16:39:16.0000001,29.125488
2015-02-12 05:37:56.0000002,5.3866544
2011-12-22 01:00:08.0000001,15.976728
2011-12-22 01:00:08.0000002,7.099029
2011-08-20 17:04:24.0000001,5.1233068
2011-06-30 13:07:36.0000001,6.033778
2011-06-30 13:07:36.0000005,9.793966
2011-06-30 13:07:36.0000002,7.3073134
2011-06-30 13:07:36.0000004,7.4256682
2011-06-30 13:07:36.0000003,9.121594
2014-04-27 02:57:00.000000100,4.6275573
2014-04-27 02:57:00.000000130,6.245965
2014-04-27 02:57:00.000000109,32.410526
2014-04-27 02:57:00.00000096,19.142338
2014-04-27 02:57:00.00000063,13.545666
2014-04-27 02:57:00.000000177,6.965389
2014-04-27 02:57:00.000000132,18.446663
2014-04-27 02:57:00.000000170,22.776258
2014-04-27 02:57:00.00000021,14.350359
2014-04-27 02:57:00.000000136,12.326474
2014-04-27 02:57:00.00000032,11.621989
2014-04-27 02:57:00.000000107,5.998211
2014-04-27 02:57:00.00000028,39.15039
2014-04-27 02:57:00.00000026,16.832146
2014-04-27 02:57:00.000000139,8.189598
2014-04-27 02:57:00.00000015,19.672894
2014-04-27 02:57:00.00000095,4.4460135
2014-04-27 02:57:00.000000105,25.544952
2014-04-27 02:57:00.000000196,10.703686
2014-04-27 02:57:00.0000001,4.777252
2014-04-27 02:57:00.000000175,13.337608
2014-04-27 02:57:00.000000188,16.720316
2014-04-27 02:57:00.00000051,15.412463
2014-04-27 02:57:00.00000055,7.0624957
2014-04-27 02:57:00.00000016,16.912819
2014-04-27 02:57:00.000000169,7.7533097
2014-04-27 02:57:00.00000086,12.86638
2014-04-27 02:57:00.000000148,15.871489
2014-04-27 02:57:00.00000087,17.160069
2014-04-27 02:57:00.00000027,17.031845
2014-04-27 02:57:00.000000120,20.927055
2014-04-27 02:57:00.00000068,4.458443
2014-04-27 02:57:00.00000099,7.9006047
2014-04-27 02:57:00.000000193,9.702753
2014-04-27 02:57:00.00000081,22.146317
2014-04-27 02:57:00.000000135,22.478104
2014-04-27 02:57:00.000000181,5.9222407
2014-04-27 02:57:00.00000020,5.9792447
2014-04-27 02:57:00.000000157,23.124718
2014-04-27 02:57:00.00000079,20.972225
2014-04-27 02:57:00.00000019,7.8783636
2014-04-27 02:57:00.000000126,14.4924755
2014-04-27 02:57:00.0000002,5.003416
2014-04-27 02:57:00.00000062,9.295751
2014-04-27 02:57:00.00000085,12.416123
2014-04-27 02:57:00.00000014,15.437908
2014-04-27 02:57:00.000000161,11.152674
2014-04-27 02:57:00.00000084,15.882609
2014-04-27 02:57:00.000000122,17.265772
2014-04-27 02:57:00.000000111,8.129221
2014-04-27 02:57:00.000000113,10.220525
2014-04-27 02:57:00.00000071,9.630546
2014-04-27 02:57:00.00000077,11.950178
2014-04-27 02:57:00.000000134,44.02957
2014-04-27 02:57:00.000000103,10.540816
2014-04-27 02:57:00.000000102,14.278057
2014-04-27 02:57:00.000000160,23.305002
2014-04-27 02:57:00.00000042,4.7450614
2014-04-27 02:57:00.00000054,7.012482
2014-04-27 02:57:00.00000049,14.128241
2014-04-27 02:57:00.000000147,11.046541
2014-04-27 02:57:00.00000045,9.191656
2014-04-27 02:57:00.0000003,21.091896
2014-04-27 02:57:00.000000182,9.119807
2014-04-27 02:57:00.000000180,8.629155
2014-04-27 02:57:00.00000038,24.238453
2014-04-27 02:57:00.0000005,9.082053
2014-04-27 02:57:00.000000108,4.2553973
2014-04-27 02:57:00.00000092,6.2371373
2014-04-27 02:57:00.000000192,6.073937
2014-04-27 02:57:00.000000165,6.8144946
2014-04-27 02:57:00.000000115,10.661911
2014-04-27 02:57:00.00000029,8.9852915
2014-04-27 02:57:00.00000050,5.839683
2014-04-27 02:57:00.000000119,7.8196497
2014-04-27 02:57:00.00000011,15.616295
2014-04-27 02:57:00.000000114,6.779524
2014-04-27 02:57:00.000000190,12.739159
2014-04-27 02:57:00.00000061,17.142744
2014-04-27 02:57:00.00000098,10.601004
2014-04-27 02:57:00.00000040,7.3043146
2014-04-27 02:57:00.000000117,18.51823
2014-04-27 02:57:00.000000150,7.659825
2014-04-27 02:57:00.00000035,8.307865
2014-04-27 02:57:00.00000022,19.700933
2014-04-27 02:57:00.000000146,7.36551
2014-04-27 02:57:00.00000018,9.257094
2014-04-27 02:57:00.00000041,14.591437
2014-04-27 02:57:00.00000089,18.579597
2014-04-27 02:57:00.00000088,7.7451367
2014-04-27 02:57:00.000000101,9.943402
2014-04-27 02:57:00.00000058,25.36095
2014-04-27 02:57:00.00000030,7.8056965
2014-04-27 02:57:00.000000156,13.031846
2014-04-27 02:57:00.00000024,8.739947
2014-04-27 02:57:00.000000163,7.647337
2014-04-27 02:57:00.000000152,11.681469
2014-04-27 02:57:00.00000037,6.251432
2014-04-27 02:57:00.00000065,4.9283175
2014-04-27 02:57:00.0000006,27.490313
2014-04-27 02:57:00.00000060,9.297174
2014-04-27 02:57:00.000000110,7.3561983
2014-04-27 02:57:00.00000034,5.571154
2014-04-27 02:57:00.000000149,26.602163
2014-04-27 02:57:00.000000176,4.2953544
2014-04-27 02:57:00.000000184,6.7614427
2014-04-27 02:57:00.000000118,6.9732647
2014-04-27 02:57:00.000000186,13.125304
2014-04-27 02:57:00.000000104,10.963735
2014-04-27 02:57:00.00000080,24.946497
2014-04-27 02:57:00.000000121,8.793034
2014-04-27 02:57:00.00000093,7.0653424
2014-04-27 02:57:00.00000056,11.454393
2014-04-27 02:57:00.00000044,15.435656
2014-04-27 02:57:00.00000048,8.898516
2014-04-27 02:57:00.00000059,14.618636
2014-04-27 02:57:00.000000194,20.42657
2014-04-27 02:57:00.000000185,22.144962
2014-04-27 02:57:00.000000125,19.266527
2014-04-27 02:57:00.00000046,12.129604
2014-04-27 02:57:00.00000070,17.921972
2014-04-27 02:57:00.000000133,13.850578
2011-01-18 10:26:40.0000003,5.0260296
2011-01-18 10:26:40.0000002,8.305099
2012-04-20 07:57:20.0000001,9.786518
2012-04-20 07:57:20.0000004,5.1780496
2012-04-20 07:57:20.0000003,6.1016192
2012-04-20 07:57:20.0000002,4.4847937
2011-12-13 22:00:00.00000071,12.969382
2011-12-13 22:00:00.000000178,4.532526
2011-12-13 22:00:00.00000016,6.6873507
2011-12-13 22:00:00.000000127,6.349437
2011-12-13 22:00:00.00000065,4.3424344
2011-12-13 22:00:00.000000227,3.8833234
2011-12-13 22:00:00.000000257,5.8861933
2011-12-13 22:00:00.000000238,7.8124056
2011-12-13 22:00:00.0000008,8.150954
2011-12-13 22:00:00.000000252,4.895441
2011-12-13 22:00:00.000000204,13.105878
2011-12-13 22:00:00.000000120,8.924854
2011-12-13 22:00:00.000000175,3.9534163
2011-12-13 22:00:00.00000010,12.193688
2011-12-13 22:00:00.00000048,6.213161
2011-12-13 22:00:00.000000189,4.4689326
2011-12-13 22:00:00.00000011,4.810715
2011-12-13 22:00:00.000000247,7.075798
2011-12-13 22:00:00.000000261,3.8731048
2011-12-13 22:00:00.0000004,11.885241
2011-12-13 22:00:00.00000014,11.141019
2011-12-13 22:00:00.000000151,35.700912
2011-12-13 22:00:00.00000025,6.0234585
2011-12-13 22:00:00.00000039,10.263318
2011-12-13 22:00:00.000000179,7.0670304
2011-12-13 22:00:00.000000137,11.346561
2011-12-13 22:00:00.00000091,14.849654
2011-12-13 22:00:00.000000109,5.384895
2011-12-13 22:00:00.000000174,8.595435
2011-12-13 22:00:00.000000225,17.074743
2011-12-13 22:00:00.000000207,6.1910143
2011-12-13 22:00:00.000000269,22.06042
2011-12-13 22:00:00.000000234,6.90752
2011-12-13 22:00:00.00000017,6.6438704
2011-12-13 22:00:00.00000046,5.8358593
2011-12-13 22:00:00.00000057,12.122335
2011-12-13 22:00:00.000000105,8.035573
2011-12-13 22:00:00.000000114,15.431835
2011-12-13 22:00:00.00000030,4.6405773
2011-12-13 22:00:00.000000100,6.277853
2011-12-13 22:00:00.00000088,14.189294
2011-12-13 22:00:00.000000242,8.187658
2011-12-13 22:00:00.000000113,6.4491153
2011-12-13 22:00:00.000000157,11.474817
2011-12-13 22:00:00.000000177,12.301704
2011-12-13 22:00:00.000000169,8.1488495
2011-12-13 22:00:00.000000123,3.958551
2011-12-13 22:00:00.000000182,31.325182
2011-12-13 22:00:00.000000129,6.870668
2011-12-13 22:00:00.000000136,24.171831
2011-12-13 22:00:00.000000187,5.200013
2011-12-13 22:00:00.000000218,8.3363495
2011-12-13 22:00:00.000000167,28.635427
2011-12-13 22:00:00.000000192,8.552451
2011-12-13 22:00:00.00000024,5.63772
2011-12-13 22:00:00.00000093,11.21076
2011-12-13 22:00:00.000000260,4.1790195
2011-12-13 22:00:00.00000038,4.1650696
2011-12-13 22:00:00.000000208,6.565892
2011-12-13 22:00:00.000000210,5.7451897
2011-12-13 22:00:00.000000181,5.94924
2011-12-13 22:00:00.000000111,10.5304985
2011-12-13 22:00:00.000000161,15.659999
2011-12-13 22:00:00.000000209,4.69642
2011-12-13 22:00:00.00000029,6.726758
2011-12-13 22:00:00.00000067,4.842635
2011-12-13 22:00:00.000000202,5.1682935
2011-12-13 22:00:00.000000245,9.693702
2011-12-13 22:00:00.000000206,8.868702
2011-12-13 22:00:00.0000003,6.0586724
2011-12-13 22:00:00.00000060,14.357688
2011-12-13 22:00:00.00000053,4.9166126
2011-12-13 22:00:00.000000201,9.77976
2011-12-13 22:00:00.000000212,10.552635
2011-12-13 22:00:00.000000235,15.993529
2011-12-13 22:00:00.000000170,24.329826
2011-12-13 22:00:00.000000253,4.131561
2011-12-13 22:00:00.000000172,16.160837
2011-12-13 22:00:00.00000086,4.305204
2011-12-13 22:00:00.000000223,42.74101
2011-12-13 22:00:00.0000009,10.625092
2011-12-13 22:00:00.00000031,11.308523
2011-12-13 22:00:00.000000243,9.7675495
2011-12-13 22:00:00.000000133,9.595454
2011-12-13 22:00:00.000000199,8.159408
2011-12-13 22:00:00.000000104,24.182497
2011-12-13 22:00:00.00000023,48.604214
2011-12-13 22:00:00.00000075,32.28941
2011-12-13 22:00:00.000000217,4.937006
2011-12-13 22:00:00.000000220,7.438987
2011-12-13 22:00:00.000000211,4.3252597
2011-12-13 22:00:00.000000150,8.605523
2011-12-13 22:00:00.00000020,7.482919
2011-12-13 22:00:00.000000254,8.830509
2011-12-13 22:00:00.000000183,7.4075937
2011-12-13 22:00:00.000000166,12.803915
2011-12-13 22:00:00.00000063,6.6684666
2011-12-13 22:00:00.000000124,4.6041446
2011-12-13 22:00:00.000000219,8.851788
2011-12-13 22:00:00.00000099,14.336513
2011-12-13 22:00:00.00000041,6.5169735
2011-12-13 22:00:00.00000080,10.159655
2011-12-13 22:00:00.000000216,21.595732
2011-12-13 22:00:00.000000240,4.8074017
2011-12-13 22:00:00.000000153,7.1216393
2011-12-13 22:00:00.00000068,3.67912
2011-12-13 22:00:00.000000263,9.92627
2011-12-13 22:00:00.00000061,12.820275
2011-12-13 22:00:00.000000162,5.576149
2011-12-13 22:00:00.00000045,5.2468214
2011-12-13 22:00:00.000000193,6.0473547
2011-12-13 22:00:00.000000112,30.702831
2011-12-13 22:00:00.000000165,5.530764
2011-12-13 22:00:00.000000255,11.755663
2011-12-13 22:00:00.000000106,30.529081
2011-12-13 22:00:00.000000125,13.019126
2011-12-13 22:00:00.000000250,7.961218
2011-12-13 22:00:00.0000006,5.7280807
2011-12-13 22:00:00.00000090,4.7789173
2011-12-13 22:00:00.00000055,5.021974
2011-12-13 22:00:00.000000188,9.799081
2011-12-13 22:00:00.000000259,13.500884
2011-12-13 22:00:00.000000142,13.788411
2011-12-13 22:00:00.000000155,6.385045
2011-12-13 22:00:00.00000082,5.04241
2011-12-13 22:00:00.00000069,6.610736
2011-12-13 22:00:00.00000097,11.640132
2011-12-13 22:00:00.000000107,29.057528
2011-12-13 22:00:00.000000126,5.4829493
2011-12-13 22:00:00.00000012,10.007752
2011-12-13 22:00:00.000000158,7.0106936
2011-12-13 22:00:00.000000196,7.0985665
2011-12-13 22:00:00.000000132,24.626345
2011-12-13 22:00:00.000000244,5.600038
2011-12-13 22:00:00.000000268,8.88292
2011-12-13 22:00:00.00000064,5.8445616
2011-12-13 22:00:00.000000159,11.354625
2011-12-13 22:00:00.000000163,22.881413
2011-12-13 22:00:00.000000232,17.295483
2011-12-13 22:00:00.0000007,9.2852745
2011-12-13 22:00:00.00000054,4.3386183
2011-12-13 22:00:00.000000230,15.017218
2011-12-13 22:00:00.000000256,5.914353
2011-12-13 22:00:00.000000146,6.4960103
2011-12-13 22:00:00.000000265,8.720346
2011-12-13 22:00:00.00000076,6.2765408
2011-12-13 22:00:00.00000062,18.190565
2011-12-13 22:00:00.00000032,5.874127
2011-12-13 22:00:00.000000213,4.6955853
2011-12-13 22:00:00.00000083,14.265956
2011-12-13 22:00:00.00000026,12.827452
2011-12-13 22:00:00.000000239,12.631537
2011-12-13 22:00:00.000000233,10.334662
2011-12-13 22:00:00.00000089,9.577947
2011-12-13 22:00:00.000000267,6.2222366
2011-12-13 22:00:00.000000176,7.671715
2011-12-13 22:00:00.000000139,4.6251154
2011-12-13 22:00:00.00000027,4.447642
2011-12-13 22:00:00.00000042,9.195672
2011-12-13 22:00:00.000000241,12.622869
2011-12-13 22:00:00.000000222,7.5578556
2012-03-12 09:50:24.0000001,7.3503184
2012-03-12 09:50:24.0000003,5.9224124
2012-03-12 09:50:24.0000002,6.3458667
2014-05-13 07:33:52.0000006,5.773266
2014-05-13 07:33:52.0000004,5.9070005
2014-05-13 07:33:52.0000001,10.0049715
2014-05-13 07:33:52.0000002,4.93248
2014-05-13 07:33:52.0000003,13.315502
2011-06-30 09:37:08.0000002,9.8577175
2011-06-30 09:37:08.0000003,4.3464336
2012-09-18 17:13:40.0000002,7.419091
2012-09-18 17:13:40.0000001,7.392322
2011-06-07 12:11:56.0000004,18.83242
2011-06-07 12:11:56.0000001,12.796386
2011-06-07 12:11:56.0000003,27.415306
2011-06-07 12:11:56.0000002,5.2127104
2011-06-07 12:11:56.0000005,7.0823517
2010-05-21 23:04:44.0000002,18.277744
2010-05-21 23:04:44.0000001,14.823149
2009-01-28 16:36:28.0000002,7.4094687
2009-01-28 16:36:28.0000003,44.78647
2009-01-28 16:36:28.0000005,6.1438785
2009-01-28 16:36:28.0000006,9.654701
2009-01-28 16:36:28.0000001,5.696007
2012-03-12 02:58:56.0000001,13.107929
2010-07-21 22:06:12.0000005,8.143435
2010-07-21 22:06:12.0000003,5.9430523
2010-07-21 22:06:12.0000001,24.024654
2010-07-21 22:06:12.0000002,10.661404
2009-04-12 16:00:56.0000001,11.837039
2013-05-24 13:37:32.0000001,7.169255
2011-07-29 20:50:36.0000001,12.202726
2011-07-29 20:50:36.0000003,24.587963
2011-07-29 20:50:36.0000002,4.871405
2014-03-05 21:07:12.0000003,11.893896
2014-03-05 21:07:12.0000004,8.603075
2009-11-28 15:07:24.0000004,47.610588
2009-11-28 15:07:24.0000001,12.329348
2009-11-28 15:07:24.0000003,5.826904
2015-04-11 14:16:12.0000003,7.4348793
2015-04-11 14:16:12.00000010,4.67729
2015-04-11 14:16:12.00000011,6.1178007
2015-04-11 14:16:12.0000001,7.451911
2015-04-11 14:16:12.0000002,6.4887066
2015-04-11 14:16:12.0000006,56.305817
2015-04-11 14:16:12.0000007,5.8291297
2015-04-11 14:16:12.0000008,10.119581
2014-11-15 10:57:20.0000002,4.2690234
2014-11-15 10:57:20.0000001,7.180563
2010-07-31 15:47:28.0000001,4.918918
2014-05-12 20:56:48.0000005,5.205158
2014-05-12 20:56:48.0000001,8.456135
2014-05-12 20:56:48.0000004,6.8893437
2014-05-12 20:56:48.0000003,8.386564
2014-05-12 20:56:48.0000002,10.725769
2014-01-16 06:00:48.0000001,10.118867
2014-04-23 11:18:40.0000003,11.661573
2014-04-23 11:18:40.0000002,7.6827297
2014-04-23 11:18:40.0000001,10.34391
2011-09-22 04:49:56.0000001,36.16395
2011-10-28 07:35:52.0000003,5.5968256
2011-10-28 07:35:52.0000002,9.966675
2011-10-28 07:35:52.0000001,6.0525856
2015-05-10 19:54:00.0000001,8.409715
2015-05-10 19:54:00.0000003,7.0807266
2015-05-10 19:54:00.0000005,10.143799
2015-05-10 19:54:00.0000004,11.219217
2011-03-28 23:18:48.0000001,9.451314
2014-08-26 01:31:04.0000001,28.076578
2015-02-26 15:55:48.0000004,13.439308
2015-02-26 15:55:48.0000003,8.247093
2015-02-26 15:55:48.0000002,6.6115146
2013-11-22 15:36:36.0000002,4.850034
2010-02-13 11:03:04.0000002,4.980087
2010-02-13 11:03:04.0000001,5.005958
2010-02-13 11:03:04.0000004,5.09184
2010-02-13 11:03:04.0000003,5.3676276
2011-06-26 18:48:08.0000004,8.040055
2011-06-26 18:48:08.0000005,16.294779
2011-06-26 18:48:08.0000002,5.416935
2011-06-26 18:48:08.0000001,7.3397164
2010-10-14 23:48:56.0000001,5.5307403
2010-10-14 23:48:56.0000002,45.279453
2010-10-14 23:48:56.0000003,11.700954
2010-10-14 23:48:56.0000004,6.298824
2011-01-22 07:48:28.0000001,8.181853
2011-10-17 18:49:20.0000003,14.921008
2011-10-17 18:49:20.0000002,7.4287553
2011-10-17 18:49:20.0000005,8.558294
2009-03-24 16:39:12.0000002,8.798549
2009-03-24 16:39:12.0000004,7.336876
2009-03-24 16:39:12.0000003,9.715181
2009-03-24 16:39:12.0000001,6.236073
2014-07-21 18:19:00.000000102,8.373864
2014-07-21 18:19:00.000000106,9.961202
2014-07-21 18:19:00.000000107,5.73225
2014-07-21 18:19:00.00000094,36.619446
2014-07-21 18:19:00.000000161,7.817606
2014-07-21 18:19:00.000000129,17.364855
2014-07-21 18:19:00.00000083,5.2995224
2014-07-21 18:19:00.000000163,15.259743
2014-07-21 18:19:00.000000117,11.737824
2014-07-21 18:19:00.00000028,4.5845275
2014-07-21 18:19:00.00000089,14.140799
2014-07-21 18:19:00.000000130,5.8257213
2014-07-21 18:19:00.000000105,7.6670947
2014-07-21 18:19:00.000000123,18.359165
2014-07-21 18:19:00.000000103,54.904594
2014-07-21 18:19:00.000000227,6.953534
2014-07-21 18:19:00.000000189,10.006684
2014-07-21 18:19:00.000000168,8.3387
2014-07-21 18:19:00.000000173,12.393401
2014-07-21 18:19:00.000000128,15.490523
2014-07-21 18:19:00.000000143,27.768892
2014-07-21 18:19:00.00000018,21.449017
2014-07-21 18:19:00.00000049,11.138956
2014-07-21 18:19:00.00000022,7.302392
2014-07-21 18:19:00.000000200,6.2993174
2014-07-21 18:19:00.000000193,9.927859
2014-07-21 18:19:00.000000231,9.098245
2014-07-21 18:19:00.000000202,13.221615
2014-07-21 18:19:00.00000092,36.05804
2014-07-21 18:19:00.000000148,6.5627904
2014-07-21 18:19:00.00000057,4.892426
2014-07-21 18:19:00.00000074,6.837215
2014-07-21 18:19:00.000000183,13.639449
2014-07-21 18:19:00.000000221,-3.6690342
2014-07-21 18:19:00.00000078,7.7561574
2014-07-21 18:19:00.00000058,5.961677
2014-07-21 18:19:00.000000214,6.6362896
2014-07-21 18:19:00.000000122,10.358447
2014-07-21 18:19:00.000000137,4.341661
2014-07-21 18:19:00.00000027,7.896547
2014-07-21 18:19:00.00000047,20.012886
2014-07-21 18:19:00.00000061,10.69309
2014-07-21 18:19:00.000000196,9.97856
2014-07-21 18:19:00.000000125,16.475555
2014-07-21 18:19:00.000000126,18.529642
2014-07-21 18:19:00.000000145,4.591
2014-07-21 18:19:00.00000080,14.410187
2014-07-21 18:19:00.00000055,9.538201
2014-07-21 18:19:00.00000066,11.1683655
2014-07-21 18:19:00.000000111,5.7078047
2014-07-21 18:19:00.00000042,7.2274756
2014-07-21 18:19:00.000000215,6.0383205
2014-07-21 18:19:00.00000043,29.186308
2014-07-21 18:19:00.000000119,19.623775
2014-07-21 18:19:00.000000115,13.306057
2014-07-21 18:19:00.0000009,10.3965845
2014-07-21 18:19:00.00000075,11.0613785
2014-07-21 18:19:00.000000118,4.7080255
2014-07-21 18:19:00.00000038,19.145967
2014-07-21 18:19:00.000000124,10.72525
2014-07-21 18:19:00.000000242,9.039511
2014-07-21 18:19:00.00000019,7.421087
2014-07-21 18:19:00.00000056,12.170869
2014-07-21 18:19:00.000000239,7.469734
2014-07-21 18:19:00.000000101,9.6703005
2014-07-21 18:19:00.000000216,41.566288
2014-07-21 18:19:00.000000198,5.951691
2014-07-21 18:19:00.000000174,38.468704
2014-07-21 18:19:00.00000070,7.05809
2014-07-21 18:19:00.0000004,12.210748
2014-07-21 18:19:00.000000135,7.737685
2014-07-21 18:19:00.000000165,8.28205
2014-07-21 18:19:00.00000010,12.799506
2014-07-21 18:19:00.000000211,7.778638
2014-07-21 18:19:00.000000190,8.659897
2014-07-21 18:19:00.00000021,6.9664707
2014-07-21 18:19:00.000000204,6.482502
2014-07-21 18:19:00.000000112,7.2394757
2014-07-21 18:19:00.000000169,21.407406
2014-07-21 18:19:00.000000226,8.408801
2014-07-21 18:19:00.000000109,6.041598
2014-07-21 18:19:00.000000113,19.815474
2014-07-21 18:19:00.000000127,19.191393
2014-07-21 18:19:00.000000182,12.737712
2014-07-21 18:19:00.00000036,8.95599
2014-07-21 18:19:00.000000220,4.353706
2014-07-21 18:19:00.000000121,7.1580825
2014-07-21 18:19:00.00000050,10.8559065
2014-07-21 18:19:00.000000178,5.843615
2014-07-21 18:19:00.000000166,7.9305468
2014-07-21 18:19:00.000000224,6.9729967
2014-07-21 18:19:00.000000134,6.335565
2014-07-21 18:19:00.000000195,13.242098
2014-07-21 18:19:00.00000015,40.354977
2014-07-21 18:19:00.0000005,53.671173
2014-07-21 18:19:00.000000120,15.648278
2014-07-21 18:19:00.000000133,6.9486003
2014-07-21 18:19:00.00000044,8.081014
2014-07-21 18:19:00.000000233,7.3763695
2014-07-21 18:19:00.00000063,12.268132
2014-07-21 18:19:00.000000167,9.685783
2014-07-21 18:19:00.000000208,8.032335
2014-07-21 18:19:00.00000030,10.97901
2014-07-21 18:19:00.00000098,6.444941
2014-07-21 18:19:00.000000179,8.251364
2014-07-21 18:19:00.000000219,4.8706226
2014-07-21 18:19:00.0000006,4.963865
2014-07-21 18:19:00.0000008,14.842724
2014-07-21 18:19:00.00000031,23.745956
2014-07-21 18:19:00.000000225,5.6013327
2014-07-21 18:19:00.000000235,9.435175
2014-07-21 18:19:00.000000104,10.483544
2014-07-21 18:19:00.00000011,4.5717406
2014-07-21 18:19:00.00000026,4.746478
2014-07-21 18:19:00.000000228,7.097663
2014-07-21 18:19:00.000000154,8.254515
2014-07-21 18:19:00.000000240,5.547498
2014-07-21 18:19:00.00000069,9.09933
2014-07-21 18:19:00.000000210,10.047566
2014-07-21 18:19:00.00000097,28.01741
2014-07-21 18:19:00.000000136,7.1332684
2014-07-21 18:19:00.000000150,10.145546
2014-07-21 18:19:00.00000060,4.4777937
2014-07-21 18:19:00.00000073,5.356779
2014-07-21 18:19:00.000000177,20.822205
2014-07-21 18:19:00.000000222,8.826713
2014-07-21 18:19:00.0000003,19.272926
2014-07-21 18:19:00.00000012,5.36039
2014-07-21 18:19:00.000000139,6.59644
2014-07-21 18:19:00.000000194,10.610219
2014-07-21 18:19:00.00000014,10.961452
2014-07-21 18:19:00.00000051,6.398393
2014-07-21 18:19:00.000000218,7.989555
2014-07-21 18:19:00.000000181,6.7020836
2014-07-21 18:19:00.000000114,14.890066
2014-07-21 18:19:00.00000072,7.91106
2014-07-21 18:19:00.000000213,6.871825
2014-07-21 18:19:00.00000064,5.4368424
2012-12-07 16:13:08.0000001,15.807552
2011-06-13 09:55:04.0000005,9.331791
2011-06-13 09:55:04.0000004,5.8791103
2011-06-13 09:55:04.0000001,9.698863
2014-12-27 22:31:56.0000002,11.861681
2014-11-24 09:50:20.0000001,5.8185
2014-11-24 09:50:20.0000002,20.910189
2015-02-17 12:29:52.0000003,7.5520473
2015-02-17 12:29:52.0000002,9.955398
2015-02-17 12:29:52.0000004,16.907171
2015-02-17 12:29:52.0000001,4.8538914
2010-02-21 21:57:20.0000001,13.044498
2010-02-21 21:57:20.0000002,4.5272617
2010-09-20 16:48:00.000000101,11.556543
2010-09-20 16:48:00.000000140,6.936113
2010-09-20 16:48:00.00000052,7.65626
2010-09-20 16:48:00.00000038,11.961815
2010-09-20 16:48:00.000000135,8.142739
2010-09-20 16:48:00.000000145,9.735523
2010-09-20 16:48:00.00000090,10.548738
2010-09-20 16:48:00.00000088,29.773539
2010-09-20 16:48:00.000000161,16.634008
2010-09-20 16:48:00.000000160,8.443283
2010-09-20 16:48:00.00000012,7.411653
2010-09-20 16:48:00.00000028,42.980244
2010-09-20 16:48:00.000000117,22.454103
2010-09-20 16:48:00.00000018,6.6319103
2010-09-20 16:48:00.00000059,8.675551
2010-09-20 16:48:00.00000061,5.669277
2010-09-20 16:48:00.00000037,7.3468394
2010-09-20 16:48:00.000000133,12.348999
2010-09-20 16:48:00.000000141,12.227768
2010-09-20 16:48:00.000000113,27.855787
2010-09-20 16:48:00.00000067,16.620213
2010-09-20 16:48:00.00000066,26.47362
2010-09-20 16:48:00.000000128,10.721959
2010-09-20 16:48:00.000000109,9.948533
2010-09-20 16:48:00.000000167,29.569834
2010-09-20 16:48:00.00000065,6.446022
2010-09-20 16:48:00.000000157,39.536266
2010-09-20 16:48:00.00000045,11.542752
2010-09-20 16:48:00.00000054,9.221103
2010-09-20 16:48:00.00000076,7.3766255
2010-09-20 16:48:00.000000125,14.575346
2010-09-20 16:48:00.00000031,13.894174
2010-09-20 16:48:00.000000105,7.180214
2010-09-20 16:48:00.00000017,9.003391
2010-09-20 16:48:00.000000127,6.4553328
2010-09-20 16:48:00.000000149,41.78114
2010-09-20 16:48:00.00000039,29.18101
2010-09-20 16:48:00.00000095,38.80807
2010-09-20 16:48:00.00000062,8.924943
2010-09-20 16:48:00.00000029,9.671024
2010-09-20 16:48:00.000000155,28.829184
2010-09-20 16:48:00.000000123,7.9366393
2010-09-20 16:48:00.00000020,8.865206
2010-09-20 16:48:00.0000003,9.754169
2010-09-20 16:48:00.000000102,6.957522
2010-09-20 16:48:00.00000096,9.150622
2010-09-20 16:48:00.00000087,9.229154
2010-09-20 16:48:00.00000063,28.67554
2010-09-20 16:48:00.00000078,10.383515
2010-09-20 16:48:00.00000049,5.6920147
2010-09-20 16:48:00.000000115,12.546468
2010-09-20 16:48:00.00000080,9.652779
2010-09-20 16:48:00.00000046,17.490751
2010-09-20 16:48:00.00000048,9.23569
2010-09-20 16:48:00.00000033,25.14743
2010-09-20 16:48:00.000000136,7.7147694
2010-09-20 16:48:00.00000032,15.940176
2010-09-20 16:48:00.00000082,15.705923
2010-09-20 16:48:00.00000091,11.694943
2010-09-20 16:48:00.00000051,35.9365
2010-09-20 16:48:00.000000107,9.81928
2010-09-20 16:48:00.000000150,7.1340404
2010-09-20 16:48:00.00000070,7.8161144
2010-09-20 16:48:00.000000165,30.132215
2010-09-20 16:48:00.00000097,28.333374
2010-09-20 16:48:00.00000075,8.270293
2010-09-20 16:48:00.000000164,12.748414
2010-09-20 16:48:00.000000162,5.6230564
2010-09-20 16:48:00.00000026,7.0085096
2010-09-20 16:48:00.000000126,9.341036
2010-09-20 16:48:00.00000077,13.75054
2010-09-20 16:48:00.000000138,6.5427303
2010-09-20 16:48:00.000000118,18.23524
2010-09-20 16:48:00.00000011,11.672002
2010-09-20 16:48:00.00000073,16.912107
2010-09-20 16:48:00.000000120,9.816518
2010-09-20 16:48:00.00000034,28.452503
2010-09-20 16:48:00.00000057,9.3621235
2010-09-20 16:48:00.00000044,13.7775
2010-09-20 16:48:00.00000079,9.558711
2010-09-20 16:48:00.00000013,12.762792
2010-09-20 16:48:00.00000060,7.9616256
2010-09-20 16:48:00.00000098,18.384207
2010-09-20 16:48:00.00000022,6.726158
2010-09-20 16:48:00.00000043,12.578817
2010-09-20 16:48:00.000000130,6.451065
2010-09-20 16:48:00.00000094,12.555615
2010-09-20 16:48:00.000000153,11.465031
2010-09-20 16:48:00.0000009,15.171891
2010-09-20 16:48:00.000000119,7.86936
2010-09-20 16:48:00.00000089,8.990797
2010-09-20 16:48:00.00000053,12.115571
2010-09-20 16:48:00.00000014,10.710503
2010-09-20 16:48:00.00000093,13.971221
2010-09-20 16:48:00.000000144,8.122032
2010-09-20 16:48:00.00000030,17.844809
2010-09-20 16:48:00.000000147,27.559416
2010-09-20 16:48:00.000000108,15.322376
2010-09-20 16:48:00.00000064,8.77492
2010-09-20 16:48:00.00000010,10.91503
2010-09-20 16:48:00.00000042,10.772877
2012-04-01 22:22:28.0000001,7.042896
2012-03-05 09:19:32.0000001,6.8931384
2012-03-05 09:19:32.0000002,5.843152
2012-03-05 09:19:32.0000005,32.44152
2012-03-05 09:19:32.0000003,10.696588
2012-03-05 09:19:32.0000004,5.328648
2012-08-20 14:47:36.0000003,6.931567
2012-08-20 14:47:36.0000004,38.643787
2011-12-01 01:36:08.0000002,5.107439
2013-06-21 11:33:28.0000002,7.303969
2013-06-21 11:33:28.0000004,8.242129
2013-06-21 11:33:28.0000001,6.0338793
2013-06-21 11:33:28.0000003,16.28248
2013-04-10 11:33:28.0000001,18.24169
2013-04-10 11:33:28.0000002,11.784006
2014-03-29 14:59:28.0000003,4.918724
2014-03-29 14:59:28.0000002,7.9823766
2010-04-05 06:01:24.0000001,5.147184
2014-12-01 00:12:44.0000001,25.900848
2012-08-01 18:54:24.0000001,8.931207
2012-08-01 18:54:24.0000002,6.1743565
2012-08-01 18:54:24.0000003,6.447578
2013-07-13 18:28:20.0000005,8.016973
2013-07-13 18:28:20.0000001,5.693421
2013-07-13 18:28:20.0000002,9.679446
2013-07-13 18:28:20.0000004,7.96371
2014-03-06 04:23:32.0000001,9.529379
2014-10-07 19:04:08.0000002,9.799851
2014-10-07 19:04:08.0000005,10.043953
2014-10-07 19:04:08.0000006,12.084211
2014-10-07 19:04:08.0000004,6.171428
2013-08-21 09:32:24.0000002,12.308154
2013-08-21 09:32:24.0000004,13.038281
2013-08-21 09:32:24.0000003,8.273942
2015-01-26 07:13:44.0000006,8.961351
2015-01-26 07:13:44.0000002,8.99593
2015-01-26 07:13:44.0000004,8.363895
2015-01-26 07:13:44.0000003,11.509944
2009-03-16 09:55:24.0000003,6.552023
2009-03-16 09:55:24.0000005,5.3316655
2009-03-16 09:55:24.0000004,9.804842
2009-03-16 09:55:24.0000006,6.3198733
2009-03-16 09:55:24.0000002,4.723084
2011-03-06 21:01:00.000000150,5.2488217
2011-03-06 21:01:00.00000026,4.0175643
2011-03-06 21:01:00.000000148,5.2499104
2011-03-06 21:01:00.00000088,5.1299877
2011-03-06 21:01:00.00000098,4.965536
2011-03-06 21:01:00.00000054,12.244799
2011-03-06 21:01:00.000000101,10.209379
2011-03-06 21:01:00.000000175,6.8721504
2011-03-06 21:01:00.00000029,8.55763
2011-03-06 21:01:00.000000106,3.6419156
2011-03-06 21:01:00.00000099,5.481668
2011-03-06 21:01:00.000000158,9.365326
2011-03-06 21:01:00.000000130,6.240603
2011-03-06 21:01:00.00000027,4.57062
2011-03-06 21:01:00.00000032,18.420477
2011-03-06 21:01:00.000000111,13.34574
2011-03-06 21:01:00.00000024,12.330571
2011-03-06 21:01:00.000000118,9.562835
2011-03-06 21:01:00.00000016,7.847003
2011-03-06 21:01:00.00000066,9.671048
2011-03-06 21:01:00.000000133,12.301547
2011-03-06 21:01:00.00000070,4.7687583
2011-03-06 21:01:00.000000104,5.1032124
2011-03-06 21:01:00.00000076,7.7417655
2011-03-06 21:01:00.000000141,6.7074018
2011-03-06 21:01:00.000000145,5.3388133
2011-03-06 21:01:00.000000143,6.1785946
2011-03-06 21:01:00.00000092,5.7940063
2011-03-06 21:01:00.00000080,5.3941627
2011-03-06 21:01:00.00000015,26.405735
2011-03-06 21:01:00.000000153,16.258144
2011-03-06 21:01:00.00000093,11.659434
2011-03-06 21:01:00.000000162,25.61105
2011-03-06 21:01:00.00000062,7.4568205
2011-03-06 21:01:00.000000129,14.242575
2011-03-06 21:01:00.000000107,17.091032
2011-03-06 21:01:00.00000045,4.880698
2011-03-06 21:01:00.000000115,11.46954
2011-03-06 21:01:00.0000002,3.8045595
2011-03-06 21:01:00.00000044,8.288334
2011-03-06 21:01:00.000000167,6.496449
2011-03-06 21:01:00.000000169,4.31296
2011-03-06 21:01:00.00000067,42.858784
2011-03-06 21:01:00.0000007,6.3532662
2011-03-06 21:01:00.000000135,46.29781
2011-03-06 21:01:00.000000128,10.826051
2011-03-06 21:01:00.0000004,6.7595725
2011-03-06 21:01:00.00000010,7.630562
2011-03-06 21:01:00.000000151,11.561018
2011-03-06 21:01:00.00000055,9.316758
2011-03-06 21:01:00.00000095,7.2166653
2011-03-06 21:01:00.000000102,8.90248
2011-03-06 21:01:00.00000034,6.803161
2011-03-06 21:01:00.000000108,4.157628
2011-03-06 21:01:00.00000012,4.1178713
2011-03-06 21:01:00.00000085,3.880782
2011-03-06 21:01:00.0000001,11.309045
2011-03-06 21:01:00.00000035,4.8837314
2011-03-06 21:01:00.00000097,12.555958
2011-03-06 21:01:00.000000105,6.932455
2011-03-06 21:01:00.00000020,10.671967
2011-03-06 21:01:00.000000114,4.6732235
2011-03-06 21:01:00.00000038,4.0811486
2011-03-06 21:01:00.0000006,8.953253
2011-03-06 21:01:00.00000086,7.2038665
2011-03-06 21:01:00.00000049,6.0059304
2011-03-06 21:01:00.000000147,6.275938
2011-03-06 21:01:00.00000040,4.845703
2011-03-06 21:01:00.00000064,5.8043537
2011-03-06 21:01:00.00000061,11.902042
2011-03-06 21:01:00.0000005,7.5830884
2011-03-06 21:01:00.0000009,5.648478
2011-03-06 21:01:00.00000042,4.2357907
2011-03-06 21:01:00.00000022,26.70976
2011-03-06 21:01:00.00000021,16.158293
2011-03-06 21:01:00.00000094,5.0358667
2011-03-06 21:01:00.000000156,7.6734476
2011-03-06 21:01:00.00000072,5.60637
2011-03-06 21:01:00.00000031,12.107844
2011-03-06 21:01:00.00000089,5.8657165
2011-03-06 21:01:00.00000023,10.22956
2011-03-06 21:01:00.00000046,3.9284577
2011-03-06 21:01:00.00000087,5.7164464
2011-03-06 21:01:00.00000053,12.098176
2011-03-06 21:01:00.0000008,4.2182016
2011-03-06 21:01:00.000000157,4.706984
2011-03-06 21:01:00.00000077,12.349349
2011-03-06 21:01:00.00000073,10.315657
2011-03-06 21:01:00.00000047,3.9970777
2011-03-06 21:01:00.000000172,6.081298
2011-03-06 21:01:00.00000084,8.829296
2011-03-06 21:01:00.000000122,15.404334
2011-03-06 21:01:00.000000154,15.735468
2011-03-06 21:01:00.000000136,10.229337
2011-03-06 21:01:00.00000075,3.6198523
2011-03-06 21:01:00.00000014,5.3819613
2009-09-04 20:52:28.0000002,6.303328
2009-09-04 20:52:28.0000003,5.3215575
2009-09-04 20:52:28.0000004,5.8838987
2009-09-04 20:52:28.0000001,4.332607
2013-09-25 05:52:12.0000002,10.835274
2013-09-25 05:52:12.0000001,34.02449
2010-04-16 10:32:24.0000002,7.121709
2010-04-16 10:32:24.0000001,32.97515
2011-10-12 07:24:40.0000001,9.057856
2011-10-12 07:24:40.0000003,7.8485365
2011-10-12 07:24:40.0000002,25.488392
2010-06-13 13:34:56.0000001,7.237222
2011-11-20 02:39:04.0000002,18.784657
2011-11-20 02:39:04.0000001,4.89352
2010-12-13 06:42:16.0000002,4.213174
2010-12-13 06:42:16.0000001,10.099463
2009-11-24 08:58:48.0000003,8.10677
2009-11-24 08:58:48.0000001,3.810666
2009-11-24 08:58:48.0000006,7.9921217
2009-11-24 08:58:48.0000002,8.67771
2009-11-24 08:58:48.0000005,8.230738
2009-11-24 08:58:48.0000007,9.176651
2014-09-22 07:14:16.0000002,14.756088
2011-05-30 09:32:56.0000001,7.38597
2012-09-21 05:41:36.0000001,8.237801
2010-11-22 19:30:04.0000002,8.410874
2010-11-22 19:30:04.0000001,9.891162
2010-10-05 02:09:00.0000005,5.890484
2010-10-05 02:09:00.0000006,21.025442
2010-10-05 02:09:00.0000007,11.130366
2010-10-05 02:09:00.00000018,22.354088
2010-10-05 02:09:00.00000011,21.879993
2010-10-05 02:09:00.00000023,10.740638
2010-10-05 02:09:00.00000012,9.640187
2010-10-05 02:09:00.00000022,4.789918
2010-10-05 02:09:00.00000013,18.160435
2010-10-05 02:09:00.0000003,21.389347
2010-10-05 02:09:00.00000010,4.379092
2010-10-05 02:09:00.0000001,7.6718297
2010-10-05 02:09:00.00000021,5.5514555
2010-10-05 02:09:00.0000008,12.501135
2010-10-05 02:09:00.00000027,6.397011
2010-10-05 02:09:00.0000002,18.282684
2010-10-05 02:09:00.00000015,5.4913845
2014-08-23 16:30:24.0000002,9.1976595
2014-08-23 16:30:24.0000001,6.797305
2012-03-15 08:17:36.0000001,8.780396
2012-03-15 08:17:36.0000002,4.760369
2012-03-15 08:17:36.0000005,18.711977
2012-03-15 08:17:36.0000004,19.161646
2012-03-15 08:17:36.0000003,5.4254794
2013-10-04 02:53:20.0000001,6.2277427
2013-10-04 02:53:20.0000002,11.769118
2009-03-28 15:09:20.0000001,8.629043
2009-03-28 15:09:20.0000003,15.712081
2009-03-28 15:09:20.0000002,16.587969
2012-01-25 22:43:44.0000003,12.108675
2012-01-25 22:43:44.0000004,9.14444
2012-01-25 22:43:44.0000002,4.7941313
2012-01-25 22:43:44.0000001,15.325962
2011-07-21 07:51:32.0000002,5.6606517
2011-07-21 07:51:32.0000003,11.0733185
2011-07-21 07:51:32.0000001,5.397199
2010-12-01 22:04:52.0000001,8.048654
2013-06-23 02:54:32.0000003,7.4948425
2013-06-23 02:54:32.0000002,6.076405
2014-03-24 22:36:24.0000004,9.079336
2014-03-24 22:36:24.0000002,8.515009
2014-03-24 22:36:24.0000001,4.9720182
2014-03-24 22:36:24.0000003,7.845924
2013-09-13 01:54:20.0000001,6.7584977
2013-10-14 18:30:36.0000003,15.5503235
2013-10-14 18:30:36.0000002,7.955495
2013-10-14 18:30:36.0000004,15.072193
2013-10-14 18:30:36.0000001,4.7199388
2013-11-18 15:07:28.0000006,9.532562
2013-11-18 15:07:28.0000004,55.736008
2013-11-18 15:07:28.0000001,6.23807
2013-11-18 15:07:28.0000005,6.9104066
2013-11-18 15:07:28.0000002,7.243164
2011-02-20 23:35:12.0000001,6.57681
2011-02-20 23:35:12.0000004,10.107891
2011-02-20 23:35:12.0000005,20.165255
2011-02-20 23:35:12.0000003,12.1762705
2011-02-20 23:35:12.0000002,13.704805
2010-02-06 19:59:16.0000001,10.561859
2012-03-10 02:36:04.0000003,8.0614605
2012-03-10 02:36:04.0000002,11.928282
2012-03-10 02:36:04.0000001,6.4603677
2014-04-13 17:35:52.0000002,7.2627316
2010-04-04 21:59:56.0000002,7.3368945
2010-04-04 21:59:56.0000001,12.50926
2010-04-04 21:59:56.0000003,9.13873
2010-04-04 21:59:56.0000004,5.3183007
2013-03-23 04:51:12.0000001,15.061836
2010-06-29 00:22:24.0000002,48.564835
2010-06-29 00:22:24.0000001,4.4739876
2011-10-17 12:37:56.0000002,5.578558
2011-10-17 12:37:56.0000001,6.6758995
2012-01-30 19:07:52.0000003,10.240827
2012-01-30 19:07:52.0000002,7.464355
2012-01-30 19:07:52.0000004,10.11811
2012-01-30 19:07:52.0000001,5.914189
2012-01-30 19:07:52.0000005,9.950572
2011-05-30 01:44:40.0000001,8.920317
2011-05-30 01:44:40.0000002,6.305763
2011-02-08 01:04:08.0000001,7.592989
2012-05-23 16:25:16.0000002,6.52906
2011-09-20 18:02:28.0000001,8.577304
2009-10-08 10:04:36.0000001,33.260075
2009-10-08 10:04:36.0000003,10.273636
2009-10-08 10:04:36.0000002,25.688183
2010-07-02 22:03:04.0000002,12.447735
2010-07-02 22:03:04.0000001,11.293082
2012-05-03 14:11:36.0000002,6.271508
2012-05-03 14:11:36.0000005,10.2639475
2012-05-03 14:11:36.0000004,30.672134
2012-05-03 14:11:36.0000003,15.025085
2012-05-03 14:11:36.0000001,6.2732396
2013-04-04 16:31:56.0000001,16.631897
2013-04-04 16:31:56.0000002,8.331057
2009-12-02 15:59:56.0000001,32.298717
2009-12-02 15:59:56.0000002,6.5762815
2010-01-03 02:03:40.0000002,6.8793716
2010-01-03 02:03:40.0000003,5.6183476
2011-08-21 10:54:24.0000003,6.738695
2011-08-21 10:54:24.0000002,62.94665
2011-08-21 10:54:24.0000001,13.32532
2011-01-30 14:38:24.0000003,6.5462213
2011-01-30 14:38:24.0000002,14.482655
2011-04-16 21:23:16.0000004,17.940819
2011-04-16 21:23:16.0000002,10.700418
2011-04-16 21:23:16.0000006,4.5156107
2013-10-05 19:51:04.0000006,7.471884
2013-10-05 19:51:04.0000005,14.180474
2013-10-05 19:51:04.0000003,17.255215
2013-10-05 19:51:04.0000002,14.995197
2014-10-31 08:17:44.0000002,8.969581
2014-10-31 08:17:44.0000004,9.229772
2014-10-31 08:17:44.0000005,8.684894
2014-10-31 08:17:44.0000001,8.773908
2014-10-31 08:17:44.0000003,21.916073
2009-05-31 21:24:56.0000001,12.632704
2014-06-04 01:50:40.0000001,14.4866905
2009-07-14 17:59:12.0000001,5.9936037
2009-07-14 17:59:12.0000003,5.208145
2012-12-05 16:33:52.0000002,16.827986
2012-12-05 16:33:52.0000001,40.984993
2009-12-18 12:37:04.0000005,8.170919
2009-12-18 12:37:04.0000001,9.876728
2009-12-18 12:37:04.0000006,11.36086
2009-12-18 12:37:04.0000004,9.674523
2009-12-18 12:37:04.0000007,10.766148
2009-12-18 12:37:04.0000002,10.14111
2012-11-21 15:12:48.0000001,6.6166506
2011-05-03 07:01:40.0000001,13.019559
2011-05-03 07:01:40.0000002,5.0618224
2011-05-03 07:01:40.0000003,5.4863415
2010-09-21 06:27:32.0000002,19.10487
2010-09-21 06:27:32.0000001,8.544749
2011-10-07 22:08:20.0000003,4.531001
2011-10-07 22:08:20.0000006,9.736281
2009-02-08 08:48:20.0000001,3.591376
2013-09-24 21:16:40.0000006,9.063665
2013-09-24 21:16:40.0000003,9.845277
2013-09-24 21:16:40.0000001,10.816665
2013-09-24 21:16:40.0000007,12.870617
2013-09-24 21:16:40.0000002,13.595339
2013-09-24 21:16:40.0000004,11.288931
2012-03-14 19:10:48.0000005,12.835024
2012-03-14 19:10:48.0000008,5.239756
2012-03-14 19:10:48.0000002,10.008043
2012-03-14 19:10:48.0000004,6.4237785
2012-03-14 19:10:48.0000001,6.295977
2012-03-14 19:10:48.0000009,7.710268
2012-03-14 19:10:48.0000006,11.742457
2009-11-12 11:01:20.0000001,6.8990283
2009-11-12 11:01:20.0000002,4.302346
2009-06-21 04:28:48.0000002,14.130693
2009-06-21 04:28:48.0000003,12.58794
2014-01-25 12:36:52.0000002,9.085901
2014-01-25 12:36:52.0000001,8.698568
2012-12-27 13:23:48.0000001,11.231724
2011-06-28 16:09:44.0000001,6.147614
2010-12-01 08:35:20.0000001,9.81561
2012-11-19 12:40:40.0000005,6.364503
2012-11-19 12:40:40.0000001,6.224814
2012-11-19 12:40:40.0000002,7.9895587
2012-11-19 12:40:40.0000003,12.226941
2012-11-19 12:40:40.0000004,46.882523
2009-07-13 17:58:04.0000001,10.249447
2009-07-13 17:58:04.0000003,6.258679
2009-07-13 17:58:04.0000002,8.067239
2011-06-25 11:42:36.0000003,4.727801
2011-06-25 11:42:36.0000002,25.339619
2012-01-26 07:33:00.000000128,11.690687
2012-01-26 07:33:00.00000032,8.395411
2012-01-26 07:33:00.000000163,5.693596
2012-01-26 07:33:00.000000155,7.2020087
2012-01-26 07:33:00.000000153,8.364307
2012-01-26 07:33:00.00000049,5.3898315
2012-01-26 07:33:00.00000095,4.580823
2012-01-26 07:33:00.000000158,16.395971
2012-01-26 07:33:00.00000050,6.754932
2012-01-26 07:33:00.00000015,6.8479977
2012-01-26 07:33:00.00000062,8.560779
2012-01-26 07:33:00.00000037,15.213161
2012-01-26 07:33:00.00000069,12.62528
2012-01-26 07:33:00.000000142,4.5813093
2012-01-26 07:33:00.000000150,5.0694737
2012-01-26 07:33:00.000000147,7.681186
2012-01-26 07:33:00.000000125,6.8573527
2012-01-26 07:33:00.000000124,28.906359
2012-01-26 07:33:00.000000129,5.901943
2012-01-26 07:33:00.00000033,10.507638
2012-01-26 07:33:00.0000004,31.695478
2012-01-26 07:33:00.00000029,9.24433
2012-01-26 07:33:00.000000113,5.5489473
2012-01-26 07:33:00.00000017,11.582803
2012-01-26 07:33:00.00000067,9.828117
2012-01-26 07:33:00.000000141,30.429953
2012-01-26 07:33:00.00000036,12.169283
2012-01-26 07:33:00.000000162,20.050346
2012-01-26 07:33:00.000000118,9.50523
2012-01-26 07:33:00.000000154,25.119402
2012-01-26 07:33:00.000000143,9.343801
2012-01-26 07:33:00.00000083,7.9863563
2012-01-26 07:33:00.000000191,7.552547
2012-01-26 07:33:00.000000140,10.274121
2012-01-26 07:33:00.00000086,4.710646
2012-01-26 07:33:00.0000002,8.964148
2012-01-26 07:33:00.000000170,6.159094
2012-01-26 07:33:00.00000010,6.4721603
2012-01-26 07:33:00.00000053,6.7474957
2012-01-26 07:33:00.000000102,11.604746
2012-01-26 07:33:00.00000055,5.6820464
2012-01-26 07:33:00.0000007,8.559121
2012-01-26 07:33:00.00000013,6.0553412
2012-01-26 07:33:00.000000165,31.259663
2012-01-26 07:33:00.00000026,3.8701835
2012-01-26 07:33:00.000000137,5.681957
2012-01-26 07:33:00.00000048,9.835048
2012-01-26 07:33:00.00000059,9.850485
2012-01-26 07:33:00.000000132,7.731139
2012-01-26 07:33:00.00000096,11.949193
2012-01-26 07:33:00.000000190,4.1457233
2012-01-26 07:33:00.000000156,7.8882275
2012-01-26 07:33:00.00000075,8.043307
2012-01-26 07:33:00.00000084,6.012164
2012-01-26 07:33:00.0000006,4.7300134
2012-01-26 07:33:00.00000021,6.478525
2012-01-26 07:33:00.0000001,13.241448
2012-01-26 07:33:00.0000005,4.6654224
2012-01-26 07:33:00.00000034,5.509804
2012-01-26 07:33:00.000000117,4.176346
2012-01-26 07:33:00.000000106,10.313377
2012-01-26 07:33:00.00000077,7.8442388
2012-01-26 07:33:00.00000045,4.7823663
2012-01-26 07:33:00.000000116,11.190976
2012-01-26 07:33:00.0000009,24.337229
2012-01-26 07:33:00.000000146,4.4449363
2012-01-26 07:33:00.00000027,21.578953
2012-01-26 07:33:00.000000127,7.254915
2012-01-26 07:33:00.000000172,4.9640784
2012-01-26 07:33:00.00000074,4.1593165
2012-01-26 07:33:00.00000014,19.712065
2012-01-26 07:33:00.000000108,8.120587
2012-01-26 07:33:00.000000109,15.441889
2012-01-26 07:33:00.000000152,6.2944
2012-01-26 07:33:00.00000047,5.9073896
2012-01-26 07:33:00.000000192,9.93926
2012-01-26 07:33:00.00000054,5.775041
2012-01-26 07:33:00.000000185,4.7534595
2012-01-26 07:33:00.000000187,8.882696
2012-01-26 07:33:00.00000060,10.451023
2012-01-26 07:33:00.000000130,7.315135
2012-01-26 07:33:00.00000046,9.925093
2012-01-26 07:33:00.000000182,7.0651546
2012-01-26 07:33:00.000000177,12.035826
2012-01-26 07:33:00.000000135,26.5921
2012-01-26 07:33:00.00000063,4.739368
2012-01-26 07:33:00.00000079,5.9994845
2012-01-26 07:33:00.000000169,8.202571
2012-01-26 07:33:00.00000094,8.884754
2012-01-26 07:33:00.000000176,10.761097
2012-01-26 07:33:00.00000061,4.316643
2012-01-26 07:33:00.000000188,4.3091245
2012-01-26 07:33:00.000000174,12.864313
2012-01-26 07:33:00.000000126,6.8952694
2012-01-26 07:33:00.000000139,31.74998
2012-01-26 07:33:00.000000184,4.846628
2012-01-26 07:33:00.000000107,4.1697793
2012-01-26 07:33:00.00000038,4.9268646
2012-01-26 07:33:00.000000134,3.9180834
2012-01-26 07:33:00.00000058,20.774805
2012-01-26 07:33:00.00000078,4.1347885
2012-01-26 07:33:00.00000019,4.303119
2012-01-26 07:33:00.000000111,8.73505
2012-01-26 07:33:00.000000178,20.551996
2012-01-26 07:33:00.0000003,9.461
2012-01-26 07:33:00.00000052,12.779321
2012-01-26 07:33:00.00000040,10.454669
2012-01-26 07:33:00.000000148,10.9085245
2012-01-26 07:33:00.00000066,12.643666
2012-01-26 07:33:00.00000041,5.47256
2012-01-26 07:33:00.00000070,8.706224
2012-01-26 07:33:00.000000157,29.597816
2012-01-26 07:33:00.000000179,7.6541653
2012-01-26 07:33:00.000000112,17.21767
2012-01-26 07:33:00.00000073,6.573487
2012-01-26 07:33:00.000000138,18.033012
2012-01-26 07:33:00.00000092,11.19477
2012-01-26 07:33:00.000000164,18.09268
2012-01-26 07:33:00.000000123,7.629748
2012-01-26 07:33:00.00000043,4.6433845
2012-01-26 07:33:00.00000093,5.039623
2012-01-26 07:33:00.00000016,32.077896
2012-01-26 07:33:00.000000144,7.5909443
2012-01-26 07:33:00.00000042,6.37185
2012-01-26 07:33:00.00000011,9.008602
2012-01-26 07:33:00.00000035,9.669775
2012-01-26 07:33:00.00000098,7.0572634
2012-01-26 07:33:00.000000149,21.541637
2012-01-26 07:33:00.000000110,4.3728514
2012-01-26 07:33:00.000000159,10.787687
2015-03-20 23:34:40.0000007,7.6578045
2015-03-20 23:34:40.0000002,25.65209
2015-03-20 23:34:40.0000006,5.001484
2013-12-14 03:20:48.0000001,29.99118
2013-12-14 03:20:48.0000002,4.7120285
2014-04-14 07:03:52.0000001,8.2382145
2014-04-14 07:03:52.0000002,11.753279
2015-05-21 07:08:08.0000002,7.5058184
2011-08-30 16:48:24.0000003,7.506166
2011-08-30 16:48:24.0000002,11.190231
2011-08-30 16:48:24.0000001,7.3951325
2010-12-09 07:29:00.000000189,4.744899
2010-12-09 07:29:00.00000027,16.514233
2010-12-09 07:29:00.000000184,10.690548
2010-12-09 07:29:00.00000030,4.4534435
2010-12-09 07:29:00.00000011,4.65695
2010-12-09 07:29:00.00000065,7.561652
2010-12-09 07:29:00.00000063,7.2465734
2010-12-09 07:29:00.000000133,15.543864
2010-12-09 07:29:00.00000054,7.109128
2010-12-09 07:29:00.00000021,12.170604
2010-12-09 07:29:00.000000162,5.725891
2010-12-09 07:29:00.000000144,8.9761505
2010-12-09 07:29:00.000000116,9.154853
2010-12-09 07:29:00.000000142,4.7977543
2010-12-09 07:29:00.000000113,10.4865885
2010-12-09 07:29:00.000000105,11.024416
2010-12-09 07:29:00.00000047,5.153483
2010-12-09 07:29:00.0000008,6.7286305
2010-12-09 07:29:00.00000099,4.036687
2010-12-09 07:29:00.00000048,5.8185596
2010-12-09 07:29:00.00000076,11.971187
2010-12-09 07:29:00.000000174,15.658041
2010-12-09 07:29:00.000000130,20.661076
2010-12-09 07:29:00.000000177,7.457551
2010-12-09 07:29:00.00000088,6.9675617
2010-12-09 07:29:00.00000091,6.502791
2010-12-09 07:29:00.00000072,3.9970562
2010-12-09 07:29:00.00000014,8.366552
2010-12-09 07:29:00.000000157,6.589587
2010-12-09 07:29:00.000000109,11.961578
2010-12-09 07:29:00.00000016,7.0522275
2010-12-09 07:29:00.00000023,5.796757
2010-12-09 07:29:00.000000118,7.1657667
2010-12-09 07:29:00.00000017,6.3213277
2010-12-09 07:29:00.00000032,9.381939
2010-12-09 07:29:00.000000188,9.244867
2010-12-09 07:29:00.00000040,6.2307506
2010-12-09 07:29:00.00000037,9.584955
2010-12-09 07:29:00.000000128,7.6394444
2010-12-09 07:29:00.00000057,6.522294
2010-12-09 07:29:00.000000125,8.588458
2010-12-09 07:29:00.000000159,6.922914
2010-12-09 07:29:00.00000018,5.76198
2010-12-09 07:29:00.000000107,5.668565
2010-12-09 07:29:00.00000051,16.601643
2010-12-09 07:29:00.00000042,7.3995533
2010-12-09 07:29:00.00000059,6.80954
2010-12-09 07:29:00.00000075,5.2636857
2010-12-09 07:29:00.00000035,7.3956847
2010-12-09 07:29:00.00000029,6.5464587
2010-12-09 07:29:00.00000045,7.728405
2010-12-09 07:29:00.00000055,5.410679
2010-12-09 07:29:00.000000140,8.696338
2010-12-09 07:29:00.00000060,8.519645
2010-12-09 07:29:00.000000185,11.899023
2010-12-09 07:29:00.000000120,4.9630876
2010-12-09 07:29:00.000000104,6.36061
2010-12-09 07:29:00.000000191,5.1014752
2010-12-09 07:29:00.000000106,4.921664
2010-12-09 07:29:00.00000039,5.710842
2010-12-09 07:29:00.000000132,4.282718
2010-12-09 07:29:00.00000019,6.981151
2010-12-09 07:29:00.000000166,4.127789
2010-12-09 07:29:00.000000111,6.644586
2010-12-09 07:29:00.00000013,5.341969
2010-12-09 07:29:00.000000138,5.935647
2010-12-09 07:29:00.00000085,32.56799
2010-12-09 07:29:00.000000169,5.6040535
2010-12-09 07:29:00.000000153,12.168408
2010-12-09 07:29:00.00000033,47.548313
2010-12-09 07:29:00.000000173,9.254182
2010-12-09 07:29:00.00000077,5.6009746
2010-12-09 07:29:00.000000190,4.035523
2010-12-09 07:29:00.000000137,4.8088713
2010-12-09 07:29:00.0000009,7.67765
2010-12-09 07:29:00.000000155,8.598475
2010-12-09 07:29:00.0000004,16.261127
2010-12-09 07:29:00.000000119,5.3680544
2010-12-09 07:29:00.000000100,7.110924
2010-12-09 07:29:00.00000024,5.0590153
2010-12-09 07:29:00.00000096,13.312947
2010-12-09 07:29:00.000000170,7.70529
2010-12-09 07:29:00.000000131,6.6104517
2010-12-09 07:29:00.00000022,11.769324
2010-12-09 07:29:00.00000053,6.3002467
2010-12-09 07:29:00.000000165,58.336586
2010-12-09 07:29:00.000000114,8.263147
2010-12-09 07:29:00.00000074,9.1494465
2010-12-09 07:29:00.00000070,6.6276073
2010-12-09 07:29:00.000000167,4.1726127
2010-12-09 07:29:00.000000110,5.6519647
2010-12-09 07:29:00.00000020,12.095796
2010-12-09 07:29:00.000000147,7.1588297
2010-12-09 07:29:00.000000178,27.18347
2010-12-09 07:29:00.000000146,7.1531096
2010-12-09 07:29:00.000000103,7.7016344
2010-12-09 07:29:00.000000149,10.306745
2010-12-09 07:29:00.000000182,10.432135
2010-12-09 07:29:00.000000124,7.761399
2010-12-09 07:29:00.000000154,10.559855
2010-12-09 07:29:00.000000117,7.442417
2010-12-09 07:29:00.00000034,9.51296
2010-12-09 07:29:00.00000084,9.100384
2010-12-09 07:29:00.00000064,6.2605186
2010-12-09 07:29:00.000000126,14.780991
2010-12-09 07:29:00.00000082,7.5095973
2010-12-09 07:29:00.00000092,11.527423
2010-12-09 07:29:00.00000087,5.475723
2010-12-09 07:29:00.00000095,20.073338
2010-12-09 07:29:00.000000101,8.800483
2010-12-09 07:29:00.000000122,6.8571653
2010-12-09 07:29:00.000000160,6.8499794
2010-12-09 07:29:00.000000175,8.321593
2010-12-09 07:29:00.00000043,7.8006954
2010-12-09 07:29:00.00000061,11.677947
2010-12-09 07:29:00.000000179,4.7159853
2010-12-09 07:29:00.00000049,7.7461214
2010-12-09 07:29:00.000000172,43.63107
2010-12-09 07:29:00.000000192,7.631324
2010-12-09 07:29:00.000000194,5.3283234
2010-12-09 07:29:00.00000052,9.375889
2010-12-09 07:29:00.00000058,5.7903543
2010-12-09 07:29:00.00000010,6.8247747
2010-12-09 07:29:00.000000108,5.516636
2010-12-09 07:29:00.000000129,8.62064
2010-12-09 07:29:00.000000163,7.630662
2010-12-09 07:29:00.000000161,8.264073
2010-12-09 07:29:00.000000187,5.6966095
2010-12-09 07:29:00.000000158,6.883208
2010-12-09 07:29:00.000000121,9.587529
2010-12-09 07:29:00.000000176,5.1578817
2011-09-25 13:01:20.0000005,7.3519707
2011-09-25 13:01:20.0000001,7.1634507
2011-09-25 13:01:20.0000004,8.914948
2011-09-25 13:01:20.0000006,13.054194
2011-09-25 13:01:20.0000003,5.688171
2012-09-08 04:35:16.0000001,22.020292
2012-05-08 03:50:00.00000011,23.128807
2012-05-08 03:50:00.0000002,4.7754116
2012-05-08 03:50:00.0000008,17.255726
2012-05-08 03:50:00.0000007,7.460252
2012-05-08 03:50:00.00000015,15.775977
2012-05-08 03:50:00.00000016,7.1849623
2012-05-08 03:50:00.0000003,6.2506723
2012-05-08 03:50:00.00000014,4.4703326
2012-05-08 03:50:00.0000004,15.139801
2010-10-06 21:23:24.0000003,5.747693
2010-10-06 21:23:24.0000001,7.1035366
2010-10-06 21:23:24.0000005,12.161885
2010-10-06 21:23:24.0000002,5.4092164
2010-10-06 21:23:24.0000004,6.443368
2014-05-17 02:47:12.0000002,12.777248
2009-07-31 07:30:56.0000002,4.2038403
2009-07-31 07:30:56.0000001,7.1565633
2012-03-06 07:33:04.0000002,8.405163
2009-01-29 22:15:48.0000001,10.873789
2013-03-17 12:44:04.0000001,6.2459717
2014-06-18 09:23:32.0000001,18.785202
2011-09-21 13:15:36.0000004,7.6871395
2011-09-21 13:15:36.0000003,7.1539874
2011-09-21 13:15:36.0000001,8.499431
2011-09-21 13:15:36.0000002,50.256996
2015-03-12 19:43:24.0000001,21.355112
2015-03-12 19:43:24.0000002,39.150455
2015-03-12 19:43:24.0000007,9.211234
2015-03-12 19:43:24.0000004,15.063108
2014-01-18 17:43:28.0000005,7.6983852
2014-01-18 17:43:28.0000003,6.33544
2014-01-18 17:43:28.0000002,15.881913
2014-01-18 17:43:28.0000004,13.300575
2011-04-05 01:15:44.0000001,9.676115
2011-04-05 01:15:44.0000002,9.816113
2011-09-04 01:36:36.0000002,15.476489
2010-08-09 08:53:56.0000004,9.076742
2010-08-09 08:53:56.0000006,8.086875
2010-08-09 08:53:56.0000002,10.637386
2010-08-09 08:53:56.0000003,16.5243
2010-08-09 08:53:56.0000005,9.5926695
2010-03-27 07:05:08.0000001,4.39002
2011-11-16 12:52:52.0000002,7.983002
2011-11-16 12:52:52.0000003,6.283265
2011-11-16 12:52:52.0000001,47.549862
2009-10-29 10:48:40.0000002,8.559329
2009-10-29 10:48:40.0000001,10.554261
2015-02-01 00:48:44.0000009,20.18569
2015-02-01 00:48:44.0000004,10.820261
2015-02-01 00:48:44.0000008,9.150533
2015-02-01 00:48:44.0000006,9.0243225
2015-02-01 00:48:44.0000007,13.624104
2014-04-03 02:31:08.0000001,7.3264494
2010-07-04 03:28:44.0000001,16.47847
2009-03-31 23:01:36.0000002,7.7368703
2009-03-31 23:01:36.0000001,23.203974
2009-03-31 23:01:36.0000003,12.487818
2012-02-02 00:49:56.0000002,5.7441154
2012-02-02 00:49:56.0000001,17.020842
2012-02-02 00:49:56.0000003,17.027723
2012-02-02 00:49:56.0000004,12.677748
2014-01-26 15:28:52.0000003,8.122336
2012-02-14 15:32:40.0000002,5.2339487
2012-02-14 15:32:40.0000004,5.996373
2012-02-14 15:32:40.0000001,8.576956
2012-02-14 15:32:40.0000003,8.133765
2011-12-06 11:07:40.0000001,17.226004
2011-12-06 11:07:40.0000005,6.3566585
2011-07-12 19:41:48.0000002,13.905977
2011-07-12 19:41:48.0000003,11.025435
2011-07-12 19:41:48.0000004,7.415542
2010-09-16 14:27:16.0000001,9.215391
2010-09-16 14:27:16.0000003,10.315245
2010-09-16 14:27:16.0000004,10.044796
2010-09-16 14:27:16.0000005,10.976566
2014-06-11 01:13:40.0000001,12.105301
2013-05-18 15:28:40.0000003,8.98286
2013-05-18 15:28:40.0000002,10.141363
2015-02-14 20:20:56.0000001,8.513551
2015-02-14 20:20:56.0000002,7.6894655
2015-02-14 20:20:56.0000004,5.5581913
2009-01-22 12:27:20.0000003,6.497798
2011-04-23 21:22:20.0000001,4.728682
2013-09-01 17:57:04.0000002,4.808765
2013-09-01 17:57:04.0000003,7.2050996
2013-04-22 13:19:16.0000001,20.6439
2013-04-22 13:19:16.0000002,11.428688
2013-04-22 13:19:16.0000003,6.8060904
2015-02-21 18:39:16.0000002,5.780343
2009-04-23 00:05:40.0000001,26.960333
2009-04-23 00:05:40.0000003,7.3538537
2012-05-28 05:48:40.0000001,29.420109
2010-01-03 20:04:52.0000001,16.978626
2013-03-09 21:40:52.0000003,13.018777
2013-03-09 21:40:52.0000002,8.097049
2011-04-21 08:22:32.0000001,4.0869894
2011-02-20 09:22:16.0000002,28.957483
2011-02-20 09:22:16.0000001,7.1445785
2010-07-22 09:37:12.0000003,7.7474227
2010-07-22 09:37:12.0000004,6.837869
2010-07-22 09:37:12.0000001,9.71459
2011-01-24 20:47:04.0000002,9.364731
2013-07-22 15:05:16.0000004,11.508496
2013-07-22 15:05:16.0000001,4.8357716
2013-07-22 15:05:16.0000002,22.014719
2013-07-22 15:05:16.0000003,5.313894
2013-01-23 16:22:04.0000003,12.598341
2013-01-23 16:22:04.0000002,9.476472
2013-01-23 16:22:04.0000001,9.413991
2013-01-06 12:46:36.0000001,4.4717484
2013-01-06 12:46:36.0000002,6.2527213
2012-02-13 04:52:32.0000001,47.23366
2013-02-07 08:34:24.0000001,10.341836
2013-02-07 08:34:24.0000003,10.433561
2013-02-07 08:34:24.0000004,8.456082
2013-02-07 08:34:24.0000002,14.019588
2015-02-21 17:23:28.0000005,14.218996
2015-02-21 17:23:28.0000003,8.121675
2015-02-21 17:23:28.0000002,9.314882
2015-02-21 17:23:28.0000001,8.883231
2015-02-21 17:23:28.0000006,5.1184034
2013-06-19 13:36:52.0000004,8.830804
2013-06-19 13:36:52.0000001,9.056417
2013-06-19 13:36:52.0000002,10.4390955
2013-06-19 13:36:52.0000005,40.753155
2013-06-19 13:36:52.0000003,20.446451
2015-06-26 16:04:04.0000002,5.2818794
2015-06-26 16:04:04.0000001,4.7639327
2010-06-05 07:08:36.0000001,6.3337994
2011-10-28 13:48:16.0000002,9.895926
2011-10-28 13:48:16.0000001,7.6922064
2011-10-28 13:48:16.0000003,6.3104963
2012-09-29 02:53:20.0000001,10.958244
2011-08-06 12:59:12.0000001,15.11717
2012-11-19 22:15:32.0000002,28.813158
2013-11-29 20:09:12.0000002,9.510859
2012-05-31 17:54:48.0000003,11.690583
2012-05-31 17:54:48.0000002,11.166458
2012-05-31 17:54:48.0000001,4.7518907
2012-05-31 17:54:48.0000004,7.4138627
2012-04-20 08:03:52.0000001,12.225924
2012-04-20 08:03:52.0000002,8.904804
2012-04-20 08:03:52.0000003,8.635898
2009-01-26 18:26:48.0000001,7.4398546
2009-01-26 18:26:48.0000003,5.9284663
2009-01-26 18:26:48.0000004,10.903005
2009-01-26 18:26:48.0000002,7.708782
2011-10-20 00:50:48.0000003,14.88785
2011-10-20 00:50:48.0000002,4.861739
2011-10-20 00:50:48.0000001,4.7986784
2011-06-03 11:45:16.0000002,10.807185
2011-06-03 11:45:16.0000004,9.061069
2011-06-03 11:45:16.0000005,5.447953
2011-06-03 11:45:16.0000001,5.4919753
2011-06-03 11:45:16.0000003,6.011577
2011-10-25 20:34:20.0000001,7.401001
2012-07-05 18:30:36.0000005,10.417245
2012-07-05 18:30:36.0000006,7.6351733
2012-07-05 18:30:36.0000003,4.9304104
2012-07-05 18:30:36.0000001,9.898933
2012-07-05 18:30:36.0000007,7.8767304
2012-07-05 18:30:36.0000002,6.6951632
2015-04-07 14:31:12.0000002,9.076834
2015-04-07 14:31:12.0000003,6.0228305
2013-08-28 00:27:36.0000002,10.689872
2013-08-28 00:27:36.0000001,6.959156
2012-11-20 21:54:00.00000037,6.730431
2012-11-20 21:54:00.00000081,12.818065
2012-11-20 21:54:00.000000210,9.631292
2012-11-20 21:54:00.00000050,5.1998267
2012-11-20 21:54:00.000000175,52.873142
2012-11-20 21:54:00.000000208,5.9353
2012-11-20 21:54:00.000000198,5.730488
2012-11-20 21:54:00.000000185,7.612263
2012-11-20 21:54:00.00000028,11.228525
2012-11-20 21:54:00.000000134,7.615348
2012-11-20 21:54:00.00000091,5.466086
2012-11-20 21:54:00.00000033,4.618592
2012-11-20 21:54:00.00000082,6.8245697
2012-11-20 21:54:00.000000142,28.237755
2012-11-20 21:54:00.000000180,29.573254
2012-11-20 21:54:00.00000093,16.333473
2012-11-20 21:54:00.000000159,5.1962113
2012-11-20 21:54:00.000000165,7.7399993
2012-11-20 21:54:00.000000235,6.634416
2012-11-20 21:54:00.00000089,5.1935425
2012-11-20 21:54:00.000000168,18.1172
2012-11-20 21:54:00.000000224,5.7188044
2012-11-20 21:54:00.000000158,6.517612
2012-11-20 21:54:00.000000212,54.59019
2012-11-20 21:54:00.000000147,35.67571
2012-11-20 21:54:00.000000140,13.086157
2012-11-20 21:54:00.00000018,16.611557
2012-11-20 21:54:00.000000124,5.713338
2012-11-20 21:54:00.000000181,6.0940514
2012-11-20 21:54:00.000000187,12.114729
2012-11-20 21:54:00.00000058,20.113869
2012-11-20 21:54:00.000000151,20.57038
2012-11-20 21:54:00.000000126,6.949941
2012-11-20 21:54:00.00000099,13.393088
2012-11-20 21:54:00.000000120,8.807555
2012-11-20 21:54:00.0000009,5.152549
2012-11-20 21:54:00.000000206,7.0156064
2012-11-20 21:54:00.00000079,5.799011
2012-11-20 21:54:00.000000237,14.114978
2012-11-20 21:54:00.000000143,14.365472
2012-11-20 21:54:00.000000111,6.6480956
2012-11-20 21:54:00.000000106,10.005977
2012-11-20 21:54:00.000000245,5.27961
2012-11-20 21:54:00.00000032,12.32839
2012-11-20 21:54:00.00000075,7.90306
2012-11-20 21:54:00.000000244,25.511375
2012-11-20 21:54:00.00000094,4.6842003
2012-11-20 21:54:00.000000118,32.047237
2012-11-20 21:54:00.000000188,8.8066845
2012-11-20 21:54:00.00000051,19.434229
2012-11-20 21:54:00.000000109,11.879823
2012-11-20 21:54:00.0000003,7.3443046
2012-11-20 21:54:00.000000114,25.734114
2012-11-20 21:54:00.00000013,5.2913413
2012-11-20 21:54:00.000000192,6.323127
2012-11-20 21:54:00.000000228,4.482375
2012-11-20 21:54:00.000000236,9.685781
2012-11-20 21:54:00.000000178,13.692748
2012-11-20 21:54:00.00000027,11.856436
2012-11-20 21:54:00.000000176,5.3592353
2012-11-20 21:54:00.0000008,6.802323
2012-11-20 21:54:00.00000061,17.298151
2012-11-20 21:54:00.00000011,13.742547
2012-11-20 21:54:00.00000096,7.7132044
2012-11-20 21:54:00.000000231,7.7244444
2012-11-20 21:54:00.000000190,13.507377
2012-11-20 21:54:00.000000166,36.622253
2012-11-20 21:54:00.00000022,5.558307
2012-11-20 21:54:00.000000234,15.904086
2012-11-20 21:54:00.00000035,7.723698
2012-11-20 21:54:00.00000041,15.249775
2012-11-20 21:54:00.000000113,8.594318
2012-11-20 21:54:00.00000045,12.534193
2012-11-20 21:54:00.000000157,13.349179
2012-11-20 21:54:00.000000163,17.909807
2012-11-20 21:54:00.000000193,12.90636
2012-11-20 21:54:00.00000063,7.080442
2012-11-20 21:54:00.000000183,6.2836785
2012-11-20 21:54:00.000000182,16.911114
2012-11-20 21:54:00.000000117,9.409187
2012-11-20 21:54:00.000000156,17.50477
2012-11-20 21:54:00.000000220,8.00059
2012-11-20 21:54:00.000000227,7.1405497
2012-11-20 21:54:00.000000194,13.797626
2012-11-20 21:54:00.000000201,8.625728
2012-11-20 21:54:00.000000115,45.58427
2012-11-20 21:54:00.000000217,10.135354
2012-11-20 21:54:00.00000017,13.309893
2012-11-20 21:54:00.000000139,5.6987433
2012-11-20 21:54:00.00000038,11.252228
2012-11-20 21:54:00.000000107,5.422195
2012-11-20 21:54:00.000000218,18.040688
2012-11-20 21:54:00.000000214,22.100264
2012-11-20 21:54:00.000000213,12.761963
2012-11-20 21:54:00.000000215,32.965946
2012-11-20 21:54:00.000000112,9.329989
2012-11-20 21:54:00.00000067,18.372517
2012-11-20 21:54:00.00000044,14.649961
2012-11-20 21:54:00.00000029,8.284201
2012-11-20 21:54:00.000000119,14.923676
2012-11-20 21:54:00.000000203,6.955537
2012-11-20 21:54:00.000000239,5.7143507
2012-11-20 21:54:00.000000125,14.478988
2012-11-20 21:54:00.00000064,8.448363
2012-11-20 21:54:00.000000153,7.551644
2012-11-20 21:54:00.00000054,8.028452
2012-11-20 21:54:00.000000177,11.758012
2012-11-20 21:54:00.000000243,11.69245
2012-11-20 21:54:00.000000128,5.281207
2012-11-20 21:54:00.00000095,8.530889
2012-11-20 21:54:00.00000088,10.606155
2012-11-20 21:54:00.000000200,6.1814103
2012-11-20 21:54:00.00000053,6.1394024
2012-11-20 21:54:00.000000199,5.503558
2012-11-20 21:54:00.000000191,13.581561
2012-11-20 21:54:00.00000057,7.9710884
2012-11-20 21:54:00.000000145,10.069527
2012-11-20 21:54:00.00000072,9.984417
2012-11-20 21:54:00.0000001,6.4512696
2012-11-20 21:54:00.000000241,5.9143586
2012-11-20 21:54:00.000000230,9.725792
2012-11-20 21:54:00.000000146,30.51971
2012-11-20 21:54:00.000000155,9.464414
2012-11-20 21:54:00.00000046,8.84183
2012-11-20 21:54:00.000000242,28.153324
2012-11-20 21:54:00.00000060,9.275797
2012-11-20 21:54:00.000000116,7.3545723
2012-11-20 21:54:00.00000059,12.258134
2012-11-20 21:54:00.000000232,5.984835
2012-11-20 21:54:00.000000162,9.33215
2012-11-20 21:54:00.00000070,9.649211
2012-11-20 21:54:00.00000052,29.249807
2012-11-20 21:54:00.000000129,28.274984
2012-11-20 21:54:00.000000136,14.307766
2012-11-20 21:54:00.000000226,11.176702
2012-11-20 21:54:00.000000240,13.298964
2012-11-20 21:54:00.000000141,8.749217
2012-11-20 21:54:00.000000204,14.903304
2012-11-20 21:54:00.000000137,5.3923793
2011-02-22 14:18:40.0000001,9.443418
2014-06-23 00:16:00.00000066,32.170204
2014-06-23 00:16:00.00000039,7.7989926
2014-06-23 00:16:00.00000076,8.238111
2014-06-23 00:16:00.00000030,38.432453
2014-06-23 00:16:00.00000070,14.647123
2014-06-23 00:16:00.00000065,8.389707
2014-06-23 00:16:00.00000056,23.60809
2014-06-23 00:16:00.00000038,6.2558646
2014-06-23 00:16:00.00000071,23.917631
2014-06-23 00:16:00.00000013,9.703135
2014-06-23 00:16:00.00000073,8.049994
2014-06-23 00:16:00.0000001,13.849663
2014-06-23 00:16:00.00000026,12.664619
2014-06-23 00:16:00.00000090,10.900182
2014-06-23 00:16:00.00000092,23.773924
2014-06-23 00:16:00.00000044,9.673613
2014-06-23 00:16:00.00000064,9.857888
2014-06-23 00:16:00.00000068,28.487116
2014-06-23 00:16:00.00000033,8.823616
2014-06-23 00:16:00.00000089,37.695755
2014-06-23 00:16:00.0000004,6.848719
2014-06-23 00:16:00.00000062,15.794492
2014-06-23 00:16:00.00000019,8.841019
2014-06-23 00:16:00.00000041,9.791315
2014-06-23 00:16:00.00000024,15.740869
2014-06-23 00:16:00.00000074,18.868837
2014-06-23 00:16:00.00000018,14.516658
2014-06-23 00:16:00.00000043,4.884908
2014-06-23 00:16:00.00000022,6.2963853
2014-06-23 00:16:00.00000088,9.553778
2014-06-23 00:16:00.00000057,4.9304194
2014-06-23 00:16:00.00000087,7.5826526
2014-06-23 00:16:00.00000016,22.463144
2014-06-23 00:16:00.00000078,7.771732
2014-06-23 00:16:00.00000040,9.136223
2014-06-23 00:16:00.00000077,7.4227457
2014-06-23 00:16:00.00000015,12.856725
2014-06-23 00:16:00.00000047,6.693256
2014-06-23 00:16:00.0000005,4.531626
2014-06-23 00:16:00.00000034,55.00452
2014-06-23 00:16:00.00000028,7.3559885
2014-06-23 00:16:00.00000081,18.708397
2014-06-23 00:16:00.00000067,9.831841
2014-06-23 00:16:00.00000085,6.213482
2014-06-23 00:16:00.00000082,7.9421387
2014-06-23 00:16:00.00000063,20.306107
2014-06-23 00:16:00.00000079,6.74389
2014-06-23 00:16:00.00000061,6.93362
2014-06-23 00:16:00.00000037,17.17538
2014-06-23 00:16:00.00000036,5.173803
2014-06-23 00:16:00.00000049,16.85098
2014-06-23 00:16:00.00000025,38.483425
2014-06-23 00:16:00.0000009,8.032771
2014-06-23 00:16:00.00000069,14.558322
2011-11-24 02:36:48.0000003,11.257378
2011-11-24 02:36:48.0000002,5.0008693
2011-11-24 02:36:48.0000001,12.961082
2013-06-05 01:34:56.0000001,11.058211
2013-03-18 12:51:12.0000001,10.824341
2013-03-18 12:51:12.0000003,4.3632827
2013-03-18 12:51:12.0000002,16.616024
2014-12-14 09:04:36.0000001,8.330754
2014-12-14 09:04:36.0000003,6.6441875
2014-12-14 09:04:36.0000002,7.4009767
2012-05-31 13:14:12.0000004,8.811778
2012-05-31 13:14:12.0000001,14.313124
2012-05-31 13:14:12.0000002,9.289701
2012-05-31 13:14:12.0000003,5.445107
2011-01-16 18:57:12.0000001,6.484365
2011-01-16 18:57:12.0000002,4.6380672
2009-04-25 10:52:56.0000004,9.731757
2009-04-25 10:52:56.0000002,11.693864
2009-04-25 10:52:56.0000005,7.9622746
2009-04-20 11:11:40.0000001,6.0367575
2012-07-20 06:53:32.0000001,3.5993059
2009-10-22 21:57:36.0000005,13.265634
2009-10-22 21:57:36.0000002,17.849573
2009-10-22 21:57:36.0000004,6.437466
2009-10-22 21:57:36.0000003,4.652053
2009-03-16 10:30:12.0000001,12.8947735
2009-07-14 12:12:36.0000004,7.0513897
2009-07-14 12:12:36.0000001,8.869416
2009-07-14 12:12:36.0000003,10.171998
2009-07-14 12:12:36.0000007,10.455254
2009-07-14 12:12:36.0000002,14.0481
2009-07-14 12:12:36.0000005,9.478053
2009-07-14 12:12:36.0000008,8.915327
2009-07-14 12:12:36.0000006,6.78535
2014-11-12 09:06:32.0000004,7.292874
2014-11-12 09:06:32.0000001,6.8057513
2014-11-12 09:06:32.0000003,6.421932
2014-11-12 09:06:32.0000005,22.84441
2014-11-12 09:06:32.0000002,7.6724877
2011-04-10 11:57:12.0000002,8.649325
2011-04-10 11:57:12.0000003,7.822439
2011-04-10 11:57:12.0000004,5.327053
2011-04-10 11:57:12.0000001,7.0067
2011-09-20 11:58:52.0000003,5.7305365
2011-09-20 11:58:52.0000001,11.96686
2011-09-20 11:58:52.0000002,14.986634
2010-09-24 17:16:16.0000001,8.990043
2010-02-12 13:51:28.0000004,6.7658424
2010-02-12 13:51:28.0000005,8.833689
2010-02-12 13:51:28.0000001,7.125019
2010-02-12 13:51:28.0000003,6.814976
2010-02-12 13:51:28.0000002,11.694966
2011-01-03 21:51:28.0000002,7.935209
2011-01-03 21:51:28.0000001,3.510173
2011-07-26 13:10:56.0000003,4.8173003
2011-07-26 13:10:56.0000002,8.054711
2011-07-26 13:10:56.0000001,7.483786
2011-08-18 13:00:16.0000003,10.554432
2011-08-18 13:00:16.0000002,7.011182
2013-06-20 19:49:52.0000004,7.554886
2013-06-20 19:49:52.0000001,7.0833087
2013-06-20 19:49:52.0000005,5.050416
2013-06-20 19:49:52.0000002,24.58986
2013-06-20 19:49:52.0000003,9.722337
2013-09-25 22:00:00.00000079,12.233795
2013-09-25 22:00:00.00000025,11.488837
2013-09-25 22:00:00.000000225,8.995447
2013-09-25 22:00:00.000000204,11.58758
2013-09-25 22:00:00.00000053,26.683369
2013-09-25 22:00:00.000000111,13.202828
2013-09-25 22:00:00.00000014,7.6479754
2013-09-25 22:00:00.000000172,56.038845
2013-09-25 22:00:00.000000154,4.6938148
2013-09-25 22:00:00.000000133,4.2944474
2013-09-25 22:00:00.000000160,9.049392
2013-09-25 22:00:00.000000119,5.8539867
2013-09-25 22:00:00.000000223,4.9099364
2013-09-25 22:00:00.0000008,8.087425
2013-09-25 22:00:00.000000103,9.606166
2013-09-25 22:00:00.000000178,6.5556865
2013-09-25 22:00:00.00000023,5.741987
2013-09-25 22:00:00.00000022,6.490212
2013-09-25 22:00:00.00000076,6.1786556
2013-09-25 22:00:00.00000020,7.450755
2013-09-25 22:00:00.000000142,12.695681
2013-09-25 22:00:00.00000059,7.6713448
2013-09-25 22:00:00.000000110,6.383173
2013-09-25 22:00:00.000000205,10.401882
2013-09-25 22:00:00.000000182,10.208027
2013-09-25 22:00:00.00000081,9.090671
2013-09-25 22:00:00.000000230,20.99566
2013-09-25 22:00:00.000000164,12.860179
2013-09-25 22:00:00.00000090,11.429356
2013-09-25 22:00:00.000000106,9.291171
2013-09-25 22:00:00.00000078,7.7295084
2013-09-25 22:00:00.0000001,47.636776
2013-09-25 22:00:00.000000126,11.975568
2013-09-25 22:00:00.000000156,7.744331
2013-09-25 22:00:00.000000137,11.208244
2013-09-25 22:00:00.00000039,7.984287
2013-09-25 22:00:00.00000017,18.471897
2013-09-25 22:00:00.00000054,10.735489
2013-09-25 22:00:00.000000135,18.637886
2013-09-25 22:00:00.000000112,21.503428
2013-09-25 22:00:00.000000148,7.2172046
2013-09-25 22:00:00.000000143,34.547485
2013-09-25 22:00:00.00000043,6.4285636
2013-09-25 22:00:00.000000203,6.3276496
2013-09-25 22:00:00.00000040,7.9794307
2013-09-25 22:00:00.00000035,10.483466
2013-09-25 22:00:00.000000117,17.48413
2013-09-25 22:00:00.000000244,6.910086
2013-09-25 22:00:00.0000002,18.003954
2013-09-25 22:00:00.000000246,56.26803
2013-09-25 22:00:00.00000091,18.725317
2013-09-25 22:00:00.000000235,6.821475
2013-09-25 22:00:00.000000237,31.427769
2013-09-25 22:00:00.000000185,6.86921
2013-09-25 22:00:00.000000233,8.544158
2013-09-25 22:00:00.00000075,7.4432
2013-09-25 22:00:00.00000026,11.781695
2013-09-25 22:00:00.00000061,8.942792
2013-09-25 22:00:00.000000179,14.849825
2013-09-25 22:00:00.000000120,8.892464
2013-09-25 22:00:00.000000165,20.993502
2013-09-25 22:00:00.000000224,15.086336
2013-09-25 22:00:00.000000192,25.114647
2013-09-25 22:00:00.00000084,12.314714
2013-09-25 22:00:00.000000169,5.785817
2013-09-25 22:00:00.000000175,26.973177
2013-09-25 22:00:00.000000132,6.3122244
2013-09-25 22:00:00.00000048,17.929623
2013-09-25 22:00:00.000000229,7.6153865
2013-09-25 22:00:00.00000036,17.870579
2013-09-25 22:00:00.000000177,8.720012
2013-09-25 22:00:00.000000217,7.5372953
2013-09-25 22:00:00.000000183,11.490637
2013-09-25 22:00:00.000000107,14.001733
2013-09-25 22:00:00.00000058,13.39102
2013-09-25 22:00:00.00000073,6.690828
2013-09-25 22:00:00.000000245,6.4722857
2013-09-25 22:00:00.000000157,14.525371
2013-09-25 22:00:00.000000227,26.71233
2013-09-25 22:00:00.00000064,14.905721
2013-09-25 22:00:00.00000024,51.532734
2013-09-25 22:00:00.000000221,8.528231
2013-09-25 22:00:00.000000139,33.051437
2013-09-25 22:00:00.00000028,6.597981
2013-09-25 22:00:00.00000057,7.0924454
2013-09-25 22:00:00.000000222,10.651897
2013-09-25 22:00:00.000000215,20.739529
2013-09-25 22:00:00.00000094,17.05395
2013-09-25 22:00:00.000000214,9.597179
2013-09-25 22:00:00.000000101,6.890672
2013-09-25 22:00:00.00000055,7.3931932
2013-09-25 22:00:00.00000049,22.079659
2013-09-25 22:00:00.000000216,16.13777
2013-09-25 22:00:00.000000123,9.059327
2013-09-25 22:00:00.000000136,6.416054
2013-09-25 22:00:00.000000211,16.923836
2013-09-25 22:00:00.000000145,6.072613
2013-09-25 22:00:00.000000250,39.38885
2013-09-25 22:00:00.000000188,10.042616
2013-09-25 22:00:00.000000202,5.2125716
2013-09-25 22:00:00.000000242,11.65811
2013-09-25 22:00:00.000000140,9.068004
2013-09-25 22:00:00.000000171,9.352196
2013-09-25 22:00:00.00000099,5.40244
2013-09-25 22:00:00.000000187,9.156696
2013-09-25 22:00:00.000000161,9.3366995
2013-09-25 22:00:00.000000189,8.299116
2013-09-25 22:00:00.0000003,9.788274
2013-09-25 22:00:00.000000249,7.193963
2013-09-25 22:00:00.000000195,5.686841
2013-09-25 22:00:00.00000072,12.167557
2013-09-25 22:00:00.00000012,10.552009
2013-09-25 22:00:00.000000149,9.0236025
2013-09-25 22:00:00.000000197,10.773707
2013-09-25 22:00:00.00000038,55.358894
2013-09-25 22:00:00.0000009,19.53315
2013-09-25 22:00:00.00000089,16.076864
2013-09-25 22:00:00.000000199,28.883759
2013-09-25 22:00:00.000000219,5.7930236
2013-09-25 22:00:00.000000159,12.184584
2013-09-25 22:00:00.000000173,10.641375
2013-09-25 22:00:00.000000209,18.902729
2013-09-25 22:00:00.000000196,8.621831
2013-09-25 22:00:00.00000093,6.2359285
2013-09-25 22:00:00.000000155,17.971912
2013-09-25 22:00:00.000000121,8.7365885
2013-09-25 22:00:00.000000134,12.944826
2013-09-25 22:00:00.000000228,7.5384583
2013-09-25 22:00:00.00000092,13.451051
2013-09-25 22:00:00.00000030,5.6731253
2013-09-25 22:00:00.00000062,11.564031
2013-09-25 22:00:00.0000005,9.257309
2013-09-25 22:00:00.00000097,34.903267
2013-09-25 22:00:00.00000019,16.441639
2013-09-25 22:00:00.000000180,8.020263
2013-09-25 22:00:00.000000200,16.156761
2013-09-25 22:00:00.000000186,10.693471
2013-09-25 22:00:00.000000176,7.100137
2013-09-25 22:00:00.00000082,7.5687995
2013-09-25 22:00:00.00000098,8.494349
2013-09-25 22:00:00.00000085,9.423835
2013-09-25 22:00:00.0000004,5.9324136
2013-09-25 22:00:00.00000032,18.441334
2013-09-25 22:00:00.00000070,7.932781
2013-09-25 22:00:00.00000074,11.39108
2013-09-25 22:00:00.000000118,11.26551
2013-09-25 22:00:00.0000007,7.6914067
2013-09-25 22:00:00.00000050,12.654336
2013-09-25 22:00:00.00000044,5.509839
2013-09-25 22:00:00.00000095,6.800754
2009-01-15 02:42:48.0000001,4.523787
2011-07-06 18:07:44.0000001,8.09139
2011-07-06 18:07:44.0000003,5.2990513
2011-07-06 18:07:44.0000005,6.343925
2011-09-08 01:28:24.0000001,31.636908
2014-07-11 12:36:08.0000002,6.71744
2010-11-04 05:01:44.0000001,3.6319306
2009-10-04 10:04:12.0000001,6.583953
2009-10-04 10:04:12.0000003,4.793949
2009-10-04 10:04:12.0000002,4.219351
2009-10-04 10:04:12.0000004,3.3723168
2013-02-28 12:52:44.0000001,8.308672
2013-02-28 12:52:44.0000003,9.257562
2013-02-28 12:52:44.0000004,9.761224
2013-02-28 12:52:44.0000002,4.504084
2013-08-03 07:11:53.0000001,34.339214
2015-01-26 23:13:33.0000001,10.846676
2012-10-31 11:09:53.0000001,12.2634535
2012-10-31 11:09:53.0000002,19.919195
2011-12-23 23:30:09.0000001,14.773624
2015-01-29 11:01:21.0000001,5.7637544
2015-01-29 11:01:21.0000002,8.6323595
2014-01-31 11:11:05.0000001,21.936565
2014-01-31 11:11:05.0000003,9.694272
2014-01-31 11:11:05.0000004,10.429255
2014-01-31 11:11:05.0000006,8.290203
2014-01-31 11:11:05.0000005,7.5764956
2015-02-20 11:08:29.0000006,5.529095
2015-02-20 11:08:29.0000002,16.438084
2015-02-20 11:08:29.0000004,11.017324
2015-02-20 11:08:29.0000003,9.686424
2015-02-20 11:08:29.0000005,5.856067
2014-08-31 04:03:29.0000001,6.8217354
2014-08-01 18:38:09.0000001,8.91927
2014-08-01 18:38:09.0000002,7.9508996
2009-05-16 14:53:41.0000007,5.7189
2009-05-16 14:53:41.0000006,5.783177
2009-12-17 06:28:05.0000001,8.105521
2009-12-17 06:28:05.0000002,3.588949
2009-12-17 06:28:05.0000003,7.406833
2010-02-23 17:25:09.0000001,5.7804766
2010-02-23 17:25:09.0000002,4.6898046
2012-07-30 16:54:49.0000003,7.083633
2012-07-30 16:54:49.0000001,12.07276
2012-07-30 16:54:49.0000005,7.110347
2012-07-30 16:54:49.0000004,6.088557
2012-07-30 16:54:49.0000002,10.528697
2013-08-26 11:47:37.0000003,19.542345
2013-08-26 11:47:37.0000002,6.533445
2013-08-26 11:47:37.0000004,37.23103
2013-03-06 23:49:53.0000006,6.5037394
2013-03-06 23:49:53.0000005,7.2169185
2013-03-06 23:49:53.0000003,6.9146028
2013-03-06 23:49:53.0000002,5.3316927
2013-03-06 23:49:53.0000001,14.911114
2013-03-06 23:49:53.0000004,9.298522
2010-10-30 13:31:13.0000005,7.088178
2010-10-30 13:31:13.0000003,4.686398
2010-10-30 13:31:13.0000004,3.9702916
2010-10-30 13:31:13.0000002,6.391432
2012-03-25 16:56:01.0000001,5.5305066
2012-03-25 16:56:01.0000002,7.8019843
2013-10-17 22:21:57.0000002,12.558289
2013-10-17 22:21:57.0000004,12.998954
2013-10-17 22:21:57.0000005,17.287912
2013-10-17 22:21:57.0000001,7.964261
2010-09-15 16:44:25.0000001,13.271748
2010-09-15 16:44:25.0000002,13.509021
2010-09-15 16:44:25.0000003,8.463933
2014-05-09 00:30:41.0000003,11.279412
2014-05-09 00:30:41.0000001,49.053204
2014-05-09 00:30:41.0000002,16.526093
2010-12-11 17:32:33.0000001,5.6534038
2010-06-14 05:10:09.0000001,9.444686
2012-03-05 13:24:37.0000003,8.04019
2012-03-05 13:24:37.0000001,6.6036334
2011-03-03 07:09:09.0000002,8.330982
2011-03-03 07:09:09.0000001,8.363717
2010-07-01 22:11:33.0000001,8.123113
2010-07-01 22:11:33.0000002,8.031264
2010-07-01 22:11:33.0000004,5.0237694
2012-01-07 21:39:05.0000002,8.216243
2010-08-22 12:30:21.0000002,5.786884
2010-08-22 12:30:21.0000001,4.555302
2012-05-26 00:31:25.0000002,21.286623
2011-12-16 09:20:01.0000001,13.426626
2012-01-26 20:09:45.0000003,16.008183
2012-01-26 20:09:45.0000004,11.265522
2012-01-26 20:09:45.0000002,7.1461387
2012-01-26 20:09:45.0000001,7.904374
2010-02-03 11:33:29.0000002,5.0962787
2010-02-03 11:33:29.0000001,7.7850037
2014-10-07 11:52:13.0000005,40.38095
2014-10-07 11:52:13.0000001,5.8847857
2014-10-07 11:52:13.0000004,16.813288
2014-10-07 11:52:13.0000002,7.6161013
2014-10-07 11:52:13.0000007,8.082556
2014-10-07 11:52:13.0000003,9.493081
2013-05-06 23:46:25.0000001,9.633665
2015-06-13 19:17:09.0000006,9.130619
2015-06-13 19:17:09.0000004,9.925688
2015-06-13 19:17:09.0000002,18.52097
2015-06-13 19:17:09.0000003,15.024923
2015-06-13 19:17:09.0000001,6.0367527
2011-06-29 00:15:21.0000001,6.9698353
2011-06-29 00:15:21.0000002,4.5741014
2011-06-29 00:15:21.0000003,10.373767
2009-11-28 13:50:17.0000003,7.6194253
2009-11-28 13:50:17.0000001,4.3867908
2010-05-02 12:05:45.0000001,7.3776584
2009-10-12 14:18:01.0000001,6.1473837
2015-01-13 12:07:53.0000002,6.48005
2015-01-13 12:07:53.0000007,12.354324
2015-01-13 12:07:53.0000001,15.470998
2015-01-13 12:07:53.0000004,4.879344
2015-01-13 12:07:53.0000006,8.549995
2015-03-04 21:42:57.0000002,6.758633
2015-03-04 21:42:57.0000009,5.1190915
2015-03-04 21:42:57.0000005,7.2664795
2015-03-04 21:42:57.0000003,12.128995
2015-03-04 21:42:57.00000010,8.413702
2015-03-04 21:42:57.0000004,17.866796
2015-03-04 21:42:57.0000008,5.766253
2015-03-04 21:42:57.0000001,11.939304
2015-03-04 21:42:57.0000007,5.450139
2012-01-31 09:15:49.0000005,7.775112
2012-01-31 09:15:49.0000002,8.868009
2012-01-31 09:15:49.0000006,11.844337
2012-01-31 09:15:49.0000003,4.936219
2012-01-31 09:15:49.0000004,8.9922085
2011-03-22 12:59:49.0000003,13.492925
2011-03-22 12:59:49.0000005,4.9763927
2011-03-22 12:59:49.0000004,6.031141
2014-10-05 17:21:45.0000001,5.8534913
2013-07-05 00:58:17.0000003,7.539314
2013-07-05 00:58:17.0000002,16.523102
2010-09-28 21:50:05.0000001,5.759835
2010-09-28 21:50:05.0000003,19.320919
2010-09-28 21:50:05.0000002,7.61231
2010-09-28 21:50:05.0000004,11.554522
2010-09-28 21:50:05.0000005,5.9885073
2012-05-25 09:21:17.0000001,4.796191
2012-05-25 09:21:17.0000002,5.6387615
2012-05-25 09:21:17.0000003,5.7519484
2010-01-30 00:57:21.0000003,8.030612
2010-01-30 00:57:21.0000004,5.6183834
2009-10-16 16:14:41.0000004,5.4442296
2009-10-16 16:14:41.0000001,5.8812323
2009-10-16 16:14:41.0000003,5.128222
2012-04-02 08:39:21.0000003,5.253513
2012-04-02 08:39:21.0000001,5.986377
2009-09-04 06:54:49.0000001,4.9455633
2012-08-29 09:53:33.0000002,9.567437
2012-08-29 09:53:33.0000001,9.438333
2011-03-13 05:34:57.0000001,11.153255
2010-10-22 00:49:05.0000001,4.954982
2010-09-12 22:12:53.0000001,9.683039
2014-09-13 04:51:21.0000001,24.982336
2014-09-13 04:51:21.0000002,16.906273
2010-08-17 07:59:05.0000003,7.9363656
2010-08-17 07:59:05.0000001,4.127511
2010-08-17 07:59:05.0000002,9.62539
2011-03-06 23:14:17.0000001,11.27368
2014-06-19 08:41:17.0000001,6.2216735
2014-06-19 08:41:17.0000002,6.151676
2014-06-19 08:41:17.0000006,16.872604
2014-06-19 08:41:17.0000004,12.179719
2014-06-19 08:41:17.0000003,6.9620943
2014-06-19 08:41:17.0000005,5.6069107
2015-02-26 23:20:13.0000004,6.100603
2015-02-26 23:20:13.0000002,8.673414
2015-02-26 23:20:13.0000009,19.770456
2015-02-26 23:20:13.0000007,5.9785123
2015-02-26 23:20:13.0000005,10.527303
2015-02-26 23:20:13.0000001,20.765724
2015-02-26 23:20:13.0000006,21.902203
2015-02-26 23:20:13.0000003,4.3481154
2013-10-09 15:11:41.0000001,7.6990213
2013-10-09 15:11:41.0000003,5.1527915
2013-10-09 15:11:41.0000002,24.446215
2011-09-01 09:53:49.0000002,7.205673
2011-09-01 09:53:49.0000003,11.951298
2011-09-01 09:53:49.0000005,5.902155
2011-09-01 09:53:49.0000001,11.581848
2011-11-28 14:13:37.0000001,9.0996475
2011-11-28 14:13:37.0000003,6.2924747
2010-09-28 00:16:53.0000002,16.625265
2010-09-28 00:16:53.0000004,10.337984
2010-09-28 00:16:53.0000001,6.2640023
2013-08-30 11:20:21.0000002,15.372609
2013-08-30 11:20:21.0000001,15.878202
2013-09-19 21:24:21.0000002,4.7156687
2013-09-19 21:24:21.0000003,6.2321653
2012-07-01 22:30:29.0000001,5.1432033
2013-01-19 08:04:21.0000001,8.338532
2011-07-02 00:38:01.0000003,6.170488
2011-07-02 00:38:01.0000002,9.456449
2014-02-08 17:24:57.0000001,15.08834
2010-01-13 01:56:57.0000001,5.127928
2014-01-05 12:00:13.0000005,7.778098
2014-01-05 12:00:13.0000003,10.992778
2014-01-05 12:00:13.0000002,7.047838
2014-01-05 12:00:13.0000004,7.096137
2014-01-05 12:00:13.0000006,4.9356794
2014-01-05 12:00:13.0000001,29.669268
2011-02-04 09:12:53.0000003,9.956168
2011-02-04 09:12:53.0000001,9.84258
2011-02-04 09:12:53.0000005,6.2231417
2011-02-04 09:12:53.0000002,6.0144897
2012-03-08 12:33:25.0000005,6.153867
2012-03-08 12:33:25.0000002,15.7202835
2012-03-08 12:33:25.0000001,6.88503
2012-03-08 12:33:25.0000004,14.849001
2009-07-31 18:15:57.0000002,4.620412
2009-07-10 20:17:05.0000001,4.848899
2009-07-10 20:17:05.0000002,4.1329584
2010-11-05 14:33:37.0000002,16.291338
2010-11-05 14:33:37.0000003,5.25828
2010-11-05 14:33:37.0000001,12.26917
2010-11-05 14:33:37.0000004,28.04805
2010-03-09 08:49:13.0000002,8.361041
2010-03-09 08:49:13.0000001,6.827117
2010-03-09 08:49:13.0000003,5.0417857
2010-08-21 21:56:25.0000001,6.2256036
2011-07-27 09:24:33.0000004,6.273417
2011-07-27 09:24:33.0000002,4.676729
2011-07-27 09:24:33.0000005,11.804866
2011-07-27 09:24:33.0000001,8.256106
2011-07-27 09:24:33.0000003,12.266706
2010-10-09 17:11:17.0000002,7.079319
2014-01-16 23:24:37.0000001,13.883828
2009-09-25 15:13:57.0000005,33.0002
2009-09-25 15:13:57.0000007,5.930192
2009-09-25 15:13:57.0000006,5.9972086
2009-09-25 15:13:57.0000004,9.011726
2009-12-13 20:44:37.0000001,8.358067
2009-12-13 20:44:37.0000004,9.677332
2009-12-13 20:44:37.0000002,7.0217943
2009-12-13 20:44:37.0000003,7.4826403
2010-05-26 21:31:05.0000004,8.061547
2010-05-26 21:31:05.0000003,11.806701
2010-05-26 21:31:05.0000005,4.0480275
2010-05-26 21:31:05.0000001,8.352856
2010-05-26 21:31:05.0000002,6.351765
2010-05-03 08:36:41.0000003,6.3697834
2010-05-03 08:36:41.0000005,5.318734
2010-05-03 08:36:41.0000001,8.134768
2010-05-03 08:36:41.0000002,8.2238455
2009-06-22 08:08:29.0000001,17.247896
2009-06-22 08:08:29.0000002,8.260903
2009-01-20 17:38:05.0000003,6.5994453
2009-01-20 17:38:05.0000005,3.7406883
2009-01-20 17:38:05.0000004,7.3694468
2009-01-20 17:38:05.0000001,4.8733563
2009-01-20 17:38:05.0000002,36.777374
2013-02-04 16:08:01.0000002,13.472554
2013-02-04 16:08:01.0000001,8.883268
2009-07-22 09:50:25.0000001,5.4291706
2009-07-22 09:50:25.0000002,6.549997
2009-07-22 09:50:25.0000003,6.2326355
2013-07-17 06:50:17.0000001,15.488556
2011-01-24 20:18:49.0000002,6.587666
2011-01-24 20:18:49.0000004,7.6241603
2011-01-24 20:18:49.0000001,4.104082
2012-04-25 17:29:21.0000002,18.971972
2012-04-25 17:29:21.0000004,4.602889
2012-04-25 17:29:21.0000001,11.095257
2012-04-25 17:29:21.0000003,12.514558
2010-01-23 14:32:17.0000001,8.227504
2010-01-23 14:32:17.0000002,5.987281
2012-03-07 01:22:57.0000001,7.1715894
2012-03-07 01:22:57.0000002,11.180607
2012-06-02 01:16:05.0000002,4.3003917
2012-06-02 01:16:05.0000005,35.18566
2011-02-18 20:57:57.0000003,5.5522776
2011-02-18 20:57:57.0000001,12.333341
2011-02-18 20:57:57.0000002,5.05592
2010-11-03 17:52:21.0000001,5.2641497
2011-10-20 13:46:33.0000004,11.011713
2011-10-20 13:46:33.0000001,45.57257
2013-11-29 15:09:45.0000002,7.6490264
2013-11-29 15:09:45.0000001,12.005057
2015-06-24 07:28:01.0000001,6.6925707
2015-06-24 07:28:01.0000003,76.96359
2015-06-24 07:28:01.0000004,5.638535
2015-06-24 07:28:01.0000002,14.863323
2015-06-24 07:28:01.0000005,5.8953586
2010-03-27 11:29:05.0000001,5.702332
2010-03-27 11:29:05.0000003,5.747922
2010-03-27 11:29:05.0000002,3.8720064
2014-06-09 11:18:25.0000005,5.9328814
2014-06-09 11:18:25.0000003,12.868295
2014-06-09 11:18:25.0000001,8.663554
2014-06-09 11:18:25.0000004,6.379613
2014-06-09 11:18:25.0000002,7.6432877
2012-08-08 09:47:53.0000002,5.267127
2012-08-08 09:47:53.0000003,4.768952
2012-08-08 09:47:53.0000001,8.5470705
2014-10-28 12:23:09.0000003,19.671234
2014-10-28 12:23:09.0000006,8.944076
2014-10-28 12:23:09.0000004,12.725915
2014-10-28 12:23:09.0000005,8.668871
2014-10-28 12:23:09.0000002,6.627935
2013-04-04 02:55:13.0000001,15.946535
2011-07-11 20:43:33.0000003,13.656204
2011-07-11 20:43:33.0000002,6.0762424
2013-02-23 14:25:29.0000001,14.66864
2010-01-30 18:58:33.0000007,7.2854977
2010-01-30 18:58:33.0000002,12.5124445
2010-01-30 18:58:33.0000003,4.8098803
2010-01-30 18:58:33.0000004,13.742883
2010-01-30 18:58:33.0000005,6.452565
2013-10-07 11:12:33.0000003,9.364008
2013-10-07 11:12:33.0000002,7.555193
2013-10-07 11:12:33.0000001,7.9636683
2012-10-08 12:29:21.0000001,7.73611
2014-08-22 06:49:41.0000002,7.3930426
2014-08-22 06:49:41.0000001,4.939703
2014-04-26 22:02:17.0000001,14.614383
2010-05-13 08:48:41.0000004,30.431501
2010-05-13 08:48:41.0000002,5.761166
2010-05-13 08:48:41.0000001,15.672832
2010-05-13 08:48:41.0000003,9.666468
2014-06-22 14:49:13.0000004,5.5092087
2014-06-22 14:49:13.0000003,5.0609837
2013-01-22 14:06:33.0000002,5.3678226
2013-01-22 14:06:33.0000004,10.8855295
2013-01-22 14:06:33.0000001,10.662433
2013-01-22 14:06:33.0000003,54.89282
2010-10-08 11:25:09.0000001,8.132655
2010-10-08 11:25:09.0000002,5.520477
2015-03-14 02:23:17.0000001,7.879434
2015-03-14 02:23:17.0000005,26.831123
2015-03-14 02:23:17.0000007,17.467371
2015-03-14 02:23:17.0000003,19.62748
2014-09-20 00:55:21.0000001,11.770626
2014-09-25 20:52:09.0000003,17.181913
2014-09-25 20:52:09.0000007,18.002348
2014-09-25 20:52:09.0000008,7.524953
2014-09-25 20:52:09.0000006,7.8208394
2014-09-25 20:52:09.0000001,6.1805887
2014-09-25 20:52:09.0000004,12.206341
2013-08-20 09:05:33.0000001,9.39565
2012-01-19 00:39:29.0000001,14.772664
2009-12-23 09:09:21.0000002,15.131357
2009-12-23 09:09:21.0000003,10.996689
2009-12-23 09:09:21.0000001,13.056569
2012-12-15 06:35:45.0000002,16.426033
2012-12-15 06:35:45.0000003,57.013325
2012-12-15 06:35:45.0000004,5.5686855
2013-09-30 07:03:29.0000001,9.769482
2014-06-10 11:21:37.0000001,6.7863107
2014-06-10 11:21:37.0000002,12.541812
2015-05-30 05:00:57.0000001,61.319897
2015-05-30 05:00:57.0000002,17.28152
2014-04-15 08:04:25.0000001,8.1422205
2014-04-15 08:04:25.0000002,13.656758
2012-09-04 21:59:45.0000001,6.7696795
2012-06-23 19:15:29.0000001,7.107326
2014-09-23 18:20:01.0000002,8.970155
2014-09-23 18:20:01.0000001,9.045464
2011-06-30 21:50:17.0000002,9.560596
2011-06-30 21:50:17.0000006,6.0387373
2011-06-30 21:50:17.0000005,7.428001
2011-06-30 21:50:17.0000004,9.679459
2011-06-30 21:50:17.0000001,4.8092327
2011-06-30 21:50:17.0000003,6.622244
2013-04-09 08:59:41.0000001,6.307356
2013-02-14 03:56:45.0000001,6.3452687
2009-02-23 21:09:17.0000002,7.558728
2009-02-23 21:09:17.0000003,4.63872
2009-02-23 21:09:17.0000001,5.6209307
2013-04-05 20:47:57.0000001,14.213786
2013-04-05 20:47:57.0000003,10.03439
2013-04-05 20:47:57.0000002,16.71359
2013-03-11 06:58:05.0000001,9.232514
2012-01-05 05:51:01.0000002,6.21478
2009-05-11 10:47:33.0000001,14.500016
2014-02-22 02:07:01.0000001,16.049458
2014-02-22 02:07:01.0000004,7.141355
2014-02-22 02:07:01.0000005,7.843586
2014-02-22 02:07:01.0000002,13.03774
2014-02-22 02:07:01.0000003,11.599638
2013-07-25 01:56:37.0000002,14.755145
2013-07-25 01:56:37.0000001,12.954904
2013-10-15 08:16:21.0000001,6.7741857
2014-08-26 23:35:49.0000003,11.15705
2014-08-26 23:35:49.0000004,20.837517
2014-08-26 23:35:49.0000001,8.507412
2009-08-28 23:01:41.0000007,9.181792
2009-08-28 23:01:41.0000004,6.497029
2009-08-28 23:01:41.0000003,3.8633163
2009-08-28 23:01:41.0000005,48.70439
2009-08-07 07:07:37.0000003,11.015526
2009-08-07 07:07:37.0000002,12.04409
2009-08-07 07:07:37.0000001,9.785674
2013-11-11 13:49:53.0000004,55.943714
2013-11-11 13:49:53.0000003,11.462116
2013-11-11 13:49:53.0000006,17.988325
2013-11-11 13:49:53.0000005,6.19083
2013-11-11 13:49:53.0000001,7.030135
2013-11-11 13:49:53.0000002,10.578076
2012-08-11 19:58:29.0000002,7.8163137
2012-08-11 19:58:29.0000003,5.2402945
2012-08-11 19:58:29.0000004,8.046685
2012-08-11 19:58:29.0000001,10.68506
2011-06-29 06:25:41.0000001,28.744978
2014-10-19 15:14:45.0000001,22.593126
2014-12-16 13:40:25.0000001,9.510069
2014-12-16 13:40:25.0000002,9.772469
2010-06-11 13:37:21.0000004,6.8345323
2010-06-11 13:37:21.0000001,5.984146
2010-06-11 13:37:21.0000002,8.100473
2012-12-09 22:30:13.0000003,13.820028
2012-12-09 22:30:13.0000001,11.192304
2010-06-21 20:21:45.0000001,17.008305
2011-05-11 19:56:09.0000002,12.729408
2013-06-17 06:37:49.0000001,3.7263353
2009-07-29 07:52:01.0000004,5.511171
2009-07-29 07:52:01.0000002,15.490748
2009-07-29 07:52:01.0000003,5.1322412
2009-07-29 07:52:01.0000001,4.4309974
2014-08-08 00:02:41.0000001,9.626106
2014-08-08 00:02:41.0000003,12.218569
2014-08-08 00:02:41.0000005,15.450267
2009-02-19 09:17:21.0000001,9.769333
2013-09-12 12:50:13.0000004,5.2618423
2013-09-12 12:50:13.0000002,14.545311
2013-09-12 12:50:13.0000006,36.037548
2013-09-12 12:50:13.0000005,9.066947
2011-06-26 03:33:25.0000001,14.839428
2013-09-28 09:59:33.0000002,9.196421
2013-09-28 09:59:33.0000001,6.1626987
2010-04-20 07:32:21.0000001,9.626998
2010-04-20 07:32:21.0000002,5.2136436
2011-04-16 06:38:33.0000001,5.86767
2011-09-18 18:33:13.0000001,6.9091825
2011-09-18 18:33:13.0000002,21.972162
2014-03-04 16:24:45.0000003,18.22917
2014-03-04 16:24:45.0000002,8.537905
2013-08-03 15:48:29.0000001,6.3797727
2012-06-21 19:47:25.0000003,6.347415
2012-06-21 19:47:25.0000001,7.898627
2012-06-21 19:47:25.0000002,7.532735
2014-03-10 12:25:21.0000003,5.43859
2014-03-10 12:25:21.0000002,8.2717905
2014-03-10 12:25:21.0000001,15.664687
2014-11-10 10:52:41.0000002,22.5564
2014-11-10 10:52:41.0000003,15.655236
2010-10-17 23:04:25.0000001,9.406336
2009-12-22 15:59:53.0000001,4.459837
2009-12-22 15:59:53.0000002,3.8478096
2009-12-22 15:59:53.0000004,11.869818
2014-05-08 21:23:41.0000002,4.7304564
2014-05-08 21:23:41.0000003,10.8140745
2014-05-08 21:23:41.0000004,8.322947
2014-05-08 21:23:41.0000005,9.893251
2009-10-28 17:56:45.0000002,6.351071
2009-10-28 17:56:45.0000001,4.597025
2014-07-10 07:03:29.0000002,11.54036
2014-07-10 07:03:29.0000001,6.389648
2012-07-15 03:53:37.0000004,12.04716
2010-03-31 05:33:53.0000001,5.500044
2010-03-31 05:33:53.0000002,5.720478
2010-07-06 20:52:53.0000003,7.759157
2010-07-06 20:52:53.0000001,6.1387877
2010-07-06 20:52:53.0000002,5.5999246
2013-06-10 11:29:13.0000002,5.5431914
2013-06-10 11:29:13.0000006,6.777378
2013-06-10 11:29:13.0000004,6.7109637
2013-06-10 11:29:13.0000005,5.738994
2013-06-10 11:29:13.0000003,11.244651
2015-04-25 01:06:17.0000008,7.8569627
2015-04-25 01:06:17.0000004,6.1624007
2015-04-25 01:06:17.0000001,5.2499228
2015-04-25 01:06:17.0000006,8.850471
2015-04-25 01:06:17.0000002,10.4686
2011-05-27 14:47:09.0000001,7.179965
2011-05-27 14:47:09.0000004,10.223422
2011-05-27 14:47:09.0000002,10.4656725
2011-05-27 14:47:09.0000003,7.8959174
2012-10-28 13:55:57.0000002,8.867466
2011-06-12 01:07:57.0000002,18.374771
2011-06-12 01:07:57.0000001,13.694097
2014-12-11 15:20:49.0000002,54.484535
2014-12-11 15:20:49.0000003,8.008475
2011-06-19 04:08:49.0000001,6.33988
2015-06-02 09:11:17.0000003,7.3427525
2015-06-02 09:11:17.0000006,5.6095634
2015-06-02 09:11:17.0000001,11.041837
2015-06-02 09:11:17.0000004,6.0239806
2015-06-02 09:11:17.0000005,12.670107
2014-05-09 02:23:21.0000001,11.805982
2011-10-08 12:54:49.0000003,8.4107275
2011-10-08 12:54:49.0000001,12.55442
2009-06-02 08:34:33.0000003,8.89682
2009-06-02 08:34:33.0000002,6.486873
2010-12-09 17:21:29.0000001,5.4125886
2013-06-22 01:59:25.0000001,8.817282
2014-12-07 19:56:45.0000002,5.8706536
2014-12-07 19:56:45.0000003,9.257004
2013-12-04 17:40:13.0000006,9.036168
2013-12-04 17:40:13.0000004,12.206527
2013-12-04 17:40:13.0000002,11.605975
2013-12-04 17:40:13.0000005,4.893315
2013-12-04 17:40:13.0000001,5.2605853
2013-12-04 17:40:13.0000007,11.184268
2013-12-04 17:40:13.0000003,37.290916
2014-07-20 17:05:09.0000001,19.328444
2010-12-15 08:39:33.0000003,5.1203475
2010-12-15 08:39:33.0000002,5.6862264
2010-12-15 08:39:33.0000004,48.642387
2010-12-15 08:39:33.0000001,5.1268306
2011-02-07 08:56:09.0000001,8.492408
2012-05-26 11:54:53.0000003,7.382131
2012-04-24 17:57:05.0000002,5.3702993
2012-04-24 17:57:05.0000003,31.390892
2012-04-24 17:57:05.0000001,12.969058
2014-01-11 19:20:17.0000002,7.630591
2015-01-05 21:43:13.0000003,8.144675
2015-01-05 21:43:13.0000002,9.052595
2013-04-23 13:19:17.0000002,11.99683
2013-04-23 13:19:17.0000003,7.8497343
2011-07-19 22:20:41.0000003,19.296143
2012-03-18 02:27:41.0000002,32.040318
2012-03-18 02:27:41.0000003,11.56313
2009-01-19 19:48:17.0000003,10.399485
2011-06-21 22:19:45.0000002,4.983688
2011-06-21 22:19:45.0000003,11.143789
2011-06-21 22:19:45.0000001,14.512708
2012-02-10 06:28:17.0000001,8.113409
2013-01-13 00:20:53.0000002,10.9345
2013-01-13 00:20:53.0000003,11.573321
2015-03-28 09:52:37.0000002,3.9889917
2015-03-28 09:52:37.0000001,7.403434
2015-05-02 15:18:33.0000001,10.471768
2015-05-02 15:18:33.0000005,4.3378096
2015-05-02 15:18:33.0000002,7.7149014
2015-05-02 15:18:33.0000006,7.4459167
2015-05-02 15:18:33.0000004,13.3246
2015-05-02 15:18:33.0000007,8.568577
2015-05-02 15:18:33.0000003,12.007329
2012-01-01 00:37:29.0000005,14.775922
2012-01-01 00:37:29.0000001,7.37427
2012-01-01 00:37:29.0000003,8.645427
2012-01-01 00:37:29.0000002,10.504947
2010-06-24 19:32:25.0000001,8.393509
2010-06-24 19:32:25.0000002,4.641406
2010-04-25 09:00:01.0000001,11.131531
2010-04-25 09:00:01.0000002,9.812135
2009-08-11 21:41:09.0000001,14.01946
2012-06-12 07:19:17.0000002,8.475826
2012-06-12 07:19:17.0000001,5.785255
2011-12-30 11:16:05.0000002,10.546792
2011-12-30 11:16:05.0000001,7.686972
2011-12-30 11:16:05.0000003,8.182077
2011-12-30 11:16:05.0000004,7.9299088
2013-11-28 13:17:13.0000001,9.615285
2010-06-14 20:51:37.0000001,17.44702
2010-06-14 20:51:37.0000002,8.907687
2012-06-10 00:46:17.0000004,14.167192
2012-06-10 00:46:17.0000002,12.174654
2013-02-10 19:51:53.0000001,9.445538
2013-02-10 19:51:53.0000002,14.143952
2010-02-20 04:04:13.0000001,8.326547
2010-02-20 04:04:13.0000002,7.2685666
2010-02-20 04:04:13.0000003,5.3928204
2014-01-01 16:33:01.0000004,5.3028846
2014-01-01 16:33:01.0000001,9.069666
2014-01-01 16:33:01.0000002,10.998956
2014-01-01 16:33:01.0000003,12.27158
2013-06-04 08:06:57.0000002,8.043051
2013-06-04 08:06:57.0000005,6.33267
2013-06-04 08:06:57.0000003,12.85769
2013-06-04 08:06:57.0000004,5.863738
2013-06-04 08:06:57.0000001,4.1989293
2012-07-13 08:45:21.0000001,28.495623
2012-07-13 08:45:21.0000003,6.5244417
2012-07-13 08:45:21.0000004,5.72219
2012-07-13 08:45:21.0000002,10.912721
2014-06-09 13:01:21.0000002,8.378284
2014-06-09 13:01:21.0000001,7.259192
2010-10-01 13:11:05.0000002,7.20048
2010-10-01 13:11:05.0000004,6.7988906
2010-10-01 13:11:05.0000003,31.441118
2010-02-27 22:55:09.0000002,6.293682
2010-02-27 22:55:09.0000003,5.9802403
2012-11-23 05:37:53.0000001,14.819193
2009-10-05 15:41:37.0000001,5.912916
2009-12-01 02:33:57.0000001,8.871981
2013-04-30 14:43:33.0000003,19.446291
2013-04-30 14:43:33.0000002,17.999834
2013-04-30 14:43:33.0000001,13.744186
2015-05-17 04:17:33.0000001,10.07889
2015-05-17 04:17:33.0000002,9.795471
2015-05-17 04:17:33.0000003,9.719594
2015-05-17 04:17:33.0000004,8.799753
2014-07-26 23:31:41.0000001,7.5923448
2009-11-07 16:37:49.0000001,4.402752
2009-11-07 16:37:49.0000003,7.6952353
2009-11-07 16:37:49.0000002,42.007084
2009-11-07 16:37:49.0000005,5.1233253
2012-11-07 12:46:29.0000003,8.293391
2012-11-07 12:46:29.0000001,12.3260355
2012-11-07 12:46:29.0000002,5.139057
2011-01-07 09:25:57.0000002,4.236335
2011-01-07 09:25:57.0000001,4.7106204
2012-07-18 16:28:21.0000002,5.2234726
2009-12-17 10:33:45.0000001,10.671846
2009-12-17 10:33:45.0000002,10.230123
2009-12-17 10:33:45.0000003,5.5365195
2009-12-17 10:33:45.0000004,5.218297
2013-03-08 19:03:09.0000001,14.075534
2013-03-08 19:03:09.0000004,7.9845343
2011-03-11 23:36:13.0000001,7.446178
2011-03-11 23:36:13.0000002,7.569376
2011-03-11 23:36:13.0000004,5.4898095
2011-03-11 23:36:13.0000003,5.30275
2009-12-10 22:45:01.0000002,4.9053555
2009-12-10 22:45:01.0000001,13.247541
2009-12-10 22:45:01.0000003,4.0702014
2009-12-10 22:45:01.0000005,17.72706
2012-07-13 11:00:05.0000003,33.159065
2012-07-13 11:00:05.0000002,15.545015
2012-07-13 11:00:05.0000006,48.672634
2012-07-13 11:00:05.0000001,8.812785
2012-07-21 17:57:17.0000001,7.910909
2009-04-23 02:42:05.0000002,6.8965735
2009-04-23 02:42:05.0000001,8.753625
2012-11-03 23:49:17.0000003,11.538784
2012-11-03 23:49:17.0000002,4.5251784
2012-11-03 23:49:17.0000004,5.1702294
2012-11-03 23:49:17.0000001,12.150596
2012-02-21 20:07:25.0000002,4.241204
2012-02-21 20:07:25.0000001,4.070369
2012-03-26 05:24:13.0000001,18.928522
2010-02-01 20:28:45.0000001,4.840572
2010-02-01 20:28:45.0000002,7.004107
2010-02-01 20:28:45.0000003,3.9847221
2009-09-26 04:36:49.0000001,4.593797
2009-01-29 15:29:09.0000002,28.84022
2009-01-29 15:29:09.0000001,4.3029637
2009-12-29 02:06:33.0000002,14.527822
2009-12-29 02:06:33.0000001,8.010006
2010-09-06 00:39:05.0000001,8.0672455
2012-09-08 21:13:49.0000004,7.7505884
2012-09-08 21:13:49.0000001,8.811999
2012-09-08 21:13:49.0000002,7.7236953
2012-09-08 21:13:49.0000003,7.2787237
2010-11-04 16:19:25.0000001,9.47434
2009-12-08 07:36:17.0000001,12.127808
2009-12-08 07:36:17.0000002,12.029365
2012-08-30 20:32:49.0000001,9.899512
2013-06-08 16:55:13.0000002,6.81746
2013-06-08 16:55:13.0000001,9.543887
2014-07-01 11:05:21.0000002,6.003701
2014-07-01 11:05:21.0000001,8.85797
2013-08-19 16:21:05.0000002,17.340227
2014-12-26 21:10:45.0000001,7.6327276
2012-10-25 16:20:37.0000001,12.142238
2012-10-25 16:20:37.0000002,38.872406
2013-08-14 11:02:17.0000001,5.9630704
2013-08-14 11:02:17.0000002,22.208487
2010-10-01 01:22:01.0000001,10.346494
2012-12-07 19:33:49.0000002,64.02564
2012-12-07 19:33:49.0000001,6.301759
2011-07-11 01:40:45.0000001,8.154267
2013-07-18 01:45:01.0000001,6.4409795
2013-07-18 01:45:01.0000002,5.4908566
2009-06-25 10:29:21.0000002,3.9605913
2009-06-25 10:29:21.0000001,3.7102978
2012-07-31 20:04:53.0000005,5.442201
2012-07-31 20:04:53.0000003,5.3503566
2012-07-31 20:04:53.0000004,3.9965808
2012-07-31 20:04:53.0000001,7.4267178
2010-11-15 22:25:13.0000001,5.9636226
2015-06-08 05:02:45.0000002,12.093595
2015-06-08 05:02:45.0000001,24.719482
2013-12-08 20:26:29.0000001,6.190319
2013-12-08 20:26:29.0000002,11.14594
2013-12-08 20:26:29.0000003,9.24674
2009-05-10 00:24:57.0000002,10.972358
2009-05-10 00:24:57.0000004,4.904132
2009-05-10 00:24:57.0000003,8.643757
2009-05-10 00:24:57.0000005,5.570577
2009-05-10 00:24:57.0000001,4.585243
2009-02-28 10:19:41.0000002,3.8073473
2009-02-28 10:19:41.0000001,7.118555
2011-08-19 17:42:57.0000001,4.577173
2011-08-19 17:42:57.0000002,8.389662
2014-06-05 22:56:05.0000007,11.078698
2014-06-05 22:56:05.0000002,23.705376
2014-06-05 22:56:05.0000001,53.98405
2014-06-05 22:56:05.0000006,5.176511
2014-06-05 22:56:05.0000005,5.418105
2014-06-05 22:56:05.0000003,25.02641
2014-07-16 18:33:41.0000001,8.314673
2014-07-16 18:33:41.0000002,8.426341
2014-07-16 18:33:41.0000003,14.890509
2009-07-14 22:41:09.0000002,4.9180264
2009-07-14 22:41:09.0000004,4.3506575
2009-07-14 22:41:09.0000001,39.622585
2013-11-21 14:19:21.0000002,7.7060866
2015-01-02 11:55:57.0000005,6.678367
2015-01-02 11:55:57.0000002,9.923617
2015-01-02 11:55:57.0000004,25.281109
2015-01-02 11:55:57.0000001,7.927334
2011-09-26 22:26:57.0000001,5.6540794
2015-04-14 01:41:05.0000001,12.373783
2013-05-14 16:23:49.0000002,13.666742
2013-05-14 16:23:49.0000001,11.677165
2013-11-23 22:19:37.0000002,14.429135
2013-11-23 22:19:37.0000001,9.792905
2014-07-14 16:18:37.0000001,5.34583
2010-07-30 12:04:17.0000001,3.9264247
2010-07-30 12:04:17.0000002,8.018999
2011-07-27 21:48:49.0000002,7.5883927
2011-07-27 21:48:49.0000001,6.3967566
2014-03-18 19:55:17.0000003,5.9281564
2014-03-18 19:55:17.0000002,14.161171
2014-03-18 19:55:17.0000004,8.04389
2014-07-28 21:44:21.0000001,11.961249
2009-05-23 07:56:37.0000001,6.4256434
2010-06-05 23:05:25.0000004,11.226323
2010-06-05 23:05:25.0000005,4.432787
2010-06-05 23:05:25.0000003,10.636324
2010-06-05 23:05:25.0000001,8.085276
2010-06-05 23:05:25.0000002,10.243824
2012-07-01 19:59:49.0000001,5.7731695
2015-06-07 17:23:09.0000004,9.381469
2015-06-07 17:23:09.0000003,7.203012
2015-06-07 17:23:09.0000002,6.2769623
2015-06-07 17:23:09.0000001,10.700506
2013-03-10 07:31:45.0000001,5.615072
2011-03-24 17:44:01.0000001,9.647075
2011-03-24 17:44:01.0000003,7.7854037
2014-03-28 21:55:17.0000002,19.436977
2014-03-28 21:55:17.0000004,6.199091
2014-03-28 21:55:17.0000005,7.0949616
2014-03-28 21:55:17.0000006,7.1817465
2013-04-28 20:00:05.0000002,55.747345
2013-04-28 20:00:05.0000001,6.78878
2013-04-28 20:00:05.0000004,12.807109
2013-04-28 20:00:05.0000003,5.4269967
2012-04-27 18:37:09.0000003,10.176335
2012-04-27 18:37:09.0000001,9.865162
2012-04-27 18:37:09.0000004,10.657247
2014-04-05 18:11:33.0000001,10.698561
2013-11-07 22:25:25.0000002,16.071774
2010-06-19 03:06:33.0000002,5.550358
2012-06-30 03:53:29.0000003,8.743356
2012-06-30 03:53:29.0000001,15.086598
2011-09-15 02:11:49.0000002,16.430899
2011-09-15 02:11:49.0000001,21.91227
2012-08-08 04:45:25.0000001,46.973965
2011-05-19 16:01:41.0000004,5.823114
2011-05-19 16:01:41.0000002,5.930138
2011-05-19 16:01:41.0000005,5.1389656
2011-05-19 16:01:41.0000003,24.586792
2009-12-27 04:00:09.0000001,15.113041
2010-01-11 12:38:33.0000006,28.82996
2010-01-11 12:38:33.0000003,7.3150477
2010-01-11 12:38:33.0000005,5.152772
2010-01-11 12:38:33.0000001,6.134836
2010-01-11 12:38:33.0000004,6.4569955
2010-10-16 09:26:33.0000004,24.068302
2010-10-16 09:26:33.0000002,6.797973
2014-07-25 18:06:37.0000002,8.653646
2014-07-25 18:06:37.0000004,9.485824
2014-07-25 18:06:37.0000005,14.0311165
2014-07-25 18:06:37.0000003,7.6517887
2014-07-25 18:06:37.0000001,10.596978
2013-03-18 15:54:21.0000001,11.388777
2013-03-18 15:54:21.0000002,5.539718
2010-05-13 06:34:57.0000002,6.9046936
2010-05-13 06:34:57.0000001,7.513292
2009-05-16 08:13:05.0000001,24.698694
2014-05-13 21:07:29.0000003,7.6539407
2014-05-13 21:07:29.0000002,9.341487
2010-04-23 16:10:29.0000001,5.8903656
2010-04-23 16:10:29.0000003,7.6847563
2010-04-23 16:10:29.0000002,5.9333987
2015-05-25 22:13:09.0000002,90.623665
2015-05-25 22:13:09.0000001,16.050377
2013-11-16 18:33:25.0000003,6.7286224
2013-11-16 18:33:25.0000004,17.075314
2013-11-16 18:33:25.0000002,13.747048
2013-11-16 18:33:25.0000001,11.0653
2012-04-16 17:48:09.0000001,6.966671
2012-04-16 17:48:09.0000002,6.238947
2012-04-16 17:48:09.0000003,9.219373
2014-12-29 12:55:53.0000002,10.195095
2014-12-29 12:55:53.0000001,26.437428
2014-12-29 12:55:53.0000003,13.601856
2009-08-02 14:01:33.0000002,5.5504427
2009-08-02 14:01:33.0000003,31.31245
2009-08-02 14:01:33.0000001,4.8285074
2015-01-12 15:36:37.0000003,22.311619
2015-01-12 15:36:37.0000004,44.89861
2015-01-12 15:36:37.0000005,12.915549
2015-01-12 15:36:37.0000009,18.462896
2015-01-12 15:36:37.0000006,7.171174
2015-01-12 15:36:37.0000001,17.569519
2015-01-12 15:36:37.0000007,13.183454
2014-09-04 19:52:09.0000002,7.27268
2014-09-04 19:52:09.0000001,6.21579
2014-09-04 19:52:09.0000003,5.1075273
2014-09-04 19:52:09.0000004,20.060995
2009-06-01 17:42:01.0000001,12.663284
2009-06-01 17:42:01.0000002,9.186331
2009-06-01 17:42:01.0000003,5.402151
2010-09-21 01:35:09.0000001,10.059271
2010-09-21 01:35:09.0000002,6.790538
2013-05-26 15:18:37.0000004,23.322685
2013-05-26 15:18:37.0000002,8.982294
2009-09-20 23:07:01.0000002,6.7495313
2009-08-12 23:00:37.0000001,17.374973
2012-07-18 09:44:53.0000005,8.937834
2012-07-18 09:44:53.0000001,6.5558233
2012-07-18 09:44:53.0000004,4.6885366
2012-07-18 09:44:53.0000002,5.625287
2009-09-25 21:43:49.0000005,9.0402155
2009-09-25 21:43:49.0000007,13.21651
2009-09-25 21:43:49.0000003,6.5076647
2009-09-25 21:43:49.0000006,4.0063562
2009-09-25 21:43:49.0000008,11.257762
2009-09-25 21:43:49.0000001,7.054809
2009-03-22 20:58:33.0000002,11.51005
2009-03-22 20:58:33.0000001,8.9672365
2011-12-09 21:19:25.0000002,9.290398
2011-12-09 21:19:25.0000005,10.802951
2011-12-09 21:19:25.0000006,4.469415
2013-07-05 20:44:49.0000002,4.741866
2013-12-20 15:58:29.0000005,15.023724
2013-12-20 15:58:29.0000002,11.103544
2013-12-20 15:58:29.0000003,40.41802
2013-12-20 15:58:29.0000004,14.074769
2014-10-06 14:37:25.0000004,12.849929
2014-10-06 14:37:25.0000003,20.303474
2014-10-06 14:37:25.0000002,10.577535
2014-10-06 14:37:25.0000001,7.9078875
2015-01-18 23:09:25.0000003,26.923515
2015-01-18 23:09:25.0000002,8.48062
2014-05-01 14:11:21.0000002,14.927543
2014-05-01 14:11:21.0000004,8.034124
2014-05-01 14:11:21.0000005,8.954742
2014-05-01 14:11:21.0000006,7.034523
2014-05-01 14:11:21.0000001,10.940944
2014-05-01 14:11:21.0000003,20.84082
2012-05-22 14:54:45.0000002,7.139248
2012-05-22 14:54:45.0000001,6.6971292
2009-06-17 14:41:57.0000001,10.907522
2009-09-16 10:27:37.0000001,8.113093
2009-09-16 10:27:37.0000002,8.960062
2014-02-06 13:26:49.0000001,11.721839
2015-04-16 02:42:33.0000001,11.022631
2011-06-06 07:28:25.0000002,27.412134
2011-06-06 07:28:25.0000003,5.4042335
2011-06-06 07:28:25.0000001,4.8545237
2011-06-06 07:28:25.0000005,14.966251
2011-06-06 07:28:25.0000004,4.8820257
2013-02-27 19:25:13.0000003,18.321878
2013-02-27 19:25:13.0000007,12.451879
2013-02-27 19:25:13.0000006,13.34987
2013-02-27 19:25:13.0000004,5.609497
2013-02-27 19:25:13.0000002,5.5771475
2013-02-27 19:25:13.0000005,8.868088
2014-10-03 01:06:05.0000001,7.5827913
2014-10-03 01:06:05.0000002,5.289183
2010-06-26 00:14:53.0000001,7.8474927
2009-09-15 08:28:53.0000001,8.041211
2009-09-15 08:28:53.0000002,12.301975
2009-09-15 08:28:53.0000004,6.8772745
2009-09-15 08:28:53.0000005,6.0361676
2011-08-09 05:27:05.0000001,8.894013
2010-10-20 08:49:45.0000001,7.438541
2010-10-20 08:49:45.0000002,5.5391316
2012-02-08 11:14:49.0000002,5.885221
2012-02-08 11:14:49.0000001,7.193729
2012-02-08 11:14:49.0000004,8.493967
2013-08-07 02:16:45.0000001,33.48185
2012-10-26 00:32:13.0000001,16.503592
2012-07-18 22:34:53.0000001,5.54836
2011-05-17 22:09:17.0000001,13.48355
2009-04-04 00:20:37.0000001,17.14748
2009-04-04 00:20:37.0000003,7.9518394
2009-04-04 00:20:37.0000002,12.922039
2009-09-04 18:43:33.0000003,8.845981
2009-09-04 18:43:33.0000004,11.058794
2010-09-19 17:13:29.0000001,12.900013
2010-09-19 17:13:29.0000007,10.845773
2010-09-19 17:13:29.0000005,10.034649
2010-09-19 17:13:29.0000004,6.2601585
2010-09-19 17:13:29.0000003,12.579133
2010-09-19 17:13:29.0000002,9.539712
2013-03-19 18:08:29.0000003,11.004889
2013-03-19 18:08:29.0000004,12.319319
2011-11-22 00:15:25.0000002,5.763619
2011-11-22 00:15:25.0000001,10.139264
2011-04-23 11:01:49.0000005,4.1422515
2011-04-23 11:01:49.0000004,5.837141
2011-04-23 11:01:49.0000003,3.4738154
2012-10-19 06:56:29.0000001,6.5300884
2012-10-19 06:56:29.0000002,4.5106807
2009-12-16 14:45:21.0000002,5.8083606
2009-12-16 14:45:21.0000003,7.632474
2009-12-16 14:45:21.0000001,10.850631
2012-08-13 21:49:53.0000002,5.63179
2012-08-13 21:49:53.0000003,3.391395
2012-08-13 21:49:53.0000001,4.2112055
2010-11-08 10:01:37.0000001,5.5678906
2010-11-08 10:01:37.0000002,8.047932
2010-11-08 10:01:37.0000006,5.4764476
2010-11-08 10:01:37.0000007,10.600497
2010-11-08 10:01:37.0000005,30.541119
2010-11-08 10:01:37.0000004,4.468808
2010-12-05 16:35:49.0000001,5.765463
2010-12-05 16:35:49.0000002,9.331557
2014-10-15 12:10:49.0000001,11.259998
2009-04-01 19:28:09.0000004,14.57746
2009-04-01 19:28:09.0000002,8.17506
2009-04-01 19:28:09.0000003,5.5818524
2009-04-01 19:28:09.0000007,17.726364
2009-04-01 19:28:09.0000005,6.4336543
2009-04-01 19:28:09.0000006,9.874187
2011-11-26 02:04:29.0000002,9.769169
2011-11-26 02:04:29.0000001,11.327242
2009-01-11 07:56:01.0000003,5.871083
2009-01-11 07:56:01.0000002,3.6615388
2012-05-30 09:19:13.0000001,6.323935
2014-06-10 01:06:25.0000001,18.795778
2014-06-10 01:06:25.0000003,19.770203
2014-06-10 01:06:25.0000002,48.95107
2014-10-28 22:42:33.0000002,21.099327
2014-10-28 22:42:33.0000001,22.459734
2009-03-20 12:14:53.0000004,8.85873
2009-03-20 12:14:53.0000007,5.5344825
2009-03-20 12:14:53.0000002,8.834222
2009-03-20 12:14:53.0000005,12.17061
2009-03-20 12:14:53.0000001,5.1849375
2009-03-20 12:14:53.0000006,6.4999347
2009-03-20 12:14:53.0000003,17.149984
2010-06-20 12:42:37.0000003,6.732585
2010-06-20 12:42:37.0000001,14.242378
2014-08-05 16:09:05.0000001,6.489692
2014-11-06 01:40:49.0000003,4.94957
2014-11-06 01:40:49.0000002,14.039515
2014-11-06 01:40:49.0000001,8.61347
2014-07-19 21:05:37.0000005,4.8156686
2014-07-19 21:05:37.0000001,11.345742
2014-07-19 21:05:37.0000004,13.292403
2014-07-19 21:05:37.0000003,8.032699
2015-02-19 11:39:21.0000005,7.6749954
2015-02-19 11:39:21.0000002,10.770559
2015-02-19 11:39:21.0000003,7.591342
2012-10-02 14:17:13.0000003,7.519206
2012-10-02 14:17:13.0000002,10.12248
2012-04-17 09:47:57.0000001,6.917009
2012-04-17 09:47:57.0000003,14.072162
2012-04-17 09:47:57.0000002,29.64203
2011-04-16 00:01:17.0000002,14.552231
2011-04-16 00:01:17.0000001,4.9092813
2010-06-18 08:54:37.0000003,11.04532
2010-06-18 08:54:37.0000002,16.4376
2010-06-18 08:54:37.0000001,10.20196
2012-10-20 00:36:37.0000005,7.679399
2012-10-20 00:36:37.0000003,39.443623
2012-10-20 00:36:37.0000004,5.7493844
2014-06-19 22:37:09.0000001,7.231019
2014-06-19 22:37:09.0000003,9.89716
2014-06-19 22:37:09.0000005,14.903137
2011-05-11 13:24:37.0000004,8.338205
2011-05-11 13:24:37.0000001,8.571732
2011-05-11 13:24:37.0000003,5.234466
2014-04-09 08:42:05.0000002,11.2998905
2014-04-09 08:42:05.0000001,6.9032016
2014-10-13 00:42:05.0000001,15.172828
2013-12-08 10:41:05.0000003,6.033111
2013-12-08 10:41:05.0000008,15.333557
2013-12-08 10:41:05.0000006,11.259928
2013-12-08 10:41:05.0000004,6.73691
2013-12-08 10:41:05.0000001,12.236421
2013-12-08 10:41:05.0000005,9.492624
2013-02-14 02:02:13.0000001,4.988291
2009-07-04 13:00:57.0000001,9.893798
2009-07-04 13:00:57.0000003,8.4249325
2013-03-20 03:01:29.0000001,4.239681
2010-08-25 12:03:21.0000002,10.611378
2010-08-25 12:03:21.0000001,6.1672864
2013-09-08 03:47:57.0000001,18.441973
2013-09-08 03:47:57.0000003,8.714869
2012-12-19 16:29:33.0000002,9.944129
2012-12-19 16:29:33.0000001,6.2158527
2009-05-15 21:19:13.0000001,11.377039
2009-05-15 21:19:13.0000002,6.9333625
2012-06-06 17:33:05.0000001,9.947149
2012-06-06 17:33:05.0000002,5.7164445
2012-06-06 17:33:05.0000003,11.898343
2012-06-06 17:33:05.0000004,8.089389
2011-09-20 00:07:17.0000001,9.478823
2010-01-29 08:32:53.0000007,5.214868
2010-01-29 08:32:53.0000004,10.005101
2010-01-29 08:32:53.0000001,4.674213
2010-01-29 08:32:53.0000003,9.72283
2010-01-29 08:32:53.0000005,6.574635
2010-01-29 08:32:53.0000006,6.3974667
2015-05-15 01:51:49.0000002,10.589755
2015-05-15 01:51:49.0000001,12.050861
2015-05-15 01:51:49.0000005,8.836368
2015-05-15 01:51:49.0000004,4.3563952
2011-07-26 05:14:29.0000001,46.151276
2011-09-09 03:00:05.0000002,17.68623
2011-09-09 03:00:05.0000001,4.5773573
2012-11-12 10:06:17.0000004,6.9046164
2012-11-12 10:06:17.0000005,9.862393
2012-11-12 10:06:17.0000002,7.12849
2012-11-12 10:06:17.0000001,11.137408
2012-01-05 22:37:13.0000001,10.773677
2012-01-05 22:37:13.0000002,17.447067
2012-12-07 02:02:01.0000002,19.995205
2012-12-07 02:02:01.0000001,13.610899
2011-08-18 08:36:13.0000001,5.1901507
2011-08-18 08:36:13.0000004,7.0997353
2011-08-18 08:36:13.0000003,11.094886
2011-08-18 08:36:13.0000006,7.562638
2011-08-18 08:36:13.0000002,15.1064415
2014-05-16 15:30:05.0000002,8.148749
2014-05-16 15:30:05.0000001,9.503131
2014-03-15 07:19:25.0000001,11.973264
2009-12-21 17:23:09.0000001,5.583204
2013-12-01 22:23:57.0000002,6.2694774
2013-12-01 22:23:57.0000001,17.111597
2014-01-03 15:48:49.0000003,9.886364
2014-01-03 15:48:49.0000002,7.285072
2013-01-19 20:19:45.0000003,16.802555
2013-01-19 20:19:45.0000001,8.246477
2013-01-19 20:19:45.0000004,6.5633993
2012-08-31 03:00:21.0000001,5.3968906
2012-07-21 16:32:41.0000001,5.7074337
2012-07-21 16:32:41.0000002,4.268545
2012-12-20 23:43:09.0000002,19.542763
2012-12-20 23:43:09.0000006,7.195185
2012-12-20 23:43:09.0000005,13.887008
2012-12-20 23:43:09.0000003,6.0222197
2009-06-13 18:40:13.0000002,12.013121
2009-06-13 18:40:13.0000003,11.343405
2014-11-16 09:12:45.0000001,16.043177
2013-03-25 15:17:33.0000001,4.4375668
2009-09-28 05:36:49.0000001,7.028065
2013-07-08 17:31:29.0000001,6.155391
2013-07-08 17:31:29.0000002,19.678297
2010-11-27 12:54:09.0000005,5.2893825
2010-11-27 12:54:09.0000004,6.354058
2010-11-27 12:54:09.0000001,4.175745
2010-11-27 12:54:09.0000003,3.3729773
2010-11-27 12:54:09.0000002,16.393024
2011-02-15 02:43:33.0000002,11.4249935
2011-02-15 02:43:33.0000001,15.566442
2012-10-25 06:12:37.0000001,7.267543
2014-05-01 06:39:54.0000001,5.359326
2015-03-17 21:44:26.0000001,13.052036
2015-03-17 21:44:26.0000006,9.535178
2015-03-17 21:44:26.0000005,17.826752
2015-03-17 21:44:26.0000003,11.975153
2015-03-17 21:44:26.0000004,13.474505
2011-05-02 13:26:54.0000003,5.533996
2011-05-02 13:26:54.0000001,4.351144
2011-05-02 13:26:54.0000002,10.772598
2009-01-06 07:36:34.0000003,8.640081
2009-01-06 07:36:34.0000002,6.12597
2009-01-06 07:36:34.0000004,11.453428
2010-06-23 10:29:22.0000005,4.3827143
2010-06-23 10:29:22.0000001,14.054734
2010-06-23 10:29:22.0000004,5.084923
2010-06-23 10:29:22.0000003,11.898014
2010-06-23 10:29:22.0000002,10.568123
2013-01-22 08:20:26.0000001,4.9492207
2013-01-22 08:20:26.0000002,7.050478
2009-11-25 11:14:26.0000001,5.0222335
2009-11-25 11:14:26.0000002,9.042109
2012-12-04 06:52:02.0000001,12.968593
2012-12-04 06:52:02.0000002,13.173245
2012-12-04 06:52:02.0000003,9.57018
2014-05-27 10:31:46.0000001,8.640926
2014-05-27 10:31:46.0000003,21.085157
2014-05-27 10:31:46.0000002,19.417307
2009-09-20 22:15:46.0000001,8.53935
2011-06-30 08:40:22.0000001,5.131058
2011-06-30 08:40:22.0000002,8.492821
2010-05-10 09:14:30.0000003,7.8931947
2010-05-10 09:14:30.0000001,5.475169
2010-05-10 09:14:30.0000002,6.217113
2010-05-10 09:14:30.0000004,5.048805
2010-11-25 16:10:30.0000001,15.819856
2014-11-18 16:06:14.0000001,8.991768
2013-01-20 20:41:26.0000003,13.606201
2013-01-20 20:41:26.0000001,16.352486
2015-06-07 00:38:14.0000003,8.051999
2009-01-03 00:51:02.0000004,9.345858
2009-01-03 00:51:02.0000003,6.836871
2010-09-28 11:54:02.0000004,6.6265903
2010-09-28 11:54:02.0000005,9.333961
2010-09-28 11:54:02.0000003,6.8556547
2010-09-28 11:54:02.0000001,7.3907447
2010-09-28 11:54:02.0000002,20.097416
2013-11-07 17:01:14.0000001,40.584564
2013-11-07 17:01:14.0000006,6.4158683
2013-11-07 17:01:14.0000002,8.430943
2013-11-07 17:01:14.0000003,5.1480846
2013-11-07 17:01:14.0000005,6.5727105
2013-11-07 17:01:14.0000004,10.912344
2009-11-29 08:05:46.0000001,6.112137
2012-10-21 17:43:26.0000003,7.418818
2012-10-21 17:43:26.0000002,10.44958
2012-10-21 17:43:26.0000006,5.770369
2012-10-21 17:43:26.0000001,7.6457486
2012-10-21 17:43:26.0000004,20.18331
2012-10-21 17:43:26.0000005,9.213644
2013-07-31 06:52:46.0000001,5.1433015
2013-02-04 12:10:10.0000002,6.76228
2013-02-04 12:10:10.0000001,7.506192
2013-10-18 09:06:14.0000001,7.153966
2009-04-26 17:29:42.0000004,5.176113
2009-04-26 17:29:42.0000002,6.5268707
2009-04-26 17:29:42.0000005,9.910633
2009-04-26 17:29:42.0000003,7.39169
2009-04-26 17:29:42.0000006,6.939293
2015-04-12 21:56:22.0000004,20.087727
2015-04-12 21:56:22.0000002,9.468148
2015-04-12 21:56:22.0000001,52.93349
2015-02-25 22:00:38.0000003,27.095766
2015-02-25 22:00:38.0000006,11.8133
2015-02-25 22:00:38.0000001,16.067057
2015-02-25 22:00:38.0000004,12.079288
2015-02-25 22:00:38.0000005,24.028927
2013-12-30 00:48:42.0000003,4.993695
2013-12-30 00:48:42.0000002,18.439882
2013-12-30 00:48:42.0000001,9.18286
2012-11-20 21:15:22.0000004,9.611309
2012-11-20 21:15:22.0000001,6.0560336
2012-11-20 21:15:22.0000003,18.012947
2012-11-20 21:15:22.0000006,8.897091
2012-11-20 21:15:22.0000005,14.017917
2012-11-20 21:15:22.0000002,20.21062
2012-11-20 21:15:22.0000007,9.900725
2010-03-21 16:52:58.0000002,31.155993
2010-03-21 16:52:58.0000001,11.615275
2010-03-21 16:52:58.0000004,14.299301
2010-10-06 23:31:54.0000002,5.854512
2013-07-09 21:59:42.0000002,40.233547
2012-06-23 09:43:42.0000006,16.40731
2012-06-23 09:43:42.0000001,4.5927997
2012-06-23 09:43:42.0000003,8.993656
2012-06-23 09:43:42.0000005,5.910761
2009-01-21 20:04:30.0000004,8.478142
2009-01-21 20:04:30.0000008,7.2985854
2009-01-21 20:04:30.0000009,5.9938445
2009-01-21 20:04:30.0000003,7.9303637
2009-01-21 20:04:30.0000001,6.2690396
2009-01-21 20:04:30.0000005,7.1867537
2009-01-21 20:04:30.0000002,6.3109202
2009-01-21 20:04:30.0000007,4.641403
2013-12-18 14:26:58.0000003,24.918182
2013-12-18 14:26:58.0000001,10.566759
2014-04-26 18:02:26.0000002,12.186298
2014-04-26 18:02:26.0000001,10.551848
2010-11-21 00:32:50.0000003,5.563742
2010-11-21 00:32:50.0000002,12.391281
2010-11-21 00:32:50.0000001,5.469586
2013-02-07 21:29:22.0000003,8.9769335
2013-02-07 21:29:22.0000002,9.5438
2013-02-07 21:29:22.0000004,13.614411
2013-02-07 21:29:22.0000001,12.155848
2010-11-15 18:15:14.0000002,8.148505
2010-11-15 18:15:14.0000001,7.4337053
2010-11-15 18:15:14.0000003,6.1445956
2010-11-15 18:15:14.0000004,6.673739
2013-10-26 10:46:46.0000005,8.965467
2013-10-26 10:46:46.0000002,12.203607
2013-10-26 10:46:46.0000004,10.861413
2013-10-26 10:46:46.0000001,5.484524
2013-07-18 10:24:58.0000001,6.3711367
2010-05-14 04:15:54.0000001,6.645902
2013-09-14 18:51:46.0000002,12.592485
2009-05-27 23:09:54.0000001,10.340149
2013-05-23 23:54:42.0000002,9.290701
2013-05-23 23:54:42.0000006,6.120007
2013-05-23 23:54:42.0000001,13.426942
2013-05-23 23:54:42.0000005,15.709161
2013-05-23 23:54:42.0000003,11.655902
2015-05-23 01:00:22.0000001,5.3195386
2009-11-23 19:06:14.0000004,9.591668
2009-11-23 19:06:14.0000003,6.570829
2009-11-23 19:06:14.0000002,4.3333173
2009-11-23 19:06:14.0000006,52.235134
2011-06-22 00:06:34.0000001,6.5904346
2014-07-02 02:27:22.0000001,4.1865606
2012-11-18 14:55:42.0000002,6.588539
2012-11-18 14:55:42.0000003,7.606884
2012-11-18 14:55:42.0000004,6.6989083
2009-01-12 17:54:26.0000001,4.3018627
2012-10-10 06:59:02.0000002,8.2555685
2012-10-10 06:59:02.0000003,7.354691
2012-10-10 06:59:02.0000001,5.704432
2010-01-24 14:09:58.0000001,5.969981
2010-09-01 08:23:54.0000001,12.81634
2011-12-10 23:39:06.0000002,20.80601
2011-05-22 03:09:50.0000002,19.791029
2011-05-22 03:09:50.0000005,4.8479967
2011-05-22 03:09:50.0000001,6.0637217
2011-05-22 03:09:50.0000004,21.840439
2011-05-22 03:09:50.0000003,18.584938
2013-06-29 14:26:06.0000004,19.104982
2013-06-29 14:26:06.0000003,7.267653
2013-06-29 14:26:06.0000002,6.74817
2013-06-29 14:26:06.0000001,13.793166
2011-01-25 10:31:26.0000001,12.566876
2011-01-25 10:31:26.0000002,7.7792516
2013-02-11 01:03:30.0000001,22.877005
2009-12-17 15:54:46.0000005,10.255525
2009-12-17 15:54:46.0000003,5.123386
2009-12-17 15:54:46.0000001,9.379899
2009-12-17 15:54:46.0000004,5.906003
2012-03-17 05:33:02.0000001,10.271472
2009-10-24 19:48:30.0000001,5.014444
2009-10-24 19:48:30.0000002,7.036651
2009-10-24 19:48:30.0000003,12.57236
2013-03-23 00:10:26.0000004,33.80055
2013-03-23 00:10:26.0000002,5.2926865
2013-03-23 00:10:26.0000001,48.222267
2013-03-23 00:10:26.0000003,18.36068
2010-06-16 18:41:54.0000001,6.996747
2010-06-16 18:41:54.0000002,7.959191
2011-01-15 04:13:38.0000002,3.8905435
2014-07-27 11:25:18.0000001,4.9488354
2014-07-27 11:25:18.0000002,5.443632
2011-11-02 08:21:50.0000002,6.554777
2015-05-16 04:37:50.0000001,11.134237
2015-05-16 04:37:50.0000002,11.561871
2009-03-15 03:31:14.0000002,9.291575
2009-03-15 03:31:14.0000001,6.823665
2014-09-08 19:07:46.0000002,13.860498
2009-08-28 11:58:58.0000001,4.0993776
2010-04-24 23:31:50.0000001,5.500214
2010-04-24 23:31:50.0000003,10.534592
2013-06-13 14:50:50.0000002,13.408421
2013-06-13 14:50:50.0000001,9.535906
2010-07-07 06:22:38.0000002,16.716433
2010-07-07 06:22:38.0000001,7.8109956
2009-03-24 00:11:26.0000001,8.696161
2009-03-24 00:11:26.0000002,9.307288
2013-10-23 14:27:10.0000001,5.9120364
2011-03-03 21:31:42.0000007,12.765334
2011-03-03 21:31:42.0000001,5.9314723
2011-03-03 21:31:42.0000008,8.748421
2011-03-03 21:31:42.0000006,6.5589848
2011-03-03 21:31:42.0000005,6.3965707
2011-09-05 10:47:26.0000002,15.404784
2011-09-05 10:47:26.0000003,15.459633
2011-09-05 10:47:26.0000004,9.38843
2012-08-04 23:34:58.0000001,10.110888
2012-08-04 23:34:58.0000004,4.8556857
2012-08-04 23:34:58.0000002,5.9675813
2015-01-29 13:15:50.0000003,10.75173
2015-01-29 13:15:50.0000004,6.9330254
2015-01-29 13:15:50.0000007,10.087196
2015-01-29 13:15:50.0000006,12.353783
2015-01-29 13:15:50.0000008,4.6388564
2015-01-29 13:15:50.0000005,6.876592
2015-01-29 13:15:50.0000002,6.784924
2015-01-29 13:15:50.0000009,7.7072463
2012-09-16 12:48:06.0000004,7.1221104
2012-09-16 12:48:06.0000001,12.154772
2012-09-16 12:48:06.0000003,15.630611
2015-04-10 11:56:54.0000008,7.2428646
2015-04-10 11:56:54.0000001,13.927554
2015-04-10 11:56:54.0000002,27.69346
2015-04-10 11:56:54.0000007,57.590885
2015-04-10 11:56:54.0000003,8.061875
2015-05-05 12:32:14.0000007,11.46695
2015-05-05 12:32:14.0000006,11.221877
2015-05-05 12:32:14.0000003,10.623885
2015-05-05 12:32:14.0000004,5.1455393
2015-05-05 12:32:14.0000002,10.141608
2015-05-05 12:32:14.0000005,11.893413
2015-05-05 12:32:14.0000001,17.339663
2013-10-15 23:31:26.0000001,7.2789183
2014-08-24 01:17:38.0000001,5.0877514
2013-04-04 07:01:06.0000003,12.114788
2013-04-04 07:01:06.0000001,4.9205875
2013-04-04 07:01:06.0000002,8.666303
2013-06-21 18:06:14.0000001,8.62079
2013-06-21 18:06:14.0000005,12.101222
2013-06-21 18:06:14.0000004,6.3689814
2013-06-21 18:06:14.0000003,11.805635
2013-06-21 18:06:14.0000006,8.6122055
2009-08-03 21:09:42.0000001,5.857248
2009-08-03 21:09:42.0000003,6.010161
2009-08-03 21:09:42.0000002,8.243472
2009-08-03 21:09:42.0000004,5.5757604
2013-10-13 19:52:54.0000003,5.880294
2013-10-13 19:52:54.0000001,6.0992713
2014-11-14 11:09:46.0000001,7.4688783
2014-11-14 11:09:46.0000002,29.896013
2015-06-25 01:01:46.0000003,5.026067
2015-06-25 01:01:46.0000001,9.009618
2009-05-19 15:44:30.0000003,9.4357195
2014-01-26 08:48:30.0000001,15.645911
2014-01-26 08:48:30.0000002,4.8251534
2012-01-19 02:06:02.0000001,4.092675
2014-12-25 21:32:58.0000001,10.6963825
2012-08-09 07:49:02.0000001,10.82715
2012-08-09 07:49:02.0000003,15.791486
2012-08-09 07:49:02.0000002,7.027189
2014-08-10 05:03:50.0000001,30.729597
2010-01-11 15:18:14.0000002,5.539026
2010-01-11 15:18:14.0000003,4.816727
2010-01-11 15:18:14.0000004,8.971183
2010-01-11 15:18:14.0000001,6.7689824
2009-11-10 15:56:38.0000006,6.02794
2009-11-10 15:56:38.0000002,8.142055
2009-11-10 15:56:38.0000004,10.149976
2009-11-10 15:56:38.0000003,48.258953
2009-11-10 15:56:38.0000005,4.607528
2009-11-10 15:56:38.0000001,9.853309
2012-10-18 09:17:42.0000002,8.826491
2012-10-18 09:17:42.0000001,8.465916
2010-12-06 13:19:58.0000003,5.834932
2010-12-06 13:19:58.0000002,8.348224
2010-12-06 13:19:58.0000001,9.096301
2011-07-30 15:27:58.0000003,6.986556
2011-07-30 15:27:58.0000002,6.817163
2011-07-20 04:21:54.0000001,5.345039
2011-07-20 04:21:54.0000002,7.5320063
2009-03-10 19:51:34.0000003,5.5549307
2009-03-10 19:51:34.0000004,11.242425
2009-03-10 19:51:34.0000005,4.9705434
2009-03-10 19:51:34.0000002,12.069967
2009-03-10 19:51:34.0000001,6.058529
2011-11-15 22:33:42.0000001,8.671703
2011-11-15 22:33:42.0000002,13.417697
2010-09-24 22:40:06.0000005,7.1898336
2010-09-24 22:40:06.0000003,24.830132
2010-09-24 22:40:06.0000006,6.8598347
2010-09-24 22:40:06.0000002,8.386009
2010-09-24 22:40:06.0000001,7.684481
2010-02-06 17:37:10.0000007,4.2070093
2010-02-06 17:37:10.0000004,5.4327917
2010-02-06 17:37:10.0000006,6.8071675
2010-02-06 17:37:10.0000003,4.8708644
2012-05-11 02:43:18.0000002,7.720801
2012-05-11 02:43:18.0000001,3.7694647
2011-09-25 21:18:06.0000001,8.277954
2011-09-25 21:18:06.0000002,11.375183
2013-12-18 03:16:02.0000001,14.291356
2012-01-26 01:32:42.0000001,8.536628
2012-01-26 01:32:42.0000002,4.263245
2011-10-02 03:06:34.0000001,7.0743184
2012-03-31 12:52:46.0000002,6.899548
2012-03-31 12:52:46.0000001,19.174086
2014-06-15 00:51:42.0000001,16.221716
2009-04-21 17:27:58.0000001,8.6317005
2009-04-21 17:27:58.0000002,6.4676337
2012-08-13 15:02:26.0000002,5.6152062
2012-08-13 15:02:26.0000003,7.176418
2014-10-27 11:56:50.0000001,6.8552356
2014-10-27 11:56:50.0000002,18.706736
2014-10-27 11:56:50.0000003,11.315955
2009-09-29 18:03:18.0000001,12.161171
2011-10-30 16:52:26.0000001,5.2220297
2011-10-30 16:52:26.0000002,5.758587
2014-11-24 23:39:26.0000002,19.163227
2014-11-24 23:39:26.0000001,28.809992
2011-08-16 14:41:50.0000001,8.496801
2011-08-16 14:41:50.0000003,5.870566
2011-08-16 14:41:50.0000002,8.319946
2013-01-14 18:42:54.0000002,20.463326
2013-01-14 18:42:54.0000006,6.5630507
2013-01-14 18:42:54.0000001,5.147995
2013-01-14 18:42:54.0000007,4.273433
2013-01-14 18:42:54.0000008,9.982862
2009-04-18 23:09:34.0000002,12.201185
2009-11-11 21:20:18.0000001,5.4706793
2009-11-11 21:20:18.0000003,15.507074
2012-07-24 01:12:50.0000004,16.716097
2012-07-24 01:12:50.0000003,5.7109985
2012-07-24 01:12:50.0000001,13.447748
2012-07-24 01:12:50.0000002,6.9800577
2012-07-24 01:12:50.0000005,11.565555
2009-04-18 02:44:34.0000003,7.6686225
2009-04-18 02:44:34.0000002,12.226017
2014-07-18 06:32:22.0000001,6.8006063
2014-01-10 12:28:38.0000001,11.149904
2011-08-08 15:27:22.0000001,3.931809
2014-07-30 14:42:34.0000001,8.349142
2014-07-30 14:42:34.0000003,28.738462
2014-07-30 14:42:34.0000002,16.383984
2014-08-26 16:39:54.0000002,14.504951
2014-10-11 00:26:38.0000002,15.362551
2014-10-11 00:26:38.0000003,13.1087
2014-10-11 00:26:38.0000001,13.339576
2014-10-11 00:26:38.0000005,11.891725
2014-10-11 00:26:38.0000007,5.721966
2014-10-11 00:26:38.0000006,22.169918
2009-08-15 14:25:02.0000001,10.572302
2009-09-22 06:43:46.0000001,5.4723907
2014-05-14 00:00:34.0000001,8.71852
2014-05-14 00:00:34.0000002,11.230846
2014-10-14 01:57:26.0000001,4.585668
2009-05-31 20:56:38.0000002,38.96958
2009-05-31 20:56:38.0000003,7.754334
2009-05-31 20:56:38.0000001,4.7040215
2009-07-11 12:59:58.0000001,8.273539
2010-06-02 15:33:06.0000001,4.9228344
2010-06-02 15:33:06.0000002,5.4826937
2010-06-02 15:33:06.0000003,4.6619096
2010-01-30 02:13:06.0000002,4.4176188
2010-01-30 02:13:06.0000001,4.7082624
2010-01-30 02:13:06.0000003,10.090926
2014-01-05 17:47:02.0000003,7.274783
2014-01-05 17:47:02.0000002,10.325658
2009-03-21 09:59:50.0000003,47.673496
2009-03-21 09:59:50.0000002,10.1372175
2009-03-21 09:59:50.0000001,4.9474115
2009-08-26 23:55:38.0000002,8.622697
2009-06-09 15:10:50.0000002,49.44328
2009-06-09 15:10:50.0000001,4.354503
2011-09-18 06:14:54.0000001,7.42455
2009-03-27 16:05:22.0000004,32.257607
2009-03-27 16:05:22.0000005,5.1429133
2009-03-27 16:05:22.0000001,9.537712
2009-03-27 16:05:22.0000006,6.8363495
2009-03-27 16:05:22.0000003,10.00058
2009-03-27 16:05:22.0000002,6.7001157
2015-05-29 10:02:42.0000005,9.157059
2015-05-29 10:02:42.0000003,7.625718
2015-05-29 10:02:42.0000004,8.19669
2012-09-07 23:20:34.0000004,18.76807
2012-09-07 23:20:34.0000003,13.410076
2012-09-07 23:20:34.0000001,6.0755305
2014-03-07 10:36:50.0000002,9.125117
2014-03-07 10:36:50.0000001,10.093579
2013-03-17 23:47:50.0000002,17.460314
2013-03-17 23:47:50.0000001,6.562915
2015-06-30 20:03:50.0000005,9.995034
2015-06-30 20:03:50.0000001,114.53324
2015-06-30 20:03:50.0000003,10.488285
2015-06-30 20:03:50.0000004,6.65286
2015-05-11 02:21:26.0000002,4.44428
2015-05-11 02:21:26.0000001,12.997211
2015-01-10 14:32:14.0000001,9.462378
2014-12-05 14:14:14.0000001,10.325707
2014-12-05 14:14:14.0000002,12.27412
2012-04-23 12:23:18.0000001,7.3310394
2012-04-23 12:23:18.0000003,4.772831
2012-04-23 12:23:18.0000002,33.446365
2012-09-01 13:33:14.0000003,7.1963778
2012-09-01 13:33:14.0000002,11.1843815
2012-09-01 13:33:14.0000001,13.392878
2011-04-17 14:55:58.0000001,4.085442
2010-05-31 20:43:42.0000002,7.652716
2013-11-22 23:44:34.0000002,13.578674
2013-11-22 23:44:34.0000001,7.9657574
2013-05-17 05:30:10.0000002,11.320953
2013-05-17 05:30:10.0000001,7.335018
2009-07-28 11:13:10.0000001,10.80995
2014-05-18 14:43:26.0000001,10.880012
2014-05-18 14:43:26.0000002,6.706632
2014-05-18 14:43:26.0000003,6.484032
2011-10-08 18:18:26.0000005,9.57004
2011-10-08 18:18:26.0000001,4.4679112
2011-10-08 18:18:26.0000004,13.844747
2013-09-27 04:39:14.0000001,10.382343
2011-02-08 01:44:18.0000001,11.650363
2015-01-12 06:21:38.0000001,7.032296
2015-01-12 06:21:38.0000002,20.331951
2010-03-23 13:23:34.0000004,5.2372837
2010-03-23 13:23:34.0000002,14.106998
2010-03-23 13:23:34.0000001,4.7866535
2009-04-02 06:19:02.0000001,8.9021
2012-01-12 18:05:10.0000003,9.674282
2012-01-12 18:05:10.0000001,25.217192
2014-11-21 02:04:42.0000002,11.128364
2014-11-21 02:04:42.0000003,13.320737
2014-11-21 02:04:42.0000001,26.317633
2010-10-09 03:54:42.0000001,8.143557
2012-04-03 12:26:14.0000002,5.3980412
2012-04-03 12:26:14.0000001,32.7696
2012-04-03 12:26:14.0000003,10.628223
2010-12-21 08:46:02.0000005,10.780542
2010-12-21 08:46:02.0000004,8.4015255
2010-12-21 08:46:02.0000003,10.216812
2010-06-19 22:52:30.0000002,5.856461
2010-06-19 22:52:30.0000001,11.098257
2013-01-03 01:43:10.0000001,24.704315
2013-11-24 03:44:46.0000004,11.861862
2013-11-24 03:44:46.0000002,17.288069
2013-11-24 03:44:46.0000005,15.202039
2011-04-16 12:57:18.0000001,6.746619
2012-10-11 22:24:18.0000001,12.646038
2010-12-13 23:24:02.0000002,9.250998
2010-12-13 23:24:02.0000001,9.745907
2011-09-14 23:42:46.0000001,10.969347
2011-05-17 23:42:46.0000001,4.72605
2011-05-17 23:42:46.0000004,45.27495
2011-05-17 23:42:46.0000002,10.672648
2011-05-17 23:42:46.0000005,4.368002
2011-05-17 23:42:46.0000007,8.348642
2013-06-30 03:37:26.0000002,5.5049367
2013-06-30 03:37:26.0000005,20.547089
2013-06-30 03:37:26.0000001,4.9329376
2013-06-30 03:37:26.0000004,17.643076
2011-05-26 21:36:54.0000001,4.987991
2009-11-09 06:00:22.0000001,4.2748876
2014-01-09 17:27:18.0000002,33.341393
2014-01-09 17:27:18.0000001,5.3548746
2014-01-09 17:27:18.0000005,9.662372
2014-01-09 17:27:18.0000006,5.468442
2014-01-09 17:27:18.0000007,7.9841647
2012-07-01 00:24:58.0000003,7.4872174
2012-07-01 00:24:58.0000001,8.6677
2012-07-01 00:24:58.0000002,13.1731825
2010-06-02 14:55:22.0000003,6.7221437
2010-06-02 14:55:22.0000002,4.9903684
2010-06-02 14:55:22.0000004,6.407303
2010-06-02 14:55:22.0000006,6.9923916
2010-06-02 14:55:22.0000001,15.949677
2010-06-02 14:55:22.0000005,8.301075
2013-03-07 08:50:34.0000001,19.628155
2013-03-07 08:50:34.0000005,7.1357136
2013-03-07 08:50:34.0000002,15.111325
2013-03-07 08:50:34.0000006,13.378202
2013-03-07 08:50:34.0000003,13.154377
2013-03-07 08:50:34.0000004,13.853426
2013-10-28 00:33:30.0000001,8.340064
2013-11-23 16:33:30.0000003,12.8620825
2013-11-23 16:33:30.0000001,7.5523295
2014-11-06 07:56:46.0000002,7.535673
2014-11-06 07:56:46.0000001,8.220756
2013-04-05 12:38:22.0000001,17.52207
2014-11-06 02:02:10.0000001,5.913988
2012-10-09 07:47:46.0000002,9.55572
2012-10-09 07:47:46.0000001,12.161531
2012-10-09 07:47:46.0000003,10.645237
2012-10-09 07:47:46.0000004,10.408387
2012-10-09 07:47:46.0000005,5.7071033
2013-11-21 22:21:58.0000001,17.74438
2014-12-20 01:57:26.0000001,9.091084
2014-12-20 01:57:26.0000004,5.933683
2014-12-20 01:57:26.0000003,11.354367
2014-12-20 01:57:26.0000002,6.156873
2010-01-09 13:24:22.0000003,5.729074
2011-11-02 02:18:18.0000001,19.571495
2009-03-11 21:46:54.0000003,8.979493
2009-03-11 21:46:54.0000005,16.214872
2009-03-11 21:46:54.0000001,8.524193
2009-03-11 21:46:54.0000004,25.710445
2014-12-07 03:45:18.0000001,7.7596426
2014-12-07 03:45:18.0000002,16.297516
2014-12-07 03:45:18.0000004,19.049932
2014-12-07 03:45:18.0000003,8.335445
2014-11-29 19:23:58.0000001,11.215866
2010-03-04 09:49:38.0000002,18.371927
2010-03-04 09:49:38.0000001,8.630181
2010-03-04 09:49:38.0000003,3.7848148
2009-10-10 06:52:06.0000001,5.514646
2009-10-10 06:52:06.0000002,10.404465
2012-08-22 20:54:46.0000003,7.0406394
2012-08-22 20:54:46.0000001,8.488978
2012-08-22 20:54:46.0000002,6.3757133
2015-05-01 07:49:14.0000001,4.7406387
2009-02-21 20:49:34.0000001,8.524696
2012-08-10 14:04:14.0000005,7.66658
2012-08-10 14:04:14.0000006,22.3616
2012-08-10 14:04:14.0000004,6.141
2012-08-10 14:04:14.0000003,5.2641444
2012-08-10 14:04:14.0000007,5.101306
2012-08-10 14:04:14.0000002,9.606821
2013-05-10 21:08:18.0000002,20.426239
2013-05-10 21:08:18.0000003,8.494899
2013-05-10 21:08:18.0000005,5.763119
2013-05-10 21:08:18.0000004,12.530997
2013-05-10 21:08:18.0000001,4.9482284
2009-09-25 12:59:18.0000001,8.192224
2014-08-02 21:05:42.0000002,13.466444
2014-08-02 21:05:42.0000001,6.0315485
2013-10-29 20:16:10.0000002,5.704258
2013-10-29 20:16:10.0000001,15.968559
2009-11-11 22:49:46.0000003,9.508759
2009-11-11 22:49:46.0000002,7.605801
2009-11-11 22:49:46.0000001,5.2453556
2009-10-17 03:52:42.0000002,7.0970664
2009-10-17 03:52:42.0000007,5.7999125
2009-10-17 03:52:42.0000006,6.223256
2009-10-17 03:52:42.0000003,13.775341
2009-10-17 03:52:42.0000001,5.7583094
2009-10-17 03:52:42.0000004,5.7202034
2014-02-27 09:36:26.0000007,11.805919
2014-02-27 09:36:26.0000008,8.685398
2014-02-27 09:36:26.0000002,5.675724
2014-02-27 09:36:26.0000005,5.7647324
2014-02-27 09:36:26.0000003,6.1893015
2014-02-27 09:36:26.0000006,10.741518
2014-02-27 09:36:26.0000004,15.370642
2014-02-27 09:36:26.0000009,4.3354335
2012-12-26 17:12:30.0000003,9.324134
2012-12-26 17:12:30.0000005,21.575752
2012-12-26 17:12:30.0000001,7.7539296
2012-12-26 17:12:30.0000004,10.061189
2014-03-11 20:24:02.0000003,8.148049
2014-03-11 20:24:02.0000002,7.11677
2014-03-11 20:24:02.0000004,7.2289863
2011-01-29 09:28:38.0000002,7.0312424
2011-01-29 09:28:38.0000001,7.7560835
2011-01-29 09:28:38.0000003,7.7491336
2011-01-29 09:28:38.0000005,5.7273507
2011-01-29 09:28:38.0000004,7.120526
2015-05-07 15:33:26.0000003,6.0147614
2015-05-07 15:33:26.0000007,6.493552
2015-05-07 15:33:26.0000001,10.482988
2015-05-07 15:33:26.0000002,12.956605
2015-05-07 15:33:26.0000006,6.619536
2010-10-25 13:31:22.0000003,5.039214
2010-10-25 13:31:22.0000002,15.444733
2010-10-25 13:31:22.0000001,4.8724685
2010-10-25 13:31:22.0000004,10.351182
2012-09-10 21:07:54.0000005,19.76293
2012-09-10 21:07:54.0000004,12.67493
2012-09-10 21:07:54.0000003,4.896436
2012-09-10 21:07:54.0000007,10.444389
2012-09-10 21:07:54.0000002,11.4214325
2012-09-10 21:07:54.0000006,9.565984
2012-09-10 21:07:54.0000001,7.5202355
2012-04-15 21:54:22.0000001,6.807282
2012-04-20 00:06:10.0000007,6.369117
2012-04-20 00:06:10.0000001,7.1033597
2012-04-20 00:06:10.0000002,7.831989
2012-04-20 00:06:10.0000006,7.0334926
2012-04-20 00:06:10.0000005,4.560445
2012-04-20 00:06:10.0000008,13.1579685
2012-06-12 23:10:42.0000001,10.644197
2012-06-12 23:10:42.0000003,10.620869
2012-06-12 23:10:42.0000002,31.247332
2009-04-30 22:25:26.0000004,12.057545
2009-04-30 22:25:26.0000003,10.709327
2009-04-30 22:25:26.0000002,6.420625
2009-04-30 22:25:26.0000001,5.8261657
2011-02-20 06:18:34.0000001,27.883177
2011-02-20 06:18:34.0000002,5.0776176
2013-04-21 19:50:54.0000003,41.672527
2011-06-11 21:33:18.0000001,12.887182
2013-02-06 18:21:18.0000006,9.041581
2013-02-06 18:21:18.0000002,9.720645
2013-02-06 18:21:18.0000003,13.463578
2013-02-06 18:21:18.0000004,6.9193487
2014-05-01 21:05:34.0000002,5.508971
2014-05-01 21:05:34.0000003,16.608421
2013-07-21 11:41:26.0000001,15.288416
2013-07-21 11:41:26.0000002,5.00141
2011-04-22 19:23:54.0000001,11.073737
2011-04-22 19:23:54.0000003,6.691586
2011-04-22 19:23:54.0000002,46.625797
2012-09-04 05:46:50.0000001,5.156419
2012-09-04 05:46:50.0000002,25.45021
2009-03-24 11:57:34.0000005,12.60322
2009-03-24 11:57:34.0000004,5.762632
2009-03-24 11:57:34.0000003,4.2035766
2009-03-24 11:57:34.0000002,3.638707
2009-03-24 11:57:34.0000001,5.044195
2011-07-05 22:05:34.0000001,7.62672
2011-09-17 15:41:06.0000001,7.008482
2011-09-17 15:41:06.0000003,5.8507514
2011-12-25 04:37:10.0000001,10.329146
2015-03-05 13:21:58.0000002,11.874298
2015-03-05 13:21:58.0000003,7.8807936
2014-09-01 09:16:10.0000001,8.366865
2015-06-21 17:16:10.0000007,7.0615835
2015-06-21 17:16:10.0000002,13.409272
2015-06-21 17:16:10.0000006,14.200915
2015-06-21 17:16:10.0000003,12.016584
2015-06-21 17:16:10.0000004,9.826287
2010-06-02 22:04:10.0000003,7.946677
2010-06-02 22:04:10.0000004,14.365229
2010-06-02 22:04:10.0000005,6.6582537
2010-06-02 22:04:10.0000006,5.5475445
2014-03-01 09:37:02.0000001,5.7910132
2014-03-01 09:37:02.0000002,5.850089
2014-03-01 09:37:02.0000003,54.263027
2011-07-18 12:12:18.0000001,6.1335006
2011-07-18 12:12:18.0000003,5.452263
2011-07-18 12:12:18.0000002,6.983163
2015-02-27 19:36:02.0000009,13.620253
2015-02-27 19:36:02.00000010,5.089528
2015-02-27 19:36:02.00000012,13.987881
2015-02-27 19:36:02.0000004,6.4184933
2015-02-27 19:36:02.00000011,8.473885
2015-02-27 19:36:02.0000003,9.561257
2015-02-27 19:36:02.0000001,30.41969
2015-02-27 19:36:02.0000002,7.2757025
2015-02-27 19:36:02.0000007,23.953875
2012-04-16 21:10:10.0000001,9.029553
2015-06-14 08:26:26.0000001,4.86229
2014-01-15 22:45:42.0000003,7.217975
2014-01-15 22:45:42.0000001,58.605404
2014-01-15 22:45:42.0000002,12.656402
2013-04-06 19:16:10.0000001,4.456972
2013-04-06 19:16:10.0000003,9.055374
2013-04-06 19:16:10.0000004,8.376379
2013-04-06 19:16:10.0000005,13.057611
2014-03-08 16:08:26.0000002,13.533544
2014-03-08 16:08:26.0000004,5.274285
2013-12-06 23:40:42.0000001,9.928482
2013-12-06 23:40:42.0000006,35.608757
2013-12-06 23:40:42.0000002,39.69808
2013-12-06 23:40:42.0000003,14.090312
2013-08-19 17:09:50.0000001,4.9164124
2013-08-19 17:09:50.0000002,10.760162
2013-08-19 17:09:50.0000004,6.7097654
2013-08-19 17:09:50.0000003,11.568129
2009-11-02 21:38:38.0000001,10.814079
2009-06-03 09:11:30.0000004,8.9556675
2009-06-03 09:11:30.0000003,13.505662
2009-06-03 09:11:30.0000002,8.460242
2009-06-03 09:11:30.0000005,5.6580825
2015-03-12 13:01:54.0000002,9.867796
2015-03-12 13:01:54.0000005,13.840397
2015-03-12 13:01:54.0000004,9.957802
2015-03-12 13:01:54.0000001,5.8790216
2013-02-05 06:13:58.0000003,13.403402
2013-02-05 06:13:58.0000002,54.068077
2013-02-05 06:13:58.0000001,18.224377
2014-05-19 06:39:34.0000001,5.499652
2014-10-04 21:48:22.0000003,6.7839303
2014-10-04 21:48:22.0000002,8.584018
2014-10-04 21:48:22.0000004,31.747274
2012-01-22 04:13:34.0000005,10.692733
2012-01-22 04:13:34.0000006,5.8187428
2012-01-22 04:13:34.0000004,8.642537
2012-01-22 04:13:34.0000002,12.205692
2010-07-27 06:13:02.0000001,18.227917
2013-06-21 11:19:18.0000002,5.8026843
2013-06-21 11:19:18.0000001,10.279708
2010-12-23 05:52:26.0000001,29.285707
2010-12-23 05:52:26.0000002,46.785957
2010-12-17 10:33:34.0000004,8.549442
2010-12-17 10:33:34.0000002,4.94296
2012-06-04 11:34:58.0000003,9.28019
2012-06-04 11:34:58.0000004,6.7618628
2012-06-04 11:34:58.0000001,16.331587
2009-07-05 16:31:30.0000001,4.171578
2009-07-05 16:31:30.0000002,6.4301524
2009-07-05 16:31:30.0000003,24.33258
2012-12-08 20:08:38.0000004,4.991566
2012-12-08 20:08:38.0000003,11.030481
2012-12-08 20:08:38.0000005,12.31091
2010-06-23 08:34:50.0000003,8.9647
2010-06-23 08:34:50.0000002,5.180456
2010-06-23 08:34:50.0000001,7.0467453
2012-03-07 10:57:46.0000001,8.7143955
2012-03-07 10:57:46.0000004,15.132438
2012-03-07 10:57:46.0000005,6.305056
2012-03-07 10:57:46.0000002,7.5272746
2012-03-07 10:57:46.0000003,8.377263
2010-02-24 07:06:54.0000001,6.9059305
2013-12-29 01:20:50.0000003,17.607597
2013-12-29 01:20:50.0000001,6.957531
2014-03-28 22:34:26.0000001,26.06483
2014-03-28 22:34:26.0000004,4.857129
2014-03-28 22:34:26.0000003,10.590855
2010-12-04 21:08:38.0000002,10.489409
2010-12-04 21:08:38.0000001,15.6342535
2010-12-04 21:08:38.0000006,7.383781
2010-12-04 21:08:38.0000003,6.5202503
2010-03-07 17:09:42.0000002,23.951605
2010-03-07 17:09:42.0000003,5.819188
2010-03-07 17:09:42.0000001,11.363406
2010-03-07 17:09:42.0000004,12.261712
2013-09-07 19:43:18.0000004,13.975113
2013-09-07 19:43:18.0000005,19.086681
2013-09-07 19:43:18.0000006,11.236504
2013-09-07 19:43:18.0000008,8.9249525
2013-09-07 19:43:18.0000001,7.3691077
2013-12-20 15:31:06.0000001,9.296678
2013-12-20 15:31:06.0000002,9.794512
2010-09-06 04:31:54.0000001,18.761354
2013-11-01 05:26:54.0000001,56.535168
2010-03-07 00:47:26.0000004,16.048084
2012-03-20 01:55:42.0000001,19.721762
2011-10-02 05:06:46.0000001,13.359472
2010-10-31 18:45:58.0000003,5.2380524
2010-10-31 18:45:58.0000002,18.791943
2010-10-31 18:45:58.0000001,7.6688104
2010-10-31 18:45:58.0000005,4.7317553
2015-02-03 09:00:58.0000002,10.5501795
2012-08-08 08:58:50.0000001,7.405922
2012-08-08 08:58:50.0000004,5.2357183
2012-08-08 08:58:50.0000005,6.958758
2012-08-08 08:58:50.0000003,8.487595
2011-04-08 15:01:02.0000001,9.587411
2011-04-08 15:01:02.0000003,6.476649
2009-01-14 03:42:38.0000001,9.090494
2015-01-10 09:38:54.0000007,12.206968
2015-01-10 09:38:54.0000003,7.518883
2015-01-10 09:38:54.0000004,14.576063
2010-12-04 09:25:10.0000001,10.860276
2010-12-04 09:25:10.0000002,8.183607
2009-05-12 17:08:06.0000001,15.047781
2013-11-07 02:07:22.0000001,17.915194
2014-10-03 00:50:06.0000004,16.66809
2014-10-03 00:50:06.0000001,7.019385
2014-10-03 00:50:06.0000002,14.201902
2010-06-18 19:19:26.0000001,29.950768
2010-06-18 19:19:26.0000002,4.917583
2010-06-18 19:19:26.0000003,5.9941535
2010-05-10 03:55:14.0000001,8.232424
2013-06-21 00:00:34.0000001,20.49084
2013-06-21 00:00:34.0000002,21.105923
2013-06-21 00:00:34.0000003,12.845636
2009-03-11 16:02:14.0000006,7.0311766
2009-03-11 16:02:14.0000004,6.904418
2009-03-11 16:02:14.0000002,10.208565
2009-03-11 16:02:14.0000001,4.094783
2009-03-11 16:02:14.0000005,7.6297708
2009-03-11 16:02:14.0000003,6.2393303
2013-07-05 17:38:14.0000001,9.710884
2013-08-26 01:11:14.0000002,10.917135
2013-08-26 01:11:14.0000001,9.492904
2012-07-30 01:49:10.0000001,3.9044194
2012-07-30 01:49:10.0000002,17.692713
2011-05-13 03:57:10.0000001,6.3948646
2012-02-29 12:03:34.0000004,11.208951
2012-02-29 12:03:34.0000002,4.8584557
2012-02-29 12:03:34.0000001,8.92926
2013-12-17 17:59:22.0000001,5.5283623
2012-09-18 09:58:54.0000003,10.759961
2012-09-18 09:58:54.0000002,36.255257
2012-09-18 09:58:54.0000001,11.940309
2013-07-23 18:56:30.0000002,6.6878366
2013-07-23 18:56:30.0000001,7.308971
2014-05-15 01:39:14.0000001,30.06262
2013-09-16 14:16:34.0000003,7.15634
2013-09-16 14:16:34.0000001,39.19875
2014-01-04 17:27:38.0000001,25.793507
2014-01-04 17:27:38.0000002,10.116219
2014-01-04 17:27:38.0000003,9.95627
2011-03-10 18:16:14.0000003,7.7200885
2011-03-10 18:16:14.0000004,5.810768
2011-03-10 18:16:14.0000001,5.013628
2013-04-05 06:42:26.0000002,7.3671556
2013-04-05 06:42:26.0000001,12.633951
2009-03-11 12:01:30.0000001,14.077131
2009-03-11 12:01:30.0000002,5.5354056
2009-03-11 12:01:30.0000004,6.838414
2015-01-20 05:31:06.0000001,57.048836
2009-08-03 17:06:06.0000001,5.913566
2014-01-05 08:51:10.0000001,6.064312
2010-03-13 01:23:10.0000002,21.135181
2010-03-13 01:23:10.0000003,4.9322677
2012-05-30 02:28:50.0000001,10.190839
2012-07-26 12:40:38.0000002,6.813633
2012-07-26 12:40:38.0000001,30.73297
2012-07-26 12:40:38.0000003,9.307565
2010-09-22 16:28:54.0000003,7.369506
2010-09-22 16:28:54.0000001,8.947054
2010-09-22 16:28:54.0000002,29.385574
2014-05-26 22:57:10.0000002,5.9186006
2014-05-26 22:57:10.0000003,13.710258
2014-05-26 22:57:10.0000005,5.884687
2014-05-26 22:57:10.0000004,10.87595
2012-02-11 07:03:34.0000001,3.8548129
2010-06-27 05:03:38.0000001,5.9589524
2014-09-29 11:51:06.0000001,21.204443
2014-09-29 11:51:06.0000002,6.4120955
2010-09-04 18:31:42.0000002,11.15922
2010-09-04 18:31:42.0000001,20.905544
2015-04-14 19:20:46.0000001,10.2439
2015-04-14 19:20:46.0000005,5.770296
2015-04-14 19:20:46.00000010,4.9095454
2015-04-14 19:20:46.0000007,4.5532703
2015-04-14 19:20:46.0000004,5.990976
2015-04-14 19:20:46.0000003,12.290551
2015-04-14 19:20:46.0000006,7.8494506
2015-04-14 19:20:46.0000002,8.1868305
2015-04-14 19:20:46.0000009,10.830109
2009-07-20 08:53:34.0000002,4.898915
2009-07-20 08:53:34.0000001,7.2848306
2013-04-03 16:09:02.0000002,4.5576234
2013-04-03 16:09:02.0000001,73.04966
2009-11-20 23:19:58.0000001,6.8482
2009-11-20 23:19:58.0000002,9.991928
2012-08-04 09:01:54.0000002,10.457321
2012-08-04 09:01:54.0000001,4.02215
2011-09-22 20:05:22.0000007,9.064652
2011-09-22 20:05:22.0000001,10.038492
2011-09-22 20:05:22.0000005,10.484637
2011-09-22 20:05:22.0000006,5.6699114
2014-08-09 01:27:30.0000002,7.0231266
2011-02-15 05:44:42.0000002,12.369619
2011-02-15 05:44:42.0000001,47.23815
2014-10-31 12:04:26.0000002,34.1936
2014-10-31 12:04:26.0000001,6.244476
2015-02-09 07:16:26.0000006,5.095993
2015-02-09 07:16:26.0000004,6.5969706
2015-02-09 07:16:26.0000007,5.3807645
2015-02-09 07:16:26.0000001,5.5162544
2015-02-09 07:16:26.0000002,10.331004
2015-02-09 07:16:26.0000008,6.258113
2015-02-09 07:16:26.0000003,8.761264
2011-09-08 17:26:34.0000001,8.234725
2011-09-08 17:26:34.0000003,11.828742
2011-09-08 17:26:34.0000002,11.2846575
2011-09-08 17:26:34.0000004,7.63598
2013-04-10 21:03:42.0000004,6.3562536
2013-04-10 21:03:42.0000005,9.576837
2013-04-10 21:03:42.0000003,5.913029
2013-04-10 21:03:42.0000002,11.690076
2013-04-10 21:03:42.0000001,6.079136
2011-12-29 19:29:50.0000003,6.595512
2011-12-29 19:29:50.0000004,13.240578
2011-12-29 19:29:50.0000001,9.793827
2013-09-26 15:50:06.0000003,5.4476757
2013-09-26 15:50:06.0000005,16.895512
2013-09-26 15:50:06.0000002,7.0779543
2013-09-26 15:50:06.0000001,12.34919
2013-09-26 15:50:06.0000004,7.364508
2012-10-01 07:18:06.0000001,5.730275
2012-10-01 07:18:06.0000002,6.632602
2013-03-14 21:43:46.0000001,14.370241
2012-10-05 23:47:02.0000001,9.9595375
2009-02-08 00:04:06.0000004,12.664209
2009-02-08 00:04:06.0000002,29.182604
2012-02-04 22:47:18.0000001,5.0710697
2012-02-04 22:47:18.0000003,6.436101
2012-05-06 03:01:10.0000003,5.912826
2012-05-06 03:01:10.0000002,12.170057
2014-07-08 08:56:58.0000001,7.674534
2010-01-09 08:29:14.0000003,4.2025695
2010-01-09 08:29:14.0000002,7.327469
2010-01-09 08:29:14.0000001,14.382966
2010-01-09 08:29:14.0000004,4.943438
2010-12-06 03:36:58.0000001,4.385759
2011-10-19 05:25:18.0000002,29.56426
2011-10-19 05:25:18.0000001,7.1877074
2014-06-14 08:13:22.0000002,17.847256
2014-06-14 08:13:22.0000003,17.686436
2014-06-14 08:13:22.0000001,14.191918
2011-02-19 10:14:58.0000002,5.9287024
2014-12-25 03:10:26.0000001,11.262122
2009-06-16 14:32:38.0000003,5.858533
2009-06-16 14:32:38.0000001,8.171435
2009-06-16 14:32:38.0000005,9.220374
2009-06-16 14:32:38.0000006,7.172634
2009-06-16 14:32:38.0000002,7.8247375
2009-06-16 14:32:38.0000004,16.426235
2010-08-16 17:14:18.0000001,45.015835
2013-04-29 09:18:06.0000004,6.9583335
2013-04-29 09:18:06.0000002,36.283493
2013-04-29 09:18:06.0000005,10.159714
2013-04-29 09:18:06.0000001,22.405252
2013-04-29 09:18:06.0000003,11.431889
2013-06-23 14:52:34.0000002,28.39771
2013-06-23 14:52:34.0000001,5.1664557
2013-03-28 05:22:58.0000001,6.842449
2015-06-08 20:18:30.0000006,9.423248
2015-06-08 20:18:30.0000003,6.6557593
2015-06-08 20:18:30.0000002,15.743801
2015-06-08 20:18:30.0000001,9.600263
2015-06-08 20:18:30.0000004,10.22803
2015-06-08 20:18:30.0000005,12.09376
2011-09-08 13:39:06.0000001,7.2655993
2012-03-03 02:30:54.0000001,7.2756066
2012-03-03 02:30:54.0000002,7.6885257
2012-03-03 02:30:54.0000004,8.969844
2010-03-27 20:11:10.0000003,5.3175144
2010-03-27 20:11:10.0000001,7.8356795
2010-03-27 20:11:10.0000002,11.079952
2009-08-11 22:40:02.0000002,7.67217
2009-08-11 22:40:02.0000003,34.30387
2009-08-11 22:40:02.0000004,4.0044637
2009-08-11 22:40:02.0000005,13.942969
2009-08-11 22:40:02.0000001,5.150262
2012-12-27 21:01:54.0000001,7.207511
2012-12-27 21:01:54.0000003,6.0818143
2012-12-27 21:01:54.0000006,9.359928
2012-12-27 21:01:54.0000007,16.582718
2012-12-27 21:01:54.0000008,10.389522
2015-04-16 18:45:22.0000003,7.054308
2015-04-16 18:45:22.0000002,5.9586267
2015-04-16 18:45:22.0000001,10.969793
2015-04-16 18:45:22.0000005,19.605492
2014-05-17 10:51:46.0000001,7.599198
2014-05-17 10:51:46.0000004,7.156347
2014-05-17 10:51:46.0000002,30.622849
2009-05-04 11:23:18.0000001,7.491724
2009-05-04 11:23:18.0000003,6.452785
2009-05-04 11:23:18.0000002,8.64289
2013-07-22 14:30:06.0000002,5.8613253
2013-07-22 14:30:06.0000001,16.463224
2015-05-31 20:48:54.0000005,4.9590807
2015-05-31 20:48:54.0000004,14.022466
2015-05-31 20:48:54.0000001,4.740717
2010-07-16 06:44:06.0000001,5.778857
2010-07-16 06:44:06.0000003,12.572359
2010-07-16 06:44:06.0000004,15.964325
2010-07-16 06:44:06.0000002,15.254405
2013-01-06 12:39:54.0000003,6.9550734
2013-01-06 12:39:54.0000001,7.1120653
2013-01-06 12:39:54.0000004,8.117137
2013-01-06 12:39:54.0000002,5.608256
2013-01-06 12:39:54.0000005,3.8669593
2012-12-15 15:55:42.0000001,7.746259
2012-12-15 15:55:42.0000002,9.607407
2010-05-06 11:35:26.0000001,6.1703706
2010-05-06 11:35:26.0000003,12.034699
2014-01-06 10:16:02.0000001,19.58597
2014-01-06 10:16:02.0000002,6.1501865
2012-07-24 04:44:26.0000001,9.144028
2010-08-06 15:37:14.0000007,6.8546524
2010-08-06 15:37:14.0000003,7.857148
2010-08-06 15:37:14.0000006,8.541111
2010-08-06 15:37:14.0000005,30.629538
2010-08-06 15:37:14.0000004,9.892073
2010-08-06 15:37:14.0000002,11.596111
2010-08-06 15:37:14.0000001,6.5948
2010-11-10 23:21:50.0000002,6.776779
2010-11-10 23:21:50.0000003,7.357828
2013-03-31 00:09:58.0000002,9.1864195
2013-03-31 00:09:58.0000003,11.140322
2010-02-01 00:05:42.0000001,11.32362
2010-02-01 00:05:42.0000002,15.927994
2009-06-18 18:47:22.0000003,11.287874
2009-06-18 18:47:22.0000001,8.565619
2009-06-18 18:47:22.0000002,9.649664
2015-01-03 08:47:26.0000001,10.656752
2015-01-03 08:47:26.0000002,11.087388
2014-06-20 02:16:34.0000001,7.51926
2011-02-03 07:13:06.0000001,5.2252846
2014-01-14 18:48:06.0000007,12.19144
2014-01-14 18:48:06.0000002,6.0712786
2014-01-14 18:48:06.0000003,5.8461604
2014-01-14 18:48:06.0000004,7.5739627
2014-01-14 18:48:06.0000001,9.38888
2014-01-14 18:48:06.0000005,7.1219697
2014-01-14 18:48:06.0000006,6.797082
2013-10-18 05:08:54.0000001,33.789288
2011-07-20 08:05:02.0000003,8.287784
2011-07-20 08:05:02.0000002,5.341888
2011-07-20 08:05:02.0000004,8.465906
2009-05-03 16:02:54.0000005,8.109389
2009-05-03 16:02:54.0000003,5.8484817
2009-05-03 16:02:54.0000002,5.989489
2009-05-03 16:02:54.0000001,15.209172
2012-09-06 17:58:06.0000001,5.106455
2012-09-06 17:58:06.0000003,10.757516
2014-04-06 16:47:14.0000003,6.699976
2014-09-06 03:52:50.0000002,11.54293
2013-07-27 09:59:18.0000001,7.645667
2014-12-26 20:19:38.0000002,6.6229725
2014-01-01 13:06:34.0000001,5.9829154
2011-12-25 15:35:54.0000003,6.6484747
2011-12-25 15:35:54.0000004,8.460369
2015-05-14 23:11:58.0000001,16.786638
2015-05-14 23:11:58.0000007,10.27322
2015-05-14 23:11:58.0000003,8.048725
2015-05-14 23:11:58.0000005,8.165971
2015-05-14 23:11:58.0000008,10.045777
2015-05-14 23:11:58.0000002,12.7663
2015-05-14 23:11:58.0000006,5.6902385
2015-04-22 09:54:06.0000002,7.404307
2015-04-22 09:54:06.0000003,6.6726594
2009-03-22 07:02:02.0000001,7.7696934
2012-04-30 04:34:50.0000001,18.895452
2009-01-21 09:13:50.0000003,4.551861
2009-01-21 09:13:50.0000004,5.9124517
2009-01-21 09:13:50.0000001,9.546739
2009-01-21 09:13:50.0000002,7.2445145
2010-06-11 18:07:10.0000002,5.239935
2010-06-11 18:07:10.0000001,4.0071316
2010-06-11 18:07:10.0000004,12.134603
2010-06-11 18:07:10.0000003,12.968905
2012-09-01 19:04:18.0000002,8.814897
2014-06-18 06:22:42.0000001,6.549825
2014-06-18 06:22:42.0000002,9.587418
2009-12-09 08:34:30.0000001,7.125142
2009-12-09 08:34:30.0000002,6.056342
2009-12-09 08:34:30.0000003,49.340755
2009-12-09 08:34:30.0000004,48.192398
2013-06-06 02:54:50.0000002,10.923439
2013-06-06 02:54:50.0000003,7.16425
2010-07-19 12:15:54.0000003,6.7098913
2010-07-19 12:15:54.0000002,11.395653
2010-07-19 12:15:54.0000001,5.90322
2010-07-19 12:15:54.0000004,5.498906
2013-12-18 12:36:46.0000001,9.340172
2013-12-18 12:36:46.0000003,40.523922
2013-12-18 12:36:46.0000004,7.8507414
2013-12-18 12:36:46.0000002,10.028507
2009-01-25 21:17:18.0000002,8.0694895
2009-01-25 21:17:18.0000003,6.1632113
2012-10-03 09:18:22.0000002,7.9331427
2012-10-03 09:18:22.0000003,10.360943
2012-10-03 09:18:22.0000004,6.9991894
2012-10-03 09:18:22.0000001,13.853809
2012-10-03 09:18:22.0000005,11.510619
2012-06-13 19:49:50.0000003,10.159658
2012-06-13 19:49:50.0000002,12.062881
2012-06-13 19:49:50.0000001,4.745386
2011-09-03 00:03:42.0000004,5.1374125
2011-09-03 00:03:42.0000009,14.279453
2011-09-03 00:03:42.0000001,6.739104
2011-09-03 00:03:42.0000003,6.5776067
2011-09-03 00:03:42.0000006,8.066629
2011-09-03 00:03:42.0000002,7.1172333
2011-09-03 00:03:42.0000005,7.5287123
2009-01-27 13:27:30.0000002,9.985824
2009-01-27 13:27:30.0000001,7.5711746
2009-07-03 00:41:38.0000001,8.856464
2009-07-03 00:41:38.0000002,4.890209
2010-05-29 11:51:30.0000001,5.616855
2013-07-02 22:27:14.0000005,7.260625
2013-07-02 22:27:14.0000003,11.487778
2015-05-09 11:33:58.0000004,6.130545
2015-05-09 11:33:58.0000001,7.561664
2015-05-09 11:33:58.0000003,38.59423
2011-07-18 00:04:54.0000002,4.905762
2011-04-03 03:46:18.0000002,9.84663
2009-11-03 13:04:46.0000003,6.397652
2009-11-03 13:04:46.0000002,18.057018
2009-11-03 13:04:46.0000001,8.672929
2010-06-25 14:00:14.0000002,8.229332
2010-12-20 09:39:02.0000001,12.191095
2010-12-20 09:39:02.0000002,6.3177376
2014-05-20 14:43:10.0000001,9.518137
2014-05-20 14:43:10.0000002,5.8707952
2010-09-16 05:07:10.0000001,6.777661
2011-08-01 17:44:30.0000006,7.502358
2011-08-01 17:44:30.0000005,5.83071
2011-08-01 17:44:30.0000001,8.327393
2011-08-01 17:44:30.0000002,8.316429
2011-08-01 17:44:30.0000004,4.8113117
2011-03-01 07:23:14.0000003,5.544575
2011-03-01 07:23:14.0000001,5.471363
2011-06-24 13:23:18.0000004,12.770042
2011-06-24 13:23:18.0000001,15.185538
2011-06-24 13:23:18.0000002,16.38748
2011-06-24 13:23:18.0000003,10.59937
2013-11-19 02:41:10.0000001,8.578953
2012-01-01 18:02:46.0000003,4.7446
2012-01-01 18:02:46.0000002,8.206099
2015-03-28 19:31:26.0000002,6.4737043
2015-03-28 19:31:26.0000006,7.1220307
2015-03-28 19:31:26.0000001,8.831802
2015-03-28 19:31:26.0000005,12.4549
2010-07-13 11:53:15.0000004,7.2976923
2010-07-13 11:53:15.0000001,11.394735
2010-07-13 11:53:15.0000007,14.274203
2010-07-13 11:53:15.0000002,9.193786
2013-02-07 13:47:59.0000004,9.410178
2013-02-07 13:47:59.0000001,4.619441
2013-02-07 13:47:59.0000003,8.436525
2013-08-08 14:38:43.0000001,4.5088954
2013-08-08 14:38:43.0000003,5.4816227
2015-05-19 13:58:11.0000003,36.659603
2015-05-19 13:58:11.0000008,12.089114
2015-05-19 13:58:11.0000005,13.321769
2015-05-19 13:58:11.0000007,42.286766
2015-05-19 13:58:11.0000004,7.141553
2015-05-19 13:58:11.0000002,13.952875
2012-07-31 22:21:11.0000001,6.7998013
2012-07-31 22:21:11.0000002,4.4453197
2013-01-03 08:50:31.0000001,10.863561
2013-01-03 08:50:31.0000002,6.9896502
2013-01-03 08:50:31.0000007,7.350682
2013-01-03 08:50:31.0000004,8.445553
2013-01-03 08:50:31.0000006,29.626223
2013-01-03 08:50:31.0000005,20.746943
2009-04-14 17:43:23.0000003,5.628165
2009-04-14 17:43:23.0000007,11.663521
2009-04-14 17:43:23.0000006,9.430138
2009-04-14 17:43:23.0000008,6.319824
2009-04-14 17:43:23.0000004,10.035821
2009-04-14 17:43:23.0000005,6.702535
2009-11-19 22:48:27.0000003,8.866928
2009-11-19 22:48:27.0000002,20.088673
2009-11-19 22:48:27.0000004,6.865028
2013-02-15 00:37:15.0000003,14.436863
2013-02-15 00:37:15.0000002,12.84651
2013-02-15 00:37:15.0000001,9.988396
2012-03-25 04:50:39.0000002,11.181298
2012-03-24 23:33:59.0000001,5.7157445
2012-12-26 18:28:55.0000002,6.833369
2012-12-26 18:28:55.0000005,16.924978
2012-12-26 18:28:55.0000001,9.624655
2012-12-26 18:28:55.0000003,5.0903406
2012-12-26 18:28:55.0000007,28.30942
2012-12-26 18:28:55.0000006,55.75321
2011-07-06 19:56:23.0000004,6.6720824
2011-07-06 19:56:23.0000002,5.9689493
2011-07-06 19:56:23.0000006,13.75783
2011-07-06 19:56:23.0000007,10.510845
2011-07-06 19:56:23.0000003,8.204463
2014-12-15 10:41:15.0000001,5.2478952
2014-12-15 10:41:15.0000002,23.074953
2014-12-15 10:41:15.0000003,13.026815
2011-08-14 21:39:31.0000001,8.680018
2011-08-14 21:39:31.0000002,7.696005
2010-06-06 21:04:55.0000001,6.008709
2013-09-27 19:02:51.0000001,13.420673
2013-09-27 19:02:51.0000003,35.996258
2013-09-27 19:02:51.0000004,8.309297
2013-09-27 19:02:51.0000002,9.687122
2013-05-28 18:24:27.0000003,12.929077
2013-05-28 18:24:27.0000001,6.389916
2013-05-28 18:24:27.0000004,8.217477
2013-05-28 18:24:27.0000002,4.641517
2015-06-15 14:34:03.0000002,5.7243414
2010-07-04 16:44:11.0000001,6.6721845
2010-07-04 16:44:11.0000002,11.684276
2014-11-26 06:46:23.0000001,13.307715
2010-07-27 11:37:43.0000001,14.150528
2010-07-27 11:37:43.0000003,9.852888
2010-07-27 11:37:43.0000005,14.795217
2010-07-27 11:37:43.0000006,10.248436
2010-07-27 11:37:43.0000004,8.618554
2010-07-27 11:37:43.0000002,27.384329
2010-12-19 16:25:15.0000004,10.942378
2010-12-19 16:25:15.0000003,6.0679445
2010-12-19 16:25:15.0000001,7.8241673
2012-08-19 12:06:39.0000001,4.8512
2011-02-26 12:32:15.0000001,3.9429455
2011-02-26 12:32:15.0000002,7.4479604
2015-06-18 20:56:55.0000003,10.526057
2015-06-18 20:56:55.0000005,28.539654
2015-06-18 20:56:55.0000007,41.460884
2015-06-18 20:56:55.0000006,4.787998
2013-11-24 21:33:11.0000001,56.097782
2013-11-24 21:33:11.0000002,11.290795
2015-04-28 20:15:27.0000002,51.869858
2015-04-28 20:15:27.0000006,6.6654186
2015-04-28 20:15:27.0000001,8.49955
2015-04-28 20:15:27.0000005,7.436192
2015-04-28 20:15:27.0000008,15.345585
2013-01-23 13:49:19.0000002,9.81341
2013-01-23 13:49:19.0000003,39.096424
2014-03-12 19:19:31.0000003,24.560741
2014-03-12 19:19:31.0000001,27.889656
2014-03-12 19:19:31.0000002,7.7540255
2010-07-26 09:54:11.0000001,5.1093316
2012-01-03 08:49:15.0000002,6.4440556
2012-01-03 08:49:15.0000001,48.36371
2012-01-03 08:49:15.0000004,5.8035207
2012-01-03 08:49:15.0000003,4.056608
2012-11-05 14:49:19.0000002,18.384981
2012-11-05 14:49:19.0000001,5.090495
2012-06-09 19:03:11.0000004,7.0524125
2012-06-09 19:03:11.0000006,11.719672
2012-06-09 19:03:11.0000002,3.813183
2012-06-09 19:03:11.0000003,10.340098
2012-06-09 19:03:11.0000001,9.45818
2010-10-17 23:12:19.0000004,9.035266
2010-10-17 23:12:19.0000005,6.3707576
2010-10-17 23:12:19.0000001,5.0185957
2010-10-17 23:12:19.0000002,10.003378
2010-10-17 23:12:19.0000003,4.2924557
2014-06-07 12:21:11.0000001,37.3974
2014-06-07 12:21:11.0000004,7.6398463
2011-09-08 22:37:43.0000004,5.9428344
2011-09-08 22:37:43.0000003,9.713295
2011-09-08 22:37:43.0000005,15.747967
2011-09-08 22:37:43.0000002,10.006078
2014-10-30 19:25:15.0000003,54.543354
2014-10-30 19:25:15.0000005,5.126746
2014-10-30 19:25:15.0000001,5.237785
2014-10-30 19:25:15.0000002,42.135456
2014-10-30 19:25:15.0000004,9.600173
2010-06-18 22:52:11.0000002,4.9680424
2011-02-16 05:49:51.0000001,5.2735586
2011-09-13 13:31:51.0000004,7.0698485
2011-09-13 13:31:51.0000003,48.12947
2011-09-13 13:31:51.0000002,5.994117
2009-09-28 04:31:39.0000001,9.848981
2009-01-11 03:31:55.0000001,16.433008
2009-01-11 03:31:55.0000003,11.222575
2009-01-11 03:31:55.0000004,10.624845
2009-01-11 03:31:55.0000002,5.622591
2014-01-24 03:38:19.0000001,17.936834
2014-08-06 18:03:31.0000002,10.621569
2014-08-06 18:03:31.0000001,9.228955
2009-08-26 00:46:43.0000001,6.0421867
2014-01-19 09:28:55.0000001,20.262121
2010-01-27 06:01:59.0000001,5.464073
2011-11-30 23:09:47.0000003,12.916485
2011-11-30 23:09:47.0000002,10.579152
2011-11-30 23:09:47.0000001,6.2411537
2014-08-03 23:37:31.0000003,10.847371
2014-08-03 23:37:31.0000002,12.938053
2014-08-03 23:37:31.0000001,6.6891418
2014-10-06 09:24:11.0000002,19.72271
2014-10-06 09:24:11.0000004,35.996624
2014-10-06 09:24:11.0000003,8.438889
2014-10-06 09:24:11.0000001,10.576202
2009-08-28 12:38:19.0000001,10.962349
2009-08-28 12:38:19.0000004,16.82876
2009-08-28 12:38:19.0000003,26.643995
2009-08-28 12:38:19.0000002,7.800146
2012-03-15 18:23:55.0000001,5.953195
2012-03-15 18:23:55.0000004,10.658395
2012-03-15 18:23:55.0000005,8.207963
2012-03-15 18:23:55.0000003,9.059589
2011-11-23 21:07:43.0000003,4.3173213
2011-11-23 21:07:43.0000002,14.435015
2012-11-23 07:58:23.0000001,7.7118673
2010-11-17 19:10:23.0000007,24.315382
2010-11-17 19:10:23.0000006,7.451894
2010-11-17 19:10:23.0000001,5.256236
2010-11-17 19:10:23.0000002,28.317265
2010-11-17 19:10:23.0000008,10.731241
2010-11-17 19:10:23.0000004,4.9452314
2015-02-14 13:15:19.0000003,12.176531
2015-02-14 13:15:19.0000006,9.829534
2015-02-14 13:15:19.0000004,5.9748063
2015-02-14 13:15:19.0000008,7.891686
2015-02-14 13:15:19.0000001,18.117033
2013-01-12 22:40:39.0000003,4.4060063
2013-01-12 22:40:39.0000004,11.255021
2013-01-12 22:40:39.0000001,12.558736
2013-01-12 22:40:39.0000005,7.4406576
2013-01-12 22:40:39.0000006,5.217746
2011-04-12 12:06:07.0000002,7.2323756
2011-04-12 12:06:07.0000001,32.433277
2010-11-04 20:14:39.0000005,4.9737153
2010-11-04 20:14:39.0000002,5.549859
2010-11-04 20:14:39.0000004,7.9127817
2010-11-04 20:14:39.0000003,6.953541
2010-11-04 20:14:39.0000001,6.6437807
2011-04-25 19:14:55.0000003,10.496601
2011-04-25 19:14:55.0000001,5.4122186
2011-04-25 19:14:55.0000004,7.0189757
2011-04-25 19:14:55.0000002,6.274315
2011-04-25 19:14:55.0000005,7.0994806
2010-02-15 14:20:31.0000001,7.0456667
2013-03-23 15:41:07.0000001,9.774296
2013-03-23 15:41:07.0000004,9.546577
2013-03-23 15:41:07.0000005,5.92645
2012-12-09 06:04:39.0000001,56.582863
2013-11-07 16:38:15.0000003,8.51532
2013-11-07 16:38:15.0000002,8.818091
2013-11-07 16:38:15.0000001,7.620247
2011-08-08 11:18:15.0000004,9.350973
2011-08-08 11:18:15.0000003,8.144203
2011-08-08 11:18:15.0000002,6.4939528
2009-05-08 22:14:51.0000004,4.537595
2009-05-08 22:14:51.0000001,12.881699
2009-05-08 22:14:51.0000003,10.4233885
2012-11-15 18:22:19.0000002,14.2304125
2012-11-15 18:22:19.0000007,6.9510803
2012-11-15 18:22:19.0000003,5.425057
2012-11-15 18:22:19.0000005,9.32978
2012-11-15 18:22:19.0000001,22.275478
2012-11-15 18:22:19.0000004,9.116533
2012-11-15 18:22:19.0000006,12.0550785
2010-01-31 00:33:03.0000002,6.770104
2010-01-31 00:33:03.0000004,4.570968
2010-01-31 00:33:03.0000001,21.952206
2010-01-31 00:33:03.0000007,5.7429156
2010-01-31 00:33:03.0000003,10.322545
2012-04-20 07:30:43.0000003,5.236843
2012-04-20 07:30:43.0000002,15.412769
2012-04-20 07:30:43.0000004,6.917301
2012-04-20 07:30:43.0000001,9.205915
2009-09-29 09:38:15.0000002,6.02779
2009-09-29 09:38:15.0000001,9.37301
2010-12-31 05:30:19.0000002,5.757727
2010-12-31 05:30:19.0000001,12.140662
2009-01-18 18:22:07.0000001,19.48321
2009-01-28 11:27:19.0000002,4.4246073
2013-05-04 05:00:43.0000001,9.36887
2014-02-23 13:22:03.0000002,7.2750473
2014-02-23 13:22:03.0000001,5.5299892
2010-10-28 12:38:55.0000003,9.506398
2010-10-28 12:38:55.0000002,6.987929
2010-10-28 12:38:55.0000001,10.542467
2015-05-20 19:39:11.0000002,15.662813
2015-05-20 19:39:11.0000009,13.260974
2015-05-20 19:39:11.0000001,11.848418
2015-05-20 19:39:11.0000008,12.193306
2015-05-20 19:39:11.0000007,29.663263
2015-05-20 19:39:11.0000005,7.4819703
2015-05-20 19:39:11.0000006,8.500016
2015-03-20 16:33:07.0000002,9.609032
2015-03-20 16:33:07.0000001,8.263674
2013-04-26 17:05:07.0000001,9.810586
2014-01-11 17:47:47.0000005,24.97224
2014-01-11 17:47:47.0000006,5.8956523
2014-01-11 17:47:47.0000002,16.790453
2014-01-11 17:47:47.0000003,6.2350507
2014-01-11 17:47:47.0000004,10.294455
2012-03-10 10:48:43.0000001,8.267201
2012-03-10 10:48:43.0000004,11.24003
2012-03-10 10:48:43.0000003,6.839869
2012-03-10 10:48:43.0000005,3.7177882
2012-03-10 10:48:43.0000002,9.629009
2012-07-12 02:46:07.0000002,20.002459
2009-01-06 14:48:51.0000003,5.319154
2009-01-06 14:48:51.0000002,5.622081
2009-01-06 14:48:51.0000001,5.092825
2015-04-15 03:30:27.0000001,4.5949807
2015-04-26 21:44:23.0000001,36.98022
2015-04-26 21:44:23.0000003,12.602135
2014-11-24 05:03:51.0000001,15.714186
2014-03-05 23:16:07.0000002,53.796024
2015-01-04 00:28:11.0000005,7.6684604
2015-01-04 00:28:11.0000001,9.690989
2015-01-04 00:28:11.0000002,5.108891
2015-01-04 00:28:11.0000003,10.087833
2014-12-17 20:56:31.0000004,6.072408
2014-12-17 20:56:31.0000002,15.971421
2014-12-17 20:56:31.0000001,9.267151
2010-10-04 16:17:03.0000002,4.010639
2010-10-04 16:17:03.0000003,4.3185153
2010-10-04 16:17:03.0000005,8.493805
2010-10-04 16:17:03.0000004,9.702422
2010-10-09 15:48:51.0000001,4.961487
2010-10-09 15:48:51.0000005,10.935047
2010-10-09 15:48:51.0000002,5.4651775
2013-10-10 11:09:23.0000006,6.3017917
2013-10-10 11:09:23.0000004,9.388168
2013-10-10 11:09:23.0000002,6.5260572
2013-10-10 11:09:23.0000003,6.609332
2013-10-10 11:09:23.0000005,10.652936
2010-12-14 00:39:07.0000001,22.83288
2010-12-14 00:39:07.0000002,5.7923055
2010-12-14 00:39:07.0000003,8.936388
2013-01-08 07:03:07.0000004,7.4639006
2013-01-08 07:03:07.0000003,11.994087
2013-01-08 07:03:07.0000002,7.0994067
2012-10-28 17:21:19.0000004,6.6139593
2012-10-28 17:21:19.0000002,5.619521
2010-03-10 10:37:39.0000003,6.9442935
2010-03-10 10:37:39.0000004,6.1563106
2010-03-10 10:37:39.0000001,7.141908
2010-03-10 10:37:39.0000002,12.276971
2012-04-27 22:32:19.0000001,5.0418324
2012-04-27 22:32:19.0000003,5.684052
2009-04-14 06:55:19.0000001,41.516533
2009-04-14 06:55:19.0000002,4.138163
2013-07-22 14:22:51.0000001,22.963305
2012-02-11 21:23:07.0000002,5.056159
2012-02-11 21:23:07.0000001,6.920575
2012-02-11 21:23:07.0000004,3.557859
2012-02-11 21:23:07.0000003,5.4656005
2015-05-10 12:37:51.0000001,18.863209
2015-05-10 12:37:51.0000004,5.078134
2015-05-10 12:37:51.0000006,7.483597
2010-12-11 13:31:11.0000001,9.359561
2010-12-11 13:31:11.0000002,9.93143
2010-03-01 22:21:55.0000001,3.7406962
2010-03-01 22:21:55.0000004,9.788012
2014-11-03 22:00:07.0000001,7.5268803
2009-08-26 16:50:19.0000001,4.155831
2009-08-26 16:50:19.0000002,7.127487
2010-06-07 10:02:51.0000002,4.028449
2010-06-07 10:02:51.0000001,6.4441285
2010-06-07 10:02:51.0000004,13.950862
2010-06-07 10:02:51.0000003,10.667603
2015-03-08 14:59:23.0000002,15.3195305
2015-03-08 14:59:23.0000004,56.645805
2015-03-08 14:59:23.0000005,20.02049
2010-12-13 05:52:47.0000001,9.023292
2012-10-12 15:21:55.0000001,6.913579
2011-05-17 07:53:55.0000002,4.5925646
2011-05-17 07:53:55.0000004,7.4176946
2011-05-17 07:53:55.0000001,7.4309087
2012-12-26 20:55:27.0000002,13.030169
2012-12-26 20:55:27.0000005,11.356469
2012-12-26 20:55:27.0000004,12.437325
2009-02-22 14:59:11.0000001,11.752103
2011-12-17 16:19:47.0000003,13.150154
2011-12-17 16:19:47.0000001,11.477539
2014-12-02 23:54:11.0000002,9.806913
2014-12-02 23:54:11.0000001,8.732249
2014-11-11 11:21:07.0000001,5.761723
2014-07-11 12:35:19.0000003,11.917569
2014-07-11 12:35:19.0000001,9.4882
2014-07-11 12:35:19.0000002,16.907177
2010-01-25 15:04:11.0000001,5.319077
2010-01-25 15:04:11.0000002,9.158919
2014-01-26 13:51:39.0000002,10.654185
2014-01-26 13:51:39.0000003,6.9595194
2011-11-18 04:49:19.0000002,5.2124047
2011-11-18 04:49:19.0000003,47.224255
2011-11-18 04:49:19.0000001,4.246897
2014-11-30 15:46:23.0000001,8.1446295
2014-11-30 15:46:23.0000004,8.069484
2014-11-30 15:46:23.0000006,33.314144
2014-11-30 15:46:23.0000005,5.5604568
2011-08-20 15:50:39.0000002,28.715994
2010-06-22 14:25:19.0000005,13.22098
2010-06-22 14:25:19.0000003,6.628627
2010-06-22 14:25:19.0000002,5.7229853
2010-06-22 14:25:19.0000006,4.4580407
2010-06-22 14:25:19.0000004,9.228217
2010-12-06 18:51:31.0000001,8.869099
2010-12-06 18:51:31.0000002,14.72066
2014-05-25 19:46:59.0000004,18.931847
2014-05-25 19:46:59.0000002,9.754372
2014-05-25 19:46:59.0000001,7.8354015
2009-11-20 14:03:03.0000003,8.150879
2009-11-20 14:03:03.0000004,14.155805
2009-11-20 14:03:03.0000001,13.96551
2009-11-20 14:03:03.0000005,8.814572
2009-11-20 14:03:03.0000002,8.420882
2010-09-17 18:21:11.0000001,15.308208
2011-02-23 21:35:19.0000001,4.80452
2011-02-23 21:35:19.0000002,11.249358
2013-01-03 11:41:47.0000001,4.3471146
2014-04-04 05:47:11.0000001,15.379994
2014-08-18 19:09:19.0000001,10.003788
2014-08-18 19:09:19.0000002,15.061027
2010-04-12 08:22:27.0000001,5.801329
2010-04-12 08:22:27.0000002,10.140886
2010-06-05 08:18:11.0000002,15.652804
2010-06-05 08:18:11.0000001,4.7380667
2010-06-05 08:18:11.0000003,29.854355
2013-05-07 23:58:31.0000001,25.154354
2013-01-11 20:08:07.0000002,7.4598246
2013-02-17 23:55:55.0000001,12.129709
2013-02-17 23:55:55.0000002,22.767735
2013-02-17 23:55:55.0000003,12.672971
2010-11-26 06:04:59.0000001,4.534172
2013-10-09 17:27:39.0000002,9.451019
2013-02-27 13:28:43.0000003,8.396291
2013-02-27 13:28:43.0000001,4.639047
2013-02-27 13:28:43.0000004,6.642638
2013-02-27 13:28:43.0000002,6.0192213
2009-08-28 07:10:39.0000001,7.2099547
2009-08-28 07:10:39.0000002,8.141888
2009-08-28 07:10:39.0000004,4.803908
2009-08-28 07:10:39.0000003,4.719801
2015-01-12 17:05:51.0000006,7.817651
2015-01-12 17:05:51.0000007,5.5128546
2015-01-12 17:05:51.0000002,5.727816
2015-01-12 17:05:51.0000003,5.0510645
2014-05-01 07:16:07.0000001,5.484331
2009-01-12 07:47:39.0000004,5.2753673
2009-01-12 07:47:39.0000002,6.9024553
2009-01-12 07:47:39.0000003,6.487653
2014-02-09 21:05:31.0000001,19.498428
2014-02-09 21:05:31.0000002,11.81
2012-05-14 03:52:59.0000001,6.685653
2011-04-28 19:39:43.0000005,6.8268948
2011-04-28 19:39:43.0000001,6.655581
2011-04-28 19:39:43.0000002,3.5047033
2011-04-28 19:39:43.0000004,3.782966
2010-02-15 10:14:23.0000002,10.484383
2010-02-15 10:14:23.0000003,19.549187
2010-02-15 10:14:23.0000004,10.064041
2010-08-18 05:24:15.0000002,8.904407
2010-08-18 05:24:15.0000001,9.313728
2010-05-31 06:46:59.0000001,39.04894
2014-11-17 00:03:47.0000002,11.880195
2012-11-16 00:09:43.0000001,8.175957
2012-03-09 06:03:23.0000001,10.174911
2013-10-18 13:05:19.0000002,8.274376
2013-10-18 13:05:19.0000001,21.455116
2013-10-18 13:05:19.0000003,6.4494853
2010-01-16 04:52:31.0000001,29.816044
2013-08-18 00:32:15.0000002,16.880217
2013-08-18 00:32:15.0000001,6.935487
2010-12-11 16:12:35.0000004,13.616494
2010-12-11 16:12:35.0000005,9.217697
2010-12-11 16:12:35.0000001,6.870531
2010-12-11 16:12:35.0000002,9.06875
2013-05-23 12:09:23.0000001,12.485204
2013-05-23 12:09:23.0000003,6.1787076
2013-05-23 12:09:23.0000002,7.066135
2014-12-11 08:20:39.0000003,7.279086
2014-12-11 08:20:39.0000002,6.1398754
2011-01-28 19:41:11.0000002,5.08973
2011-01-28 19:41:11.0000001,11.33867
2011-03-24 04:46:51.0000001,26.186735
2013-04-07 00:24:27.0000001,6.0745926
2013-04-07 00:24:27.0000003,5.8467975
2013-04-07 00:24:27.0000004,7.2182765
2010-08-17 21:22:39.0000002,22.593475
2010-08-17 21:22:39.0000003,7.161879
2010-08-17 21:22:39.0000001,6.9366875
2013-12-10 14:00:35.0000004,9.576567
2013-12-10 14:00:35.0000001,8.389413
2013-12-10 14:00:35.0000003,8.093811
2011-09-18 05:32:51.0000002,48.75644
2011-09-18 05:32:51.0000001,8.878413
2011-09-18 05:32:51.0000003,12.647544
2011-09-10 20:44:59.0000002,7.7912354
2011-09-10 20:44:59.0000001,7.391832
2011-04-28 09:50:03.0000002,31.836998
2011-04-28 09:50:03.0000003,7.5034947
2011-04-28 09:50:03.0000004,8.754371
2010-02-26 18:34:51.0000002,6.824835
2013-12-05 23:29:15.0000001,14.562349
2013-12-05 23:29:15.0000004,4.775523
2013-12-05 23:29:15.0000003,32.417084
2013-12-05 23:29:15.0000005,55.427174
2010-01-13 08:28:59.0000003,8.437777
2010-01-13 08:28:59.0000001,9.179733
2010-01-13 08:28:59.0000004,12.359316
2010-01-13 08:28:59.0000005,7.269711
2010-07-16 07:07:27.0000001,6.832767
2012-06-16 14:33:19.0000002,10.132091
2013-05-08 17:02:39.0000001,14.537009
2013-05-08 17:02:39.0000003,11.821148
2013-05-08 17:02:39.0000005,8.330003
2013-05-08 17:02:39.0000004,5.7043915
2013-05-08 17:02:39.0000002,10.520923
2013-05-08 17:02:39.0000006,6.7513585
2013-05-08 17:02:39.0000007,10.679932
2011-02-28 08:34:27.0000004,11.271214
2011-02-28 08:34:27.0000002,5.666196
2011-02-28 08:34:27.0000006,12.309188
2011-02-28 08:34:27.0000007,5.065094
2011-02-28 08:34:27.0000005,15.635097
2011-02-28 08:34:27.0000003,9.368582
2011-02-28 08:34:27.0000001,8.512189
2012-12-13 19:05:27.0000001,6.157396
2012-12-13 19:05:27.0000002,8.097068
2012-12-13 19:05:27.0000003,9.810778
2009-03-25 01:20:55.0000001,7.672165
2011-01-18 12:43:35.0000001,10.465219
2010-07-13 07:38:03.0000007,10.420313
2010-07-13 07:38:03.0000004,9.200187
2010-07-13 07:38:03.0000002,8.333135
2010-07-13 07:38:03.0000006,12.36715
2010-07-13 07:38:03.0000005,7.486061
2010-07-13 07:38:03.0000001,6.2242885
2009-01-26 15:16:43.0000001,32.01826
2009-01-26 15:16:43.0000002,4.1504107
2015-05-18 01:13:35.0000001,5.7364774
2012-11-09 18:17:35.0000001,13.125052
2012-11-09 18:17:35.0000006,9.045257
2012-11-09 18:17:35.0000005,8.630165
2012-11-09 18:17:35.0000003,9.098428
2010-07-05 19:21:35.0000005,4.6895037
2010-07-05 19:21:35.0000003,4.385525
2010-07-05 19:21:35.0000004,11.714559
2010-07-05 19:21:35.0000002,9.09925
2014-09-11 00:28:47.0000001,9.174727
2014-09-11 00:28:47.0000002,5.602911
2010-03-22 16:20:15.0000001,30.787416
2010-03-22 16:20:15.0000002,6.835664
2009-06-21 00:54:23.0000003,11.589084
2009-06-21 00:54:23.0000001,13.406275
2013-05-02 14:48:31.0000001,12.718542
2011-09-12 09:15:15.0000003,6.864504
2011-09-12 09:15:15.0000004,8.178465
2011-09-12 09:15:15.0000002,7.168103
2011-09-12 09:15:15.0000001,6.8391967
2009-02-27 07:09:23.0000001,8.104768
2011-08-22 10:42:15.0000003,8.707902
2011-08-22 10:42:15.0000002,16.446775
2011-08-22 10:42:15.0000001,7.6428576
2011-11-29 22:19:51.0000001,12.7775345
2011-11-29 22:19:51.0000002,10.064539
2009-01-30 22:47:07.0000004,17.377623
2009-01-30 22:47:07.0000001,5.5580087
2009-01-30 22:47:07.0000003,4.0861244
2012-04-18 20:03:35.0000004,8.045616
2012-04-18 20:03:35.0000003,4.670545
2012-04-18 20:03:35.0000001,10.691855
2012-04-18 20:03:35.0000002,6.1681194
2013-09-26 20:54:19.0000002,10.634678
2011-06-25 23:18:27.0000001,10.342705
2009-01-17 02:21:55.0000001,5.5913486
2009-01-17 02:21:55.0000002,4.062287
2014-11-01 15:31:15.0000002,14.380174
2014-11-01 15:31:15.0000003,11.614199
2014-11-01 15:31:15.0000004,6.07663
2011-06-08 11:31:51.0000003,5.366299
2011-06-08 11:31:51.0000002,7.618576
2011-06-08 11:31:51.0000001,8.890259
2013-07-12 23:17:31.0000004,7.23377
2013-07-12 23:17:31.0000005,54.602623
2012-07-10 18:24:47.0000002,9.018271
2012-07-10 18:24:47.0000001,18.029043
2012-07-10 18:24:47.0000003,7.0079308
2013-05-14 03:15:31.0000001,16.704033
2009-04-20 21:08:35.0000006,5.1415653
2009-04-20 21:08:35.0000003,5.127343
2009-04-20 21:08:35.0000002,15.014688
2009-04-20 21:08:35.0000001,10.989128
2011-01-19 08:30:47.0000003,8.649915
2011-01-19 08:30:47.0000002,8.982814
2011-01-19 08:30:47.0000001,5.778864
2009-09-25 10:19:35.0000003,5.596592
2009-09-25 10:19:35.0000001,10.410326
2009-09-25 10:19:35.0000002,6.1807184
2012-02-17 15:11:23.0000001,5.773931
2009-12-23 20:14:19.0000003,9.177778
2009-12-23 20:14:19.0000001,5.3300023
2009-12-23 20:14:19.0000002,11.428318
2012-09-14 05:42:59.0000001,10.1252365
2012-09-14 05:42:59.0000002,6.9635177
2009-04-06 13:47:15.0000002,16.936398
2013-11-29 21:36:07.0000004,10.19535
2011-11-07 00:22:31.0000001,4.361044
2011-11-07 00:22:31.0000002,8.337264
2009-09-04 08:02:51.0000001,10.39318
2015-02-16 17:32:27.0000004,11.09912
2015-02-16 17:32:27.0000002,10.601408
2015-02-16 17:32:27.0000003,7.2994814
2015-02-16 17:32:27.0000001,6.5617576
2012-04-14 11:59:11.0000004,19.293364
2012-04-14 11:59:11.0000002,4.0339594
2012-04-14 11:59:11.0000001,6.5263295
2011-12-11 11:05:51.0000001,6.3386955
2011-12-11 11:05:51.0000003,8.379762
2010-01-03 13:07:27.0000001,10.35166
2009-03-06 00:13:03.0000003,8.914461
2009-03-06 00:13:03.0000001,9.765921
2010-01-04 19:54:27.0000002,8.97511
2010-01-04 19:54:27.0000001,5.771062
2010-01-04 19:54:27.0000003,3.6796844
2014-08-01 16:50:03.0000004,21.977674
2014-08-01 16:50:03.0000001,5.390938
2014-08-01 16:50:03.0000003,15.226041
2014-08-01 16:50:03.0000002,13.942673
2010-11-25 16:22:19.0000001,5.1682467
2010-09-04 10:06:23.0000001,16.000433
2009-04-28 13:35:27.0000002,10.545405
2009-04-28 13:35:27.0000001,4.9078965
2009-04-28 13:35:27.0000003,29.686014
2009-04-28 13:35:27.0000004,8.093931
2012-07-26 00:23:59.0000006,9.031722
2012-07-26 00:23:59.0000007,4.133578
2012-07-26 00:23:59.0000001,7.4901137
2012-07-26 00:23:59.0000004,8.329122
2012-07-26 00:23:59.0000005,8.165287
2012-07-26 00:23:59.0000002,11.227632
2012-07-26 00:23:59.0000003,5.364206
2014-04-29 15:15:43.0000002,9.471337
2014-04-29 15:15:43.0000001,8.148931
2014-04-29 15:15:43.0000003,5.9737997
2010-04-23 00:00:03.0000002,14.853415
2010-04-23 00:00:03.0000003,5.336437
2010-05-22 23:46:19.0000001,6.6156707
2010-05-22 23:46:19.0000002,17.0248
2010-05-22 23:46:19.0000003,11.828649
2014-06-14 12:32:11.0000005,9.840876
2014-06-14 12:32:11.0000002,13.0920925
2014-06-14 12:32:11.0000004,11.208043
2014-06-14 12:32:11.0000006,10.932424
2014-06-14 12:32:11.0000003,37.55454
2012-06-09 22:57:15.0000002,6.153743
2012-06-09 22:57:15.0000005,7.6608076
2014-04-22 01:28:15.0000001,25.294817
2013-01-31 01:19:15.0000001,18.13024
2013-01-31 01:19:15.0000002,10.047834
2014-12-19 21:54:27.0000003,7.761642
2014-12-19 21:54:27.0000002,16.731014
2014-12-19 21:54:27.0000004,9.357052
2014-12-19 21:54:27.0000001,12.19863
2010-10-22 20:56:51.0000004,5.892314
2010-10-22 20:56:51.0000001,15.586243
2011-10-04 11:48:35.0000004,6.530303
2011-10-04 11:48:35.0000003,11.963691
2011-10-04 11:48:35.0000002,7.1057763
2010-12-31 13:32:39.0000001,8.815183
2010-04-10 11:05:27.0000002,6.637384
2010-04-10 11:05:27.0000001,6.289603
2013-10-02 21:12:59.0000001,10.007153
2013-10-02 21:12:59.0000002,13.55577
2013-10-02 21:12:59.0000004,6.6571746
2013-10-02 21:12:59.0000005,14.085203
2013-10-02 21:12:59.0000006,12.506299
2013-10-02 21:12:59.0000007,21.201885
2013-10-02 21:12:59.0000008,16.74998
2013-10-02 21:12:59.0000003,27.895145
2009-03-14 05:27:55.0000001,6.496007
2009-04-20 14:05:51.0000003,5.885017
2009-04-20 14:05:51.0000002,15.936601
2009-04-20 14:05:51.0000001,25.510242
2009-04-20 14:05:51.0000004,8.670007
2011-02-21 23:46:07.0000001,4.0127234
2010-08-21 20:25:07.0000001,5.3995113
2009-11-16 21:03:31.0000003,9.614145
2009-11-16 21:03:31.0000002,14.111526
2009-11-16 21:03:31.0000004,7.3528843
2009-11-16 21:03:31.0000001,16.751823
2014-11-29 11:16:23.0000002,9.729786
2014-11-29 11:16:23.0000001,10.568284
2010-12-01 21:02:35.0000001,6.8250275
2010-12-01 21:02:35.0000002,7.4395447
2009-04-13 18:30:39.0000002,7.292037
2009-04-13 18:30:39.0000001,7.2544875
2010-06-02 19:45:19.0000002,10.741035
2010-06-02 19:45:19.0000001,9.019909
2010-06-02 19:45:19.0000004,9.133551
2012-04-16 14:29:35.0000001,4.6421027
2014-08-06 18:15:43.0000001,7.372393
2014-08-06 18:15:43.0000002,14.695575
2010-04-20 11:53:23.0000005,8.906649
2010-04-20 11:53:23.0000002,5.3702154
2010-04-20 11:53:23.0000006,5.4272714
2010-04-20 11:53:23.0000003,14.121789
2010-04-20 11:53:23.0000004,10.879793
2009-05-21 20:50:31.0000005,8.583984
2009-05-21 20:50:31.0000006,12.32301
2009-05-21 20:50:31.0000002,15.597903
2009-05-21 20:50:31.0000001,14.576276
2014-08-16 21:59:59.0000002,10.404723
2014-08-16 21:59:59.0000001,15.796928
2010-09-13 07:05:39.0000001,5.8697605
2010-09-13 07:05:39.0000002,6.4137373
2010-01-28 12:25:11.0000001,6.8487644
2013-10-13 19:39:55.0000005,5.383859
2013-10-13 19:39:55.0000004,6.6575327
2013-10-13 19:39:55.0000007,5.358942
2013-10-13 19:39:55.0000001,10.501648
2013-10-13 19:39:55.0000003,9.17993
2013-10-13 19:39:55.0000006,6.078969
2013-10-13 19:39:55.0000002,9.340627
2013-09-20 13:38:55.0000003,7.221322
2013-09-20 13:38:55.0000002,14.797138
2013-09-20 13:38:55.0000006,8.952215
2013-09-20 13:38:55.0000001,11.439322
2014-11-11 12:10:59.0000003,7.978229
2014-11-11 12:10:59.0000002,13.545183
2012-09-09 23:40:03.0000001,17.87128
2013-02-18 11:13:23.0000004,21.310818
2013-02-18 11:13:23.0000001,5.678549
2013-02-18 11:13:23.0000003,28.162947
2013-02-18 11:13:23.0000002,8.229829
2011-06-05 12:38:43.0000002,5.7419243
2011-06-05 12:38:43.0000003,6.761505
2011-06-05 12:38:43.0000001,47.638187
2014-11-27 07:37:55.0000001,9.223598
2010-05-23 15:28:55.0000001,8.663111
2012-10-15 20:10:31.0000001,6.2529473
2012-10-15 20:10:31.0000004,13.455587
2012-10-15 20:10:31.0000002,16.15318
2012-10-15 20:10:31.0000003,5.9553246
2012-06-27 06:52:39.0000001,7.009556
2013-06-07 13:52:55.0000001,6.5498276
2013-06-07 13:52:55.0000002,9.4885645
2013-06-07 13:52:55.0000006,29.5746
2013-06-07 13:52:55.0000003,11.342593
2013-06-07 13:52:55.0000004,9.052725
2009-06-04 19:34:15.0000003,11.565156
2009-06-04 19:34:15.0000001,12.6921
2009-06-04 19:34:15.0000004,9.420613
2009-06-04 19:34:15.0000002,8.700706
2013-09-29 22:12:07.0000002,16.035982
2013-09-29 22:12:07.0000003,7.9913573
2013-12-04 08:37:11.0000003,11.275651
2013-12-04 08:37:11.0000002,13.155067
2013-12-04 08:37:11.0000001,13.604968
2010-05-02 12:39:55.0000002,9.4224615
2009-07-13 01:18:55.0000002,4.309024
2009-07-13 01:18:55.0000001,5.193534
2015-05-20 00:59:15.0000004,4.948283
2015-05-20 00:59:15.0000003,22.728254
2009-12-03 18:02:47.0000001,8.879342
2014-06-24 02:41:11.0000001,29.576
2012-01-13 02:08:43.0000001,8.072582
2012-08-06 21:07:55.0000001,11.276669
2012-08-06 21:07:55.0000002,9.0350065
2012-08-06 21:07:55.0000004,5.8866506
2012-08-06 21:07:55.0000005,8.0485325
2012-08-06 21:07:55.0000003,6.3817434
2009-07-13 07:32:31.0000001,6.1065702
2009-07-13 07:32:31.0000003,6.0388284
2009-07-13 07:32:31.0000002,8.786064
2014-09-10 17:52:51.0000001,6.309211
2014-09-10 17:52:51.0000003,9.38292
2014-09-10 17:52:51.0000002,17.550753
2014-09-10 17:52:51.0000005,10.830895
2014-09-10 17:52:51.0000004,11.774645
2009-09-28 19:21:59.0000004,4.130521
2009-09-28 19:21:59.0000005,5.862836
2009-09-28 19:21:59.0000002,6.113266
2009-09-28 19:21:59.0000008,7.217729
2009-09-28 19:21:59.0000001,5.1190295
2015-05-23 12:59:39.0000004,12.022763
2015-05-23 12:59:39.0000002,13.115342
2015-05-23 12:59:39.0000001,6.993237
2010-02-10 12:16:03.0000001,5.9103074
2010-02-10 12:16:03.0000002,11.317398
2014-01-11 23:10:59.0000004,12.686516
2014-01-11 23:10:59.0000003,17.122139
2014-01-11 23:10:59.0000005,14.40247
2014-01-11 23:10:59.0000001,12.456402
2014-01-11 23:10:59.0000002,26.59954
2010-04-24 20:15:07.0000002,11.584203
2013-08-07 00:31:07.0000001,59.970596
2012-10-21 19:47:23.0000001,5.871454
2012-10-21 19:47:23.0000003,8.665197
2012-10-21 19:47:23.0000004,13.086342
2013-05-24 07:22:51.0000002,5.802569
2009-09-13 20:12:31.0000002,5.3450913
2009-09-13 20:12:31.0000001,5.473487
2010-10-31 08:51:59.0000002,4.628519
2010-10-31 08:51:59.0000001,14.5571
2013-06-04 23:58:11.0000007,6.0203667
2013-06-04 23:58:11.0000001,18.556652
2013-06-04 23:58:11.0000003,10.543581
2013-06-04 23:58:11.0000005,6.446606
2013-06-04 23:58:11.0000002,26.095987
2013-06-04 23:58:11.0000004,9.741821
2013-06-04 23:58:11.0000008,32.86421
2010-03-22 22:11:31.0000001,12.997307
2010-03-22 22:11:31.0000002,6.2338214
2011-01-15 12:49:59.0000002,11.666412
2011-01-15 12:49:59.0000001,12.045651
2009-06-13 18:36:47.0000001,14.835053
2009-06-13 18:36:47.0000002,9.478611
2009-06-13 18:36:47.0000003,10.092337
2009-05-06 16:41:35.0000001,10.309561
2014-08-08 17:32:47.0000004,5.747529
2014-08-08 17:32:47.0000001,38.958458
2014-08-08 17:32:47.0000002,16.2802
2014-04-02 11:55:15.0000001,9.430875
2014-04-02 11:55:15.0000002,6.497236
2011-01-04 10:12:51.0000003,7.0233345
2011-01-04 10:12:51.0000004,5.332202
2011-01-04 10:12:51.0000001,4.730187
2011-01-04 10:12:51.0000005,4.7797685
2010-09-22 09:42:31.0000002,9.229416
2010-09-22 09:42:31.0000004,10.287038
2010-09-22 09:42:31.0000001,9.376471
2013-08-19 19:39:23.0000003,7.853676
2013-08-19 19:39:23.0000001,6.2014055
2014-07-08 10:21:39.0000002,10.091728
2014-07-08 10:21:39.0000006,12.913146
2014-07-08 10:21:39.0000003,4.576377
2014-07-08 10:21:39.0000005,12.041494
2014-07-08 10:21:39.0000004,11.607107
2014-07-08 10:21:39.0000001,4.3412395
2015-03-11 16:36:39.0000003,11.467434
2015-03-11 16:36:39.0000001,6.9804716
2015-03-11 16:36:39.0000002,18.652493
2015-05-29 18:59:35.0000005,39.95866
2015-05-29 18:59:35.0000004,14.488948
2015-05-29 18:59:35.0000002,8.591527
2015-05-29 18:59:35.0000001,8.263629
2011-10-26 17:48:43.0000001,5.241457
2011-10-26 17:48:43.0000008,6.6281877
2011-10-26 17:48:43.0000002,10.374384
2011-10-26 17:48:43.0000004,6.459954
2011-10-26 17:48:43.0000003,5.5344973
2011-10-26 17:48:43.0000007,4.6241217
2014-06-24 09:49:55.0000004,12.027959
2014-06-24 09:49:55.0000007,5.18105
2014-06-24 09:49:55.0000001,5.083193
2014-06-24 09:49:55.0000006,6.7249966
2014-06-24 09:49:55.0000002,11.510426
2014-06-24 09:49:55.0000003,7.8748183
2014-06-24 09:49:55.0000005,4.7724137
2009-03-14 20:59:19.0000001,12.411228
2009-01-29 18:38:03.0000002,7.441223
2009-01-29 18:38:03.0000001,28.807098
2010-07-23 00:03:59.0000001,12.894871
2013-01-11 12:28:03.0000004,8.895129
2013-01-11 12:28:03.0000003,6.780661
2013-01-11 12:28:03.0000002,5.7598534
2013-01-11 12:28:03.0000005,10.702766
2013-01-11 12:28:03.0000001,8.231023
2013-02-20 02:00:23.0000001,13.8274
2013-02-20 02:00:23.0000002,6.412028
2013-02-20 02:00:23.0000003,9.193135
2009-11-03 19:53:27.0000004,12.136397
2009-11-03 19:53:27.0000003,6.839769
2009-12-19 21:56:15.0000002,6.8602896
2009-12-19 21:56:15.0000001,7.7653394
2014-03-22 12:24:03.0000001,36.926254
2014-03-22 12:24:03.0000002,7.4536777
2009-12-21 21:20:43.0000003,8.201958
2009-12-21 21:20:43.0000001,9.858003
2009-08-21 15:35:07.0000002,5.107677
2009-08-21 15:35:07.0000004,47.97347
2009-08-21 15:35:07.0000003,5.5314813
2010-04-25 13:28:47.0000002,4.9894013
2010-04-25 13:28:47.0000003,23.684265
2010-11-02 18:49:59.0000001,11.322829
2010-11-02 18:49:59.0000003,5.602818
2010-11-02 18:49:59.0000002,7.295779
2011-04-02 00:27:03.0000006,7.082755
2011-04-02 00:27:03.0000002,6.323399
2011-04-02 00:27:03.0000004,5.252308
2011-04-02 00:27:03.0000003,6.8057966
2011-04-02 00:27:03.0000005,8.398864
2011-04-02 00:27:03.0000001,6.129339
2013-12-29 12:31:55.0000001,8.51366
2013-12-29 12:31:55.0000002,11.3603
2013-12-29 12:31:55.0000003,8.227593
2012-05-02 12:02:03.0000003,8.176745
2012-05-02 12:02:03.0000002,12.535357
2012-05-02 12:02:03.0000004,6.6535144
2012-05-02 12:02:03.0000005,8.406443
2012-05-02 12:02:03.0000001,5.2945757
2009-07-21 10:36:43.0000001,4.1822076
2009-07-21 10:36:43.0000003,7.827035
2009-07-21 10:36:43.0000002,7.536428
2012-09-16 18:14:55.0000003,5.3161106
2012-09-16 18:14:55.0000001,12.373213
2012-09-16 18:14:55.0000004,6.263252
2010-04-21 06:28:47.0000002,6.3841634
2009-03-02 09:30:07.0000001,7.3184633
2009-03-02 09:30:07.0000002,4.541012
2010-12-18 15:32:19.0000001,6.829201
2013-02-20 08:23:31.0000001,5.678149
2015-02-11 20:51:51.0000006,38.821075
2015-02-11 20:51:51.0000002,9.182229
2015-02-11 20:51:51.0000003,5.0427465
2015-02-11 20:51:51.0000005,5.594997
2015-02-11 20:51:51.0000007,10.365275
2015-02-11 20:51:51.0000004,7.1746454
2013-12-07 01:41:59.0000001,10.451283
2013-12-07 01:41:59.0000003,13.626734
2014-03-04 12:06:35.0000002,8.004909
2014-03-04 12:06:35.0000004,8.919832
2014-03-04 12:06:35.0000003,13.18673
2014-03-04 12:06:35.0000001,7.098451
2013-05-21 06:52:59.0000001,13.705675
2013-05-21 06:52:59.0000004,5.6744685
2013-05-21 06:52:59.0000002,5.6205544
2009-09-09 08:09:19.0000002,7.344998
2009-09-09 08:09:19.0000001,8.046252
2012-06-22 20:50:55.0000001,18.091743
2010-04-06 09:14:59.0000001,16.271976
2010-04-06 09:14:59.0000003,4.4424334
2010-04-06 09:14:59.0000002,30.221338
2009-04-03 07:49:39.0000002,8.032256
2009-04-03 07:49:39.0000001,6.736508
2011-08-28 16:06:43.0000001,10.341637
2010-12-19 15:52:31.0000001,12.140709
2010-12-19 15:52:31.0000002,4.8753796
2010-12-19 15:52:31.0000004,5.159255
2010-12-19 15:52:31.0000003,5.0985065
2014-07-12 00:15:59.0000004,6.591184
2014-07-12 00:15:59.0000003,6.325354
2014-07-12 00:15:59.0000002,9.578106
2009-03-31 10:27:19.0000004,9.107451
2009-03-31 10:27:19.0000002,7.629281
2009-03-31 10:27:19.0000001,17.748295
2014-07-31 10:39:39.0000002,5.1075625
2012-06-02 07:16:31.0000001,5.103209
2012-06-02 07:16:31.0000003,49.215332
2012-06-02 07:16:31.0000002,13.788951
2012-09-27 15:03:15.0000001,34.710953
2012-07-05 02:23:47.0000001,4.4991803
2013-09-14 18:28:03.0000002,20.936745
2013-09-14 18:28:03.0000003,18.632845
2009-04-22 04:26:35.0000001,15.489162
2015-02-14 09:08:11.0000003,9.715891
2012-01-19 20:26:35.0000004,4.015477
2012-01-19 20:26:35.0000005,12.865687
2012-01-19 20:26:35.0000001,6.4033265
2015-03-13 13:04:59.0000001,11.366789
2015-03-13 13:04:59.0000002,10.467021
2015-03-13 13:04:59.0000006,10.101733
2015-03-13 13:04:59.0000004,6.3734436
2015-03-13 13:04:59.0000007,14.937369
2015-03-13 13:04:59.0000003,8.47668
2015-03-13 13:04:59.0000005,6.324297
2013-07-25 13:47:39.0000002,10.686641
2013-07-25 13:47:39.0000001,10.579331
2014-03-07 11:45:35.0000001,9.436433
2014-03-07 11:45:35.0000002,26.326765
2013-10-31 06:09:15.0000001,18.910007
2014-09-11 06:41:15.0000001,5.37066
2014-09-11 06:41:15.0000002,4.5889716
2014-09-11 06:41:15.0000004,9.038308
2014-09-11 06:41:15.0000003,13.383086
2012-06-04 09:50:39.0000005,32.482166
2012-06-04 09:50:39.0000003,6.0101714
2012-06-04 09:50:39.0000001,10.563332
2012-06-04 09:50:39.0000004,9.011492
2012-06-04 09:50:39.0000002,8.008966
2010-06-07 07:37:55.0000002,6.0397396
2010-06-07 07:37:55.0000003,4.1327586
2010-06-07 07:37:55.0000001,7.0142117
2010-06-07 07:37:55.0000004,4.418272
2015-02-25 18:00:51.0000009,5.7319384
2015-02-25 18:00:51.0000006,5.353062
2015-02-25 18:00:51.0000002,25.423462
2015-02-25 18:00:51.0000003,6.710827
2015-02-25 18:00:51.00000010,8.62317
2015-02-25 18:00:51.0000004,8.577912
2015-02-25 18:00:51.0000005,5.995282
2015-02-08 08:44:03.0000001,12.871852
2010-12-11 15:16:35.0000001,5.867646
2010-12-11 15:16:35.0000002,4.8421965
2014-05-19 18:38:19.0000002,5.5854397
2014-05-19 18:38:19.0000001,8.895854
2009-07-19 08:38:51.0000001,5.689974
2013-08-20 12:05:47.0000001,10.252224
2013-08-20 12:05:47.0000003,8.859287
2013-08-20 12:05:47.0000004,8.841742
2013-08-20 12:05:47.0000002,10.963222
2014-03-11 19:48:15.0000007,10.505066
2014-03-11 19:48:15.0000001,9.759256
2014-03-11 19:48:15.0000005,7.168429
2014-03-11 19:48:15.0000006,10.980689
2014-03-11 19:48:15.0000004,11.448767
2014-03-11 19:48:15.0000002,17.852106
2014-03-11 19:48:15.0000003,10.981063
2013-01-09 02:05:51.0000002,6.1817355
2009-08-08 11:41:51.0000001,4.558834
2009-08-08 11:41:51.0000004,10.712048
2009-08-08 11:41:51.0000002,5.959448
2014-06-18 16:08:03.0000001,8.9085455
2014-06-18 16:08:03.0000002,18.35357
2013-06-02 16:26:47.0000003,8.682702
2013-06-02 16:26:47.0000002,5.8390746
2009-07-29 10:02:47.0000002,7.2921767
2009-07-29 10:02:47.0000001,7.1783757
2013-02-16 14:26:51.0000002,7.4874063
2012-05-11 03:48:31.0000001,5.8595963
2010-01-22 05:47:59.0000001,7.669052
2012-11-12 11:57:03.0000002,54.912212
2012-01-04 00:06:39.0000001,6.5252347
2010-12-28 20:17:27.0000002,4.256371
2010-12-28 20:17:27.0000001,5.9874024
2010-12-28 20:17:27.0000004,4.762703
2009-03-18 08:03:07.0000002,11.621586
2009-03-18 08:03:07.0000001,4.811484
2011-10-07 12:38:19.0000004,14.121283
2011-10-07 12:38:19.0000003,4.463884
2011-10-07 12:38:19.0000002,18.34665
2011-10-07 12:38:19.0000005,10.141265
2009-12-12 22:01:31.0000005,10.518416
2009-12-12 22:01:31.0000002,8.069794
2009-12-12 22:01:31.0000004,5.0211277
2009-12-12 22:01:31.0000006,4.9091206
2009-12-12 22:01:31.0000003,11.477885
2015-04-19 20:44:15.0000003,15.600992
2015-04-19 20:44:15.0000002,6.5234747
2015-04-19 20:44:15.0000004,9.931713
2012-03-23 01:36:31.0000002,5.9198713
2012-03-23 01:36:31.0000001,4.1611357
2014-10-08 21:24:47.0000001,11.807651
2014-10-08 21:24:47.0000002,13.829559
2011-02-03 01:27:31.0000001,12.985793
2011-05-20 23:42:59.0000002,6.4563994
2014-01-04 10:54:59.0000001,15.965503
2014-01-04 10:54:59.0000003,9.449528
2009-11-23 05:45:11.0000001,27.69464
2013-01-22 16:25:11.0000003,10.307958
2013-01-22 16:25:11.0000002,40.58369
2013-01-22 16:25:11.0000001,10.828932
2015-05-12 08:31:07.0000007,37.4297
2015-05-12 08:31:07.0000008,5.5477443
2015-05-12 08:31:07.0000001,11.837236
2015-05-12 08:31:07.0000009,9.474303
2015-05-12 08:31:07.0000005,8.634941
2015-05-12 08:31:07.0000006,7.5765405
2015-05-12 08:31:07.0000002,36.272015
2015-05-12 08:31:07.0000004,16.386587
2013-09-26 06:58:55.0000001,6.29875
2013-09-26 06:58:55.0000002,10.781801
2014-09-14 23:26:11.0000003,12.4349785
2014-09-14 23:26:11.0000002,13.316479
2009-08-26 08:06:15.0000002,12.441945
2009-08-26 08:06:15.0000003,36.190376
2009-08-26 08:06:15.0000001,7.3268642
2014-10-13 06:14:51.0000001,7.0618205
2013-02-02 16:07:55.0000002,11.156585
2013-02-02 16:07:55.0000001,6.3280835
2013-02-02 16:07:55.0000003,7.799597
2014-04-05 01:52:27.0000005,5.3670354
2014-04-05 01:52:27.0000001,22.406034
2010-02-23 20:29:51.0000002,6.7414002
2010-02-23 20:29:51.0000003,6.8255796
2011-01-25 00:01:03.0000002,7.050314
2011-01-25 00:01:03.0000001,9.837179
2013-11-01 13:07:47.0000002,10.150703
2013-11-01 13:07:47.0000001,8.703365
2013-11-01 13:07:47.0000005,9.870383
2013-11-01 13:07:47.0000004,11.096901
2015-03-07 15:25:59.0000004,6.1292114
2015-03-07 15:25:59.0000002,22.228434
2015-03-07 15:25:59.0000001,11.029332
2013-10-06 21:05:11.0000002,27.647831
2013-10-06 21:05:11.0000001,11.741023
2009-04-16 15:57:31.0000002,8.240803
2012-02-21 20:45:03.0000002,6.9897933
2012-02-21 20:45:03.0000001,8.586092
2010-01-10 12:55:43.0000002,7.8231087
2015-01-31 01:05:19.0000004,19.13399
2015-01-31 01:05:19.0000007,25.852852
2015-01-31 01:05:19.0000006,7.904992
2015-01-31 01:05:19.0000001,9.593894
2015-01-31 01:05:19.0000003,5.583811
2015-01-31 01:05:19.0000002,15.314681
2011-10-23 17:43:43.0000001,5.646726
2015-03-16 21:12:19.0000003,24.35134
2015-03-16 21:12:19.0000004,7.5444283
2015-03-16 21:12:19.0000005,11.6874
2015-03-16 21:12:19.0000008,15.749203
2015-03-16 21:12:19.0000001,12.872745
2012-09-29 20:16:51.0000001,8.366003
2012-09-29 20:16:51.0000002,27.16052
2012-09-29 20:16:51.0000003,6.7770934
2012-09-29 20:16:51.0000005,12.659047
2009-08-03 16:28:07.0000001,4.4177685
2009-08-03 16:28:07.0000003,6.036895
2009-08-03 16:28:07.0000004,6.751287
2009-08-03 16:28:07.0000002,15.319112
2009-07-30 15:49:15.0000003,8.670785
2009-07-30 15:49:15.0000001,7.8435354
2009-07-30 15:49:15.0000005,7.2184434
2015-01-18 14:06:23.0000005,18.244549
2015-01-18 14:06:23.0000002,21.665323
2015-03-02 14:08:03.0000002,4.719258
2015-03-02 14:08:03.0000001,9.40542
2009-09-07 19:35:39.0000003,7.5239305
2009-09-07 19:35:39.0000002,8.038153
2014-07-01 15:15:23.0000004,9.36139
2014-07-01 15:15:23.0000002,18.540228
2014-07-01 15:15:23.0000005,17.010336
2014-07-01 15:15:23.0000006,5.6928463
2014-07-01 15:15:23.0000001,32.46309
2013-04-18 02:55:07.0000001,19.293743
2010-02-10 16:57:19.0000001,8.856806
2013-02-15 18:45:39.0000001,11.164592
2011-06-22 01:50:11.0000001,17.332825
2014-05-06 23:54:59.0000002,14.762456
2014-05-06 23:54:59.0000004,4.6954923
2014-05-06 23:54:59.0000003,4.4118924
2014-05-06 23:54:59.0000001,12.266495
2012-04-23 21:05:31.0000003,23.441566
2012-04-23 21:05:31.0000004,9.333775
2012-04-23 21:05:31.0000002,9.5714245
2012-04-23 21:05:31.0000006,4.748178
2012-04-23 21:05:31.0000001,44.45372
2012-04-23 21:05:31.0000005,6.881468
2009-03-20 07:29:39.0000003,5.162984
2009-03-20 07:29:39.0000001,12.413334
2009-03-20 07:29:39.0000002,7.1269426
2014-06-25 15:08:19.0000001,7.133474
2014-06-25 15:08:19.0000002,5.2287436
2011-06-09 14:51:15.0000003,8.542449
2011-06-09 14:51:15.0000004,7.0135036
2011-06-09 14:51:15.0000001,7.7434177
2011-06-09 14:51:15.0000002,9.977163
2015-01-27 13:08:24.0000001,6.0468287
2011-07-24 14:52:56.0000001,9.770153
2011-10-08 11:53:44.0000001,14.308232
2012-12-01 21:12:12.0000004,5.3548603
2013-11-22 15:43:12.0000001,4.9462495
2012-07-15 16:45:04.0000005,5.503178
2012-07-15 16:45:04.0000001,6.587256
2014-06-14 13:39:00.00000014,12.142115
2014-06-14 13:39:00.000000113,10.1923485
2014-06-14 13:39:00.0000006,7.9199667
2014-06-14 13:39:00.000000139,9.917449
2014-06-14 13:39:00.0000004,6.3289523
2014-06-14 13:39:00.000000171,10.3688
2014-06-14 13:39:00.00000011,14.472127
2014-06-14 13:39:00.00000064,5.4459133
2014-06-14 13:39:00.00000090,8.257016
2014-06-14 13:39:00.00000041,6.171574
2014-06-14 13:39:00.00000081,4.615812
2014-06-14 13:39:00.000000164,10.302384
2014-06-14 13:39:00.00000080,15.550902
2014-06-14 13:39:00.00000026,32.49992
2014-06-14 13:39:00.00000058,9.291326
2014-06-14 13:39:00.000000150,14.058947
2014-06-14 13:39:00.00000030,6.6711345
2014-06-14 13:39:00.00000091,5.1069555
2014-06-14 13:39:00.000000175,7.1798325
2014-06-14 13:39:00.000000101,19.8741
2014-06-14 13:39:00.00000085,10.024753
2014-06-14 13:39:00.000000105,7.683459
2014-06-14 13:39:00.00000069,7.2621284
2014-06-14 13:39:00.000000149,85.84695
2010-08-22 21:14:08.0000004,4.075797
2011-06-24 20:34:48.0000003,8.202327
2011-06-24 20:34:48.0000004,6.0980725
2011-03-28 20:38:36.0000001,9.762572
2009-10-21 02:11:24.0000001,13.588119
2011-05-21 13:16:20.0000002,9.265021
2015-01-31 20:54:04.0000003,8.066007
2010-05-10 10:37:04.0000001,7.600777
2010-03-20 21:35:20.0000001,11.265749
2010-03-20 21:35:20.0000002,8.11059
2012-08-22 22:39:20.0000004,5.309111
2012-08-22 22:39:20.0000002,9.491799
2012-12-23 02:29:16.0000002,20.345806
2011-10-02 23:36:00.00000031,5.598525
2011-10-02 23:36:00.00000070,7.805887
2011-10-02 23:36:00.00000068,13.096993
2011-10-02 23:36:00.00000034,15.577605
2011-10-02 23:36:00.00000042,9.248701
2011-10-02 23:36:00.00000032,9.06832
2011-10-02 23:36:00.00000028,4.9372053
2011-10-02 23:36:00.00000078,4.2905254
2011-10-02 23:36:00.00000027,7.3895736
2011-10-02 23:36:00.00000018,5.1813602
2011-10-02 23:36:00.00000061,9.165534
2011-10-02 23:36:00.00000045,4.9993324
2011-10-02 23:36:00.00000016,4.9179726
2011-10-02 23:36:00.00000052,8.420334
2011-10-02 23:36:00.00000098,7.9082265
2011-10-02 23:36:00.00000048,9.087288
2013-03-21 12:47:28.0000004,8.209208
2013-03-21 12:47:28.0000007,5.1592636
2010-09-05 22:31:32.0000001,8.661601
2013-07-12 23:33:24.0000003,15.724144
2015-06-08 20:02:56.0000002,14.8891535
2011-10-11 22:13:48.0000001,10.443248
2011-10-11 22:13:48.0000004,4.5009565
2013-09-14 16:53:20.0000004,10.7938
2013-09-14 16:53:20.0000003,20.337763
2014-02-06 09:09:56.0000002,10.3458185
2009-06-10 16:55:00.00000028,7.152775
2009-06-10 16:55:00.00000020,10.913939
2009-06-10 16:55:00.0000001,5.7880797
2009-06-10 16:55:00.000000133,7.9410033
2009-06-10 16:55:00.00000026,6.5179257
2009-06-10 16:55:00.000000142,17.020325
2009-06-10 16:55:00.00000038,7.023166
2009-06-10 16:55:00.00000042,10.243956
2009-06-10 16:55:00.000000112,6.355325
2009-06-10 16:55:00.00000096,6.4435005
2009-06-10 16:55:00.00000050,8.074121
2009-06-10 16:55:00.00000092,10.140477
2009-06-10 16:55:00.000000167,6.849146
2009-06-10 16:55:00.000000110,5.466457
2009-06-10 16:55:00.00000015,12.866378
2009-06-10 16:55:00.000000104,27.766031
2009-06-10 16:55:00.00000019,46.805798
2009-06-10 16:55:00.000000168,4.940804
2009-06-10 16:55:00.00000059,7.686325
2009-06-10 16:55:00.000000136,8.811228
2009-06-10 16:55:00.00000087,32.861263
2009-06-10 16:55:00.000000134,5.717725
2009-06-10 16:55:00.00000032,7.1857443
2013-06-26 11:19:36.0000001,7.443374
2009-05-02 20:11:32.0000002,4.399505
2009-05-02 20:11:32.0000003,10.903938
2011-06-24 12:03:00.00000031,8.034062
2011-06-24 12:03:00.00000064,6.107697
2011-06-24 12:03:00.000000153,14.625154
2011-06-24 12:03:00.00000014,7.1403856
2011-06-24 12:03:00.000000192,28.830173
2011-06-24 12:03:00.000000121,7.0799913
2011-06-24 12:03:00.000000140,5.5335608
2011-06-24 12:03:00.000000155,5.0029855
2011-06-24 12:03:00.00000016,4.7779818
2011-06-24 12:03:00.00000084,5.9330683
2011-06-24 12:03:00.00000080,4.4002314
2011-06-24 12:03:00.000000123,4.965225
2011-06-24 12:03:00.000000125,6.9453893
2011-06-24 12:03:00.00000032,9.823879
2011-06-24 12:03:00.000000178,14.335598
2011-06-24 12:03:00.00000090,10.59591
2011-06-24 12:03:00.000000166,44.324287
2011-06-24 12:03:00.000000108,5.8029814
2011-06-24 12:03:00.00000098,9.705073
2011-06-24 12:03:00.000000104,28.865265
2011-06-24 12:03:00.00000027,12.433948
2011-06-24 12:03:00.000000151,11.068206
2011-06-24 12:03:00.00000099,12.981972
2011-06-24 12:03:00.00000077,23.564095
2011-06-24 12:03:00.00000019,9.431328
2011-06-24 12:03:00.00000091,7.4685574
2011-06-24 12:03:00.000000132,10.785624
2011-06-24 12:03:00.000000161,7.297287
2011-06-24 12:03:00.00000024,5.8485966
2011-06-24 12:03:00.00000034,10.189858
2011-06-24 12:03:00.00000050,16.26882
2011-06-24 12:03:00.00000023,43.910038
2011-06-24 12:03:00.00000049,8.253534
2011-06-24 12:03:00.000000115,12.281756
2011-06-24 12:03:00.0000008,6.4699426
2014-06-15 07:06:00.00000021,19.250898
2014-06-15 07:06:00.00000032,7.8053484
2014-06-15 07:06:00.00000029,6.6571813
2014-06-15 07:06:00.00000043,34.805313
2014-06-15 07:06:00.0000007,5.2167625
2014-06-15 07:06:00.00000038,14.670378
2014-06-15 07:06:00.00000020,5.8969607
2014-06-15 07:06:00.00000027,57.572903
2012-08-09 01:30:36.0000001,11.3201
2015-05-30 21:29:04.0000002,12.615675
2015-05-30 21:29:04.0000005,10.234033
2009-10-26 12:01:36.0000004,29.1019
2013-02-02 15:45:08.0000004,8.511364
2010-12-14 23:27:36.0000003,4.832001
2010-12-14 23:27:36.0000004,4.6092772
2010-12-14 23:27:36.0000002,8.807943
2014-04-14 13:48:32.0000001,36.661217
2014-04-14 13:48:32.0000002,9.062286
2014-08-07 16:57:56.0000001,9.62403
2009-09-14 02:19:00.00000022,7.9492826
2009-09-14 02:19:00.00000010,10.174901
2009-09-14 02:19:00.0000004,4.6393347
2009-09-14 02:19:00.00000011,4.4148364
2009-09-14 02:19:00.00000023,11.736795
2009-09-14 02:19:00.00000041,4.9077353
2009-09-14 02:19:00.00000013,10.617472
2014-03-17 16:07:56.0000001,8.82396
2011-06-12 11:31:48.0000003,5.4917054
2011-06-12 11:31:48.0000001,7.963486
2011-06-12 11:31:48.0000002,13.066952
2015-06-24 14:19:52.0000003,12.700517
2010-08-21 22:21:32.0000003,6.918198
2012-01-26 11:17:36.0000001,5.6940646
2015-02-27 14:15:52.0000001,12.393442
2015-02-27 14:15:52.0000002,11.381824
2014-09-14 17:22:12.0000004,10.954647
2009-01-02 17:45:40.0000004,31.268778
2009-01-02 17:45:40.0000001,6.603381
2009-01-02 17:45:40.0000002,7.657553
2009-01-02 17:45:40.0000003,5.8082223
2009-01-01 11:04:24.0000003,11.379987
2009-01-01 11:04:24.0000001,6.8950906
2014-04-28 19:46:36.0000001,5.3359866
2011-06-01 07:37:00.000000192,18.367813
2011-06-01 07:37:00.000000115,11.933745
2011-06-01 07:37:00.00000089,7.3625517
2011-06-01 07:37:00.00000087,7.2060156
2011-06-01 07:37:00.000000173,5.0087266
2011-06-01 07:37:00.000000166,8.624852
2011-06-01 07:37:00.00000081,5.9053683
2011-06-01 07:37:00.00000041,4.9443207
2011-06-01 07:37:00.000000102,4.355365
2011-06-01 07:37:00.000000215,14.373345
2011-06-01 07:37:00.0000006,24.724998
2011-06-01 07:37:00.000000161,6.1822495
2011-06-01 07:37:00.000000123,4.669631
2011-06-01 07:37:00.000000117,8.34944
2011-06-01 07:37:00.0000004,18.789415
2011-06-01 07:37:00.000000133,7.926514
2011-06-01 07:37:00.000000160,6.1444454
2011-06-01 07:37:00.000000136,15.510006
2011-06-01 07:37:00.000000214,8.962041
2011-06-01 07:37:00.00000047,10.927253
2011-06-01 07:37:00.0000001,5.9355254
2011-06-01 07:37:00.00000096,5.0039077
2011-06-01 07:37:00.000000150,18.813639
2011-06-01 07:37:00.00000072,14.340607
2011-06-01 07:37:00.00000064,6.8007956
2010-08-27 18:45:00.00000048,15.678992
2010-08-27 18:45:00.000000210,13.796088
2010-08-27 18:45:00.000000159,4.843562
2010-08-27 18:45:00.00000083,9.887395
2010-08-27 18:45:00.000000145,5.7151675
2010-08-27 18:45:00.00000096,7.8832164
2010-08-27 18:45:00.00000036,5.57116
2010-08-27 18:45:00.00000088,8.485068
2010-08-27 18:45:00.000000116,11.1855345
2010-08-27 18:45:00.000000193,7.4482527
2010-08-27 18:45:00.000000121,5.154505
2010-08-27 18:45:00.00000074,15.33785
2010-08-27 18:45:00.00000075,8.86531
2010-08-27 18:45:00.000000130,13.49892
2010-08-27 18:45:00.000000224,6.684606
2010-08-27 18:45:00.00000072,5.135041
2010-08-27 18:45:00.000000128,9.391686
2010-08-27 18:45:00.000000163,10.10611
2010-08-27 18:45:00.000000171,8.163876
2010-08-27 18:45:00.000000157,11.124998
2010-08-27 18:45:00.000000147,6.779285
2010-08-27 18:45:00.000000119,3.8304067
2010-08-27 18:45:00.000000111,6.471484
2010-08-27 18:45:00.00000015,18.501455
2010-08-27 18:45:00.00000062,5.7260084
2010-08-27 18:45:00.000000127,6.056652
2010-08-27 18:45:00.000000223,3.8953323
2010-08-27 18:45:00.000000112,8.272629
2010-08-27 18:45:00.000000201,16.019665
2010-08-27 18:45:00.000000135,13.612886
2010-08-27 18:45:00.00000092,7.559182
2010-08-27 18:45:00.00000056,4.6818333
2010-08-27 18:45:00.000000105,9.456846
2010-08-27 18:45:00.000000222,5.1970487
2010-08-27 18:45:00.00000023,7.826961
2011-02-12 00:43:24.0000002,6.0800085
2014-05-07 06:50:20.0000004,6.8600416
2010-08-14 02:13:00.000000131,10.861044
2010-08-14 02:13:00.00000097,7.5362673
2010-08-14 02:13:00.00000086,4.628543
2010-08-14 02:13:00.00000051,7.448575
2010-08-14 02:13:00.000000128,5.747889
2010-08-14 02:13:00.00000074,7.570296
2010-08-14 02:13:00.000000169,4.9801326
2010-08-14 02:13:00.000000127,8.698533
2010-08-14 02:13:00.00000036,6.089302
2010-08-14 02:13:00.00000068,25.019156
2010-08-14 02:13:00.00000042,20.09779
2010-08-14 02:13:00.000000115,20.397482
2010-08-14 02:13:00.00000029,6.1372924
2010-08-14 02:13:00.0000003,51.72075
2010-08-14 02:13:00.00000037,17.66113
2010-08-14 02:13:00.000000121,4.499854
2010-08-14 02:13:00.00000031,4.934863
2010-08-14 02:13:00.00000094,12.624709
2010-08-14 02:13:00.000000136,15.211838
2010-08-14 02:13:00.00000018,7.7690454
2010-08-14 02:13:00.000000125,8.063489
2010-08-14 02:13:00.00000041,17.773308
2010-08-14 02:13:00.000000163,17.660088
2010-08-14 02:13:00.000000126,7.8963337
2010-08-14 02:13:00.0000008,11.4843855
2010-08-14 02:13:00.00000057,5.6262884
2010-08-14 02:13:00.00000050,15.200036
2010-08-14 02:13:00.000000152,4.8139553
2014-03-25 23:47:00.00000083,5.7872233
2014-03-25 23:47:00.000000139,5.195418
2014-03-25 23:47:00.000000122,18.77869
2014-03-25 23:47:00.00000093,6.4154034
2014-03-25 23:47:00.00000039,9.882079
2014-03-25 23:47:00.000000119,7.3035555
2014-03-25 23:47:00.00000067,13.490582
2014-03-25 23:47:00.00000034,9.646284
2014-03-25 23:47:00.00000040,13.654794
2014-03-25 23:47:00.000000137,11.988738
2014-03-25 23:47:00.00000076,22.721346
2014-03-25 23:47:00.00000057,9.021852
2014-03-25 23:47:00.000000104,9.261435
2014-03-25 23:47:00.00000069,4.811064
2015-06-05 08:38:56.0000008,22.585518
2010-08-06 20:27:12.0000003,7.4236627
2012-08-03 12:33:08.0000001,5.4120693
2010-09-29 16:43:00.00000088,10.438223
2010-09-29 16:43:00.00000034,11.737632
2010-09-29 16:43:00.00000069,12.64779
2010-09-29 16:43:00.000000172,9.137366
2010-09-29 16:43:00.000000152,7.340049
2010-09-29 16:43:00.00000084,8.72673
2010-09-29 16:43:00.000000136,7.829563
2010-09-29 16:43:00.000000126,11.307211
2010-09-29 16:43:00.000000171,6.6708126
2010-09-29 16:43:00.000000139,7.540704
2010-09-29 16:43:00.0000002,7.165666
2010-09-29 16:43:00.00000070,9.27325
2010-09-29 16:43:00.00000045,5.78586
2010-09-29 16:43:00.0000009,10.582962
2010-09-29 16:43:00.00000057,12.3201685
2010-09-29 16:43:00.000000118,8.453579
2010-09-29 16:43:00.00000042,11.672387
2010-09-29 16:43:00.000000130,8.941439
2010-09-29 16:43:00.00000039,8.657067
2010-09-29 16:43:00.00000032,8.759714
2014-10-27 14:58:00.000000101,9.963244
2014-10-27 14:58:00.00000023,10.378257
2014-10-27 14:58:00.0000006,11.068794
2014-10-27 14:58:00.000000113,6.7115645
2014-10-27 14:58:00.000000143,4.9725094
2014-10-27 14:58:00.00000090,5.7102237
2014-10-27 14:58:00.000000104,20.541227
2014-10-27 14:58:00.000000148,39.767647
2014-10-27 14:58:00.00000060,7.3137035
2014-10-27 14:58:00.000000129,24.912243
2014-10-27 14:58:00.00000012,18.950317
2014-10-27 14:58:00.00000035,17.477367
2014-10-27 14:58:00.00000036,10.185286
2014-10-27 14:58:00.000000150,9.325702
2014-10-27 14:58:00.00000050,6.680279
2014-10-27 14:58:00.000000103,8.967362
2014-10-27 14:58:00.00000067,6.524456
2014-10-27 14:58:00.00000066,5.880985
2009-10-08 23:44:56.0000003,7.948049
2012-11-03 17:11:00.00000064,15.866505
2012-11-03 17:11:00.00000074,6.4929657
2012-11-03 17:11:00.000000132,54.586708
2012-11-03 17:11:00.00000031,8.157909
2012-11-03 17:11:00.00000028,9.145668
2012-11-03 17:11:00.000000102,8.507906
2012-11-03 17:11:00.00000067,8.883675
2012-11-03 17:11:00.000000162,8.511266
2012-11-03 17:11:00.00000054,13.204319
2012-11-03 17:11:00.00000046,6.1790524
2012-11-03 17:11:00.000000113,29.52508
2012-11-03 17:11:00.00000093,7.122139
2012-11-03 17:11:00.00000032,10.257578
2012-11-03 17:11:00.00000052,18.723719
2012-11-03 17:11:00.000000147,8.202898
2012-11-03 17:11:00.000000125,9.213068
2012-11-03 17:11:00.00000086,6.640114
2012-11-03 17:11:00.0000009,7.7662597
2012-11-03 17:11:00.000000136,7.6301384
2012-11-03 17:11:00.00000077,8.406512
2012-11-03 17:11:00.00000099,18.042566
2012-11-03 17:11:00.00000096,9.741063
2012-11-03 17:11:00.000000161,7.935768
2012-11-03 17:11:00.000000124,11.180021
2012-11-03 17:11:00.00000016,23.073078
2012-11-03 17:11:00.00000058,4.6520357
2012-11-03 17:11:00.00000083,10.21686
2012-11-03 17:11:00.00000082,8.882146
2012-11-03 17:11:00.00000075,37.375748
2012-11-03 17:11:00.00000061,13.242454
2012-11-03 17:11:00.00000012,7.8292747
2012-11-03 17:11:00.00000057,4.4645405
2012-11-03 17:11:00.00000037,5.88645
2012-11-03 17:11:00.000000106,6.9846864
2009-05-07 13:58:32.0000002,29.06777
2011-05-28 17:29:44.0000001,57.95408
2011-05-28 17:29:44.0000004,29.706064
2011-12-25 21:26:32.0000002,5.3998713
2009-05-06 01:49:12.0000002,14.918661
2009-05-06 01:49:12.0000004,5.256944
2011-03-11 01:44:00.00000030,8.642351
2011-03-11 01:44:00.00000027,34.43656
2011-03-11 01:44:00.0000009,7.5263844
2011-03-11 01:44:00.00000047,29.802504
2011-03-11 01:44:00.00000092,4.389393
2011-03-11 01:44:00.0000006,11.382199
2011-03-11 01:44:00.00000056,18.88204
2011-03-11 01:44:00.00000081,9.294941
2011-03-11 01:44:00.00000039,6.794016
2011-03-11 01:44:00.00000077,19.706837
2011-03-11 01:44:00.00000059,13.38454
2011-03-11 01:44:00.00000028,5.974416
2011-03-11 01:44:00.00000036,13.230451
2011-03-11 01:44:00.00000038,23.405586
2011-03-11 01:44:00.00000065,16.543684
2011-03-11 01:44:00.0000003,7.3679624
2013-01-27 00:09:12.0000003,8.347785
2012-01-07 11:21:56.0000003,3.639302
2012-01-07 11:21:56.0000001,7.075675
2012-10-31 12:17:24.0000002,11.831294
2012-10-20 02:05:08.0000003,6.854305
2014-10-11 15:11:24.0000003,5.1591
2009-08-17 12:27:08.0000002,10.275506
2014-04-09 09:23:12.0000004,13.617428
2009-11-25 19:32:52.0000004,4.99774
2014-05-30 00:09:16.0000007,6.0031796
2014-05-30 00:09:16.0000006,18.242928
2013-01-07 17:08:32.0000002,10.280757
2013-02-18 17:37:28.0000001,5.488411
2011-10-04 09:37:00.00000038,12.723263
2011-10-04 09:37:00.00000095,10.251679
2011-10-04 09:37:00.00000015,8.666472
2011-10-04 09:37:00.00000022,28.214611
2011-10-04 09:37:00.00000052,11.134077
2011-10-04 09:37:00.000000141,10.363535
2011-10-04 09:37:00.000000179,13.617146
2011-10-04 09:37:00.000000148,6.9020615
2011-10-04 09:37:00.00000014,7.257444
2011-10-04 09:37:00.00000085,5.6927347
2011-10-04 09:37:00.000000162,12.477963
2011-10-04 09:37:00.00000034,29.27643
2011-10-04 09:37:00.00000037,15.162058
2011-10-04 09:37:00.000000111,12.830467
2011-10-04 09:37:00.00000061,3.9438767
2011-10-04 09:37:00.000000199,7.7353473
2011-10-04 09:37:00.000000158,20.645882
2011-10-04 09:37:00.000000149,7.922828
2011-10-04 09:37:00.00000069,19.288572
2011-10-04 09:37:00.00000077,10.711744
2011-10-04 09:37:00.000000165,16.483793
2011-10-04 09:37:00.00000044,10.853301
2011-10-04 09:37:00.000000191,11.868126
2011-10-04 09:37:00.000000164,5.4343624
2011-10-04 09:37:00.000000135,4.9293804
2011-10-04 09:37:00.000000190,13.621257
2011-10-04 09:37:00.000000163,15.978087
2011-10-04 09:37:00.00000054,25.056173
2011-10-04 09:37:00.000000177,9.866865
2011-10-04 09:37:00.00000064,5.6907883
2011-10-04 09:37:00.0000003,10.994681
2011-10-04 09:37:00.000000196,26.779276
2011-10-04 09:37:00.000000155,6.388313
2012-10-23 14:15:04.0000002,11.550998
2012-10-18 21:06:20.0000009,8.683127
2012-10-18 21:06:20.0000007,11.759747
2014-12-24 03:00:00.00000016,16.43294
2014-12-24 03:00:00.00000025,9.722886
2014-12-24 03:00:00.00000029,9.488154
2014-12-24 03:00:00.00000040,11.447191
2014-12-24 03:00:00.0000007,4.8533063
2014-12-24 03:00:00.00000019,6.2539515
2014-12-24 03:00:00.00000039,4.9928665
2010-10-07 10:54:20.0000003,49.01477
2011-02-21 20:11:08.0000006,9.876404
2009-10-04 22:54:56.0000002,11.064096
2015-04-11 20:31:32.00000011,7.1680927
2015-04-11 20:31:32.0000005,13.424223
2011-02-20 12:31:04.0000002,6.6567845
2013-01-01 22:04:56.0000002,9.749599
2013-01-01 22:04:56.0000003,8.361677
2013-04-23 17:52:44.0000003,57.013905
2010-01-01 13:19:40.0000004,10.770223
2010-03-06 23:51:08.0000003,12.407912
2014-04-27 02:57:00.000000155,10.629887
2014-04-27 02:57:00.00000072,10.67142
2014-04-27 02:57:00.00000043,8.353848
2014-04-27 02:57:00.00000073,14.548658
2014-04-27 02:57:00.00000013,16.688143
2014-04-27 02:57:00.000000191,6.970475
2014-04-27 02:57:00.000000171,18.375837
2014-04-27 02:57:00.000000162,27.646393
2014-04-27 02:57:00.00000082,13.630276
2014-04-27 02:57:00.00000023,7.034861
2014-04-27 02:57:00.000000137,7.6746087
2014-04-27 02:57:00.00000057,16.256657
2014-04-27 02:57:00.000000174,6.2629657
2014-04-27 02:57:00.00000012,4.8472643
2014-04-27 02:57:00.000000158,5.181429
2014-04-27 02:57:00.000000138,35.66862
2014-04-27 02:57:00.000000172,10.446129
2014-04-27 02:57:00.000000195,10.882043
2014-04-27 02:57:00.000000131,6.703727
2014-04-27 02:57:00.000000140,14.583329
2014-04-27 02:57:00.000000154,5.100072
2014-04-27 02:57:00.00000036,6.7284355
2014-04-27 02:57:00.000000153,10.073016
2014-04-27 02:57:00.000000164,6.913748
2014-04-27 02:57:00.00000031,7.4318833
2014-04-27 02:57:00.000000116,27.41603
2014-04-27 02:57:00.000000187,9.396932
2011-01-18 10:26:40.0000001,13.059186
2011-12-13 22:00:00.000000185,11.901095
2011-12-13 22:00:00.000000117,27.879574
2011-12-13 22:00:00.00000037,13.534854
2011-12-13 22:00:00.000000171,7.0678883
2011-12-13 22:00:00.000000194,12.986976
2011-12-13 22:00:00.000000237,5.4218335
2011-12-13 22:00:00.000000160,7.1100354
2011-12-13 22:00:00.000000145,4.796284
2011-12-13 22:00:00.00000035,10.030264
2011-12-13 22:00:00.00000081,5.545288
2011-12-13 22:00:00.00000015,7.2159147
2011-12-13 22:00:00.000000118,8.89635
2011-12-13 22:00:00.000000140,8.8810425
2011-12-13 22:00:00.00000092,20.941462
2011-12-13 22:00:00.00000047,6.037785
2011-12-13 22:00:00.000000119,6.813217
2011-12-13 22:00:00.00000077,4.6682773
2011-12-13 22:00:00.00000096,7.792291
2011-12-13 22:00:00.000000152,15.934745
2011-12-13 22:00:00.000000198,9.115254
2011-12-13 22:00:00.00000043,6.2299976
2011-12-13 22:00:00.000000115,4.9052973
2011-12-13 22:00:00.000000236,4.908275
2011-12-13 22:00:00.000000200,6.0125437
2011-12-13 22:00:00.0000001,19.494411
2011-12-13 22:00:00.000000251,6.7587967
2011-12-13 22:00:00.00000049,6.2366734
2011-12-13 22:00:00.00000034,9.095232
2011-12-13 22:00:00.000000262,5.557517
2011-12-13 22:00:00.00000018,22.652847
2011-12-13 22:00:00.000000108,5.3172245
2011-12-13 22:00:00.00000084,6.0656915
2014-05-13 07:33:52.0000005,6.4907765
2011-06-30 09:37:08.0000001,8.838899
2009-01-28 16:36:28.0000004,10.893218
2010-07-21 22:06:12.0000004,13.37851
2013-05-24 13:37:32.0000003,13.306886
2013-05-24 13:37:32.0000002,6.0347853
2014-03-05 21:07:12.0000002,5.305536
2014-03-05 21:07:12.0000005,5.3943453
2009-11-28 15:07:24.0000002,7.503301
2010-07-31 15:47:28.0000002,11.685865
2013-11-22 15:36:36.0000001,12.7891
2011-06-26 18:48:08.0000003,9.3386755
2011-10-17 18:49:20.0000001,12.196365
2011-10-17 18:49:20.0000004,7.1711545
2014-07-21 18:19:00.00000053,8.339308
2014-07-21 18:19:00.00000085,9.501368
2014-07-21 18:19:00.000000175,6.8439226
2014-07-21 18:19:00.00000076,11.856373
2014-07-21 18:19:00.000000147,12.441142
2014-07-21 18:19:00.0000001,19.075424
2014-07-21 18:19:00.0000007,7.626302
2014-07-21 18:19:00.000000234,10.562038
2014-07-21 18:19:00.000000188,8.75857
2014-07-21 18:19:00.00000024,10.403202
2014-07-21 18:19:00.000000158,5.165751
2014-07-21 18:19:00.00000093,13.054192
2014-07-21 18:19:00.00000081,7.3407936
2014-07-21 18:19:00.000000206,6.893159
2014-07-21 18:19:00.00000095,27.89473
2014-07-21 18:19:00.000000164,4.355991
2014-07-21 18:19:00.00000062,7.021111
2014-07-21 18:19:00.000000140,12.210209
2014-07-21 18:19:00.000000155,14.371501
2014-07-21 18:19:00.000000170,10.1649065
2014-07-21 18:19:00.000000238,22.603855
2014-07-21 18:19:00.000000207,9.941398
2014-07-21 18:19:00.00000016,15.681363
2014-07-21 18:19:00.000000237,14.527062
2014-07-21 18:19:00.00000045,6.105811
2014-07-21 18:19:00.000000110,5.8229837
2014-07-21 18:19:00.000000157,6.828112
2014-07-21 18:19:00.000000236,12.04019
2014-07-21 18:19:00.000000151,7.9075184
2014-07-21 18:19:00.000000192,5.849294
2014-07-21 18:19:00.00000086,6.463032
2014-07-21 18:19:00.00000040,6.6944456
2014-07-21 18:19:00.000000209,5.2262015
2014-07-21 18:19:00.000000138,13.309677
2014-07-21 18:19:00.000000131,11.660163
2014-07-21 18:19:00.000000243,8.991238
2014-07-21 18:19:00.000000199,15.966687
2014-07-21 18:19:00.00000041,12.9606695
2014-07-21 18:19:00.000000180,13.731422
2014-07-21 18:19:00.00000052,8.027011
2014-07-21 18:19:00.00000084,7.333851
2011-06-13 09:55:04.0000006,8.83465
2011-06-13 09:55:04.0000002,26.638306
2014-12-27 22:31:56.0000001,11.109634
2014-12-27 22:31:56.0000003,27.053558
2010-09-20 16:48:00.00000050,9.836367
2010-09-20 16:48:00.00000055,8.645681
2010-09-20 16:48:00.000000154,9.678256
2010-09-20 16:48:00.000000106,13.64701
2010-09-20 16:48:00.000000163,18.61048
2010-09-20 16:48:00.000000121,42.979763
2010-09-20 16:48:00.000000111,42.034393
2010-09-20 16:48:00.000000124,10.027463
2010-09-20 16:48:00.000000143,6.3126993
2010-09-20 16:48:00.000000131,9.363227
2010-09-20 16:48:00.000000137,29.80706
2010-09-20 16:48:00.000000142,9.916638
2010-09-20 16:48:00.00000036,7.7284403
2010-09-20 16:48:00.0000007,14.18814
2010-09-20 16:48:00.000000112,10.2683935
2010-09-20 16:48:00.000000104,8.93768
2010-09-20 16:48:00.00000056,15.00015
2010-09-20 16:48:00.000000114,8.81659
2010-09-20 16:48:00.000000152,5.5622826
2010-09-20 16:48:00.00000072,24.573893
2010-09-20 16:48:00.0000004,10.258255
2010-09-20 16:48:00.00000058,17.456608
2010-09-20 16:48:00.00000081,9.004886
2010-09-20 16:48:00.000000116,7.523595
2010-09-20 16:48:00.00000040,12.0941515
2010-09-20 16:48:00.00000019,12.410924
2010-09-20 16:48:00.000000134,9.8146105
2010-09-20 16:48:00.00000084,42.02365
2010-09-20 16:48:00.00000016,10.062819
2010-09-20 16:48:00.000000103,6.858196
2012-08-20 14:47:36.0000001,7.4722733
2011-12-01 01:36:08.0000001,4.0171127
2014-03-29 14:59:28.0000001,11.216541
2014-08-18 01:19:48.0000001,9.838044
2012-04-30 20:04:20.0000001,3.993498
2013-07-13 18:28:20.0000003,55.93825
2014-10-07 19:04:08.0000003,5.882844
2014-10-07 19:04:08.0000001,7.2134676
2013-08-21 09:32:24.0000001,5.6612625
2015-01-26 07:13:44.0000001,35.15269
2011-03-06 21:01:00.0000003,11.388605
2011-03-06 21:01:00.000000155,4.36674
2011-03-06 21:01:00.000000164,6.5982776
2011-03-06 21:01:00.000000131,8.49337
2011-03-06 21:01:00.00000091,8.990107
2011-03-06 21:01:00.000000144,16.662916
2011-03-06 21:01:00.000000132,5.170028
2011-03-06 21:01:00.000000134,5.0835514
2011-03-06 21:01:00.000000110,3.4906704
2011-03-06 21:01:00.00000058,4.7492585
2011-03-06 21:01:00.00000081,29.025297
2011-03-06 21:01:00.00000048,15.872082
2011-03-06 21:01:00.00000079,7.154615
2011-03-06 21:01:00.000000142,12.438161
2011-03-06 21:01:00.00000090,10.020497
2011-03-06 21:01:00.000000125,6.980423
2011-03-06 21:01:00.000000119,3.6389167
2011-03-06 21:01:00.000000117,14.8825
2011-03-06 21:01:00.00000065,8.623287
2011-03-06 21:01:00.000000163,5.289028
2011-03-06 21:01:00.000000159,7.7825027
2011-03-06 21:01:00.000000112,4.4524064
2011-03-06 21:01:00.00000013,28.884602
2011-03-06 21:01:00.000000121,7.5913906
2011-03-06 21:01:00.000000152,4.923274
2011-03-06 21:01:00.00000059,11.536073
2011-03-06 21:01:00.00000041,5.7548647
2011-03-06 21:01:00.000000174,8.683116
2011-03-06 21:01:00.000000171,6.36464
2011-03-06 21:01:00.00000069,13.76239
2011-03-06 21:01:00.00000050,4.0694346
2011-03-06 21:01:00.00000039,7.4751253
2011-03-06 21:01:00.00000082,7.9279265
2011-03-06 21:01:00.000000165,6.262997
2011-03-06 21:01:00.000000103,4.316454
2011-03-06 21:01:00.00000063,4.828575
2011-03-06 21:01:00.000000100,15.803831
2011-03-06 21:01:00.000000124,10.304902
2011-03-06 21:01:00.000000126,5.958192
2011-03-06 21:01:00.00000068,7.2838073
2011-03-06 21:01:00.00000030,6.141555
2009-11-24 08:58:48.0000008,5.8136377
2009-11-24 08:58:48.0000004,9.050953
2011-05-30 09:32:56.0000002,5.583267
2010-01-02 12:20:32.0000001,7.4357915
2010-10-05 02:09:00.00000026,6.402115
2010-10-05 02:09:00.00000016,4.89528
2010-10-05 02:09:00.00000019,19.235348
2010-10-05 02:09:00.00000014,5.9378777
2010-10-05 02:09:00.0000004,7.5241003
2010-10-05 02:09:00.00000025,17.603458
2010-10-05 02:09:00.0000009,9.1822
2012-01-25 22:43:44.0000005,5.2817383
2010-12-01 22:04:52.0000002,7.427326
2013-06-23 02:54:32.0000001,16.052896
2013-11-18 15:07:28.0000003,10.054713
2013-08-06 23:56:32.0000002,7.054108
2013-08-06 23:56:32.0000001,26.711115
2012-03-10 02:36:04.0000004,4.669348
2014-04-13 17:35:52.0000001,11.528728
2013-09-14 16:03:12.0000001,13.271013
2013-09-14 16:03:12.0000002,7.804099
2013-09-14 16:03:12.0000003,7.330261
2014-04-05 18:27:08.0000001,9.391698
2014-04-05 18:27:08.0000002,6.312874
2009-12-02 15:59:56.0000003,5.637378
2010-01-03 02:03:40.0000001,3.8410585
2011-01-30 14:38:24.0000001,9.597662
2011-04-16 21:23:16.0000005,7.877155
2009-05-31 21:24:56.0000002,8.984833
2009-07-14 17:59:12.0000002,13.254517
2009-12-18 12:37:04.0000003,6.7449574
2012-11-21 15:12:48.0000002,6.4594517
2011-10-07 22:08:20.0000002,7.6857977
2011-10-07 22:08:20.0000001,9.964565
2011-10-07 22:08:20.0000004,11.442509
2013-09-24 21:16:40.0000008,5.3237386
2013-09-24 21:16:40.0000005,5.531358
2014-01-25 12:36:52.0000003,10.113724
2012-01-26 07:33:00.000000101,5.1338224
2012-01-26 07:33:00.00000057,14.234723
2012-01-26 07:33:00.000000175,5.5181985
2012-01-26 07:33:00.00000024,7.5963116
2012-01-26 07:33:00.00000097,5.115273
2012-01-26 07:33:00.000000115,16.781796
2012-01-26 07:33:00.00000039,4.453828
2012-01-26 07:33:00.000000161,9.719325
2012-01-26 07:33:00.000000173,8.4601965
2012-01-26 07:33:00.000000183,9.584173
2012-01-26 07:33:00.00000020,11.392057
2012-01-26 07:33:00.00000022,9.398667
2012-01-26 07:33:00.000000136,7.866785
2012-01-26 07:33:00.0000008,15.335179
2012-01-26 07:33:00.000000100,9.759766
2012-01-26 07:33:00.00000023,8.674868
2012-01-26 07:33:00.00000056,7.375078
2012-01-26 07:33:00.00000018,8.237194
2012-01-26 07:33:00.00000076,22.1689
2012-01-26 07:33:00.00000080,7.658454
2012-01-26 07:33:00.000000104,7.7364054
2012-01-26 07:33:00.00000082,5.129311
2012-01-26 07:33:00.00000025,5.0764885
2012-01-26 07:33:00.000000181,26.66839
2012-01-26 07:33:00.000000105,5.6045423
2015-03-20 23:34:40.0000001,9.966226
2015-03-20 23:34:40.0000008,9.16794
2015-03-20 23:34:40.0000003,19.039978
2013-12-14 03:20:48.0000003,9.89411
2010-12-09 07:29:00.000000164,11.46771
2010-12-09 07:29:00.000000141,12.822388
2010-12-09 07:29:00.00000073,9.77776
2010-12-09 07:29:00.00000062,5.344359
2010-12-09 07:29:00.000000139,7.206005
2010-12-09 07:29:00.00000079,5.7106156
2010-12-09 07:29:00.000000145,7.6395507
2010-12-09 07:29:00.0000006,5.4234223
2010-12-09 07:29:00.00000066,4.5069013
2010-12-09 07:29:00.000000171,8.242617
2010-12-09 07:29:00.000000136,7.3259435
2010-12-09 07:29:00.00000026,19.295683
2010-12-09 07:29:00.00000044,5.23141
2010-12-09 07:29:00.00000083,9.713451
2010-12-09 07:29:00.00000028,7.0830965
2010-12-09 07:29:00.000000168,10.268114
2010-12-09 07:29:00.000000180,6.0677285
2010-12-09 07:29:00.00000094,6.136549
2010-12-09 07:29:00.00000080,49.173893
2010-12-09 07:29:00.000000181,12.288016
2010-12-09 07:29:00.00000086,8.741411
2011-09-25 13:01:20.0000002,5.636615
2014-02-20 18:49:04.0000001,11.520386
2010-08-21 23:02:28.0000004,4.977023
2010-08-21 23:02:28.0000001,13.022505
2010-08-21 23:02:28.0000002,6.0999646
2012-05-08 03:50:00.00000017,22.128138
2012-05-08 03:50:00.00000010,7.1331654
2012-05-08 03:50:00.0000005,6.511781
2009-07-31 07:30:56.0000003,16.465408
2012-03-06 07:33:04.0000001,10.889644
2015-03-12 19:43:24.0000006,37.598648
2014-01-18 17:43:28.0000001,10.8949995
2011-09-04 01:36:36.0000001,7.3736615
2010-08-09 08:53:56.0000001,6.5941625
2015-02-01 00:48:44.0000002,4.6963234
2014-01-26 15:28:52.0000001,10.165016
2014-01-26 15:28:52.0000002,12.055654
2011-12-06 11:07:40.0000004,10.855712
2011-07-12 19:41:48.0000001,7.8777885
2010-09-16 14:27:16.0000002,9.203597
2015-02-14 20:20:56.0000003,5.4809346
2009-01-22 12:27:20.0000002,15.173752
2011-04-23 21:22:20.0000003,9.534995
2011-04-23 21:22:20.0000004,13.691688
2015-02-21 18:39:16.0000003,5.9836984
2015-02-21 18:39:16.0000004,7.9928246
2009-04-23 00:05:40.0000002,7.6445518
2013-03-09 21:40:52.0000001,9.931567
2010-07-22 09:37:12.0000002,32.86504
2012-07-31 02:46:40.0000001,7.1072664
2015-02-21 17:23:28.0000004,13.612797
2012-11-19 22:15:32.0000001,7.9241757
2009-01-26 18:26:48.0000005,6.574901
2009-09-22 11:47:24.0000001,9.475173
2012-07-05 18:30:36.0000004,5.244978
2012-11-20 21:54:00.000000225,6.3507085
2012-11-20 21:54:00.00000025,13.770772
2012-11-20 21:54:00.00000036,21.255379
2012-11-20 21:54:00.000000102,16.44498
2012-11-20 21:54:00.000000105,27.897404
2012-11-20 21:54:00.000000167,19.41358
2012-11-20 21:54:00.000000186,7.521874
2012-11-20 21:54:00.000000172,6.1829395
2012-11-20 21:54:00.000000202,16.203075
2012-11-20 21:54:00.000000179,39.35705
2012-11-20 21:54:00.000000110,8.401438
2012-11-20 21:54:00.00000076,7.993097
2012-11-20 21:54:00.000000195,22.097744
2012-11-20 21:54:00.000000131,32.70378
2012-11-20 21:54:00.0000002,14.816405
2012-11-20 21:54:00.00000068,28.621578
2012-11-20 21:54:00.000000138,9.651412
2012-11-20 21:54:00.00000090,8.426476
2012-11-20 21:54:00.000000169,8.177091
2012-11-20 21:54:00.00000065,9.108505
2012-11-20 21:54:00.000000121,24.61929
2012-11-20 21:54:00.00000024,5.696869
2012-11-20 21:54:00.000000123,11.966561
2012-11-20 21:54:00.000000100,10.71651
2012-11-20 21:54:00.0000004,7.196522
2012-11-20 21:54:00.00000098,5.2073903
2012-11-20 21:54:00.000000205,5.7253833
2012-11-20 21:54:00.000000103,31.920681
2012-11-20 21:54:00.00000092,16.404291
2012-11-20 21:54:00.00000040,7.2497945
2012-11-20 21:54:00.00000069,24.412693
2012-11-20 21:54:00.000000148,17.350515
2012-11-20 21:54:00.000000233,5.6131988
2014-06-23 00:16:00.00000054,13.26175
2014-06-23 00:16:00.00000059,36.57726
2014-06-23 00:16:00.00000051,8.012831
2014-06-23 00:16:00.00000012,10.924545
2014-06-23 00:16:00.00000046,51.066402
2014-06-23 00:16:00.00000032,7.219463
2014-06-23 00:16:00.00000017,13.752788
2014-06-23 00:16:00.0000006,6.0014124
2014-06-23 00:16:00.00000084,8.767384
2014-06-23 00:16:00.00000021,46.60595
2014-06-23 00:16:00.0000007,33.94839
2014-06-23 00:16:00.00000045,8.208265
2014-06-23 00:16:00.00000083,26.473087
2014-06-23 00:16:00.00000048,32.49157
2014-06-23 00:16:00.00000058,8.145934
2014-06-23 00:16:00.00000075,7.5553665
2014-06-23 00:16:00.00000027,9.140828
2014-06-23 00:16:00.00000031,8.923847
2009-04-25 10:52:56.0000001,11.059133
2009-04-25 10:52:56.0000003,4.980348
2009-04-20 11:11:40.0000002,9.322654
2009-10-22 21:57:36.0000001,15.450008
2013-11-28 11:00:04.0000001,10.535031
2014-05-25 15:07:04.0000001,5.892428
2011-08-18 13:00:16.0000001,6.23962
2013-09-25 22:00:00.000000167,8.80535
2013-09-25 22:00:00.00000033,5.8751044
2013-09-25 22:00:00.000000122,13.406619
2013-09-25 22:00:00.000000236,10.076877
2013-09-25 22:00:00.000000193,14.87493
2013-09-25 22:00:00.000000239,5.7954955
2013-09-25 22:00:00.00000086,13.863346
2013-09-25 22:00:00.000000201,12.446768
2013-09-25 22:00:00.000000170,16.156677
2013-09-25 22:00:00.00000080,5.6028266
2013-09-25 22:00:00.00000021,5.253879
2013-09-25 22:00:00.000000240,7.120431
2013-09-25 22:00:00.00000046,15.696556
2013-09-25 22:00:00.000000231,35.67229
2013-09-25 22:00:00.00000027,8.2496605
2013-09-25 22:00:00.00000045,6.074109
2013-09-25 22:00:00.000000108,7.6748757
2013-09-25 22:00:00.000000125,11.279194
2013-09-25 22:00:00.000000232,7.2202663
2013-09-25 22:00:00.000000184,13.233426
2013-09-25 22:00:00.00000096,11.353223
2013-09-25 22:00:00.000000158,11.049964
2013-09-25 22:00:00.000000131,16.87755
2013-09-25 22:00:00.000000207,6.5299077
2013-09-25 22:00:00.00000068,8.477181
2013-09-25 22:00:00.000000194,13.075945
2013-09-25 22:00:00.00000011,55.25911
2013-09-25 22:00:00.000000243,19.665442
2013-09-25 22:00:00.000000138,13.049063
2013-09-25 22:00:00.00000069,8.264419
2013-09-25 22:00:00.00000067,6.630238
2013-09-25 22:00:00.000000152,12.137635
2013-07-20 12:06:44.0000002,10.868055
2013-07-20 12:06:44.0000001,11.209316
2014-07-11 12:36:08.0000003,56.044495
2014-01-31 11:11:05.0000002,13.475223
2014-08-31 04:03:29.0000002,9.326409
2014-08-31 04:03:29.0000003,28.696938
2014-08-01 18:38:09.0000004,21.329018
2014-08-01 18:38:09.0000003,23.47882
2009-05-16 14:53:41.0000005,13.680742
2009-05-16 14:53:41.0000001,25.260511
2009-05-16 14:53:41.0000004,25.511467
2013-08-26 11:47:37.0000001,8.68914
2010-10-30 13:31:13.0000001,5.081184
2014-05-09 00:30:41.0000004,11.503545
2012-03-05 13:24:37.0000002,6.1955075
2010-07-01 22:11:33.0000005,7.1814814
2010-07-01 22:11:33.0000006,21.115831
2012-01-07 21:39:05.0000001,49.06572
2012-05-26 00:31:25.0000001,4.9313817
2014-10-07 11:52:13.0000006,10.837554
2015-06-13 19:17:09.0000005,6.8593
2009-11-28 13:50:17.0000004,5.91859
2009-11-28 13:50:17.0000002,5.8111796
2015-01-13 12:07:53.0000005,7.2801166
2015-01-13 12:07:53.0000003,7.988924
2012-01-31 09:15:49.0000001,7.4814
2011-03-22 12:59:49.0000002,28.890497
2011-03-22 12:59:49.0000006,7.290856
2013-07-05 00:58:17.0000001,4.698863
2010-01-30 00:57:21.0000002,16.67859
2009-10-16 16:14:41.0000002,7.056171
2011-03-13 05:34:57.0000002,10.894211
2015-02-26 23:20:13.00000010,9.544377
2013-10-09 15:11:41.0000004,24.132475
2011-09-01 09:53:49.0000004,5.71996
2010-09-28 00:16:53.0000003,7.1060166
2010-07-25 04:03:17.0000003,17.012857
2010-07-25 04:03:17.0000002,4.30058
2013-09-19 21:24:21.0000001,10.97055
2011-02-04 09:12:53.0000004,3.8138885
2012-03-08 12:33:25.0000003,14.441358
2009-07-31 18:15:57.0000001,8.652488
2009-07-10 20:17:05.0000003,4.0055704
2010-08-21 21:56:25.0000002,10.974058
2010-10-09 17:11:17.0000001,7.9982715
2009-09-25 15:13:57.0000001,8.978974
2009-09-25 15:13:57.0000003,6.382443
2009-09-25 15:13:57.0000002,11.94586
2010-05-03 08:36:41.0000004,7.427632
2011-01-24 20:18:49.0000003,5.337225
2010-01-23 14:32:17.0000003,5.591606
2012-06-02 01:16:05.0000004,17.853716
2011-10-20 13:46:33.0000003,9.577167
2014-10-28 12:23:09.0000001,18.667988
2011-07-11 20:43:33.0000004,12.03979
2011-07-11 20:43:33.0000005,25.058119
2011-07-11 20:43:33.0000001,5.9536943
2013-02-23 14:25:29.0000002,14.633658
2010-01-30 18:58:33.0000008,9.651279
2010-01-30 18:58:33.0000006,8.223536
2010-01-30 18:58:33.0000001,7.038557
2014-06-22 14:49:13.0000001,15.895651
2014-06-22 14:49:13.0000005,15.591058
2015-03-14 02:23:17.0000006,17.763023
2015-03-14 02:23:17.0000002,6.2908525
2015-03-14 02:23:17.0000004,16.917599
2012-03-12 01:08:09.0000001,8.583761
2014-09-25 20:52:09.0000002,6.653985
2014-09-25 20:52:09.0000005,22.362926
2012-12-15 06:35:45.0000001,10.607714
2012-01-05 05:51:01.0000001,8.256506
2013-10-15 08:16:21.0000002,24.842669
2014-08-26 23:35:49.0000002,5.2185187
2009-08-28 23:01:41.0000001,7.852558
2009-08-28 23:01:41.0000006,4.8206615
2014-12-16 13:40:25.0000003,12.606313
2012-12-09 22:30:13.0000006,7.0339737
2012-12-09 22:30:13.0000002,8.70743
2012-12-09 22:30:13.0000004,16.678986
2011-05-11 19:56:09.0000001,4.776209
2014-08-08 00:02:41.0000004,12.217071
2014-08-08 00:02:41.0000002,56.570496
2013-09-12 12:50:13.0000007,12.234407
2013-09-12 12:50:13.0000003,10.017535
2013-09-12 12:50:13.0000001,17.793226
2011-06-26 03:33:25.0000002,17.801235
2011-09-18 18:33:13.0000003,7.316566
2014-03-04 16:24:45.0000001,84.81205
2014-11-10 10:52:41.0000001,37.89009
2009-12-22 15:59:53.0000003,12.393148
2014-05-08 21:23:41.0000001,10.948316
2012-07-15 03:53:37.0000001,14.532756
2012-07-15 03:53:37.0000002,10.835965
2012-07-15 03:53:37.0000003,7.767229
2013-06-10 11:29:13.0000001,12.000351
2015-04-25 01:06:17.0000007,13.586865
2015-04-25 01:06:17.0000003,13.030814
2012-10-28 13:55:57.0000001,8.621901
2011-06-12 01:07:57.0000003,7.420322
2014-12-11 15:20:49.0000001,6.494425
2011-06-19 04:08:49.0000002,14.308571
2012-04-14 22:29:37.0000001,5.595042
2015-06-02 09:11:17.0000007,10.942334
2011-10-08 12:54:49.0000002,6.78881
2009-06-02 08:34:33.0000001,11.77783
2011-10-01 15:04:57.0000001,29.021225
2013-06-22 01:59:25.0000002,11.756927
2010-12-15 08:39:33.0000005,4.7536077
2012-05-26 11:54:53.0000001,6.93491
2012-05-26 11:54:53.0000002,9.2231455
2014-01-11 19:20:17.0000001,5.6511707
2015-01-05 21:43:13.0000001,22.866508
2011-07-19 22:20:41.0000002,12.717551
2011-07-19 22:20:41.0000004,7.5047207
2011-07-19 22:20:41.0000001,15.059067
2012-03-18 02:27:41.0000001,6.026001
2009-01-19 19:48:17.0000001,3.9942975
2009-01-19 19:48:17.0000002,5.1913447
2013-01-13 00:20:53.0000001,9.8593
2013-11-28 13:17:13.0000002,23.840958
2012-06-10 00:46:17.0000006,4.637237
2012-06-10 00:46:17.0000003,13.092665
2012-06-10 00:46:17.0000005,9.217033
2010-02-20 04:04:13.0000004,21.432386
2014-01-01 16:33:01.0000005,15.753221
2010-10-01 13:11:05.0000001,5.7859464
2012-04-14 14:20:33.0000001,11.1091385
2015-05-17 04:17:33.0000005,4.1748886
2014-07-26 23:31:41.0000003,15.646953
2014-07-26 23:31:41.0000002,9.706107
2009-11-07 16:37:49.0000004,8.114669
2011-01-07 09:25:57.0000003,7.7099175
2012-07-18 16:28:21.0000001,7.364426
2013-03-08 19:03:09.0000003,10.357616
2009-12-10 22:45:01.0000004,11.986722
2012-07-13 11:00:05.0000004,8.516718
2013-04-28 10:36:37.0000001,6.9264007
2009-04-23 02:42:05.0000003,9.152719
2013-06-08 16:55:13.0000003,9.476655
2012-10-25 16:20:37.0000004,7.861642
2012-10-25 16:20:37.0000003,33.733387
2012-07-31 20:04:53.0000006,7.2742643
2012-07-31 20:04:53.0000002,5.9044986
2009-07-14 22:41:09.0000003,6.7093105
2011-09-03 19:22:17.0000001,7.9733806
2011-09-03 19:22:17.0000003,8.931887
2011-09-03 19:22:17.0000002,15.830011
2013-11-21 14:19:21.0000001,42.84738
2015-01-02 11:55:57.0000003,19.053482
2013-11-23 22:19:37.0000004,5.478913
2013-11-23 22:19:37.0000003,8.788983
2013-11-23 22:19:37.0000005,11.115101
2011-04-04 19:54:33.0000001,5.084037
2014-07-14 16:18:37.0000002,6.8566794
2014-03-18 19:55:17.0000001,7.0434484
2010-06-05 23:05:25.0000006,7.0446725
2014-09-09 22:48:37.0000001,8.9349575
2014-09-09 22:48:37.0000002,5.2963285
2014-03-28 21:55:17.0000003,4.923328
2014-03-28 21:55:17.0000001,7.2435627
2009-09-24 22:41:17.0000001,8.757173
2012-04-27 18:37:09.0000002,8.687459
2014-04-05 18:11:33.0000002,15.190852
2013-11-07 22:25:25.0000003,7.5666776
2013-11-07 22:25:25.0000001,4.5868006
2012-06-30 03:53:29.0000002,4.770528
2011-05-19 16:01:41.0000001,7.317003
2010-01-11 12:38:33.0000002,4.248762
2010-10-16 09:26:33.0000001,9.18548
2010-10-16 09:26:33.0000003,6.7554426
2014-07-25 18:06:37.0000007,7.452735
2014-05-13 21:07:29.0000004,9.90051
2014-05-13 21:07:29.0000001,32.75617
2013-11-16 18:33:25.0000005,11.824808
2009-08-02 14:01:33.0000004,7.484577
2015-01-12 15:36:37.0000008,11.349052
2013-05-26 15:18:37.0000005,23.404474
2013-05-26 15:18:37.0000001,55.007412
2013-05-26 15:18:37.0000003,14.478756
2009-09-20 23:07:01.0000001,9.557229
2009-09-25 21:43:49.0000004,9.36849
2009-09-25 21:43:49.00000010,9.953529
2009-03-22 20:58:33.0000003,14.535188
2011-12-09 21:19:25.0000001,7.195066
2013-07-05 20:44:49.0000001,11.433157
2013-12-20 15:58:29.0000006,13.924465
2013-12-20 15:58:29.0000001,9.076295
2014-10-06 14:37:25.0000005,57.318897
2015-01-18 23:09:25.0000001,4.9622936
2014-02-06 13:26:49.0000002,4.301875
2013-02-27 19:25:13.0000001,16.284363
2009-09-15 08:28:53.0000003,10.951454
2012-07-18 22:34:53.0000003,7.1120734
2011-05-17 22:09:17.0000002,4.4237456
2010-09-19 17:13:29.0000008,23.874947
2010-09-19 17:13:29.0000006,14.371689
2013-03-19 18:08:29.0000002,12.336617
2013-03-19 18:08:29.0000001,12.575418
2011-04-23 11:01:49.0000001,9.679063
2013-07-04 05:39:13.0000001,14.497118
2010-11-08 10:01:37.0000003,5.4444776
2009-04-01 19:28:09.0000001,5.641688
2011-11-26 02:04:29.0000004,5.333552
2011-11-26 02:04:29.0000003,4.155717
2009-01-11 07:56:01.0000001,4.114059
2012-05-30 09:19:13.0000002,6.0779743
2014-10-28 22:42:33.0000003,11.927513
2014-07-19 21:05:37.0000002,13.177294
2012-10-02 14:17:13.0000001,5.2417173
2012-10-20 00:36:37.0000002,7.0828896
2014-06-19 22:37:09.0000006,7.772297
2014-06-19 22:37:09.0000004,9.007831
2011-05-11 13:24:37.0000002,9.212806
2014-10-13 00:42:05.0000002,9.519281
2013-12-08 10:41:05.0000007,9.30272
2009-07-04 13:00:57.0000002,9.796331
2015-06-30 04:09:45.0000001,37.792538
2013-09-08 03:47:57.0000002,9.16069
2009-05-15 21:19:13.0000004,29.02808
2010-01-29 08:32:53.0000002,8.278905
2015-05-15 01:51:49.0000003,6.023584
2012-11-12 10:06:17.0000003,7.392543
2013-12-01 22:23:57.0000003,41.7539
2014-01-03 15:48:49.0000001,9.370474
2013-01-19 20:19:45.0000002,8.941468
2015-03-17 21:44:26.0000002,5.48035
2009-01-06 07:36:34.0000005,6.08402
2013-01-20 20:41:26.0000002,15.481456
2015-06-07 00:38:14.0000001,10.322129
2009-01-03 00:51:02.0000002,13.672504
2009-01-03 00:51:02.0000001,10.330873
2009-08-02 05:08:42.0000001,25.670877
2013-10-18 09:06:14.0000002,6.6135597
2009-04-26 17:29:42.0000001,4.5859942
2015-02-25 22:00:38.0000002,15.04065
2010-10-06 23:31:54.0000001,13.629161
2009-01-21 20:04:30.0000006,9.616024
2013-12-18 14:26:58.0000002,38.6589
2014-04-26 18:02:26.0000003,6.0349874
2014-10-05 13:58:18.0000002,7.115196
2014-10-05 13:58:18.0000001,7.529726
2013-05-23 23:54:42.0000004,7.2703676
2009-11-23 19:06:14.0000005,11.293006
2010-09-01 08:23:54.0000002,6.6028857
2011-12-10 23:39:06.0000001,13.22802
2009-12-17 15:54:46.0000002,10.240535
2010-06-16 18:41:54.0000003,8.416801
2011-11-02 08:21:50.0000003,8.085678
2011-11-02 08:21:50.0000001,9.079009
2009-03-15 03:31:14.0000003,6.1455035
2014-09-08 19:07:46.0000001,7.7565045
2010-04-24 23:31:50.0000004,7.1079087
2010-04-24 23:31:50.0000002,12.564277
2011-03-03 21:31:42.0000004,5.2043395
2011-03-03 21:31:42.0000002,13.528823
2011-09-05 10:47:26.0000001,7.171655
2012-09-16 12:48:06.0000002,8.673933
2015-04-10 11:56:54.0000005,11.802858
2013-10-15 23:31:26.0000002,18.869062
2013-06-21 18:06:14.0000002,8.120006
2009-05-19 15:44:30.0000001,9.365704
2014-01-26 08:48:30.0000003,8.344058
2014-12-25 21:32:58.0000002,7.4396267
2011-07-30 15:27:58.0000001,7.722658
2010-09-24 22:40:06.0000007,6.7344956
2010-02-06 17:37:10.0000005,48.391544
2010-02-06 17:37:10.0000001,12.428791
2012-08-13 15:02:26.0000001,8.693342
2013-01-14 18:42:54.0000004,6.6385207
2013-01-14 18:42:54.0000005,8.249523
2009-11-11 21:20:18.0000002,6.350324
2009-04-18 02:44:34.0000004,31.697182
2009-04-18 02:44:34.0000001,7.4180727
2014-01-10 12:28:38.0000002,5.435511
2014-10-11 00:26:38.0000004,21.318285
2010-01-30 02:13:06.0000004,4.2005296
2009-08-26 23:55:38.0000001,7.626669
2012-09-07 23:20:34.0000002,10.135291
2012-09-07 23:20:34.0000005,8.999066
2015-01-10 14:32:14.0000002,13.391168
2010-05-31 20:43:42.0000001,5.491119
2010-05-31 20:43:42.0000003,5.728606
2014-05-18 14:43:26.0000004,7.856498
2011-10-08 18:18:26.0000002,5.871546
2011-10-08 18:18:26.0000003,14.344124
2010-03-23 13:23:34.0000003,12.349412
2010-12-21 08:46:02.0000001,11.432787
2010-12-21 08:46:02.0000002,4.733954
2010-06-19 22:52:30.0000003,7.9510207
2013-01-03 01:43:10.0000002,10.048135
2013-11-24 03:44:46.0000001,15.257097
2011-04-16 12:57:18.0000002,4.6390834
2012-10-11 22:24:18.0000002,9.666276
2011-05-17 23:42:46.0000006,7.1504574
2011-05-17 23:42:46.0000003,4.139617
2014-01-09 17:27:18.0000003,5.6168375
2014-01-09 17:27:18.0000004,8.911776
2010-01-09 13:24:22.0000002,45.277557
2010-01-09 13:24:22.0000001,7.6534357
2009-03-11 21:46:54.0000006,6.5654926
2012-08-22 20:54:46.0000004,9.892674
2012-08-22 20:54:46.0000005,28.779997
2009-02-21 20:49:34.0000002,10.614363
2012-08-10 14:04:14.0000001,8.403867
2009-10-17 03:52:42.0000005,8.651434
2014-02-27 09:36:26.0000001,12.664421
2014-03-11 20:24:02.0000005,12.228416
2014-03-11 20:24:02.0000001,6.512513
2015-05-07 15:33:26.0000004,5.0961432
2012-09-10 21:07:54.0000008,7.1052713
2012-04-20 00:06:10.0000003,4.736475
2012-04-20 00:06:10.0000004,14.474784
2012-06-12 23:10:42.0000004,10.344604
2013-04-21 19:50:54.0000002,6.833995
2013-02-06 18:21:18.0000005,16.57865
2014-05-01 21:05:34.0000001,29.69788
2011-04-22 19:23:54.0000004,5.2978516
2011-09-17 15:41:06.0000002,7.8037486
2015-03-05 13:21:58.0000001,57.75711
2015-06-21 17:16:10.0000001,7.1493163
2010-06-02 22:04:10.0000002,27.634611
2010-06-02 22:04:10.0000001,8.664905
2015-02-27 19:36:02.0000008,12.889393
2015-02-27 19:36:02.0000005,7.9550877
2013-04-06 19:16:10.0000002,8.067203
2014-03-08 16:08:26.0000006,17.245628
2014-03-08 16:08:26.0000005,4.8739877
2013-12-06 23:40:42.0000004,6.4917116
2013-12-06 23:40:42.0000005,14.233928
2014-09-13 19:05:02.0000001,6.686014
2015-03-12 13:01:54.0000003,4.8000436
2015-03-12 13:01:54.0000006,5.6792045
2014-10-04 21:48:22.0000001,11.798336
2012-01-22 04:13:34.0000001,23.23124
2012-01-22 04:13:34.0000003,9.014733
2010-12-17 10:33:34.0000003,15.157328
2010-12-17 10:33:34.0000001,28.201704
2012-06-04 11:34:58.0000002,8.590085
2012-12-08 20:08:38.0000001,15.823152
2012-12-08 20:08:38.0000002,9.549811
2013-12-29 01:20:50.0000002,20.327812
2014-03-28 22:34:26.0000002,10.843093
2013-09-07 19:43:18.0000002,16.400803
2013-09-07 19:43:18.0000007,7.035045
2010-03-07 00:47:26.0000002,12.233693
2010-03-07 00:47:26.0000003,7.398619
2010-10-31 18:45:58.0000004,6.0477896
2015-02-03 09:00:58.0000003,35.169006
2012-08-08 08:58:50.0000002,5.907074
2011-04-08 15:01:02.0000002,5.905169
2015-01-10 09:38:54.0000006,6.930021
2015-01-10 09:38:54.0000002,14.854075
2015-01-10 09:38:54.0000005,11.671921
2015-01-10 09:38:54.0000001,10.054689
2014-10-03 00:50:06.0000003,8.01345
2010-06-18 19:19:26.0000004,13.079645
2013-06-21 00:00:34.0000004,8.953591
2012-02-29 12:03:34.0000003,6.6722
2013-09-16 14:16:34.0000002,27.785278
2011-03-10 18:16:14.0000002,7.0444894
2011-05-19 02:06:46.0000001,7.3079853
2014-08-08 15:26:18.0000001,8.463387
2009-03-11 12:01:30.0000003,5.3240814
2012-07-26 12:40:38.0000004,9.478486
2014-05-26 22:57:10.0000001,9.953644
2010-09-04 18:31:42.0000004,12.019657
2011-09-22 20:05:22.0000002,6.5621834
2011-09-22 20:05:22.0000004,7.1428638
2014-08-09 01:27:30.0000001,14.457196
2014-10-31 12:04:26.0000003,10.109803
2013-04-10 21:03:42.0000006,12.75572
2011-12-29 19:29:50.0000002,8.025355
2013-03-14 21:43:46.0000002,4.9442735
2009-02-08 00:04:06.0000003,5.03359
2012-02-04 22:47:18.0000002,4.703421
2012-05-06 03:01:10.0000001,23.208652
2014-07-08 08:56:58.0000002,5.380891
2014-07-08 08:56:58.0000005,5.097867
2014-07-08 08:56:58.0000004,15.357757
2014-07-08 08:56:58.0000003,9.934037
2011-02-19 10:14:58.0000001,6.8694425
2010-08-16 17:14:18.0000002,6.694309
2012-12-27 21:01:54.0000002,15.458831
2015-05-31 20:48:54.0000002,14.247889
2013-01-06 12:39:54.0000006,4.7395062
2010-12-24 04:23:06.0000001,30.925627
2010-11-10 23:21:50.0000001,9.001837
2011-10-01 00:42:26.0000002,20.348133
2013-03-31 00:09:58.0000001,23.955399
2011-07-20 08:05:02.0000001,20.233225
2009-05-03 16:02:54.0000004,4.2036686
2012-09-06 17:58:06.0000002,9.427006
2014-04-06 16:47:14.0000001,13.959683
2014-04-06 16:47:14.0000002,28.247458
2014-09-06 03:52:50.0000001,10.314695
2014-01-01 13:06:34.0000002,13.090707
2011-12-25 15:35:54.0000002,6.076534
2011-12-25 15:35:54.0000005,4.5801272
2011-12-25 15:35:54.0000001,5.067313
2015-05-14 23:11:58.0000004,13.175998
2015-04-22 09:54:06.0000001,6.5996213
2012-09-01 19:04:18.0000001,10.754675
2013-06-06 02:54:50.0000001,34.330112
2011-09-03 00:03:42.0000007,48.10246
2013-07-02 22:27:14.0000002,4.8288064
2011-07-18 00:04:54.0000001,15.8677635
2011-04-03 03:46:18.0000001,5.351014
2010-06-25 14:00:14.0000001,8.989236
2014-09-10 16:40:02.0000001,7.5692844
2011-03-01 07:23:14.0000002,5.6169615
2011-06-24 13:23:18.0000005,11.301115
2012-01-01 18:02:46.0000001,18.288746
2015-03-28 19:31:26.0000004,10.008155
2010-07-13 11:53:15.0000006,10.299762
2010-07-13 11:53:15.0000005,7.076788
2010-07-13 11:53:15.0000003,5.5853906
2013-02-07 13:47:59.0000002,14.462238
2015-05-19 13:58:11.0000006,36.631897
2015-05-19 13:58:11.0000009,15.443807
2012-07-31 22:21:11.0000003,6.0439343
2013-01-03 08:50:31.0000003,8.68835
2010-03-18 00:05:43.0000001,19.669756
2009-04-14 17:43:23.0000001,48.890583
2009-04-14 17:43:23.0000002,7.8228164
2015-06-15 14:34:03.0000001,11.721036
2014-11-26 06:46:23.0000002,29.762932
2010-12-19 16:25:15.0000002,7.6537285
2015-06-18 20:56:55.0000004,4.6070266
2015-06-18 20:56:55.0000008,17.741571
2015-04-28 20:15:27.0000003,6.948938
2013-01-23 13:49:19.0000001,8.502534
2012-01-03 08:49:15.0000005,11.203735
2012-06-09 19:03:11.0000005,8.136787
2012-06-09 19:03:11.0000007,11.2641325
2009-05-27 02:00:51.0000001,16.760834
2014-06-07 12:21:11.0000003,12.207362
2011-09-08 22:37:43.0000001,7.271758
2010-06-18 22:52:11.0000001,22.144413
2011-09-13 13:31:51.0000001,11.52353
2011-09-13 13:31:51.0000005,7.6274724
2014-10-06 09:24:11.0000005,26.430912
2012-03-15 18:23:55.0000002,6.9493966
2013-12-22 21:24:47.0000002,5.565701
2011-11-23 21:07:43.0000001,6.801697
2010-11-17 19:10:23.0000003,6.097767
2010-11-17 19:10:23.0000005,10.649439
2015-02-14 13:15:19.0000007,7.653504
2013-01-12 22:40:39.0000008,7.822186
2013-01-12 22:40:39.0000009,19.213884
2013-01-12 22:40:39.0000007,6.9409795
2010-02-15 14:20:31.0000002,26.130302
2010-02-15 14:20:31.0000003,5.21114
2013-03-23 15:41:07.0000003,10.50661
2009-05-08 22:14:51.0000002,5.49351
2010-01-31 00:33:03.0000005,7.637695
2009-01-18 18:22:07.0000002,8.736614
2009-01-28 11:27:19.0000001,6.717613
2015-05-20 19:39:11.0000003,14.276848
2014-01-11 17:47:47.0000001,8.097567
2012-07-12 02:46:07.0000001,8.983753
2014-03-05 23:16:07.0000001,13.612992
2014-12-17 20:56:31.0000003,10.399848
2010-10-09 15:48:51.0000003,30.434755
2013-10-10 11:09:23.0000001,15.591524
2014-10-12 09:23:55.0000001,11.573691
2013-01-08 07:03:07.0000001,6.766445
2012-10-28 17:21:19.0000001,7.792572
2012-10-28 17:21:19.0000003,11.399749
2014-12-26 20:46:23.0000001,11.368192
2015-05-10 12:37:51.0000003,12.58356
2010-12-11 13:31:11.0000003,6.052522
2010-03-01 22:21:55.0000003,6.6168942
2010-03-01 22:21:55.0000002,16.393097
2015-03-08 14:59:23.0000001,18.786928
2015-03-08 14:59:23.0000003,35.455723
2009-06-08 11:06:23.0000001,64.03435
2014-01-26 13:51:39.0000001,8.938902
2014-11-30 15:46:23.0000003,4.862215
2011-08-20 15:50:39.0000001,11.064049
2010-06-22 14:25:19.0000008,49.531265
2010-06-22 14:25:19.0000001,5.8752475
2014-05-25 19:46:59.0000003,26.491957
2014-04-04 05:47:11.0000002,12.871799
2013-01-11 20:08:07.0000003,8.992724
2013-01-11 20:08:07.0000001,4.828862
2013-10-09 17:27:39.0000001,55.708366
2015-01-12 17:05:51.0000004,7.570045
2009-01-12 07:47:39.0000001,32.774155
2011-04-28 19:39:43.0000003,13.32136
2014-11-17 00:03:47.0000003,8.331095
2014-11-17 00:03:47.0000001,10.617572
2013-08-18 00:32:15.0000003,7.2559724
2013-05-23 12:09:23.0000005,6.651632
2013-05-23 12:09:23.0000004,14.24991
2014-12-11 08:20:39.0000001,24.236156
2014-12-11 08:20:39.0000004,13.10063
2013-12-10 14:00:35.0000002,5.6976366
2011-09-10 20:44:59.0000003,7.482625
2011-04-28 09:50:03.0000001,6.781197
2010-02-26 18:34:51.0000001,10.016141
2013-12-05 23:29:15.0000002,6.111015
2012-12-13 19:05:27.0000004,6.363624
2012-11-09 18:17:35.0000002,12.71434
2010-07-05 19:21:35.0000001,9.84437
2011-11-29 22:19:51.0000003,6.982788
2009-01-30 22:47:07.0000002,14.516676
2009-01-30 22:47:07.0000005,5.508573
2013-09-26 20:54:19.0000001,12.613716
2014-09-16 18:22:23.0000001,8.458999
2011-06-25 23:18:27.0000003,6.8046627
2011-06-25 23:18:27.0000002,11.535402
2009-01-17 02:21:55.0000003,5.4496884
2014-11-01 15:31:15.0000001,5.5704303
2013-07-12 23:17:31.0000003,7.1282268
2013-07-12 23:17:31.0000002,11.747339
2013-07-12 23:17:31.0000001,9.90785
2009-09-24 04:23:47.0000001,4.999116
2009-04-20 21:08:35.0000005,7.5910335
2009-04-20 21:08:35.0000004,9.888688
2009-04-06 13:47:15.0000001,4.6340804
2013-11-29 21:36:07.0000002,19.723265
2013-11-29 21:36:07.0000001,8.181843
2012-04-14 11:59:11.0000003,10.696359
2009-03-06 00:13:03.0000002,12.478166
2010-04-23 00:00:03.0000001,23.376501
2010-05-22 23:46:19.0000004,8.437036
2012-06-09 22:57:15.0000004,7.627294
2010-10-27 02:29:39.0000001,6.3162017
2010-10-22 20:56:51.0000003,10.973087
2013-10-07 08:53:39.0000001,5.2483582
2011-10-04 11:48:35.0000001,9.572842
2010-12-31 13:32:39.0000002,6.9673796
2010-08-21 20:25:07.0000002,7.4967484
2009-11-16 21:03:31.0000005,9.644588
2009-11-16 21:03:31.0000006,6.9505615
2010-12-01 21:02:35.0000003,13.417543
2010-04-20 11:53:23.0000001,6.709564
2013-09-20 13:38:55.0000005,6.665007
2013-09-20 13:38:55.0000004,56.636833
2012-09-09 23:40:03.0000002,7.007011
2012-09-09 23:40:03.0000004,12.615326
2010-05-23 15:28:55.0000002,7.877484
2012-10-15 20:10:31.0000005,16.020414
2013-06-07 13:52:55.0000005,8.868865
2009-06-04 19:34:15.0000005,9.026306
2013-09-29 22:12:07.0000001,25.847387
2010-05-02 12:39:55.0000003,6.071372
2010-05-02 12:39:55.0000001,16.82915
2015-05-20 00:59:15.0000001,7.733162
2009-12-03 18:02:47.0000003,8.045027
2009-12-03 18:02:47.0000002,51.207603
2009-09-28 19:21:59.0000007,5.8848457
2009-09-28 19:21:59.0000006,9.148322
2015-05-23 12:59:39.0000003,17.552774
2014-01-11 23:10:59.0000006,9.0110235
2010-04-24 20:15:07.0000001,5.452235
2013-05-24 07:22:51.0000001,8.570342
2009-08-06 02:50:03.0000001,15.291897
2014-08-08 17:32:47.0000003,9.128278
2010-09-22 09:42:31.0000003,10.221402
2013-08-19 19:39:23.0000002,15.482503
2015-03-11 16:36:39.0000004,29.7119
2015-05-29 18:59:35.0000006,15.630943
2011-10-26 17:48:43.0000005,9.875729
2009-11-03 19:53:27.0000002,6.356201
2009-11-03 19:53:27.0000001,6.5312114
2009-12-19 21:56:15.0000004,5.033048
2009-12-21 21:20:43.0000002,5.510276
2009-08-21 15:35:07.0000001,13.2862215
2010-04-25 13:28:47.0000001,8.148404
2010-11-02 18:49:59.0000004,7.9654546
2010-04-21 06:28:47.0000001,48.200233
2015-02-11 20:51:51.0000001,4.4687324
2013-12-07 01:41:59.0000002,7.2083907
2013-05-21 06:52:59.0000003,31.85004
2014-07-12 00:15:59.0000001,10.82372
2010-06-13 19:39:51.0000002,9.582172
2009-03-31 10:27:19.0000003,10.708147
2013-09-14 18:28:03.0000001,6.434298
2015-02-14 09:08:11.0000002,9.439746
2012-01-19 20:26:35.0000002,5.653264
2012-01-19 20:26:35.0000003,5.055776
2012-01-19 20:26:35.0000006,15.227376
2015-02-25 18:00:51.0000001,6.606578
2015-02-25 18:00:51.0000007,7.928138
2009-08-08 11:41:51.0000003,6.3738427
2013-06-02 16:26:47.0000001,7.59648
2011-09-14 00:50:15.0000001,10.174943
2013-02-16 14:26:51.0000003,5.668705
2012-11-12 11:57:03.0000001,7.2913136
2012-01-04 00:06:39.0000002,5.379918
2013-06-21 02:39:47.0000001,14.0325165
2010-12-28 20:17:27.0000005,10.33897
2010-12-28 20:17:27.0000003,10.165506
2009-12-12 22:01:31.0000001,4.4646983
2011-05-20 23:42:59.0000001,7.219219
2014-01-04 10:54:59.0000005,8.027481
2014-01-04 10:54:59.0000002,11.082988
2012-02-11 04:52:35.0000001,3.5596797
2014-09-14 23:26:11.0000001,7.3830805
2014-04-05 01:52:27.0000002,25.172913
2010-02-23 20:29:51.0000004,8.173129
2013-11-01 13:07:47.0000003,17.29115
2015-03-07 15:25:59.0000003,5.1019034
2009-04-16 15:57:31.0000001,9.350178
2010-01-10 12:55:43.0000003,9.249735
2010-01-10 12:55:43.0000004,23.116032
2010-01-10 12:55:43.0000001,4.9967427
2015-03-16 21:12:19.0000002,6.4385257
2015-03-16 21:12:19.0000006,18.20189
2012-09-29 20:16:51.0000004,6.226484
2009-07-30 15:49:15.0000002,13.509898
2009-07-30 15:49:15.0000004,8.708336
2013-11-18 16:18:39.0000001,56.84566
2015-01-18 14:06:23.0000001,10.696438
2015-01-18 14:06:23.0000004,5.629934
2015-01-18 14:06:23.0000003,6.4869275
2009-09-07 19:35:39.0000001,7.097574
2014-06-14 13:39:00.000000155,5.2651916
2014-06-14 13:39:00.000000174,9.240827
2014-06-14 13:39:00.000000104,9.977497
2014-06-14 13:39:00.00000083,54.227432
2014-06-14 13:39:00.00000056,6.1105814
2014-06-14 13:39:00.000000102,12.022422
2014-06-14 13:39:00.00000065,22.511993
2014-06-14 13:39:00.000000137,11.792607
2014-06-14 13:39:00.0000002,55.971767
2014-06-14 13:39:00.00000028,6.0176725
2014-06-14 13:39:00.000000194,5.912046
2013-06-27 00:20:40.0000002,4.947329
2014-12-30 20:29:24.0000001,5.8909326
2011-03-24 15:57:04.0000002,3.72672
2012-06-09 16:53:44.0000001,8.66008
2011-10-02 23:36:00.0000001,16.86871
2011-10-02 23:36:00.00000050,24.517744
2011-10-02 23:36:00.00000069,8.244078
2011-10-02 23:36:00.00000093,9.634658
2011-10-02 23:36:00.00000010,11.516839
2011-10-02 23:36:00.00000017,10.88332
2011-10-02 23:36:00.00000072,10.7188225
2011-10-02 23:36:00.00000025,9.283585
2011-10-02 23:36:00.00000019,5.1738186
2013-03-21 12:47:28.0000001,10.48456
2013-06-07 03:02:56.0000003,11.523618
2009-06-10 16:55:00.000000123,5.4504175
2009-06-10 16:55:00.000000150,11.628021
2009-06-10 16:55:00.00000064,7.5774918
2009-06-10 16:55:00.00000062,12.201002
2009-06-10 16:55:00.0000005,4.8145213
2009-06-10 16:55:00.0000006,18.621721
2009-06-10 16:55:00.000000130,9.01718
2009-06-10 16:55:00.000000175,5.896898
2009-06-10 16:55:00.00000041,49.69988
2009-06-10 16:55:00.000000152,4.81665
2009-06-10 16:55:00.000000155,9.293502
2009-06-10 16:55:00.00000061,5.641671
2011-06-24 12:03:00.000000131,8.2668705
2011-06-24 12:03:00.000000184,10.167979
2011-06-24 12:03:00.00000081,9.047421
2011-06-24 12:03:00.0000007,7.540126
2011-06-24 12:03:00.00000028,6.138051
2011-06-24 12:03:00.000000198,7.271039
2014-06-15 07:06:00.0000004,15.020531
2014-06-15 07:06:00.00000011,10.881865
2014-06-06 16:22:20.0000001,9.469987
2009-09-14 02:19:00.00000043,4.8810134
2009-09-14 02:19:00.00000027,7.9495792
2009-09-14 02:19:00.00000042,7.016137
2009-09-14 02:19:00.00000034,16.6535
2009-09-14 02:19:00.00000033,7.6683083
2010-08-21 22:21:32.0000001,9.920671
2010-08-21 22:21:32.0000002,7.782357
2012-05-06 23:37:24.0000003,11.362662
2013-12-21 17:20:32.0000002,57.628723
2014-04-28 19:46:36.0000002,7.7587852
2011-06-01 07:37:00.00000080,37.5844
2011-06-01 07:37:00.000000164,10.1539955
2011-06-01 07:37:00.00000074,23.358454
2011-06-01 07:37:00.00000085,15.771826
2011-06-01 07:37:00.0000003,7.6799374
2011-06-01 07:37:00.000000159,21.645111
2011-06-01 07:37:00.00000052,21.419786
2011-06-01 07:37:00.000000218,17.103064
2011-06-01 07:37:00.00000062,6.011412
2011-06-01 07:37:00.00000031,6.6955595
2010-08-27 18:45:00.000000170,10.9353285
2010-08-27 18:45:00.00000044,16.741137
2010-08-27 18:45:00.000000146,6.6035466
2010-08-27 18:45:00.00000035,7.683931
2010-08-27 18:45:00.000000139,6.7384343
2010-08-27 18:45:00.00000051,5.814405
2010-08-27 18:45:00.000000186,5.2958674
2010-08-27 18:45:00.000000102,7.5816455
2010-08-27 18:45:00.000000164,11.706014
2010-08-27 18:45:00.000000199,12.827795
2010-08-27 18:45:00.000000174,7.3246765
2010-08-27 18:45:00.000000187,5.4250674
2010-08-27 18:45:00.000000172,14.505271
2010-08-14 02:13:00.000000105,9.504223
2010-08-14 02:13:00.000000159,4.461861
2010-08-14 02:13:00.00000040,6.6011586
2010-08-14 02:13:00.000000147,9.944429
2010-08-14 02:13:00.000000145,6.9368725
2010-08-14 02:13:00.00000061,7.175924
2010-08-14 02:13:00.000000150,15.597029
2010-08-14 02:13:00.00000024,6.6690006
2010-08-14 02:13:00.000000167,7.4792905
2010-08-14 02:13:00.00000099,7.9786844
2010-08-14 02:13:00.000000120,10.207612
2010-08-14 02:13:00.00000027,5.5829434
2010-08-14 02:13:00.00000063,10.384504
2010-08-14 02:13:00.000000164,5.1930904
2010-08-14 02:13:00.000000143,15.791806
2010-08-14 02:13:00.000000156,22.37199
2010-08-14 02:13:00.000000123,15.382671
2014-03-25 23:47:00.00000013,5.2489376
2014-03-25 23:47:00.000000116,9.770175
2014-03-25 23:47:00.000000141,6.205363
2014-03-25 23:47:00.000000107,8.2895975
2014-03-25 23:47:00.00000068,6.6349764
2014-03-25 23:47:00.00000098,18.411901
2014-03-25 23:47:00.000000138,12.981004
2014-03-25 23:47:00.000000120,11.293401
2015-06-05 08:38:56.0000003,10.282151
2010-09-29 16:43:00.000000154,38.079063
2010-09-29 16:43:00.000000157,6.42885
2010-09-29 16:43:00.00000099,9.760394
2010-09-29 16:43:00.00000023,8.031297
2010-09-29 16:43:00.000000148,16.005722
2014-10-27 14:58:00.00000028,8.367168
2014-10-27 14:58:00.00000069,9.800625
2014-10-27 14:58:00.000000106,7.519339
2014-10-27 14:58:00.00000070,5.5539265
2014-10-27 14:58:00.000000121,13.5791235
2014-10-27 14:58:00.00000022,13.544524
2014-10-27 14:58:00.00000057,15.994603
2009-10-08 23:44:56.0000002,5.7959914
2012-11-03 17:11:00.00000080,12.252243
2012-11-03 17:11:00.00000030,6.618889
2012-11-03 17:11:00.000000149,5.0907607
2012-11-03 17:11:00.00000078,10.396398
2012-11-03 17:11:00.00000063,10.420913
2012-11-03 17:11:00.000000142,6.6335998
2012-11-03 17:11:00.000000101,8.575757
2011-05-28 17:29:44.0000003,7.248079
2011-03-11 01:44:00.00000023,20.947403
2011-03-11 01:44:00.00000014,5.1791706
2011-03-11 01:44:00.00000067,8.235761
2011-03-11 01:44:00.00000019,6.8942657
2011-03-11 01:44:00.00000082,17.988762
2011-03-11 01:44:00.00000084,4.3109202
2011-03-11 01:44:00.00000033,10.181925
2011-03-11 01:44:00.00000051,12.174717
2011-03-11 01:44:00.00000011,19.172789
2013-12-16 19:06:44.0000001,7.4368086
2009-05-08 18:00:36.0000001,4.139341
2013-01-27 00:09:12.0000008,12.152401
2013-09-15 02:37:52.0000002,11.551823
2009-04-05 09:48:20.0000001,4.777365
2009-11-25 19:32:52.0000001,13.206439
2011-10-04 09:37:00.00000099,6.6131387
2011-10-04 09:37:00.00000019,9.446026
2011-10-04 09:37:00.000000132,16.897938
2011-10-04 09:37:00.00000043,37.46969
2011-10-04 09:37:00.000000122,30.097935
2011-10-04 09:37:00.0000002,10.663983
2011-10-04 09:37:00.000000109,5.5683956
2014-04-29 08:15:56.0000003,7.314058
2014-12-24 03:00:00.00000035,4.696226
2009-10-04 22:54:56.0000001,22.847834
2015-04-11 20:31:32.0000008,10.144275
2015-04-11 20:31:32.00000013,12.844159
2011-02-06 17:08:24.0000003,6.9671006
2014-04-27 02:57:00.00000010,15.278321
2014-04-27 02:57:00.00000053,8.435573
2014-04-27 02:57:00.000000128,5.5549583
2014-04-27 02:57:00.0000008,9.487948
2014-04-27 02:57:00.00000067,10.6763115
2014-04-27 02:57:00.0000009,4.8503056
2014-04-27 02:57:00.000000159,15.015853
2014-04-27 02:57:00.000000127,11.323202
2014-04-27 02:57:00.000000112,9.505907
2011-12-13 22:00:00.000000147,14.400172
2011-12-13 22:00:00.000000164,5.230151
2011-12-13 22:00:00.00000078,6.043097
2011-12-13 22:00:00.000000103,9.169381
2011-12-13 22:00:00.000000226,6.125056
2011-12-13 22:00:00.000000215,9.41331
2011-12-13 22:00:00.00000013,8.92697
2011-12-13 22:00:00.000000258,6.543575
2011-12-13 22:00:00.00000087,43.06381
2011-12-13 22:00:00.000000270,4.664128
2011-12-13 22:00:00.00000073,8.833282
2011-12-13 22:00:00.000000203,4.7212396
2011-12-13 22:00:00.000000184,4.2548
2011-12-13 22:00:00.00000019,6.264684
2011-12-13 22:00:00.000000101,25.665867
2011-12-13 22:00:00.000000122,19.771461
2011-12-13 22:00:00.000000190,7.3350973
2011-12-13 22:00:00.00000021,4.5965075
2011-12-13 22:00:00.00000051,5.956085
2011-12-13 22:00:00.00000036,7.989882
2011-12-13 22:00:00.00000022,6.5092354
2009-04-12 16:00:56.0000002,11.394047
2014-03-05 21:07:12.0000001,5.476538
2015-04-11 14:16:12.0000009,6.3518867
2014-07-21 18:19:00.000000203,9.05115
2014-07-21 18:19:00.000000229,12.270662
2014-07-21 18:19:00.000000146,5.9528866
2014-07-21 18:19:00.000000108,9.464513
2014-07-21 18:19:00.000000171,6.4182243
2014-07-21 18:19:00.00000090,14.92174
2014-07-21 18:19:00.00000020,6.6452084
2014-07-21 18:19:00.00000059,24.512589
2014-07-21 18:19:00.000000185,7.917101
2014-07-21 18:19:00.000000186,12.648472
2014-07-21 18:19:00.000000201,11.592606
2014-07-21 18:19:00.000000217,4.3280287
2014-07-21 18:19:00.00000017,7.9323897
2014-07-21 18:19:00.00000079,10.046624
2014-07-21 18:19:00.00000087,8.483264
2011-06-13 09:55:04.0000003,13.556709
2010-09-20 16:48:00.00000025,10.672856
2010-09-20 16:48:00.00000085,41.411728
2010-09-20 16:48:00.00000069,30.429482
2010-09-20 16:48:00.00000086,7.793335
2010-09-20 16:48:00.00000021,9.378889
2010-09-20 16:48:00.00000024,8.095323
2010-09-20 16:48:00.000000100,8.935172
2010-09-20 16:48:00.0000008,17.493116
2010-09-20 16:48:00.00000074,12.931726
2012-08-20 14:47:36.0000002,9.420258
2014-12-01 00:12:44.0000002,30.605719
2009-03-16 09:55:24.0000001,6.049531
2011-03-06 21:01:00.00000017,6.5546
2011-03-06 21:01:00.000000161,6.4922028
2011-03-06 21:01:00.000000170,7.300861
2011-03-06 21:01:00.00000078,9.142095
2011-03-06 21:01:00.000000160,8.631205
2013-02-26 01:38:20.0000001,6.673712
2014-09-22 07:14:16.0000001,6.2305093
2010-10-05 02:09:00.00000017,6.4051094
2010-10-05 02:09:00.00000024,14.769351
2010-10-05 02:09:00.00000020,5.1724787
2011-04-16 21:23:16.0000001,6.5374846
2013-10-05 19:51:04.0000001,7.6209607
2011-10-07 22:08:20.0000005,8.507364
2012-03-14 19:10:48.0000003,4.5285244
2009-06-21 04:28:48.0000001,15.102416
2011-06-25 11:42:36.0000001,9.437347
2012-01-26 07:33:00.000000145,7.351066
2012-01-26 07:33:00.00000030,3.8387408
2012-01-26 07:33:00.000000121,4.9114866
2012-01-26 07:33:00.000000151,9.36525
2012-01-26 07:33:00.00000044,7.1006494
2015-03-20 23:34:40.0000009,17.65283
2015-03-20 23:34:40.0000005,7.0546355
2015-05-21 07:08:08.0000001,9.875539
2010-12-09 07:29:00.000000156,5.104584
2010-12-09 07:29:00.0000002,7.349885
2010-12-09 07:29:00.00000081,13.46238
2010-08-21 23:02:28.0000003,11.867911
2009-10-29 10:48:40.0000003,8.153986
2015-02-01 00:48:44.0000003,7.9383082
2015-02-01 00:48:44.0000005,5.3256598
2011-12-06 11:07:40.0000002,6.7291355
2011-12-06 11:07:40.0000003,15.056972
2013-05-18 15:28:40.0000001,9.415211
2013-09-01 17:57:04.0000001,7.8788013
2015-02-21 18:39:16.0000001,10.369601
2013-07-22 15:05:16.0000005,10.3251095
2010-12-25 13:54:12.0000002,7.383059
2013-11-29 20:09:12.0000001,16.89188
2011-10-25 20:34:20.0000002,10.184238
2012-11-20 21:54:00.000000152,5.1364655
2012-11-20 21:54:00.00000071,28.484318
2012-11-20 21:54:00.00000078,11.110306
2012-11-20 21:54:00.00000073,8.61701
2012-11-20 21:54:00.00000066,11.455004
2012-11-20 21:54:00.000000189,7.195553
2012-11-20 21:54:00.00000016,13.582382
2012-11-20 21:54:00.0000007,10.257704
2012-11-20 21:54:00.000000161,15.289595
2012-11-20 21:54:00.000000174,9.532291
2012-11-20 21:54:00.00000084,9.622445
2012-11-20 21:54:00.000000173,6.9471703
2014-06-23 00:16:00.00000086,8.826433
2014-06-23 00:16:00.00000042,47.33806
2014-06-23 00:16:00.00000010,6.6647925
2011-09-30 03:23:32.0000001,13.748128
2011-01-03 21:51:28.0000003,7.0428624
2013-09-25 22:00:00.00000018,7.937673
2013-09-25 22:00:00.00000071,10.782918
2013-09-25 22:00:00.000000114,11.119586
2013-09-25 22:00:00.000000191,8.89669
2013-09-25 22:00:00.0000006,8.075445
2013-09-25 22:00:00.000000113,4.7259874
2013-09-25 22:00:00.000000212,4.9744315
2013-09-25 22:00:00.00000066,5.956977
2011-07-06 18:07:44.0000004,5.20659
2014-07-11 12:36:08.0000001,14.881672
2015-02-20 11:08:29.0000007,10.535122
2009-05-16 14:53:41.0000003,5.775918
2010-07-01 22:11:33.0000003,4.994177
2014-10-07 11:52:13.0000008,7.138384
2015-02-26 23:20:13.0000008,15.723974
2011-11-28 14:13:37.0000002,7.9537587
2013-08-30 11:20:21.0000003,36.04094
2014-10-25 23:23:05.0000001,10.448092
2014-10-25 23:23:05.0000002,13.483502
2011-07-02 00:38:01.0000001,8.096462
2014-02-08 17:24:57.0000002,8.933132
2013-02-16 16:03:17.0000001,14.138483
2011-01-24 20:18:49.0000005,8.546394
2012-04-07 12:14:05.0000001,14.025763
2011-10-20 13:46:33.0000002,9.851736
2013-11-29 15:09:45.0000003,7.8098354
2014-06-22 14:49:13.0000002,36.771862
2009-08-28 23:01:41.0000002,7.8570247
2010-06-11 13:37:21.0000003,9.953029
2013-06-17 06:37:49.0000002,4.325074
2015-06-02 09:11:17.0000002,44.495213
2014-12-07 19:56:45.0000001,14.66806
2013-04-23 13:19:17.0000001,8.341563
2013-11-28 13:17:13.0000003,7.0325804
2012-06-10 00:46:17.0000001,9.335118
2010-02-27 22:55:09.0000001,5.635485
2012-04-14 14:20:33.0000002,9.760244
2013-03-08 19:03:09.0000002,6.21223
2012-07-13 11:00:05.0000005,4.146271
2014-07-01 11:05:21.0000003,9.06129
2012-10-25 16:20:37.0000005,11.366256
2011-03-24 17:44:01.0000002,10.075579
2014-07-25 18:06:37.0000006,14.53433
2009-08-02 14:01:33.0000005,9.843988
2009-09-25 21:43:49.0000009,12.011076
2011-12-09 21:19:25.0000003,6.136914
2011-12-09 21:19:25.0000004,10.396805
2012-02-08 11:14:49.0000003,16.823465
2012-07-18 22:34:53.0000002,5.273304
2012-07-18 22:34:53.0000004,6.403675
2009-09-04 18:43:33.0000002,5.20294
2011-04-23 11:01:49.0000002,28.972162
2014-10-28 22:42:33.0000004,4.7360845
2010-06-20 12:42:37.0000002,5.5581
2015-02-19 11:39:21.0000004,42.24912
2013-12-08 10:41:05.0000002,5.954276
2009-05-15 21:19:13.0000003,5.5699296
2011-08-18 08:36:13.0000005,5.611426
2012-12-20 23:43:09.0000004,20.096937
2009-06-13 18:40:13.0000001,14.04982
2009-01-06 07:36:34.0000001,8.088161
2015-04-12 21:56:22.0000003,9.084291
2010-03-21 16:52:58.0000003,9.03489
2013-07-09 21:59:42.0000001,23.440283
2012-06-23 09:43:42.0000002,4.336253
2012-06-23 09:43:42.0000004,5.213365
2013-10-26 10:46:46.0000003,39.055553
2013-09-14 18:51:46.0000001,6.974945
2009-11-23 19:06:14.0000001,7.4685607
2010-01-24 14:09:58.0000002,6.7368145
2011-12-10 23:39:06.0000003,5.8191085
2011-01-15 04:13:38.0000001,6.2445564
2011-03-03 21:31:42.0000003,5.198403
2012-08-04 23:34:58.0000003,13.179712
2015-04-10 11:56:54.0000006,7.682245
2015-05-05 12:32:14.0000008,17.80053
2013-10-13 19:52:54.0000002,42.110435
2015-06-25 01:01:46.0000004,12.730106
2009-05-19 15:44:30.0000002,29.058731
2010-02-06 17:37:10.0000002,6.491394
2013-01-14 18:42:54.0000003,7.230343
2014-01-05 17:47:02.0000001,12.511038
2009-07-28 11:13:10.0000002,7.484949
2012-01-12 18:05:10.0000002,22.251719
2010-12-21 08:46:02.0000006,5.450427
2013-11-24 03:44:46.0000003,20.499226
2013-06-30 03:37:26.0000003,14.237634
2011-05-26 21:36:54.0000004,6.5584264
2009-03-11 21:46:54.0000002,10.300841
2012-12-26 17:12:30.0000002,11.80792
2013-04-21 19:50:54.0000001,10.650704
2013-02-06 18:21:18.0000001,10.058589
2013-07-21 11:41:26.0000003,10.555474
2011-09-17 15:41:06.0000004,13.606991
2015-06-21 17:16:10.0000005,11.788993
2015-02-27 19:36:02.00000013,7.6610518
2015-06-15 01:00:06.0000001,4.243948
2014-03-08 16:08:26.0000001,4.594156
2014-03-08 16:08:26.0000003,8.632254
2014-09-13 19:05:02.0000002,8.373635
2010-12-04 21:08:38.0000004,21.526188
2010-03-07 00:47:26.0000001,5.5456095
2009-12-30 16:54:50.0000001,20.969614
2009-03-11 16:02:14.0000007,12.026967
2010-03-13 01:23:10.0000001,5.499031
2012-05-30 02:28:50.0000002,7.7051935
2010-09-04 18:31:42.0000003,6.488522
2009-11-20 23:19:58.0000003,9.328059
2011-09-22 20:05:22.0000003,10.525693
2009-02-08 00:04:06.0000001,23.243376
2014-05-17 10:51:46.0000003,12.782432
2010-05-06 11:35:26.0000002,10.826402
2011-10-01 00:42:26.0000001,7.17977
2014-12-26 20:19:38.0000001,7.549265
2015-04-22 09:54:06.0000004,12.446265
2009-01-25 21:17:18.0000001,10.805879
2011-08-01 17:44:30.0000003,22.134481
2012-03-25 04:50:39.0000001,28.259954
2012-12-26 18:28:55.0000004,8.925277
2011-07-06 19:56:23.0000005,12.822489
2012-08-19 12:06:39.0000002,12.508916
2015-04-28 20:15:27.0000004,6.72485
2015-04-28 20:15:27.0000007,7.7539835
2014-06-07 12:21:11.0000002,36.792297
2013-12-22 21:24:47.0000001,9.707909
2011-11-23 21:07:43.0000004,7.761448
2011-08-08 11:18:15.0000001,7.027753
2015-05-20 19:39:11.0000004,9.101312
2015-03-20 16:33:07.0000003,42.5101
2015-04-26 21:44:23.0000002,4.995926
2010-10-09 15:48:51.0000004,5.5521383
2012-04-27 22:32:19.0000002,7.633159
2012-10-12 15:21:55.0000002,11.603006
2009-12-26 09:23:19.0000001,5.834774
2014-11-30 15:46:23.0000002,5.403289
2010-06-22 14:25:19.0000007,9.434314
2013-01-03 11:41:47.0000002,27.337307
2015-01-12 17:05:51.0000005,38.155396
2013-04-07 00:24:27.0000002,6.480524
2010-01-13 08:28:59.0000002,4.6370015
2012-06-16 14:33:19.0000001,7.0588646
2009-03-25 01:20:55.0000002,10.059225
2010-07-13 07:38:03.0000003,16.170027
2012-11-09 18:17:35.0000004,6.067679
2009-06-21 00:54:23.0000002,8.389543
2009-12-23 20:14:19.0000004,7.2940288
2013-11-29 21:36:07.0000003,5.828999
2012-06-09 22:57:15.0000003,5.916234
2010-10-22 20:56:51.0000002,7.108126
2011-02-21 23:46:07.0000002,15.253872
2012-07-30 18:18:19.0000001,29.962719
2010-06-02 19:45:19.0000003,7.2872033
2009-05-21 20:50:31.0000003,5.956656
2014-11-11 12:10:59.0000001,15.112844
2012-09-09 23:40:03.0000003,11.213557
2011-04-28 01:29:51.0000001,6.2030416
2009-09-28 19:21:59.0000003,16.142534
2012-10-21 19:47:23.0000002,17.236734
2013-06-04 23:58:11.0000006,9.578118
2014-08-08 17:32:47.0000005,57.14991
2011-01-04 10:12:51.0000002,9.584165
2011-10-26 17:48:43.0000006,13.280974
2009-12-19 21:56:15.0000003,5.031952
2010-06-13 19:39:51.0000001,5.94713
2015-02-14 09:08:11.0000001,56.629646
2015-02-14 09:08:11.0000004,10.534
2013-01-09 02:05:51.0000001,12.313792
2013-06-21 02:39:47.0000002,5.4256663
2011-10-07 12:38:19.0000001,7.410816
2013-02-02 16:07:55.0000004,14.349306
2014-04-05 01:52:27.0000004,9.848161
2014-04-05 01:52:27.0000003,15.56043
2010-02-23 20:29:51.0000001,5.525082
2014-07-01 15:15:23.0000003,6.569984
2012-12-01 21:12:12.0000001,18.568607
2014-06-14 13:39:00.00000071,7.0071816
2013-11-09 18:52:40.0000001,10.936647
2013-11-09 18:52:40.0000003,12.511363
2014-12-30 20:29:24.0000002,7.958084
2010-05-10 10:37:04.0000004,11.590838
2013-07-12 23:33:24.0000002,19.184362
2009-06-10 16:55:00.000000132,7.9539423
2009-06-10 16:55:00.000000163,10.520103
2009-06-10 16:55:00.00000084,14.766876
2009-03-22 04:31:40.0000001,15.710248
2011-06-24 12:03:00.0000009,9.671107
2011-06-24 12:03:00.000000174,33.695084
2011-06-24 12:03:00.000000158,10.398775
2014-06-15 07:06:00.00000044,51.57706
2015-05-30 21:29:04.0000006,8.927757
2009-09-14 02:19:00.00000037,14.040741
2011-10-02 22:31:44.0000001,19.278072
2011-07-20 16:34:48.0000002,9.903059
2011-06-01 07:37:00.00000012,14.348324
2011-06-01 07:37:00.000000111,10.243665
2011-06-01 07:37:00.00000014,8.59925
2010-08-27 18:45:00.0000002,14.490206
2010-08-27 18:45:00.000000118,7.2498493
2010-08-27 18:45:00.000000143,6.607257
2010-08-27 18:45:00.000000233,18.896776
2010-08-27 18:45:00.000000156,7.9751463
2010-08-27 18:45:00.000000167,5.9172697
2010-08-27 18:45:00.000000168,6.676105
2010-08-27 18:45:00.000000149,7.1138725
2010-08-27 18:45:00.00000091,6.627224
2010-08-27 18:45:00.000000126,7.218739
2010-08-27 18:45:00.00000020,9.699899
2010-08-14 02:13:00.000000154,6.220942
2010-08-14 02:13:00.00000098,6.3016815
2015-04-16 22:32:48.0000003,18.566088
2014-03-25 23:47:00.00000021,32.580708
2014-03-25 23:47:00.00000084,14.152027
2010-09-29 16:43:00.000000161,10.338768
2010-09-29 16:43:00.00000093,31.73507
2014-10-27 14:58:00.00000088,10.174035
2014-10-27 14:58:00.00000092,58.490658
2014-10-27 14:58:00.00000094,7.587301
2012-11-03 17:11:00.00000013,8.129995
2012-11-03 17:11:00.0000001,5.388312
2012-11-03 17:11:00.000000150,8.7426605
2011-05-28 17:29:44.0000002,5.8156557
2013-09-28 00:06:20.0000005,8.112787
2013-09-28 00:06:20.0000003,19.659342
2011-03-11 01:44:00.00000095,4.226883
2011-03-11 01:44:00.00000029,6.154045
2011-10-04 09:37:00.00000080,31.485117
2011-10-04 09:37:00.000000113,14.048893
2011-10-04 09:37:00.000000160,8.395436
2011-10-04 09:37:00.0000006,6.7261024
2014-12-24 03:00:00.00000020,85.36796
2009-05-16 23:36:24.0000003,4.0891376
2014-04-27 02:57:00.00000064,30.54446
2014-04-27 02:57:00.00000083,14.277094
2014-04-27 02:57:00.00000069,17.686228
2014-04-27 02:57:00.0000007,9.647632
2011-12-13 22:00:00.000000102,15.922967
2011-12-13 22:00:00.000000214,25.47959
2011-12-13 22:00:00.000000128,10.021832
2011-12-13 22:00:00.000000249,8.521116
2011-12-13 22:00:00.00000052,15.10904
2011-12-13 22:00:00.000000168,5.043929
2011-12-13 22:00:00.00000079,9.087044
2011-12-13 22:00:00.00000050,7.100056
2015-04-11 14:16:12.0000005,6.1130757
2014-07-21 18:19:00.000000205,8.060683
2014-07-21 18:19:00.00000023,22.554916
2014-07-21 18:19:00.00000046,14.238339
2014-07-21 18:19:00.00000096,17.014683
2014-07-21 18:19:00.000000156,35.041058
2010-09-20 16:48:00.0000002,9.342126
2010-09-20 16:48:00.000000156,7.50238
2010-09-20 16:48:00.00000041,10.2067585
2010-09-20 16:48:00.00000083,6.875984
2010-09-20 16:48:00.000000122,13.413712
2011-03-06 21:01:00.00000036,7.4472136
2011-03-06 21:01:00.00000019,5.751441
2011-03-06 21:01:00.000000123,10.430442
2011-03-06 21:01:00.000000166,8.0512
2011-03-06 21:01:00.000000140,14.791747
2011-03-06 21:01:00.00000060,6.659459
2012-05-23 16:25:16.0000001,51.46807
2011-04-16 21:23:16.0000003,3.8145056
2013-10-05 19:51:04.0000004,7.2783675
2012-03-14 19:10:48.0000007,7.444669
2012-01-26 07:33:00.00000064,16.183893
2012-01-26 07:33:00.000000131,4.768234
2012-01-26 07:33:00.00000071,5.334936
2012-01-26 07:33:00.00000028,15.230263
2012-01-26 07:33:00.00000072,7.391789
2010-12-09 07:29:00.00000093,10.725263
2010-12-09 07:29:00.000000123,8.428452
2010-12-09 07:29:00.00000056,6.9857945
2014-05-17 02:47:12.0000001,7.310008
2009-01-22 12:27:20.0000001,13.392856
2011-04-23 21:22:20.0000002,4.984525
2012-11-20 21:54:00.00000062,7.4628425
2012-11-20 21:54:00.000000207,9.899926
2012-11-20 21:54:00.00000014,5.864032
2012-11-20 21:54:00.000000246,20.336937
2012-11-20 21:54:00.000000164,53.612766
2014-06-23 00:16:00.00000011,22.466724
2014-06-23 00:16:00.00000091,9.860011
2013-09-25 22:00:00.000000144,12.074099
2013-09-25 22:00:00.000000100,56.979767
2013-09-25 22:00:00.000000166,12.006471
2013-09-25 22:00:00.000000105,15.877304
2013-09-25 22:00:00.00000015,10.242823
2011-07-06 18:07:44.0000002,46.198055
2009-05-16 14:53:41.0000002,10.259899
2013-10-17 22:21:57.0000003,11.924756
2015-03-04 21:42:57.00000011,8.777688
2011-03-22 12:59:49.0000001,11.491316
2013-07-05 00:58:17.0000004,16.155283
2010-01-30 00:57:21.0000001,5.3664308
2012-04-02 08:39:21.0000002,13.509036
2010-07-25 04:03:17.0000001,44.402386
2012-07-01 22:30:29.0000002,19.31033
2014-02-08 17:24:57.0000003,19.730036
2012-06-02 01:16:05.0000003,4.510443
2012-06-02 01:16:05.0000001,10.3779545
2014-01-11 06:18:37.0000001,5.6203165
2012-12-09 22:30:13.0000005,6.7232265
2011-10-01 15:04:57.0000002,6.6346083
2012-01-01 00:37:29.0000004,8.320205
2012-04-14 14:20:33.0000003,11.327774
2010-02-01 20:28:45.0000004,8.526191
2013-08-19 16:21:05.0000001,17.952253
2014-06-05 22:56:05.0000004,7.9268413
2013-11-07 22:25:25.0000004,19.800331
2010-06-19 03:06:33.0000001,15.475444
2012-07-18 09:44:53.0000003,6.77572
2009-09-25 21:43:49.0000002,6.9413805
2009-09-04 18:43:33.0000001,7.7599144
2012-10-20 00:36:37.0000001,8.9914465
2014-06-19 22:37:09.0000002,28.26902
2012-12-20 23:43:09.0000001,21.259613
2015-05-23 01:00:22.0000002,9.926043
2012-11-18 14:55:42.0000001,8.25532
2010-01-24 14:09:58.0000003,5.4549966
2014-07-27 11:25:18.0000003,20.138197
2009-03-15 03:31:14.0000004,4.0882173
2010-09-24 22:40:06.0000004,6.314904
2009-04-18 23:09:34.0000001,33.774055
2014-08-26 16:39:54.0000001,17.264156
2009-05-31 20:56:38.0000004,5.770312
2015-05-29 10:02:42.0000002,7.62846
2011-04-17 14:55:58.0000002,6.3592854
2011-05-26 21:36:54.0000003,7.337854
2011-05-26 21:36:54.0000002,9.079699
2013-11-23 16:33:30.0000002,10.72404
2009-06-03 09:11:30.0000001,9.089262
2010-12-04 21:08:38.0000005,7.358529
2013-09-07 19:43:18.0000003,10.931522
2011-03-10 18:16:14.0000005,5.82481
2011-05-19 02:06:46.0000002,5.8100915
2009-08-03 17:06:06.0000002,16.554234
2015-04-14 19:20:46.0000008,7.5497513
2011-09-08 13:39:06.0000002,8.27162
2012-03-03 02:30:54.0000003,13.442205
2012-12-27 21:01:54.0000004,6.2040305
2012-12-27 21:01:54.0000005,11.474871
2014-06-20 02:16:34.0000002,6.3390384
2014-01-14 18:48:06.0000008,9.712633
2011-09-03 00:03:42.0000008,7.6791835
2013-07-02 22:27:14.0000004,18.04759
2013-07-02 22:27:14.0000001,3.602753
2015-05-09 11:33:58.0000002,9.92625
2015-03-28 19:31:26.0000003,14.515185
2013-08-08 14:38:43.0000002,9.867001
2009-11-19 22:48:27.0000001,35.364918
2011-07-06 19:56:23.0000001,13.809056
2015-06-18 20:56:55.0000002,5.7096066
2015-02-14 13:15:19.0000002,8.383878
2013-01-12 22:40:39.0000002,9.239132
2013-03-23 15:41:07.0000002,37.996456
2010-01-31 00:33:03.0000006,7.1987195
2014-06-09 14:51:39.0000001,9.463285
2015-03-20 16:33:07.0000004,17.225653
2015-01-04 00:28:11.0000004,6.173937
2010-10-04 16:17:03.0000001,10.147711
2011-05-17 07:53:55.0000003,5.971
2012-12-26 20:55:27.0000001,5.4894547
2012-12-26 20:55:27.0000003,5.3079824
2011-12-17 16:19:47.0000002,11.646114
2010-02-15 10:14:23.0000001,30.738485
2010-12-11 16:12:35.0000003,6.3099394
2011-12-11 11:05:51.0000002,10.438829
2014-06-14 12:32:11.0000001,10.518454
2012-06-09 22:57:15.0000001,7.6441
2009-05-21 20:50:31.0000004,4.6679564
2010-09-22 09:42:31.0000005,8.681668
2014-07-08 10:21:39.0000007,22.072168
2012-09-16 18:14:55.0000002,16.574556
2013-10-05 13:45:39.0000001,7.595649
2014-07-31 10:39:39.0000001,13.625917
2013-02-16 14:26:51.0000001,12.122669
2014-01-04 10:54:59.0000004,53.142586
2015-03-07 15:25:59.0000005,8.578335
2009-04-16 15:57:31.0000003,6.45682
2011-10-23 17:43:43.0000002,8.001513
2014-06-14 13:39:00.000000189,10.519761
2014-06-14 13:39:00.000000153,9.827965
2014-06-14 13:39:00.00000088,4.7848663
2014-06-14 13:39:00.000000157,14.49459
2014-06-14 13:39:00.00000046,7.215177
2014-06-14 13:39:00.000000110,7.2054067
2014-06-14 13:39:00.000000106,35.80083
2014-06-14 13:39:00.00000019,14.674553
2014-06-14 13:39:00.000000186,6.9121437
2014-06-14 13:39:00.00000037,8.144723
2014-06-14 13:39:00.00000057,11.659206
2014-06-14 13:39:00.000000127,12.035572
2014-06-14 13:39:00.0000009,40.19186
2014-06-14 13:39:00.000000173,9.049625
2014-06-14 13:39:00.00000027,5.981013
2014-06-14 13:39:00.000000100,7.653566
2011-10-02 23:36:00.00000060,16.64967
2011-10-02 23:36:00.00000057,15.88589
2011-10-02 23:36:00.00000044,5.192524
2011-10-02 23:36:00.00000087,24.489277
2011-10-02 23:36:00.00000084,9.254205
2011-10-02 23:36:00.00000046,11.648141
2011-10-02 23:36:00.0000006,5.7544045
2011-10-02 23:36:00.00000033,34.761993
2011-10-02 23:36:00.00000064,18.050724
2011-10-02 23:36:00.00000094,7.6423044
2011-10-02 23:36:00.00000049,5.3864474
2011-10-02 23:36:00.00000066,8.236536
2011-10-02 23:36:00.00000080,8.917858
2011-10-02 23:36:00.00000029,25.67037
2011-10-02 23:36:00.00000055,3.8302886
2011-10-02 23:36:00.00000079,14.194175
2011-10-02 23:36:00.00000053,9.675009
2009-06-10 16:55:00.00000014,7.381633
2009-06-10 16:55:00.00000052,8.225311
2009-06-10 16:55:00.00000065,8.206074
2009-06-10 16:55:00.000000169,12.828884
2009-06-10 16:55:00.000000172,7.4011416
2009-06-10 16:55:00.000000105,5.65248
2009-06-10 16:55:00.00000073,4.309145
2009-06-10 16:55:00.000000157,10.3060255
2009-06-10 16:55:00.000000156,5.880094
2009-06-10 16:55:00.000000116,7.3166356
2009-06-10 16:55:00.00000022,5.5132046
2009-06-10 16:55:00.00000013,7.072018
2009-06-10 16:55:00.000000126,4.553158
2009-06-10 16:55:00.00000023,7.0909767
2009-06-10 16:55:00.00000086,6.4324546
2009-06-10 16:55:00.00000040,12.358753
2009-06-10 16:55:00.00000058,8.056831
2009-06-10 16:55:00.000000170,5.0939317
2009-06-10 16:55:00.00000027,10.637081
2009-06-10 16:55:00.00000011,12.801341
2009-06-10 16:55:00.000000129,6.669656
2009-06-10 16:55:00.000000121,5.308443
2009-06-10 16:55:00.00000080,7.760521
2009-06-10 16:55:00.00000089,7.3902197
2009-06-10 16:55:00.000000103,7.501709
2009-06-10 16:55:00.00000051,8.083045
2009-06-10 16:55:00.00000063,28.75661
2009-06-10 16:55:00.000000106,4.786943
2009-06-10 16:55:00.00000091,7.0731573
2009-06-10 16:55:00.00000095,14.964849
2009-06-10 16:55:00.000000137,6.8154244
2009-06-10 16:55:00.000000113,4.453875
2009-06-10 16:55:00.000000173,6.6150846
2009-06-10 16:55:00.00000077,5.0263276
2009-06-10 16:55:00.00000036,6.8554854
2011-06-24 12:03:00.000000148,5.2176013
2011-06-24 12:03:00.00000070,5.505861
2011-06-24 12:03:00.000000129,9.622465
2011-06-24 12:03:00.000000130,4.880567
2011-06-24 12:03:00.000000160,9.241651
2011-06-24 12:03:00.000000167,29.539068
2011-06-24 12:03:00.00000059,7.9059973
2011-06-24 12:03:00.000000128,8.255473
2011-06-24 12:03:00.000000112,4.9639277
2011-06-24 12:03:00.000000134,6.967771
2011-06-24 12:03:00.00000021,13.783433
2011-06-24 12:03:00.00000039,11.172829
2011-06-24 12:03:00.00000083,15.180901
2011-06-24 12:03:00.00000029,6.186577
2011-06-24 12:03:00.00000037,8.235223
2011-06-24 12:03:00.0000004,12.143724
2011-06-24 12:03:00.000000117,32.34629
2011-06-24 12:03:00.000000147,4.4347997
2011-06-24 12:03:00.00000043,7.184196
2011-06-24 12:03:00.000000172,10.382398
2011-06-24 12:03:00.00000011,7.6950665
2011-06-24 12:03:00.00000036,4.229437
2011-06-24 12:03:00.00000015,5.4437914
2011-06-24 12:03:00.00000065,7.9192905
2011-06-24 12:03:00.000000169,35.99787
2011-06-24 12:03:00.000000164,13.093735
2011-06-24 12:03:00.000000163,5.5786896
2011-06-24 12:03:00.00000096,7.898513
2011-06-24 12:03:00.00000030,12.52377
2014-06-15 07:06:00.00000018,8.3543415
2014-06-15 07:06:00.00000034,19.45962
2014-06-15 07:06:00.00000022,56.305202
2014-06-15 07:06:00.00000012,5.7244363
2014-06-15 07:06:00.0000005,9.555067
2014-06-15 07:06:00.00000023,4.9753394
2014-06-15 07:06:00.0000001,10.159277
2009-09-14 02:19:00.0000005,4.7298603
2009-09-14 02:19:00.00000032,4.6343436
2009-09-14 02:19:00.00000015,4.68458
2009-09-14 02:19:00.00000029,5.9948034
2009-09-14 02:19:00.00000012,5.583885
2009-09-14 02:19:00.00000019,12.341683
2011-06-01 07:37:00.000000193,4.719663
2011-06-01 07:37:00.000000135,4.653808
2011-06-01 07:37:00.000000124,7.8246474
2011-06-01 07:37:00.00000071,7.0593534
2011-06-01 07:37:00.000000191,16.301249
2011-06-01 07:37:00.00000073,5.0232368
2011-06-01 07:37:00.000000134,11.39175
2011-06-01 07:37:00.000000195,10.675594
2011-06-01 07:37:00.000000130,8.315133
2011-06-01 07:37:00.00000039,7.678072
2011-06-01 07:37:00.000000188,13.371505
2011-06-01 07:37:00.00000030,8.422319
2011-06-01 07:37:00.00000040,12.374465
2011-06-01 07:37:00.00000011,9.356309
2011-06-01 07:37:00.00000093,6.1152506
2011-06-01 07:37:00.000000121,49.137527
2011-06-01 07:37:00.000000224,6.142364
2011-06-01 07:37:00.000000153,7.374206
2011-06-01 07:37:00.00000033,4.7377462
2011-06-01 07:37:00.000000213,7.8643684
2011-06-01 07:37:00.00000076,5.4118824
2011-06-01 07:37:00.00000018,6.1129856
2011-06-01 07:37:00.00000021,11.243377
2011-06-01 07:37:00.000000126,11.813165
2011-06-01 07:37:00.000000202,6.118047
2011-06-01 07:37:00.00000035,7.8063774
2011-06-01 07:37:00.000000216,11.02742
2011-06-01 07:37:00.00000067,7.6909094
2011-06-01 07:37:00.00000013,8.471762
2011-06-01 07:37:00.00000024,8.39009
2011-06-01 07:37:00.000000148,3.8809578
2011-06-01 07:37:00.000000200,4.580043
2011-06-01 07:37:00.00000042,9.674952
2011-06-01 07:37:00.00000066,11.62218
2011-06-01 07:37:00.00000056,11.351517
2011-06-01 07:37:00.00000063,14.492838
2011-06-01 07:37:00.0000009,6.6340847
2011-06-01 07:37:00.000000187,6.8342915
2011-06-01 07:37:00.000000225,6.196428
2010-08-27 18:45:00.0000009,37.277515
2010-08-27 18:45:00.000000120,6.5344925
2010-08-27 18:45:00.00000019,8.083991
2010-08-27 18:45:00.0000001,8.109248
2010-08-27 18:45:00.00000080,4.849467
2010-08-27 18:45:00.00000082,5.6323657
2010-08-27 18:45:00.000000180,9.797584
2010-08-27 18:45:00.00000058,14.936417
2010-08-27 18:45:00.000000178,27.373262
2010-08-27 18:45:00.000000117,7.403501
2010-08-27 18:45:00.00000079,11.421035
2010-08-27 18:45:00.000000200,5.3997664
2010-08-27 18:45:00.000000108,6.229733
2010-08-27 18:45:00.00000098,7.066741
2010-08-27 18:45:00.00000059,47.40594
2010-08-27 18:45:00.000000138,16.641619
2010-08-27 18:45:00.000000232,8.130832
2010-08-27 18:45:00.00000032,23.520311
2010-08-27 18:45:00.00000047,7.689666
2010-08-27 18:45:00.000000100,9.095166
2010-08-27 18:45:00.000000154,7.1557984
2010-08-27 18:45:00.000000211,6.973738
2010-08-27 18:45:00.000000114,6.9459944
2010-08-27 18:45:00.00000042,5.2664566
2010-08-27 18:45:00.000000104,18.792175
2010-08-27 18:45:00.000000162,9.128995
2010-08-27 18:45:00.00000095,4.9878387
2010-08-27 18:45:00.000000150,8.7833
2010-08-27 18:45:00.00000052,15.116141
2010-08-27 18:45:00.000000225,5.970639
2010-08-27 18:45:00.00000064,7.5608206
2010-08-27 18:45:00.000000215,6.4018884
2010-08-27 18:45:00.000000206,5.6345487
2010-08-27 18:45:00.000000122,6.4808784
2010-08-27 18:45:00.000000221,9.673991
2010-08-27 18:45:00.00000027,6.1157675
2010-08-27 18:45:00.000000115,6.283333
2010-08-27 18:45:00.000000218,8.137933
2010-08-27 18:45:00.000000212,12.216677
2010-08-27 18:45:00.000000229,7.3952794
2010-08-27 18:45:00.000000213,10.551464
2010-08-27 18:45:00.00000099,36.224266
2010-08-27 18:45:00.000000176,15.305899
2010-08-27 18:45:00.000000132,17.548939
2010-08-27 18:45:00.0000007,7.8829727
2010-08-27 18:45:00.000000151,31.392035
2010-08-27 18:45:00.000000137,12.942879
2010-08-27 18:45:00.00000021,31.92777
2010-08-27 18:45:00.000000185,5.2136717
2010-08-27 18:45:00.00000041,7.977876
2010-08-14 02:13:00.000000129,8.753331
2010-08-14 02:13:00.0000006,12.803458
2010-08-14 02:13:00.00000045,9.058102
2010-08-14 02:13:00.000000117,13.600994
2010-08-14 02:13:00.00000079,13.61326
2010-08-14 02:13:00.000000112,6.6941657
2010-08-14 02:13:00.00000088,20.043598
2010-08-14 02:13:00.0000005,7.048119
2010-08-14 02:13:00.00000016,10.565512
2010-08-14 02:13:00.0000002,7.147886
2010-08-14 02:13:00.00000071,23.177113
2010-08-14 02:13:00.00000019,7.487709
2010-08-14 02:13:00.000000113,4.9138913
2010-08-14 02:13:00.000000151,6.677688
2010-08-14 02:13:00.000000104,11.933908
2010-08-14 02:13:00.00000095,17.058561
2010-08-14 02:13:00.00000053,6.375771
2010-08-14 02:13:00.00000046,7.8327274
2010-08-14 02:13:00.00000011,15.717209
2010-08-14 02:13:00.000000124,17.5344
2010-08-14 02:13:00.000000153,18.959846
2010-08-14 02:13:00.00000081,34.71791
2010-08-14 02:13:00.00000062,10.14305
2010-08-14 02:13:00.000000103,14.6689415
2010-08-14 02:13:00.000000144,6.8551474
2010-08-14 02:13:00.00000082,7.6925263
2010-08-14 02:13:00.00000093,5.255771
2010-08-14 02:13:00.00000058,6.858504
2010-08-14 02:13:00.000000107,6.260544
2010-08-14 02:13:00.000000157,7.2876086
2010-08-14 02:13:00.00000013,4.923807
2010-08-14 02:13:00.000000138,4.8154764
2010-08-14 02:13:00.000000119,13.095007
2010-08-14 02:13:00.00000065,4.5566487
2010-08-14 02:13:00.00000039,5.1838746
2010-08-14 02:13:00.000000118,6.2346487
2010-08-14 02:13:00.00000048,13.0069275
2010-08-14 02:13:00.00000067,13.072992
2010-08-14 02:13:00.00000096,18.486868
2010-08-14 02:13:00.00000091,13.498899
2010-08-14 02:13:00.000000114,6.0796847
2010-08-14 02:13:00.00000023,37.23227
2010-08-14 02:13:00.000000106,6.7835813
2014-03-25 23:47:00.000000102,6.947459
2014-03-25 23:47:00.00000026,21.779766
2014-03-25 23:47:00.00000042,14.615683
2014-03-25 23:47:00.00000051,5.197624
2014-03-25 23:47:00.00000052,6.4201584
2014-03-25 23:47:00.00000031,12.304619
2014-03-25 23:47:00.00000096,9.857397
2014-03-25 23:47:00.000000134,5.370549
2014-03-25 23:47:00.00000019,17.346252
2014-03-25 23:47:00.00000020,8.681168
2014-03-25 23:47:00.000000115,26.101053
2014-03-25 23:47:00.00000035,4.1945395
2014-03-25 23:47:00.000000132,20.857016
2014-03-25 23:47:00.00000085,36.13166
2014-03-25 23:47:00.00000064,57.38195
2014-03-25 23:47:00.00000011,6.736574
2014-03-25 23:47:00.000000124,9.101042
2014-03-25 23:47:00.000000112,7.3755317
2014-03-25 23:47:00.000000127,20.011406
2014-03-25 23:47:00.00000028,16.075972
2014-03-25 23:47:00.00000055,8.267775
2014-03-25 23:47:00.00000036,7.1683955
2014-03-25 23:47:00.000000135,36.19826
2014-03-25 23:47:00.000000108,10.282585
2014-03-25 23:47:00.00000012,20.187952
2010-09-29 16:43:00.000000162,9.439215
2010-09-29 16:43:00.00000078,11.140694
2010-09-29 16:43:00.00000015,9.955215
2010-09-29 16:43:00.0000001,14.911853
2010-09-29 16:43:00.000000119,9.576019
2010-09-29 16:43:00.000000140,10.835698
2010-09-29 16:43:00.00000041,8.864524
2010-09-29 16:43:00.000000135,12.41768
2010-09-29 16:43:00.000000117,8.368706
2010-09-29 16:43:00.00000059,13.365043
2010-09-29 16:43:00.00000014,8.256888
2010-09-29 16:43:00.00000012,11.32246
2010-09-29 16:43:00.000000170,7.035931
2010-09-29 16:43:00.00000013,10.092798
2010-09-29 16:43:00.000000145,9.394827
2010-09-29 16:43:00.000000174,14.194137
2010-09-29 16:43:00.000000164,8.819159
2010-09-29 16:43:00.00000037,13.810733
2010-09-29 16:43:00.000000159,6.295712
2010-09-29 16:43:00.000000113,11.838781
2010-09-29 16:43:00.00000094,5.4518213
2010-09-29 16:43:00.00000011,7.302389
2010-09-29 16:43:00.000000168,6.358077
2010-09-29 16:43:00.000000114,43.167156
2010-09-29 16:43:00.00000019,7.370383
2010-09-29 16:43:00.00000022,8.987172
2010-09-29 16:43:00.00000040,7.803255
2010-09-29 16:43:00.00000016,9.034196
2010-09-29 16:43:00.000000144,8.273902
2010-09-29 16:43:00.00000044,9.539258
2010-09-29 16:43:00.00000062,10.75056
2010-09-29 16:43:00.00000074,30.773706
2010-09-29 16:43:00.00000064,16.089045
2010-09-29 16:43:00.000000110,12.670578
2010-09-29 16:43:00.000000122,7.6668873
2010-09-29 16:43:00.000000142,5.510529
2010-09-29 16:43:00.00000080,6.415093
2014-10-27 14:58:00.000000149,56.845528
2014-10-27 14:58:00.000000125,12.735081
2014-10-27 14:58:00.000000130,9.210888
2014-10-27 14:58:00.000000146,6.640325
2014-10-27 14:58:00.00000040,7.823308
2014-10-27 14:58:00.000000136,6.624954
2014-10-27 14:58:00.000000123,12.162507
2014-10-27 14:58:00.000000115,7.7044044
2014-10-27 14:58:00.00000046,5.9554214
2014-10-27 14:58:00.0000009,56.690235
2014-10-27 14:58:00.00000059,55.729744
2014-10-27 14:58:00.000000111,7.3817234
2014-10-27 14:58:00.00000054,57.15816
2014-10-27 14:58:00.00000024,8.349795
2014-10-27 14:58:00.00000065,12.364679
2014-10-27 14:58:00.00000087,13.250951
2014-10-27 14:58:00.00000099,7.205652
2014-10-27 14:58:00.000000144,5.7409496
2014-10-27 14:58:00.00000081,4.8033805
2014-10-27 14:58:00.00000056,9.769008
2012-11-03 17:11:00.000000115,7.092442
2012-11-03 17:11:00.00000079,12.266936
2012-11-03 17:11:00.00000081,11.45268
2012-11-03 17:11:00.00000085,16.574972
2012-11-03 17:11:00.000000128,4.495443
2012-11-03 17:11:00.000000160,8.062197
2012-11-03 17:11:00.000000118,7.0874863
2012-11-03 17:11:00.00000076,9.230481
2012-11-03 17:11:00.000000114,8.11369
2012-11-03 17:11:00.00000091,6.4764776
2012-11-03 17:11:00.00000060,10.062782
2012-11-03 17:11:00.000000155,10.25604
2012-11-03 17:11:00.000000117,11.643108
2012-11-03 17:11:00.000000105,5.049789
2012-11-03 17:11:00.0000007,23.61578
2012-11-03 17:11:00.00000055,6.822019
2012-11-03 17:11:00.000000103,6.477219
2012-11-03 17:11:00.00000053,8.279178
2011-03-11 01:44:00.00000064,10.332421
2011-03-11 01:44:00.00000016,4.780997
2011-03-11 01:44:00.00000072,13.038619
2011-03-11 01:44:00.00000057,5.0520988
2011-03-11 01:44:00.00000040,5.326254
2011-03-11 01:44:00.00000021,19.102524
2011-03-11 01:44:00.00000046,9.84247
2011-03-11 01:44:00.00000034,7.0615067
2011-03-11 01:44:00.00000083,55.106663
2011-03-11 01:44:00.00000032,8.05125
2011-03-11 01:44:00.00000075,7.4967904
2011-03-11 01:44:00.00000085,7.594054
2011-03-11 01:44:00.00000044,6.143991
2011-03-11 01:44:00.0000005,8.982854
2011-03-11 01:44:00.00000074,14.596094
2011-03-11 01:44:00.00000041,9.297963
2011-03-11 01:44:00.00000042,8.538407
2011-03-11 01:44:00.00000035,11.457662
2011-03-11 01:44:00.00000052,3.8874516
2011-10-04 09:37:00.000000194,6.5243073
2011-10-04 09:37:00.000000183,7.5275564
2011-10-04 09:37:00.000000157,31.16129
2011-10-04 09:37:00.000000176,6.616423
2011-10-04 09:37:00.000000170,9.973887
2011-10-04 09:37:00.00000036,8.560568
2011-10-04 09:37:00.00000017,4.6070766
2011-10-04 09:37:00.000000114,16.509052
2011-10-04 09:37:00.000000184,12.552525
2011-10-04 09:37:00.00000047,6.5618515
2011-10-04 09:37:00.00000055,7.5691957
2011-10-04 09:37:00.00000031,7.467416
2011-10-04 09:37:00.00000049,48.029934
2011-10-04 09:37:00.0000005,4.807637
2011-10-04 09:37:00.00000067,4.8173876
2011-10-04 09:37:00.000000134,11.407923
2011-10-04 09:37:00.00000025,5.8718567
2011-10-04 09:37:00.000000185,7.460736
2011-10-04 09:37:00.000000180,7.810938
2011-10-04 09:37:00.00000088,7.1078534
2011-10-04 09:37:00.000000108,9.596938
2011-10-04 09:37:00.000000107,11.263731
2011-10-04 09:37:00.00000062,19.655006
2011-10-04 09:37:00.00000045,4.8349113
2011-10-04 09:37:00.00000028,10.758753
2011-10-04 09:37:00.00000057,6.2878976
2011-10-04 09:37:00.00000013,9.049968
2011-10-04 09:37:00.00000056,12.642177
2011-10-04 09:37:00.000000106,6.756899
2011-10-04 09:37:00.000000136,7.54557
2014-12-24 03:00:00.0000005,22.18687
2014-12-24 03:00:00.00000017,20.168503
2014-12-24 03:00:00.00000036,18.141794
2014-12-24 03:00:00.00000033,4.3807054
2014-12-24 03:00:00.00000026,18.370522
2014-12-24 03:00:00.00000031,20.332493
2014-12-24 03:00:00.00000015,9.918792
2015-02-12 05:37:56.0000001,4.479804
2014-04-27 02:57:00.000000124,15.367286
2014-04-27 02:57:00.00000017,18.211803
2014-04-27 02:57:00.000000151,5.416202
2014-04-27 02:57:00.000000168,4.034398
2014-04-27 02:57:00.00000039,5.3473306
2014-04-27 02:57:00.00000097,15.051235
2014-04-27 02:57:00.00000033,5.6901565
2014-04-27 02:57:00.000000129,9.388963
2014-04-27 02:57:00.000000141,7.9906025
2014-04-27 02:57:00.00000074,13.152809
2014-04-27 02:57:00.00000047,18.298656
2014-04-27 02:57:00.00000076,11.381215
2014-04-27 02:57:00.000000142,6.488365
2014-04-27 02:57:00.000000143,16.648544
2014-04-27 02:57:00.00000090,22.286106
2014-04-27 02:57:00.000000106,19.310556
2014-04-27 02:57:00.000000167,16.174902
2014-04-27 02:57:00.000000145,12.474931
2011-12-13 22:00:00.00000085,11.355207
2011-12-13 22:00:00.000000264,7.030088
2011-12-13 22:00:00.000000138,10.79339
2011-12-13 22:00:00.000000135,6.2505107
2011-12-13 22:00:00.000000197,4.8463035
2011-12-13 22:00:00.000000143,11.5263605
2011-12-13 22:00:00.000000134,4.6197023
2011-12-13 22:00:00.00000033,11.029424
2011-12-13 22:00:00.00000058,6.817782
2011-12-13 22:00:00.000000205,8.797189
2011-12-13 22:00:00.000000173,8.961515
2011-12-13 22:00:00.000000248,5.7284055
2011-12-13 22:00:00.00000074,6.4084997
2011-12-13 22:00:00.00000098,3.9226785
2011-12-13 22:00:00.00000095,10.996235
2011-12-13 22:00:00.000000229,19.033024
2011-12-13 22:00:00.000000186,11.174777
2011-12-13 22:00:00.0000005,27.282282
2011-12-13 22:00:00.000000246,16.997992
2011-12-13 22:00:00.000000180,7.50653
2011-12-13 22:00:00.00000044,8.320516
2011-12-13 22:00:00.000000110,7.6148324
2011-12-13 22:00:00.000000231,6.392843
2011-12-13 22:00:00.000000144,9.693288
2011-12-13 22:00:00.00000070,28.742592
2011-12-13 22:00:00.000000116,6.9122853
2011-12-13 22:00:00.000000156,5.328955
2011-12-13 22:00:00.000000148,7.7496476
2011-12-13 22:00:00.00000072,9.12909
2011-12-13 22:00:00.00000028,10.942233
2011-12-13 22:00:00.00000066,9.96051
2011-12-13 22:00:00.000000121,12.239131
2011-12-13 22:00:00.00000094,39.777363
2011-12-13 22:00:00.000000266,9.062324
2015-04-11 14:16:12.0000004,11.451653
2015-05-10 19:54:00.0000002,13.047792
2014-07-21 18:19:00.00000054,9.521859
2014-07-21 18:19:00.000000230,7.2682886
2014-07-21 18:19:00.000000187,17.44227
2014-07-21 18:19:00.000000100,11.083829
2014-07-21 18:19:00.00000071,12.648373
2014-07-21 18:19:00.000000172,10.167904
2014-07-21 18:19:00.00000025,11.052394
2014-07-21 18:19:00.000000191,12.250577
2014-07-21 18:19:00.00000034,10.62999
2014-07-21 18:19:00.000000176,5.5690265
2014-07-21 18:19:00.00000037,6.838976
2014-07-21 18:19:00.000000160,6.2934904
2014-07-21 18:19:00.00000077,9.003561
2014-07-21 18:19:00.00000013,12.151987
2014-07-21 18:19:00.000000184,6.963091
2014-07-21 18:19:00.000000232,7.5281315
2014-07-21 18:19:00.000000116,8.5053
2014-07-21 18:19:00.00000048,8.64407
2014-07-21 18:19:00.00000067,10.617835
2014-07-21 18:19:00.00000099,5.480828
2014-07-21 18:19:00.000000223,6.7559214
2014-07-21 18:19:00.000000162,16.203972
2014-07-21 18:19:00.00000068,10.794885
2014-07-21 18:19:00.000000144,9.702602
2014-07-21 18:19:00.00000035,25.564396
2014-07-21 18:19:00.00000029,7.0246806
2014-07-21 18:19:00.00000032,5.3029594
2014-07-21 18:19:00.00000082,6.530404
2014-07-21 18:19:00.000000132,5.4666643
2014-07-21 18:19:00.000000152,6.612043
2014-07-21 18:19:00.00000039,6.0433927
2014-07-21 18:19:00.000000241,5.047562
2014-07-21 18:19:00.00000088,7.0201955
2010-09-20 16:48:00.000000159,30.01553
2010-09-20 16:48:00.0000006,9.3057785
2010-09-20 16:48:00.000000166,8.295551
2010-09-20 16:48:00.000000110,8.4018545
2010-09-20 16:48:00.000000139,25.639257
2010-09-20 16:48:00.00000015,-0.14108087
2010-09-20 16:48:00.00000068,13.332363
2010-09-20 16:48:00.000000158,42.799404
2010-09-20 16:48:00.00000035,15.93443
2010-09-20 16:48:00.000000148,6.559088
2010-09-20 16:48:00.00000023,14.585008
2010-09-20 16:48:00.00000027,9.772339
2010-09-20 16:48:00.00000092,22.65237
2010-09-20 16:48:00.000000151,27.946938
2010-09-20 16:48:00.00000071,10.313617
2010-09-20 16:48:00.000000132,8.3909
2010-09-20 16:48:00.00000099,16.286913
2010-09-20 16:48:00.0000001,6.465826
2010-09-20 16:48:00.0000005,18.776182
2011-03-06 21:01:00.00000037,4.6973166
2011-03-06 21:01:00.00000028,12.876471
2011-03-06 21:01:00.00000025,7.179549
2011-03-06 21:01:00.000000139,5.6378098
2011-03-06 21:01:00.00000083,7.6933937
2011-03-06 21:01:00.000000173,20.13718
2011-03-06 21:01:00.00000051,18.868782
2011-03-06 21:01:00.000000116,13.044843
2011-03-06 21:01:00.00000057,5.809293
2011-03-06 21:01:00.000000168,7.975662
2011-03-06 21:01:00.000000138,14.371778
2011-03-06 21:01:00.00000043,8.453751
2011-03-06 21:01:00.000000127,4.0863113
2011-03-06 21:01:00.00000096,14.306033
2011-03-06 21:01:00.00000074,4.656562
2011-03-06 21:01:00.000000113,6.6027136
2011-03-06 21:01:00.000000120,23.397581
2011-03-06 21:01:00.00000018,10.982858
2011-03-06 21:01:00.00000071,6.8622427
2011-03-06 21:01:00.000000137,4.581053
2011-03-06 21:01:00.00000011,15.5589485
2011-03-06 21:01:00.000000146,5.4990063
2011-03-06 21:01:00.000000149,4.2785635
2011-03-06 21:01:00.00000056,3.9396946
2011-03-06 21:01:00.00000052,12.513261
2011-03-06 21:01:00.000000109,4.488179
2012-01-26 07:33:00.000000167,7.0308266
2012-01-26 07:33:00.000000114,14.473454
2012-01-26 07:33:00.00000031,9.169565
2012-01-26 07:33:00.000000133,22.250212
2012-01-26 07:33:00.000000180,5.3934784
2012-01-26 07:33:00.000000120,9.691528
2012-01-26 07:33:00.000000168,8.136014
2012-01-26 07:33:00.000000122,5.4363203
2012-01-26 07:33:00.000000166,11.2356615
2012-01-26 07:33:00.000000186,6.275883
2012-01-26 07:33:00.00000068,7.8702207
2012-01-26 07:33:00.00000085,21.692656
2012-01-26 07:33:00.000000103,4.0472364
2012-01-26 07:33:00.00000081,20.991255
2012-01-26 07:33:00.00000099,10.436397
2012-01-26 07:33:00.00000051,8.813153
2012-01-26 07:33:00.000000160,4.457292
2012-01-26 07:33:00.00000091,5.8595853
2012-01-26 07:33:00.00000089,8.667078
2012-01-26 07:33:00.000000189,7.3596296
2010-12-09 07:29:00.0000003,8.21959
2010-12-09 07:29:00.00000078,7.5839405
2010-12-09 07:29:00.000000127,6.843315
2010-12-09 07:29:00.00000050,6.7234416
2010-12-09 07:29:00.000000135,5.1685786
2010-12-09 07:29:00.000000196,11.358921
2010-12-09 07:29:00.000000183,7.7655354
2010-12-09 07:29:00.000000152,8.468603
2010-12-09 07:29:00.00000098,31.093113
2010-12-09 07:29:00.00000090,8.462739
2010-12-09 07:29:00.00000025,12.495185
2010-12-09 07:29:00.000000150,7.363184
2010-12-09 07:29:00.00000041,4.6383486
2010-12-09 07:29:00.000000143,7.8653407
2010-12-09 07:29:00.000000148,5.5123568
2010-12-09 07:29:00.000000151,6.1084003
2010-12-09 07:29:00.0000007,5.1234064
2010-12-09 07:29:00.00000069,9.883885
2010-12-09 07:29:00.00000036,5.845925
2010-12-09 07:29:00.00000046,15.986451
2010-12-09 07:29:00.000000195,6.439042
2010-12-09 07:29:00.000000115,16.250055
2010-12-09 07:29:00.000000134,6.0803103
2010-12-09 07:29:00.00000067,9.254764
2010-12-09 07:29:00.000000112,6.440641
2010-12-09 07:29:00.00000015,7.669883
2010-12-09 07:29:00.00000031,8.585017
2010-12-09 07:29:00.000000193,7.7996826
2010-12-09 07:29:00.00000012,9.5174265
2010-12-09 07:29:00.0000005,48.916283
2010-12-09 07:29:00.00000038,8.418161
2010-12-09 07:29:00.00000097,5.086177
2010-12-09 07:29:00.000000102,4.007936
2010-12-09 07:29:00.00000089,7.689081
2010-12-09 07:29:00.00000068,7.863649
2010-12-09 07:29:00.00000071,9.7319565
2010-12-09 07:29:00.000000186,7.6566052
2012-05-08 03:50:00.0000009,19.477564
2012-05-08 03:50:00.0000001,5.3218226
2012-05-08 03:50:00.00000012,13.657903
2012-05-08 03:50:00.0000006,17.887363
2015-03-12 19:43:24.0000005,5.61694
2015-02-01 00:48:44.0000001,31.658972
2015-02-21 18:39:16.0000005,6.627055
2011-01-24 20:47:04.0000001,9.372245
2010-12-25 13:54:12.0000001,14.216582
2015-04-07 14:31:12.0000001,8.153274
2012-11-20 21:54:00.00000086,16.329582
2012-11-20 21:54:00.000000150,6.925921
2012-11-20 21:54:00.000000184,6.484278
2012-11-20 21:54:00.00000080,30.345724
2012-11-20 21:54:00.00000021,5.9410667
2012-11-20 21:54:00.00000019,8.749954
2012-11-20 21:54:00.00000087,4.9773717
2012-11-20 21:54:00.00000077,12.359913
2012-11-20 21:54:00.000000216,9.325365
2012-11-20 21:54:00.00000010,6.5130887
2012-11-20 21:54:00.000000104,7.7294083
2012-11-20 21:54:00.00000048,6.0867677
2012-11-20 21:54:00.000000221,19.836847
2012-11-20 21:54:00.00000030,10.772791
2012-11-20 21:54:00.00000085,5.6881533
2012-11-20 21:54:00.000000133,6.0148797
2012-11-20 21:54:00.000000144,8.474753
2012-11-20 21:54:00.00000047,6.0073967
2012-11-20 21:54:00.000000229,5.988058
2012-11-20 21:54:00.00000015,7.0171437
2012-11-20 21:54:00.000000101,7.9464674
2012-11-20 21:54:00.000000238,7.3079667
2012-11-20 21:54:00.00000097,18.968573
2012-11-20 21:54:00.00000049,5.9358068
2012-11-20 21:54:00.000000209,16.393623
2012-11-20 21:54:00.00000012,9.036985
2012-11-20 21:54:00.000000132,9.823147
2012-11-20 21:54:00.000000197,6.033708
2012-11-20 21:54:00.000000211,13.2534895
2012-11-20 21:54:00.00000083,7.7465906
2012-11-20 21:54:00.000000127,8.3173485
2012-11-20 21:54:00.000000223,38.457695
2012-11-20 21:54:00.000000130,13.348041
2012-11-20 21:54:00.000000149,10.155398
2012-11-20 21:54:00.000000196,11.684934
2012-11-20 21:54:00.00000056,5.5441775
2012-11-20 21:54:00.00000026,12.810483
2012-11-20 21:54:00.00000055,8.68804
2012-11-20 21:54:00.000000135,29.71043
2014-06-23 00:16:00.00000023,12.6547
2014-06-23 00:16:00.00000014,8.476741
2014-06-23 00:16:00.00000080,7.372832
2014-06-23 00:16:00.0000003,11.648384
2014-06-23 00:16:00.00000029,14.035929
2014-06-23 00:16:00.00000055,29.99257
2014-06-23 00:16:00.00000050,12.897844
2014-06-23 00:16:00.0000002,15.756856
2014-06-23 00:16:00.00000072,6.7847285
2014-06-23 00:16:00.00000020,10.77167
2013-09-25 22:00:00.00000052,9.926538
2013-09-25 22:00:00.000000129,6.8416166
2013-09-25 22:00:00.000000226,51.482704
2013-09-25 22:00:00.00000029,13.3047695
2013-09-25 22:00:00.000000141,7.166921
2013-09-25 22:00:00.000000206,13.561714
2013-09-25 22:00:00.00000051,7.286507
2013-09-25 22:00:00.000000238,9.758761
2013-09-25 22:00:00.000000251,12.245664
2013-09-25 22:00:00.00000031,6.4964266
2013-09-25 22:00:00.000000124,9.378529
2013-09-25 22:00:00.000000102,7.5888386
2013-09-25 22:00:00.000000198,21.435173
2013-09-25 22:00:00.000000208,5.168094
2013-09-25 22:00:00.00000087,14.581808
2013-09-25 22:00:00.000000116,5.576026
2013-09-25 22:00:00.00000034,13.6551695
2013-09-25 22:00:00.000000104,11.2593
2013-09-25 22:00:00.00000088,7.556437
2013-09-25 22:00:00.000000218,32.0631
2013-09-25 22:00:00.00000065,15.92176
2013-09-25 22:00:00.000000115,12.229548
2013-09-25 22:00:00.00000042,10.727925
2013-09-25 22:00:00.000000234,7.038133
2013-09-25 22:00:00.000000247,5.2300334
2013-09-25 22:00:00.000000147,12.672467
2013-09-25 22:00:00.000000248,8.094502
2013-09-25 22:00:00.000000162,14.632986
2013-09-25 22:00:00.000000130,12.136173
2013-09-25 22:00:00.000000174,5.3433285
2015-03-04 21:42:57.0000006,6.189062
2015-04-25 01:06:17.0000005,15.173184
2015-02-19 11:39:21.0000001,23.395624
2015-01-29 13:15:50.0000001,5.460408
2015-05-07 15:33:26.0000005,5.785323
2015-02-09 07:16:26.0000005,17.560495
2015-04-16 18:45:22.0000004,17.487099
2015-05-31 20:48:54.0000006,40.509777
2015-05-31 20:48:54.0000003,5.1541624
2015-06-18 20:56:55.0000001,21.206911
2015-02-14 13:15:19.0000005,5.511494
2015-05-10 12:37:51.0000007,7.280865
2015-05-10 12:37:51.0000005,11.470884
2015-05-20 00:59:15.0000002,13.991085
2015-05-29 18:59:35.0000003,10.921473
2015-02-25 18:00:51.0000008,8.798087
2015-02-08 08:44:03.0000002,5.6765404
2015-05-12 08:31:07.0000003,9.289189
2015-03-16 21:12:19.0000007,8.87302
2014-06-14 13:39:00.000000117,5.984171
2014-06-14 13:39:00.000000187,7.4128838
2014-06-14 13:39:00.00000099,7.3453794
2014-06-14 13:39:00.000000112,23.322737
2014-06-14 13:39:00.00000039,11.668765
2014-06-14 13:39:00.00000078,56.525635
2014-06-14 13:39:00.00000084,7.3906097
2014-06-14 13:39:00.000000166,7.4287653
2014-06-14 13:39:00.00000089,5.5805154
2014-06-14 13:39:00.00000047,9.494968
2014-06-14 13:39:00.0000001,19.99006
2015-01-31 20:54:04.0000002,10.501422
2011-10-02 23:36:00.0000002,6.5099382
2011-10-02 23:36:00.00000051,10.987283
2011-06-24 12:03:00.000000182,6.8630786
2011-06-24 12:03:00.000000103,8.355631
2011-06-24 12:03:00.0000003,6.3977675
2011-06-01 07:37:00.00000050,6.1962943
2010-08-27 18:45:00.000000216,4.995295
2010-08-14 02:13:00.000000135,7.089363
2014-03-25 23:47:00.00000022,5.9891944
2014-03-25 23:47:00.000000128,17.973349
2014-03-25 23:47:00.000000105,7.4979205
2014-03-25 23:47:00.00000091,4.810966
2014-03-25 23:47:00.00000054,8.368927
2014-03-25 23:47:00.000000129,7.0022655
2014-03-25 23:47:00.00000063,37.18213
2014-03-25 23:47:00.00000060,5.4134035
2014-03-25 23:47:00.00000075,18.751425
2010-09-29 16:43:00.00000083,7.5755105
2014-10-27 14:58:00.000000145,40.964367
2014-10-27 14:58:00.0000007,13.98893
2014-10-27 14:58:00.00000031,11.436324
2014-10-27 14:58:00.000000128,23.542152
2014-10-27 14:58:00.00000097,4.646814
2014-10-27 14:58:00.00000078,35.270924
2014-10-27 14:58:00.000000135,8.281833
2012-11-03 17:11:00.00000044,6.58461
2012-11-03 17:11:00.00000050,11.975531
2012-11-03 17:11:00.00000024,8.252739
2012-11-03 17:11:00.00000072,11.62386
2012-11-03 17:11:00.000000159,9.289547
2012-11-03 17:11:00.000000126,5.9515705
2012-11-03 17:11:00.00000090,9.763589
2011-03-11 01:44:00.00000062,26.625607
2015-02-22 09:48:32.0000004,20.252914
2011-10-04 09:37:00.000000102,9.240634
2011-10-04 09:37:00.00000023,8.659881
2014-12-24 03:00:00.0000003,5.2590103
2014-12-24 03:00:00.00000014,5.1547275
2014-12-24 03:00:00.0000002,11.65424
2014-12-24 03:00:00.00000027,15.061259
2015-04-11 20:31:32.0000004,7.7711053
2014-04-27 02:57:00.000000123,7.260041
2014-04-27 02:57:00.00000078,3.9707105
2014-04-27 02:57:00.00000075,10.858656
2014-04-27 02:57:00.000000178,5.5588474
2014-04-27 02:57:00.0000004,9.952439
2014-04-27 02:57:00.000000166,11.558012
2014-04-27 02:57:00.00000091,13.545229
2014-04-27 02:57:00.000000173,8.725434
2014-04-27 02:57:00.00000066,24.557486
2014-04-27 02:57:00.000000183,5.8424716
2014-04-27 02:57:00.000000179,12.901356
2014-04-27 02:57:00.000000144,8.031354
2014-04-27 02:57:00.00000025,20.156614
2014-04-27 02:57:00.00000052,7.2094617
2014-04-27 02:57:00.00000094,6.0098586
2014-04-27 02:57:00.000000189,20.620062
2011-12-13 22:00:00.00000040,11.564565
2011-12-13 22:00:00.000000228,5.6558175
2011-12-13 22:00:00.000000130,28.469765
2011-12-13 22:00:00.000000141,6.2799664
2011-12-13 22:00:00.000000149,6.4166226
2011-12-13 22:00:00.000000224,5.8743067
2011-12-13 22:00:00.000000154,5.6518784
2011-12-13 22:00:00.000000131,8.338176
2011-12-13 22:00:00.0000002,6.221928
2011-12-13 22:00:00.000000221,8.747561
2011-12-13 22:00:00.00000056,5.697745
2011-12-13 22:00:00.000000195,7.029966
2011-12-13 22:00:00.000000191,5.749649
2011-12-13 22:00:00.00000059,5.317688
2015-02-26 15:55:48.0000001,22.964333
2014-07-21 18:19:00.000000197,6.1798387
2014-07-21 18:19:00.000000153,4.939298
2014-07-21 18:19:00.000000159,6.3633604
2014-07-21 18:19:00.000000212,39.04047
2014-07-21 18:19:00.00000091,6.3249497
2014-07-21 18:19:00.0000002,5.7338924
2014-07-21 18:19:00.000000142,8.974065
2014-07-21 18:19:00.000000141,13.877578
2014-07-21 18:19:00.000000149,7.8220973
2014-07-21 18:19:00.00000065,6.406288
2014-07-21 18:19:00.00000033,6.185618
2010-09-20 16:48:00.000000146,9.259676
2010-09-20 16:48:00.00000047,13.3148985
2010-09-20 16:48:00.000000129,10.231138
2015-01-26 07:13:44.0000005,56.00433
2011-03-06 21:01:00.00000033,5.9284754
2012-01-26 07:33:00.00000090,5.2553577
2012-01-26 07:33:00.00000087,9.171789
2012-01-26 07:33:00.00000012,11.205132
2012-01-26 07:33:00.000000171,6.8466945
2012-01-26 07:33:00.00000065,33.382694
2012-01-26 07:33:00.00000088,8.130894
2012-01-26 07:33:00.000000119,22.141138
2015-03-20 23:34:40.0000004,32.1912
2010-12-09 07:29:00.0000001,9.031613
2012-05-08 03:50:00.00000013,5.56457
2015-03-12 19:43:24.0000003,19.611439
2012-11-20 21:54:00.00000034,10.511961
2012-11-20 21:54:00.000000170,8.661403
2012-11-20 21:54:00.000000108,12.959654
2012-11-20 21:54:00.00000031,11.255206
2012-11-20 21:54:00.000000171,12.196747
2012-11-20 21:54:00.00000023,8.850426
2012-11-20 21:54:00.00000074,6.1099453
2012-11-20 21:54:00.000000122,11.4644785
2012-11-20 21:54:00.0000006,7.074023
2012-11-20 21:54:00.000000160,10.696539
2012-11-20 21:54:00.00000042,28.679358
2012-11-20 21:54:00.00000039,11.403117
2012-11-20 21:54:00.00000043,11.043314
2012-11-20 21:54:00.000000219,5.2793036
2012-11-20 21:54:00.00000020,6.09594
2012-11-20 21:54:00.000000222,6.6004643
2012-11-20 21:54:00.0000005,7.473175
2012-11-20 21:54:00.000000154,9.738975
2014-06-23 00:16:00.00000060,17.204397
2014-06-23 00:16:00.0000008,9.088655
2014-06-23 00:16:00.00000035,23.88538
2014-06-23 00:16:00.00000052,10.436253
2014-06-23 00:16:00.00000053,7.118632
2013-09-25 22:00:00.00000056,23.242008
2013-09-25 22:00:00.00000083,6.0513916
2013-09-25 22:00:00.000000128,6.201146
2013-09-25 22:00:00.00000037,16.322327
2013-09-25 22:00:00.00000013,5.5352006
2013-09-25 22:00:00.000000168,7.44325
2013-09-25 22:00:00.000000181,5.7827487
2013-09-25 22:00:00.00000016,13.228926
2013-09-25 22:00:00.00000063,17.238588
2013-09-25 22:00:00.00000047,7.667564
2013-09-25 22:00:00.000000220,15.956389
2013-09-25 22:00:00.000000163,9.179968
2013-09-25 22:00:00.00000077,13.562136
2013-09-25 22:00:00.00000060,45.915737
2013-09-25 22:00:00.000000213,16.521494
2013-09-25 22:00:00.000000150,18.064598
2013-09-25 22:00:00.00000010,7.050518
2013-09-25 22:00:00.000000146,5.9224854
2013-09-25 22:00:00.00000041,9.789991
2013-09-25 22:00:00.000000109,10.135547
2013-09-25 22:00:00.000000210,17.524384
2013-09-25 22:00:00.000000151,9.049981
2013-09-25 22:00:00.000000190,14.718714
2013-09-25 22:00:00.000000153,11.057223
2013-09-25 22:00:00.000000241,26.08971
2013-09-25 22:00:00.000000127,10.48573
2015-02-20 11:08:29.0000001,18.15066
2015-01-12 15:36:37.0000002,4.770667
2015-06-07 00:38:14.0000002,18.094856
2015-04-12 21:56:22.0000005,7.8767047
2015-04-10 11:56:54.0000004,8.279132
2015-06-25 01:01:46.0000002,14.248533
2015-05-29 10:02:42.0000001,12.308684
2015-06-30 20:03:50.0000002,40.488678
2015-02-27 19:36:02.0000006,24.918453
2015-06-15 01:00:06.0000002,4.2724576
2015-02-03 09:00:58.0000001,42.302887
2015-05-19 13:58:11.0000001,7.929444
2015-05-10 12:37:51.0000002,8.693029
2015-01-12 17:05:51.0000001,10.723811
2015-04-19 20:44:15.0000001,53.58942
2015-01-31 01:05:19.0000005,19.702097
2015-01-18 14:06:23.0000006,6.455085
